id,city,source_key,category,body,parent_candidate,provider_rows,earliest,latest,recommendation,target_candidate,confidence,rationale,example_guid,example_title,example_url
2147c4da110a,addison-tx,abbf5e25e078,G,Addison Economic Development Luncheon,Addison Economic Development Luncheon,1,2017-06-02,2017-06-02,Investigate,,low,Title alone does not establish a safe public-meeting identity; inspect official recording/agenda.,55864,"Addison Economic Development Luncheon – Jun 02, 2017",https://addisontx.new.swagit.com/videos/55864
1b47dc03a798,addison-tx,abbf5e25e078,B,Community Partnership Committee,Community Partnership Committee,5,2025-06-26,2026-07-16,Create/reuse distinct named public-body feed,addison-tx-community-partnership-committee,medium,Named public body; few surviving recordings do not make it a one-off of another body. Verify identity and aliases before creation.,393859,"Community Partnership Committee – Jul 16, 2026",https://addisontx.new.swagit.com/videos/393859
1fee066734f6,addison-tx,abbf5e25e078,C,Bond Advisory Committee,Bond Advisory Committee,4,2025-10-30,2026-01-08,Create/reuse Bond Program Meetings aggregate,addison-tx-bond-program-meetings,medium,"Aggregate program advisory, oversight, subcommittee and public-input recordings; preserve program/year in official titles.",371625,"Bond Advisory Committee – Jan 08, 2026",https://addisontx.new.swagit.com/videos/371625
5958cfb33af5,addison-tx,abbf5e25e078,B,Unified Development Code (UDC) Advisory Committee,Unified Development Code (UDC) Advisory Committee,3,2023-11-15,2024-04-30,Create/reuse distinct named public-body feed,addison-tx-unified-development-code-udc-advisory-committee,medium,Named public body; few surviving recordings do not make it a one-off of another body. Verify identity and aliases before creation.,303938,"Unified Development Code (UDC) Advisory Committee – Apr 30, 2024",https://addisontx.new.swagit.com/videos/303938
abecffac363f,arlington-tx,ecc3710ac47f,B,Arlington Housing Finance Corporation Board Meeting,Arlington Housing Finance Corporation Board Meeting,1,2020-08-25,2020-08-25,Create/reuse distinct named public-body feed,arlington-tx-arlington-housing-finance-corporation-board-meeting,medium,Named public body; few surviving recordings do not make it a one-off of another body. Verify identity and aliases before creation.,https://arlingtontx.granicus.com/MediaPlayer.php?view_id=2&clip_id=3579,Arlington Housing Finance Corporation Board Meeting,https://arlingtontx.granicus.com/MediaPlayer.php?view_id=2&clip_id=3579
4ec7e9654983,arlington-tx,ecc3710ac47f,G,Empty,Empty,1,2012-09-18,2012-09-18,Investigate,,low,Title alone does not establish a safe public-meeting identity; inspect official recording/agenda.,https://arlingtontx.granicus.com/MediaPlayer.php?view_id=2&clip_id=1163,Empty,https://arlingtontx.granicus.com/MediaPlayer.php?view_id=2&clip_id=1163
1d90997bebcb,arlington-tx,ecc3710ac47f,A,ZBA Regular Session,ZBA Regular Session,1,2012-05-31,2012-05-31,Expand parent selector or exact inclusion,arlington-tx-zoning-board-of-adjustment (new parent feed),medium,Existing parent is a plausible match; abbreviations/subordinate/joint bodies still require ownership confirmation.,https://arlingtontx.granicus.com/MediaPlayer.php?view_id=2&clip_id=1069,ZBA Regular Session,https://arlingtontx.granicus.com/MediaPlayer.php?view_id=2&clip_id=1069
b5fd5e15c795,dallas-tx,76869ed1994f,B,"Building Inspection Advisory, Examining & Appeals Boards","Building Inspection Advisory, Examining & Appeals Boards",2,2023-11-14,2026-03-17,Create/reuse distinct named public-body feed,dallas-tx-building-inspection-advisory-examining-appeals-boards,medium,Named public body; few surviving recordings do not make it a one-off of another body. Verify identity and aliases before creation.,378667,"Building Inspection Advisory, Examining & Appeals Boards – Mar 17, 2026",https://dallastx.new.swagit.com/videos/378667
4fdc3a6e244f,dallas-tx,76869ed1994f,B,Subdivision Review Committee,Subdivision Review Committee,2,2024-06-06,2025-09-04,Create/reuse distinct named public-body feed,dallas-tx-subdivision-review-committee,medium,Named public body; few surviving recordings do not make it a one-off of another body. Verify identity and aliases before creation.,354439,"Subdivision Review Committee – Sep 04, 2025",https://dallastx.new.swagit.com/videos/354439
fd972d06a8ef,dallas-tx,76869ed1994f,B,Arts District Sign Advisory Committee,Arts District Sign Advisory Committee,2,2024-06-11,2025-06-17,Create/reuse distinct named public-body feed,dallas-tx-arts-district-sign-advisory-committee,medium,Named public body; few surviving recordings do not make it a one-off of another body. Verify identity and aliases before creation.,346308,"Arts District Sign Advisory Committee – Jun 17, 2025",https://dallastx.new.swagit.com/videos/346308
e3cfb24b7253,dallas-tx,76869ed1994f,B,"Building Inspection Advisory, Examining and Appeals Board Special Called Meeting","Building Inspection Advisory, Examining and Appeals Board Special Called Meeting",2,2025-03-05,2025-03-25,Create/reuse distinct named public-body feed,dallas-tx-building-inspection-advisory-examining-and-appeals-board-special-called-meeting,medium,Named public body; few surviving recordings do not make it a one-off of another body. Verify identity and aliases before creation.,345207,"Building Inspection Advisory, Examining and Appeals Board Special Called Meeting – Mar 25, 2025",https://dallastx.new.swagit.com/videos/345207
629013b2e94e,dallas-tx,76869ed1994f,A,Dallas Area Partnership to End and Prevent Homelessness Local Government Corporation,Dallas Area Partnership to End and Prevent Homelessness Local Government Corporation,12,2018-01-19,2024-08-01,Expand parent selector or exact inclusion,dallas-tx-dallas-area-partnership,medium,Existing parent is a plausible match; abbreviations/subordinate/joint bodies still require ownership confirmation.,311437,"Dallas Area Partnership to End and Prevent Homelessness Local Government Corporation – Aug 01, 2024",https://dallastx.new.swagit.com/videos/311437
6c9c3c0c7c8c,dallas-tx,76869ed1994f,C,Charter Review Commission,Charter Review Commission,30,2014-02-04,2024-04-11,Create/reuse Charter Review aggregate,dallas-tx-charter-review,medium,"Time-limited civic process; combine dated occurrences, do not create one feed per hearing/year.",302531,"Charter Review Commission – Apr 11, 2024",https://dallastx.new.swagit.com/videos/302531
ed8d5c7d7837,dallas-tx,76869ed1994f,D,City of Dallas Neighborhood Public Meeting,City of Dallas Neighborhood Public Meeting,1,2024-01-05,2024-01-05,Create/reuse Community Public Input aggregate,dallas-tx-community-public-input,medium,"Project/district/date variants of public participation; combine at city level, exclude generic promotional videos.",295804,"City of Dallas Neighborhood Public Meeting – Jan 05, 2024",https://dallastx.new.swagit.com/videos/295804
90b5eb16cbf2,dallas-tx,76869ed1994f,A,Dallas Area Partnership,Dallas Area Partnership,1,2023-06-29,2023-06-29,Expand parent selector or exact inclusion,dallas-tx-dallas-area-partnership,medium,Existing parent is a plausible match; abbreviations/subordinate/joint bodies still require ownership confirmation.,269031,"Dallas Area Partnership – Jun 29, 2023",https://dallastx.new.swagit.com/videos/269031
1e60f56bad10,dallas-tx,76869ed1994f,A,Urban Design Peer Review,Urban Design Peer Review,1,2023-06-23,2023-06-23,Expand parent selector or exact inclusion,dallas-tx-urban-design-peer-review-board,medium,Existing parent is a plausible match; abbreviations/subordinate/joint bodies still require ownership confirmation.,247976,"Urban Design Peer Review – Jun 23, 2023",https://dallastx.new.swagit.com/videos/247976
1947af1d868d,dallas-tx,76869ed1994f,F,Police Online Reporting System,Police Online Reporting System,1,2023-06-20,2023-06-20,Exclude from meeting remediation after verification,,medium,"Label describes civic media, ceremony, promotion, staff event or training rather than deliberation/public input; preserve archive record.",245389,"Police Online Reporting System – Jun 20, 2023",https://dallastx.new.swagit.com/videos/245389
9100f981ac2a,dallas-tx,76869ed1994f,A,DDF Board Meeting,DDF Board Meeting,1,2023-02-24,2023-02-24,Expand parent selector or exact inclusion,dallas-tx-economic-development,medium,Existing parent is a plausible match; abbreviations/subordinate/joint bodies still require ownership confirmation.,233016,"DDF Board Meeting – Feb 24, 2023",https://dallastx.new.swagit.com/videos/233016
348376a14c1f,dallas-tx,76869ed1994f,A,CPC Bus Tour,CPC Bus Tour,1,2022-08-18,2022-08-18,Expand parent selector or exact inclusion,dallas-tx-city-planning-commission,medium,Existing parent is a plausible match; abbreviations/subordinate/joint bodies still require ownership confirmation.,203833,"CPC Bus Tour – Aug 18, 2022",https://dallastx.new.swagit.com/videos/203833
9d23e1220174,dallas-tx,76869ed1994f,B,Comprehensive Land Use Plan Committee,Comprehensive Land Use Plan Committee,2,2022-01-25,2022-03-08,Create/reuse distinct named public-body feed,dallas-tx-comprehensive-land-use-plan-committee,medium,Named public body; few surviving recordings do not make it a one-off of another body. Verify identity and aliases before creation.,203640,"Comprehensive Land Use Plan Committee – Mar 08, 2022",https://dallastx.new.swagit.com/videos/203640
d95a2b649fa9,dallas-tx,76869ed1994f,D,Neighborhood Public Meeting for FY 2022-23 HUD Grant Funds,Neighborhood Public Meeting for FY 2022-23 HUD Grant Funds,1,2022-01-06,2022-01-06,Create/reuse Community Public Input aggregate,dallas-tx-community-public-input,medium,"Project/district/date variants of public participation; combine at city level, exclude generic promotional videos.",204142,"Neighborhood Public Meeting for FY 2022-23 HUD Grant Funds – Jan 06, 2022",https://dallastx.new.swagit.com/videos/204142
4ea4078fd9a3,dallas-tx,76869ed1994f,B,Automated Red Light Commission,Automated Red Light Commission,11,2015-08-25,2019-04-30,Create/reuse distinct named public-body feed,dallas-tx-automated-red-light-commission,medium,Named public body; few surviving recordings do not make it a one-off of another body. Verify identity and aliases before creation.,203421,"Automated Red Light Commission – Apr 30, 2019",https://dallastx.new.swagit.com/videos/203421
6b6fe168e855,dallas-tx,76869ed1994f,B,Dangerous Dog Taskforce Meeting,Dangerous Dog Taskforce Meeting,1,2018-05-17,2018-05-17,Create/reuse distinct named public-body feed,dallas-tx-dangerous-dog-taskforce-meeting,medium,Named public body; few surviving recordings do not make it a one-off of another body. Verify identity and aliases before creation.,203310,"Dangerous Dog Taskforce Meeting – May 17, 2018",https://dallastx.new.swagit.com/videos/203310
342cfe056e8e,dallas-tx,76869ed1994f,B,Pension Hearing Meeting,Pension Hearing Meeting,1,2018-05-10,2018-05-10,Create/reuse distinct named public-body feed,dallas-tx-pension-hearing-meeting,low,Named public body; few surviving recordings do not make it a one-off of another body. Verify identity and aliases before creation. Parent identity or relationship to existing bodies needs official confirmation.,203309,"Pension Hearing Meeting – May 10, 2018",https://dallastx.new.swagit.com/videos/203309
148ebe6fb0c6,dallas-tx,76869ed1994f,A,Dallas Area Partnership to End and Prevent Homelessness LGC,Dallas Area Partnership to End and Prevent Homelessness LGC,1,2017-11-29,2017-11-29,Expand parent selector or exact inclusion,dallas-tx-dallas-area-partnership,medium,Existing parent is a plausible match; abbreviations/subordinate/joint bodies still require ownership confirmation.,204050,"Dallas Area Partnership to End and Prevent Homelessness LGC – Nov 29, 2017",https://dallastx.new.swagit.com/videos/204050
44909aa4b23c,dallas-tx,76869ed1994f,B,Mayor's Task Force on Confederate Monuments,Mayor's Task Force on Confederate Monuments,5,2017-08-31,2017-09-22,Create/reuse distinct named public-body feed,dallas-tx-mayor-s-task-force-on-confederate-monuments,medium,Named public body; few surviving recordings do not make it a one-off of another body. Verify identity and aliases before creation.,203307,"Mayor's Task Force on Confederate Monuments – Sep 19, 2017",https://dallastx.new.swagit.com/videos/203307
47b40582d874,dallas-tx,76869ed1994f,B,Mayor's Poverty Task Force,Mayor's Poverty Task Force,1,2017-01-31,2017-01-31,Create/reuse distinct named public-body feed,dallas-tx-mayor-s-poverty-task-force,medium,Named public body; few surviving recordings do not make it a one-off of another body. Verify identity and aliases before creation.,203306,"Mayor's Poverty Task Force – Jan 31, 2017",https://dallastx.new.swagit.com/videos/203306
a8aa6f8d3ca8,dallas-tx,76869ed1994f,B,Commission on Homelessness,Commission on Homelessness,11,2016-05-24,2016-10-18,Create/reuse distinct named public-body feed,dallas-tx-commission-on-homelessness,medium,Named public body; few surviving recordings do not make it a one-off of another body. Verify identity and aliases before creation.,204049,"Commission on Homelessness – Oct 18, 2016",https://dallastx.new.swagit.com/videos/204049
736ee0de1004,dallas-tx,76869ed1994f,B,Ethics Preliminary Panel Hearing Meeting,Ethics Preliminary Panel Hearing Meeting,1,2016-09-19,2016-09-19,Create/reuse distinct named public-body feed,dallas-tx-ethics-preliminary-panel-hearing-meeting,medium,Named public body; few surviving recordings do not make it a one-off of another body. Verify identity and aliases before creation.,204305,"Ethics Preliminary Panel Hearing Meeting – Sep 19, 2016",https://dallastx.new.swagit.com/videos/204305
2f3e816a77a9,dallas-tx,76869ed1994f,D,Art Community Meeting,Art Community Meeting,1,2016-08-09,2016-08-09,Create/reuse Community Public Input aggregate,dallas-tx-community-public-input,medium,"Project/district/date variants of public participation; combine at city level, exclude generic promotional videos.",203304,"Art Community Meeting – Aug 09, 2016",https://dallastx.new.swagit.com/videos/203304
63a70b857a46,dallas-tx,76869ed1994f,B,Education Task Force,Education Task Force,1,2016-08-04,2016-08-04,Create/reuse distinct named public-body feed,dallas-tx-education-task-force,medium,Named public body; few surviving recordings do not make it a one-off of another body. Verify identity and aliases before creation.,203305,"Education Task Force – Aug 04, 2016",https://dallastx.new.swagit.com/videos/203305
f86f6c6423be,dallas-tx,76869ed1994f,B,Trinity Parkway Advisory Committee,Trinity Parkway Advisory Committee,2,2016-01-25,2016-02-04,Create/reuse distinct named public-body feed,dallas-tx-trinity-parkway-advisory-committee,medium,Named public body; few surviving recordings do not make it a one-off of another body. Verify identity and aliases before creation.,203301,"Trinity Parkway Advisory Committee – Feb 04, 2016",https://dallastx.new.swagit.com/videos/203301
b1c6f8bc3144,dallas-tx,76869ed1994f,B,Joint Board of Directors,Joint Board of Directors,1,2015-12-10,2015-12-10,Create/reuse distinct named public-body feed,dallas-tx-joint-board-of-directors,low,Named public body; few surviving recordings do not make it a one-off of another body. Verify identity and aliases before creation. Parent identity or relationship to existing bodies needs official confirmation.,203292,"Joint Board of Directors – Dec 10, 2015",https://dallastx.new.swagit.com/videos/203292
0d90bc525d2a,dallas-tx,76869ed1994f,A,Urban Design Peer Review Panel,Urban Design Peer Review Panel,1,2015-09-25,2015-09-25,Expand parent selector or exact inclusion,dallas-tx-urban-design-peer-review-board,medium,Existing parent is a plausible match; abbreviations/subordinate/joint bodies still require ownership confirmation.,204784,"Urban Design Peer Review Panel – Sep 25, 2015",https://dallastx.new.swagit.com/videos/204784
d54d3a52548e,dallas-tx,76869ed1994f,C,Charter Review Commission: Community Meeting,Charter Review Commission: Community Meeting,3,2014-02-15,2014-03-25,Create/reuse Charter Review aggregate,dallas-tx-charter-review,medium,"Time-limited civic process; combine dated occurrences, do not create one feed per hearing/year.",203630,"Charter Review Commission: Community Meeting – Mar 25, 2014",https://dallastx.new.swagit.com/videos/203630
1f2583ef6e4a,dallas-tx,76869ed1994f,C,Charter Review Commission Inaugural Meeting,Charter Review Commission Inaugural Meeting,1,2014-01-31,2014-01-31,Create/reuse Charter Review aggregate,dallas-tx-charter-review,medium,"Time-limited civic process; combine dated occurrences, do not create one feed per hearing/year.",203621,"Charter Review Commission Inaugural Meeting – Jan 31, 2014",https://dallastx.new.swagit.com/videos/203621
08c610dfa9eb,dallas-tx,76869ed1994f,B,Ad Hoc Committee on General Investigating and Ethics,Ad Hoc Committee on General Investigating and Ethics,17,2021-05-11,2026-08-27,Create/reuse distinct named public-body feed,dallas-tx-ad-hoc-committee-on-general-investigating-and-ethics,low,Named public body; few surviving recordings do not make it a one-off of another body. Verify identity and aliases before creation. Parent identity or relationship to existing bodies needs official confirmation.,399356,"Ad Hoc Committee on General Investigating and Ethics – Aug 27, 2026",https://dallastx.new.swagit.com/videos/399356
4a85ef022f88,dallas-tx,76869ed1994f,B,Ad Hoc Committee on Judicial Nominations,Ad Hoc Committee on Judicial Nominations,1,2026-05-26,2026-05-26,Create/reuse distinct named public-body feed,dallas-tx-ad-hoc-committee-on-judicial-nominations,low,Named public body; few surviving recordings do not make it a one-off of another body. Verify identity and aliases before creation. Parent identity or relationship to existing bodies needs official confirmation.,389073,"Ad Hoc Committee on Judicial Nominations – May 26, 2026",https://dallastx.new.swagit.com/videos/389073
197cccab72bb,dallas-tx,76869ed1994f,B,Ad Hoc Judicial Nominating Committee,Ad Hoc Judicial Nominating Committee,8,2016-03-01,2026-05-12,Create/reuse distinct named public-body feed,dallas-tx-ad-hoc-judicial-nominating-committee,low,Named public body; few surviving recordings do not make it a one-off of another body. Verify identity and aliases before creation. Parent identity or relationship to existing bodies needs official confirmation.,387599,"Ad Hoc Judicial Nominating Committee – May 12, 2026",https://dallastx.new.swagit.com/videos/387599
197bf2139e8b,dallas-tx,76869ed1994f,B,Ad Hoc Committee on Legislative Affairs,Ad Hoc Committee on Legislative Affairs,13,2022-09-13,2026-05-05,Create/reuse distinct named public-body feed,dallas-tx-ad-hoc-committee-on-legislative-affairs,medium,Named public body; few surviving recordings do not make it a one-off of another body. Verify identity and aliases before creation.,385213,"Ad Hoc Committee on Legislative Affairs – May 05, 2026",https://dallastx.new.swagit.com/videos/385213
bfd1db7e6d3b,dallas-tx,76869ed1994f,B,Ad Hoc City Council Canvassing Committee,Ad Hoc City Council Canvassing Committee,7,2021-05-12,2025-06-16,Create/reuse distinct named public-body feed,dallas-tx-ad-hoc-city-council-canvassing-committee,medium,Named public body; few surviving recordings do not make it a one-off of another body. Verify identity and aliases before creation.,345780,"Ad Hoc City Council Canvassing Committee – Jun 16, 2025",https://dallastx.new.swagit.com/videos/345780
3170909739c3,dallas-tx,76869ed1994f,B,Workforce-Education and Equity,Workforce-Education and Equity,58,2019-11-12,2025-06-03,Create/reuse named parent after alias verification,dallas-tx-workforce-education-and-equity,medium,Public-body identity appears in an abbreviated or title-only variant; consolidate with the verified named parent.,344507,"Workforce-Education and Equity – Jun 03, 2025",https://dallastx.new.swagit.com/videos/344507
79c1c149336a,dallas-tx,76869ed1994f,B,Ad Hoc Committee on Pensions,Ad Hoc Committee on Pensions,10,2023-09-19,2024-08-22,Create/reuse distinct named public-body feed,dallas-tx-ad-hoc-committee-on-pensions,medium,Named public body; few surviving recordings do not make it a one-off of another body. Verify identity and aliases before creation.,313160,"Ad Hoc Committee on Pensions – Aug 22, 2024",https://dallastx.new.swagit.com/videos/313160
6fb1cc8a3bb1,dallas-tx,76869ed1994f,A,Zoning Ordinance Advisory Committee,Zoning Ordinance Advisory Committee,1,2024-01-30,2024-01-30,Expand parent selector or exact inclusion,dallas-tx-city-planning-commission,medium,Existing parent is a plausible match; abbreviations/subordinate/joint bodies still require ownership confirmation.,296128,"Zoning Ordinance Advisory Committee – Jan 30, 2024",https://dallastx.new.swagit.com/videos/296128
14b86b972b9d,dallas-tx,76869ed1994f,C,2024 Bond Critical Facilities Subcommittee Meeting,2024 Bond Critical Facilities Subcommittee Meeting,2,2023-10-25,2023-10-30,Create/reuse Bond Program Meetings aggregate,dallas-tx-bond-program-meetings,medium,"Aggregate program advisory, oversight, subcommittee and public-input recordings; preserve program/year in official titles.",277833,"2024 Bond Critical Facilities Subcommittee Meeting – Oct 30, 2023",https://dallastx.new.swagit.com/videos/277833
42eea1cb1e1f,dallas-tx,76869ed1994f,C,2024 Capital Bond CBTF and Subcommittee Chairs Meeting,2024 Capital Bond CBTF and Subcommittee Chairs Meeting,1,2023-10-24,2023-10-24,Create/reuse Bond Program Meetings aggregate,dallas-tx-bond-program-meetings,medium,"Aggregate program advisory, oversight, subcommittee and public-input recordings; preserve program/year in official titles.",277589,"2024 Capital Bond CBTF and Subcommittee Chairs Meeting – Oct 24, 2023",https://dallastx.new.swagit.com/videos/277589
5ba305eb8fac,dallas-tx,76869ed1994f,C,2024 Capital Bond Meeting Spanish,2024 Capital Bond Meeting Spanish,1,2023-10-18,2023-10-18,Create/reuse Bond Program Meetings aggregate,dallas-tx-bond-program-meetings,medium,"Aggregate program advisory, oversight, subcommittee and public-input recordings; preserve program/year in official titles.",277054,"2024 Capital Bond Meeting Spanish – Oct 18, 2023",https://dallastx.new.swagit.com/videos/277054
26c5c85b915d,dallas-tx,76869ed1994f,C,2024 Capital Bond Program CBTF Meetings,2024 Capital Bond Program CBTF Meetings,3,2023-09-19,2023-10-03,Create/reuse Bond Program Meetings aggregate,dallas-tx-bond-program-meetings,medium,"Aggregate program advisory, oversight, subcommittee and public-input recordings; preserve program/year in official titles.",273327,"2024 Capital Bond Program CBTF Meetings – Oct 03, 2023",https://dallastx.new.swagit.com/videos/273327
61588d555345,dallas-tx,76869ed1994f,C,2024 Bond Program Special Called Park and Trails Subcommittee Meeting,2024 Bond Program Special Called Park and Trails Subcommittee Meeting,1,2023-09-12,2023-09-12,Create/reuse Bond Program Meetings aggregate,dallas-tx-bond-program-meetings,medium,"Aggregate program advisory, oversight, subcommittee and public-input recordings; preserve program/year in official titles.",273421,"2024 Bond Program Special Called Park and Trails Subcommittee Meeting – Sep 12, 2023",https://dallastx.new.swagit.com/videos/273421
21240333c0b4,dallas-tx,76869ed1994f,C,2024 Bond Flood Control & Storm Drainage Meeting,2024 Bond Flood Control & Storm Drainage Meeting,4,2023-05-11,2023-09-05,Create/reuse Bond Program Meetings aggregate,dallas-tx-bond-program-meetings,medium,"Aggregate program advisory, oversight, subcommittee and public-input recordings; preserve program/year in official titles.",272235,"2024 Bond Flood Control & Storm Drainage Meeting – Sep 05, 2023",https://dallastx.new.swagit.com/videos/272235
833c271a6a0e,dallas-tx,76869ed1994f,B,Special Called Joint Meeting AD Hoc and GPFM Committee,Special Called Joint Meeting AD Hoc and GPFM Committee,1,2023-08-30,2023-08-30,Create/reuse distinct named public-body feed,dallas-tx-special-called-joint-meeting-ad-hoc-and-gpfm-committee,low,Named public body; few surviving recordings do not make it a one-off of another body. Verify identity and aliases before creation. Parent identity or relationship to existing bodies needs official confirmation.,270529,"Special Called Joint Meeting AD Hoc and GPFM Committee – Aug 30, 2023",https://dallastx.new.swagit.com/videos/270529
660dd1def3f4,dallas-tx,76869ed1994f,C,2024 Bond Critical Facilities Subcommittee,2024 Bond Critical Facilities Subcommittee,2,2023-08-22,2023-08-29,Create/reuse Bond Program Meetings aggregate,dallas-tx-bond-program-meetings,medium,"Aggregate program advisory, oversight, subcommittee and public-input recordings; preserve program/year in official titles.",272227,"2024 Bond Critical Facilities Subcommittee – Aug 29, 2023",https://dallastx.new.swagit.com/videos/272227
a2b55bc2fde6,dallas-tx,76869ed1994f,C,"2024 Bond ECO, HOU, OHS Meeting","2024 Bond ECO, HOU, OHS Meeting",3,2023-05-11,2023-08-29,Create/reuse Bond Program Meetings aggregate,dallas-tx-bond-program-meetings,medium,"Aggregate program advisory, oversight, subcommittee and public-input recordings; preserve program/year in official titles.",272231,"2024 Bond ECO, HOU, OHS Meeting – Aug 29, 2023",https://dallastx.new.swagit.com/videos/272231
03dd73d2eb05,dallas-tx,76869ed1994f,C,2024 Capital Bond CBTF Meeting,2024 Capital Bond CBTF Meeting,5,2023-05-25,2023-08-22,Create/reuse Bond Program Meetings aggregate,dallas-tx-bond-program-meetings,medium,"Aggregate program advisory, oversight, subcommittee and public-input recordings; preserve program/year in official titles.",269916,"2024 Capital Bond CBTF Meeting – Aug 22, 2023",https://dallastx.new.swagit.com/videos/269916
c3c8fe304610,dallas-tx,76869ed1994f,C,2024 Bond ECONOM,2024 Bond ECONOM,1,2023-08-22,2023-08-22,Create/reuse Bond Program Meetings aggregate,dallas-tx-bond-program-meetings,medium,"Aggregate program advisory, oversight, subcommittee and public-input recordings; preserve program/year in official titles.",270973,"2024 Bond ECONOM – Aug 22, 2023",https://dallastx.new.swagit.com/videos/270973
69e1a9abfa35,dallas-tx,76869ed1994f,C,2024 Bond Parks and Trails Subcommittee Meeting,2024 Bond Parks and Trails Subcommittee Meeting,1,2023-08-22,2023-08-22,Create/reuse Bond Program Meetings aggregate,dallas-tx-bond-program-meetings,medium,"Aggregate program advisory, oversight, subcommittee and public-input recordings; preserve program/year in official titles.",270978,"2024 Bond Parks and Trails Subcommittee Meeting – Aug 22, 2023",https://dallastx.new.swagit.com/videos/270978
7a571145a851,dallas-tx,76869ed1994f,C,2024 Bond Task Force Community Bond Task Force Meeting,2024 Bond Task Force Community Bond Task Force Meeting,1,2023-08-15,2023-08-15,Create/reuse Bond Program Meetings aggregate,dallas-tx-bond-program-meetings,medium,"Aggregate program advisory, oversight, subcommittee and public-input recordings; preserve program/year in official titles.",269608,"2024 Bond Task Force Community Bond Task Force Meeting – Aug 15, 2023",https://dallastx.new.swagit.com/videos/269608
240913f4d1b2,dallas-tx,76869ed1994f,C,2024 Bond Task Force Critical Facilities Subcommittee Meeting,2024 Bond Task Force Critical Facilities Subcommittee Meeting,1,2023-08-15,2023-08-15,Create/reuse Bond Program Meetings aggregate,dallas-tx-bond-program-meetings,medium,"Aggregate program advisory, oversight, subcommittee and public-input recordings; preserve program/year in official titles.",269611,"2024 Bond Task Force Critical Facilities Subcommittee Meeting – Aug 15, 2023",https://dallastx.new.swagit.com/videos/269611
c6901c992fef,dallas-tx,76869ed1994f,C,2024 Bond Task Force Flood,2024 Bond Task Force Flood,1,2023-08-15,2023-08-15,Create/reuse Bond Program Meetings aggregate,dallas-tx-bond-program-meetings,medium,"Aggregate program advisory, oversight, subcommittee and public-input recordings; preserve program/year in official titles.",269612,"2024 Bond Task Force Flood – Aug 15, 2023",https://dallastx.new.swagit.com/videos/269612
b6d72634e049,dallas-tx,76869ed1994f,C,2024 Bond Program: Allocation Discussion,2024 Bond Program: Allocation Discussion,1,2023-07-31,2023-07-31,Create/reuse Bond Program Meetings aggregate,dallas-tx-bond-program-meetings,medium,"Aggregate program advisory, oversight, subcommittee and public-input recordings; preserve program/year in official titles.",268088,"2024 Bond Program: Allocation Discussion – Jul 31, 2023",https://dallastx.new.swagit.com/videos/268088
b08a11616a2f,dallas-tx,76869ed1994f,C,2024 Bond Flood Protection and Storm Drainage Subcommittee Meeting,2024 Bond Flood Protection and Storm Drainage Subcommittee Meeting,1,2023-07-20,2023-07-20,Create/reuse Bond Program Meetings aggregate,dallas-tx-bond-program-meetings,medium,"Aggregate program advisory, oversight, subcommittee and public-input recordings; preserve program/year in official titles.",272240,"2024 Bond Flood Protection and Storm Drainage Subcommittee Meeting – Jul 20, 2023",https://dallastx.new.swagit.com/videos/272240
b664903db29a,dallas-tx,76869ed1994f,C,2024 Capital Bond ECONOM Meeting,2024 Capital Bond ECONOM Meeting,2,2023-06-13,2023-06-20,Create/reuse Bond Program Meetings aggregate,dallas-tx-bond-program-meetings,medium,"Aggregate program advisory, oversight, subcommittee and public-input recordings; preserve program/year in official titles.",259828,"2024 Capital Bond ECONOM Meeting – Jun 20, 2023",https://dallastx.new.swagit.com/videos/259828
fb6a1628c10c,dallas-tx,76869ed1994f,C,2024 Bond Critical Facilities Meeting,2024 Bond Critical Facilities Meeting,3,2023-05-11,2023-06-13,Create/reuse Bond Program Meetings aggregate,dallas-tx-bond-program-meetings,medium,"Aggregate program advisory, oversight, subcommittee and public-input recordings; preserve program/year in official titles.",259824,"2024 Bond Critical Facilities Meeting – Jun 13, 2023",https://dallastx.new.swagit.com/videos/259824
6c57a93bb9ea,dallas-tx,76869ed1994f,C,2024 Bond Parks and Trails Meeting,2024 Bond Parks and Trails Meeting,2,2023-05-11,2023-05-25,Create/reuse Bond Program Meetings aggregate,dallas-tx-bond-program-meetings,medium,"Aggregate program advisory, oversight, subcommittee and public-input recordings; preserve program/year in official titles.",237215,"2024 Bond Parks and Trails Meeting – May 25, 2023",https://dallastx.new.swagit.com/videos/237215
e59f24f157e3,dallas-tx,76869ed1994f,C,2024 Bond Kick off,2024 Bond Kick off,1,2023-05-11,2023-05-11,Create/reuse Bond Program Meetings aggregate,dallas-tx-bond-program-meetings,medium,"Aggregate program advisory, oversight, subcommittee and public-input recordings; preserve program/year in official titles.",230802,"2024 Bond Kick off – May 11, 2023",https://dallastx.new.swagit.com/videos/230802
0a546ab424f4,dallas-tx,76869ed1994f,D,TELE Town Hall Meetings District 9,TELE Town Hall Meetings District 9,1,2022-08-23,2022-08-23,Create/reuse Community Public Input aggregate,dallas-tx-community-public-input,medium,"Project/district/date variants of public participation; combine at city level, exclude generic promotional videos.",201684,"TELE Town Hall Meetings District 9 – Aug 23, 2022",https://dallastx.new.swagit.com/videos/201684
e0a98d271c96,dallas-tx,76869ed1994f,D,TELE Town Hall Meetings District 8,TELE Town Hall Meetings District 8,1,2022-08-18,2022-08-18,Create/reuse Community Public Input aggregate,dallas-tx-community-public-input,medium,"Project/district/date variants of public participation; combine at city level, exclude generic promotional videos.",201683,"TELE Town Hall Meetings District 8 – Aug 18, 2022",https://dallastx.new.swagit.com/videos/201683
c252489e1ba7,dallas-tx,76869ed1994f,D,TELE Town Hall Meetings District 1 & 6,TELE Town Hall Meetings District 1 & 6,1,2022-08-16,2022-08-16,Create/reuse Community Public Input aggregate,dallas-tx-community-public-input,medium,"Project/district/date variants of public participation; combine at city level, exclude generic promotional videos.",201682,"TELE Town Hall Meetings District 1 & 6 – Aug 16, 2022",https://dallastx.new.swagit.com/videos/201682
1abfef181f40,dallas-tx,76869ed1994f,B,Legislative Ad Hoc Committee,Legislative Ad Hoc Committee,16,2014-09-22,2022-08-02,Create/reuse distinct named public-body feed,dallas-tx-legislative-ad-hoc-committee,medium,Named public body; few surviving recordings do not make it a one-off of another body. Verify identity and aliases before creation.,202399,"Legislative Ad Hoc Committee – Aug 02, 2022",https://dallastx.new.swagit.com/videos/202399
e3d68a7423c2,dallas-tx,76869ed1994f,D,District 4 OHS Budget Listening Sessions,District 4 OHS Budget Listening Sessions,1,2022-06-27,2022-06-27,Create/reuse Community Public Input aggregate,dallas-tx-community-public-input,medium,"Project/district/date variants of public participation; combine at city level, exclude generic promotional videos.",202450,"District 4 OHS Budget Listening Sessions – Jun 27, 2022",https://dallastx.new.swagit.com/videos/202450
7bf6f271b63f,dallas-tx,76869ed1994f,D,"D1, D3, & OHS Budget Listening Session","D1, D3, & OHS Budget Listening Session",1,2022-06-21,2022-06-21,Create/reuse Community Public Input aggregate,dallas-tx-community-public-input,medium,"Project/district/date variants of public participation; combine at city level, exclude generic promotional videos.",202449,"D1, D3, & OHS Budget Listening Session – Jun 21, 2022",https://dallastx.new.swagit.com/videos/202449
6c337207e1a5,dallas-tx,76869ed1994f,D,"Budget Listening Session for D11, D12, and D13","Budget Listening Session for D11, D12, and D13",1,2022-06-14,2022-06-14,Create/reuse Community Public Input aggregate,dallas-tx-community-public-input,medium,"Project/district/date variants of public participation; combine at city level, exclude generic promotional videos.",202448,"Budget Listening Session for D11, D12, and D13 – Jun 14, 2022",https://dallastx.new.swagit.com/videos/202448
44cbba86e465,dallas-tx,76869ed1994f,B,Ad Hoc Committee on COVID-19 Recovery & Assistance,Ad Hoc Committee on COVID-19 Recovery & Assistance,13,2020-12-03,2022-04-28,Create/reuse distinct named public-body feed,dallas-tx-ad-hoc-committee-on-covid-19-recovery-assistance,medium,Named public body; few surviving recordings do not make it a one-off of another body. Verify identity and aliases before creation.,202395,"Ad Hoc Committee on COVID-19 Recovery & Assistance – Apr 28, 2022",https://dallastx.new.swagit.com/videos/202395
863591b4adfe,dallas-tx,76869ed1994f,B,Council Agenda,Council Agenda,2,2015-11-10,2022-03-09,Create/reuse distinct named public-body feed,dallas-tx-council-agenda,low,Named public body; few surviving recordings do not make it a one-off of another body. Verify identity and aliases before creation. Parent identity or relationship to existing bodies needs official confirmation.,201968,"Council Agenda – Mar 09, 2022",https://dallastx.new.swagit.com/videos/201968
e874bf674530,dallas-tx,76869ed1994f,B,Special Workforce-Education and Equity,Special Workforce-Education and Equity,2,2020-05-28,2022-03-04,Create/reuse named parent after alias verification,dallas-tx-special-workforce-education-and-equity,medium,Public-body identity appears in an abbreviated or title-only variant; consolidate with the verified named parent.,203229,"Special Workforce-Education and Equity – Mar 04, 2022",https://dallastx.new.swagit.com/videos/203229
528b34c525cf,dallas-tx,76869ed1994f,B,Youth Commission,Youth Commission,49,2016-02-27,2021-10-12,Create/reuse distinct named public-body feed,dallas-tx-youth-commission,medium,Named public body; few surviving recordings do not make it a one-off of another body. Verify identity and aliases before creation.,203289,"Youth Commission – Oct 12, 2021",https://dallastx.new.swagit.com/videos/203289
ba5cbb67926d,dallas-tx,76869ed1994f,B,Council Ad Hoc Committee on COVID-19 Recovery and Assistance,Council Ad Hoc Committee on COVID-19 Recovery and Assistance,7,2020-06-25,2020-11-05,Create/reuse distinct named public-body feed,dallas-tx-council-ad-hoc-committee-on-covid-19-recovery-and-assistance,medium,Named public body; few surviving recordings do not make it a one-off of another body. Verify identity and aliases before creation.,202366,"Council Ad Hoc Committee on COVID-19 Recovery and Assistance – Nov 05, 2020",https://dallastx.new.swagit.com/videos/202366
d7dccdb3b0f3,dallas-tx,76869ed1994f,D,District 3 Virtual Town Hall Meetings,District 3 Virtual Town Hall Meetings,1,2020-08-25,2020-08-25,Create/reuse Community Public Input aggregate,dallas-tx-community-public-input,medium,"Project/district/date variants of public participation; combine at city level, exclude generic promotional videos.",203199,"District 3 Virtual Town Hall Meetings – Aug 25, 2020",https://dallastx.new.swagit.com/videos/203199
aa89b835f027,dallas-tx,76869ed1994f,D,Districts 1 and 6 Virtual Town Hall Meetings,Districts 1 and 6 Virtual Town Hall Meetings,1,2020-08-24,2020-08-24,Create/reuse Community Public Input aggregate,dallas-tx-community-public-input,medium,"Project/district/date variants of public participation; combine at city level, exclude generic promotional videos.",203198,"Districts 1 and 6 Virtual Town Hall Meetings – Aug 24, 2020",https://dallastx.new.swagit.com/videos/203198
36151d09d67c,dallas-tx,76869ed1994f,D,District 7 Virtual Town Hall Meetings,District 7 Virtual Town Hall Meetings,1,2020-08-22,2020-08-22,Create/reuse Community Public Input aggregate,dallas-tx-community-public-input,medium,"Project/district/date variants of public participation; combine at city level, exclude generic promotional videos.",203197,"District 7 Virtual Town Hall Meetings – Aug 22, 2020",https://dallastx.new.swagit.com/videos/203197
6d39b4a5a606,dallas-tx,76869ed1994f,D,Districts 11 and 13 Virtual Town Hall Meetings,Districts 11 and 13 Virtual Town Hall Meetings,1,2020-08-20,2020-08-20,Create/reuse Community Public Input aggregate,dallas-tx-community-public-input,medium,"Project/district/date variants of public participation; combine at city level, exclude generic promotional videos.",203196,"Districts 11 and 13 Virtual Town Hall Meetings – Aug 20, 2020",https://dallastx.new.swagit.com/videos/203196
648b8894e655,dallas-tx,76869ed1994f,D,District 10 Virtual Town Hall Meetings,District 10 Virtual Town Hall Meetings,1,2020-08-18,2020-08-18,Create/reuse Community Public Input aggregate,dallas-tx-community-public-input,medium,"Project/district/date variants of public participation; combine at city level, exclude generic promotional videos.",203195,"District 10 Virtual Town Hall Meetings – Aug 18, 2020",https://dallastx.new.swagit.com/videos/203195
7ca983e16b64,dallas-tx,76869ed1994f,D,Districts 2 and 6 Virtual Town Hall Meetings,Districts 2 and 6 Virtual Town Hall Meetings,1,2020-08-17,2020-08-17,Create/reuse Community Public Input aggregate,dallas-tx-community-public-input,medium,"Project/district/date variants of public participation; combine at city level, exclude generic promotional videos.",203194,"Districts 2 and 6 Virtual Town Hall Meetings – Aug 17, 2020",https://dallastx.new.swagit.com/videos/203194
a8c62d7c5f2e,dallas-tx,76869ed1994f,D,District 8 Virtual Town Hall Meetings,District 8 Virtual Town Hall Meetings,1,2020-08-13,2020-08-13,Create/reuse Community Public Input aggregate,dallas-tx-community-public-input,medium,"Project/district/date variants of public participation; combine at city level, exclude generic promotional videos.",203193,"District 8 Virtual Town Hall Meetings – Aug 13, 2020",https://dallastx.new.swagit.com/videos/203193
9ffbd10b3071,dallas-tx,76869ed1994f,B,Council Ad Hoc Committee on COVID-19 Human and Social Recovery and Assistance,Council Ad Hoc Committee on COVID-19 Human and Social Recovery and Assistance,12,2020-03-22,2020-06-18,Create/reuse distinct named public-body feed,dallas-tx-council-ad-hoc-committee-on-covid-19-human-and-social-recovery-and-assistance,medium,Named public body; few surviving recordings do not make it a one-off of another body. Verify identity and aliases before creation.,202356,"Council Ad Hoc Committee on COVID-19 Human and Social Recovery and Assistance – Jun 18, 2020",https://dallastx.new.swagit.com/videos/202356
8a58c48e4bde,dallas-tx,76869ed1994f,B,Council Ad Hoc Committee on COVID-19 Economic Recovery and Assistance,Council Ad Hoc Committee on COVID-19 Economic Recovery and Assistance,7,2020-03-24,2020-05-12,Create/reuse distinct named public-body feed,dallas-tx-council-ad-hoc-committee-on-covid-19-economic-recovery-and-assistance,medium,Named public body; few surviving recordings do not make it a one-off of another body. Verify identity and aliases before creation.,202352,"Council Ad Hoc Committee on COVID-19 Economic Recovery and Assistance – May 12, 2020",https://dallastx.new.swagit.com/videos/202352
224f743b9700,dallas-tx,76869ed1994f,D,Virtual Town Hall Meetings,Virtual Town Hall Meetings,29,2013-08-14,2020-01-16,Create/reuse Community Public Input aggregate,dallas-tx-community-public-input,medium,"Project/district/date variants of public participation; combine at city level, exclude generic promotional videos.",203192,"Virtual Town Hall Meetings – Jan 16, 2020",https://dallastx.new.swagit.com/videos/203192
ff8d4dbdf945,dallas-tx,76869ed1994f,B,"Mobility Solutions, Infrastructure and Sustainability Committee","Mobility Solutions, Infrastructure and Sustainability Committee",34,2017-08-14,2019-06-10,Create/reuse distinct named public-body feed,dallas-tx-mobility-solutions-infrastructure-and-sustainability-committee,medium,Named public body; few surviving recordings do not make it a one-off of another body. Verify identity and aliases before creation.,202818,"Mobility Solutions, Infrastructure and Sustainability Committee – Jun 10, 2019",https://dallastx.new.swagit.com/videos/202818
b9ff33aed385,dallas-tx,76869ed1994f,B,Human & Social Needs Committee,Human & Social Needs Committee,33,2017-08-10,2019-06-03,Create/reuse distinct named public-body feed,dallas-tx-human-social-needs-committee,medium,Named public body; few surviving recordings do not make it a one-off of another body. Verify identity and aliases before creation.,202779,"Human & Social Needs Committee – Jun 03, 2019",https://dallastx.new.swagit.com/videos/202779
fa52af1c93d8,dallas-tx,76869ed1994f,B,Mayor’s Task Force on Poverty,Mayor’s Task Force on Poverty,2,2017-05-31,2017-09-26,Create/reuse distinct named public-body feed,dallas-tx-mayor-s-task-force-on-poverty,medium,Named public body; few surviving recordings do not make it a one-off of another body. Verify identity and aliases before creation.,201671,"Mayor’s Task Force on Poverty – May 31, 2017",https://dallastx.new.swagit.com/videos/201671
269cf609a061,dallas-tx,76869ed1994f,C,Citizens Bond Task Force: Town Hall Meeting,Citizens Bond Task Force: Town Hall Meeting,3,2017-05-22,2017-05-27,Create/reuse Bond Program Meetings aggregate,dallas-tx-bond-program-meetings,medium,"Aggregate program advisory, oversight, subcommittee and public-input recordings; preserve program/year in official titles.",202453,"Citizens Bond Task Force: Town Hall Meeting – May 27, 2017",https://dallastx.new.swagit.com/videos/202453
37b0c6ef5397,dallas-tx,76869ed1994f,B,Joint Education Task Force,Joint Education Task Force,4,2014-07-30,2016-11-10,Create/reuse distinct named public-body feed,dallas-tx-joint-education-task-force,medium,Named public body; few surviving recordings do not make it a one-off of another body. Verify identity and aliases before creation.,202784,"Joint Education Task Force – Nov 10, 2016",https://dallastx.new.swagit.com/videos/202784
2b7cb934efa7,dallas-tx,76869ed1994f,B,AD HOC Judical Nominations Committee,AD HOC Judical Nominations Committee,1,2016-10-18,2016-10-18,Create/reuse distinct named public-body feed,dallas-tx-ad-hoc-judical-nominations-committee,medium,Named public body; few surviving recordings do not make it a one-off of another body. Verify identity and aliases before creation.,202318,"AD HOC Judical Nominations Committee – Oct 18, 2016",https://dallastx.new.swagit.com/videos/202318
53666b45f775,dallas-tx,76869ed1994f,D,Budget Virtual Town Hall Meeting,Budget Virtual Town Hall Meeting,15,2015-08-11,2016-09-08,Create/reuse Community Public Input aggregate,dallas-tx-community-public-input,medium,"Project/district/date variants of public participation; combine at city level, exclude generic promotional videos.",203170,"Budget Virtual Town Hall Meeting – Sep 08, 2016",https://dallastx.new.swagit.com/videos/203170
e4553cb23038,dallas-tx,76869ed1994f,B,Joint Education Taskforce,Joint Education Taskforce,1,2016-02-18,2016-02-18,Create/reuse distinct named public-body feed,dallas-tx-joint-education-taskforce,medium,Named public body; few surviving recordings do not make it a one-off of another body. Verify identity and aliases before creation.,202783,"Joint Education Taskforce – Feb 18, 2016",https://dallastx.new.swagit.com/videos/202783
19f379fe45c7,dallas-tx,76869ed1994f,B,AD HOC Committees,AD HOC Committees,1,2015-10-13,2015-10-13,Create/reuse distinct named public-body feed,dallas-tx-ad-hoc-committees,low,Named public body; few surviving recordings do not make it a one-off of another body. Verify identity and aliases before creation. Parent identity or relationship to existing bodies needs official confirmation.,202314,"AD HOC Committees – Oct 13, 2015",https://dallastx.new.swagit.com/videos/202314
d7402c4baa17,dallas-tx,76869ed1994f,F,Deck The Plaza 2025,Deck The Plaza 2025,1,2025-12-05,2025-12-05,Exclude civic media/event after verification,,medium,"Civic event, promotion, staff guidance or media rather than a public deliberative/input meeting; preserve archive record.",362818,"Deck The Plaza 2025 – Dec 05, 2025",https://dallastx.new.swagit.com/videos/362818
280703204965,dallas-tx,76869ed1994f,D,Zoning Reform Meeting,Zoning Reform Meeting,1,2025-06-26,2025-06-26,Community Public Input aggregate after recording verification,dallas-tx-community-public-input,low,Likely public participation or project discussion; inspect recording/agenda before treating a topic-only label as a meeting.,348820,"Zoning Reform Meeting – Jun 26, 2025",https://dallastx.new.swagit.com/videos/348820
16a3af902cfd,dallas-tx,76869ed1994f,F,Dallas Police & Dallas Fire Rescue Chiefs Swearing in Ceremony,Dallas Police & Dallas Fire Rescue Chiefs Swearing in Ceremony,1,2025-05-05,2025-05-05,Exclude from meeting remediation after verification,,medium,"Label describes civic media, ceremony, promotion, staff event or training rather than deliberation/public input; preserve archive record.",341709,"Dallas Police & Dallas Fire Rescue Chiefs Swearing in Ceremony – May 05, 2025",https://dallastx.new.swagit.com/videos/341709
05fcfff65704,dallas-tx,76869ed1994f,F,Naturalization Ceremony,Naturalization Ceremony,2,2022-06-14,2024-12-06,Exclude from meeting remediation after verification,,medium,"Label describes civic media, ceremony, promotion, staff event or training rather than deliberation/public input; preserve archive record.",322354,"Naturalization Ceremony – Dec 06, 2024",https://dallastx.new.swagit.com/videos/322354
a9894d5c76d0,dallas-tx,76869ed1994f,E,State of the Address,State of the Address,1,2024-12-05,2024-12-05,Offer Public Briefings aggregate,dallas-tx-public-briefings,medium,"Official public information briefing, distinct from a board or Council session; review news clips before inclusion.",321892,"State of the Address – Dec 05, 2024",https://dallastx.new.swagit.com/videos/321892
27156d63690b,dallas-tx,76869ed1994f,D,District 4 Telephone Town Hall Meeting,District 4 Telephone Town Hall Meeting,1,2023-08-15,2023-08-15,Create/reuse Community Public Input aggregate,dallas-tx-community-public-input,medium,"Project/district/date variants of public participation; combine at city level, exclude generic promotional videos.",269277,"District 4 Telephone Town Hall Meeting – Aug 15, 2023",https://dallastx.new.swagit.com/videos/269277
20185fe29a7b,dallas-tx,76869ed1994f,E,Mayor Back to School Press Conference,Mayor Back to School Press Conference,2,2020-08-13,2023-06-22,Offer Public Briefings aggregate,dallas-tx-public-briefings,medium,"Official public information briefing, distinct from a board or Council session; review news clips before inclusion.",247908,"Mayor Back to School Press Conference – Jun 22, 2023",https://dallastx.new.swagit.com/videos/247908
9c90fa220764,dallas-tx,76869ed1994f,E,City of Dallas Scooter Press Conference,City of Dallas Scooter Press Conference,1,2023-05-31,2023-05-31,Offer Public Briefings aggregate,dallas-tx-public-briefings,medium,"Official public information briefing, distinct from a board or Council session; review news clips before inclusion.",232885,"City of Dallas Scooter Press Conference – May 31, 2023",https://dallastx.new.swagit.com/videos/232885
873ea8b260c0,dallas-tx,76869ed1994f,F,Juanita J. Craft Civil Rights House Ribbon Cutting,Juanita J. Craft Civil Rights House Ribbon Cutting,1,2023-05-20,2023-05-20,Exclude from meeting remediation after verification,,medium,"Label describes civic media, ceremony, promotion, staff event or training rather than deliberation/public input; preserve archive record.",230652,"Juanita J. Craft Civil Rights House Ribbon Cutting – May 20, 2023",https://dallastx.new.swagit.com/videos/230652
8af7f3dd32d0,dallas-tx,76869ed1994f,E,Fentanyl Awareness Day Proclamation Press Conference,Fentanyl Awareness Day Proclamation Press Conference,1,2023-05-09,2023-05-09,Offer Public Briefings aggregate,dallas-tx-public-briefings,medium,"Official public information briefing, distinct from a board or Council session; review news clips before inclusion.",229483,"Fentanyl Awareness Day Proclamation Press Conference – May 09, 2023",https://dallastx.new.swagit.com/videos/229483
a028e3b8ddaa,dallas-tx,76869ed1994f,D,I-345 Panel and Public Discussion,I-345 Panel and Public Discussion,1,2023-05-08,2023-05-08,Create/reuse Community Public Input aggregate,dallas-tx-community-public-input,medium,"Project/district/date variants of public participation; combine at city level, exclude generic promotional videos.",226897,"I-345 Panel and Public Discussion – May 08, 2023",https://dallastx.new.swagit.com/videos/226897
6c85665b77c1,dallas-tx,76869ed1994f,F,Mayor's Distinguished Awards News Conference,Mayor's Distinguished Awards News Conference,1,2022-12-15,2022-12-15,Exclude from meeting remediation after verification,,medium,"Label describes civic media, ceremony, promotion, staff event or training rather than deliberation/public input; preserve archive record.",205585,"Mayor's Distinguished Awards News Conference – Dec 15, 2022",https://dallastx.new.swagit.com/videos/205585
6bbf49c1da6b,dallas-tx,76869ed1994f,E,Home for the Holidays News Conference,Home for the Holidays News Conference,1,2022-11-29,2022-11-29,Offer Public Briefings aggregate,dallas-tx-public-briefings,medium,"Official public information briefing, distinct from a board or Council session; review news clips before inclusion.",205584,"Home for the Holidays News Conference – Nov 29, 2022",https://dallastx.new.swagit.com/videos/205584
fbb317ac6264,dallas-tx,76869ed1994f,F,Run. Hide. Fight,Run. Hide. Fight,1,2022-08-26,2022-08-26,Exclude from meeting remediation after verification,,medium,"Label describes civic media, ceremony, promotion, staff event or training rather than deliberation/public input; preserve archive record.",205583,"Run. Hide. Fight – Aug 26, 2022",https://dallastx.new.swagit.com/videos/205583
b5463df67a86,dallas-tx,76869ed1994f,F,Back To School Fair Press Conference,Back To School Fair Press Conference,1,2022-06-29,2022-06-29,Exclude from meeting remediation after verification,,medium,"Label describes civic media, ceremony, promotion, staff event or training rather than deliberation/public input; preserve archive record.",205582,"Back To School Fair Press Conference – Jun 29, 2022",https://dallastx.new.swagit.com/videos/205582
a12f9397dbb4,dallas-tx,76869ed1994f,E,News Conference,News Conference,4,2020-09-09,2022-02-02,Offer Public Briefings aggregate,dallas-tx-public-briefings,medium,"Official public information briefing, distinct from a board or Council session; review news clips before inclusion.",205579,"News Conference – Feb 02, 2022",https://dallastx.new.swagit.com/videos/205579
b2e00d9de462,dallas-tx,76869ed1994f,E,Racial Equity Audit Report,Racial Equity Audit Report,2,2022-01-17,2022-01-18,Offer Public Briefings aggregate,dallas-tx-public-briefings,medium,"Official public information briefing, distinct from a board or Council session; review news clips before inclusion.",205578,"Racial Equity Audit Report – Jan 18, 2022",https://dallastx.new.swagit.com/videos/205578
46b61f7f0498,dallas-tx,76869ed1994f,E,State of City Address,State of City Address,2,2020-12-08,2021-11-17,Offer Public Briefings aggregate,dallas-tx-public-briefings,medium,"Official public information briefing, distinct from a board or Council session; review news clips before inclusion.",205576,"State of City Address – Nov 17, 2021",https://dallastx.new.swagit.com/videos/205576
57362c1663df,dallas-tx,76869ed1994f,E,Mayor's Press Conference,Mayor's Press Conference,5,2013-10-23,2021-09-27,Offer Public Briefings aggregate,dallas-tx-public-briefings,medium,"Official public information briefing, distinct from a board or Council session; review news clips before inclusion.",205574,"Mayor's Press Conference – Sep 27, 2021",https://dallastx.new.swagit.com/videos/205574
58d39fb9a95b,dallas-tx,76869ed1994f,E,Forward Dallas Neighborhood Summit Press Conference,Forward Dallas Neighborhood Summit Press Conference,1,2021-08-28,2021-08-28,Offer Public Briefings aggregate,dallas-tx-public-briefings,medium,"Official public information briefing, distinct from a board or Council session; review news clips before inclusion.",205572,"Forward Dallas Neighborhood Summit Press Conference – Aug 28, 2021",https://dallastx.new.swagit.com/videos/205572
fdc5f8c6274c,dallas-tx,76869ed1994f,F,Botham Jean Boulevard Street Renaming Ceremony,Botham Jean Boulevard Street Renaming Ceremony,1,2021-06-16,2021-06-16,Exclude civic media/event after verification,,medium,"Civic event, promotion, staff guidance or media rather than a public deliberative/input meeting; preserve archive record.",205570,"Botham Jean Boulevard Street Renaming Ceremony – Jun 16, 2021",https://dallastx.new.swagit.com/videos/205570
30b9413d0de8,dallas-tx,76869ed1994f,D,Spanish Forum on COVID-19 Vaccination,Spanish Forum on COVID-19 Vaccination,1,2021-01-28,2021-01-28,Community Public Input aggregate after recording verification,dallas-tx-community-public-input,low,Likely public participation or project discussion; inspect recording/agenda before treating a topic-only label as a meeting.,205566,"Spanish Forum on COVID-19 Vaccination – Jan 28, 2021",https://dallastx.new.swagit.com/videos/205566
b696b877cf8c,dallas-tx,76869ed1994f,D,COVID Focus Group,COVID Focus Group,1,2021-01-07,2021-01-07,Community Public Input aggregate after recording verification,dallas-tx-community-public-input,low,Likely public participation or project discussion; inspect recording/agenda before treating a topic-only label as a meeting.,205564,"COVID Focus Group – Jan 07, 2021",https://dallastx.new.swagit.com/videos/205564
5313c7d1b516,dallas-tx,76869ed1994f,D,Neighborhood Public Meeting for FY 2021-22 Consolidated Plan Budget,Neighborhood Public Meeting for FY 2021-22 Consolidated Plan Budget,1,2021-01-07,2021-01-07,Create/reuse Community Public Input aggregate,dallas-tx-community-public-input,medium,"Project/district/date variants of public participation; combine at city level, exclude generic promotional videos.",205565,"Neighborhood Public Meeting for FY 2021-22 Consolidated Plan Budget – Jan 07, 2021",https://dallastx.new.swagit.com/videos/205565
6bd022632c78,dallas-tx,76869ed1994f,E,News Conference (Spanish),News Conference (Spanish),1,2020-12-28,2020-12-28,Offer Public Briefings aggregate,dallas-tx-public-briefings,medium,"Official public information briefing, distinct from a board or Council session; review news clips before inclusion.",205563,"News Conference (Spanish) – Dec 28, 2020",https://dallastx.new.swagit.com/videos/205563
1ee83841d905,dallas-tx,76869ed1994f,E,Press conference on COVID Vaccine,Press conference on COVID Vaccine,1,2020-12-23,2020-12-23,Offer Public Briefings aggregate,dallas-tx-public-briefings,medium,"Official public information briefing, distinct from a board or Council session; review news clips before inclusion.",205561,"Press conference on COVID Vaccine – Dec 23, 2020",https://dallastx.new.swagit.com/videos/205561
3c8ed6b909c7,dallas-tx,76869ed1994f,D,Dallas Police Chief Forum,Dallas Police Chief Forum,1,2020-12-16,2020-12-16,Community Public Input aggregate after recording verification,dallas-tx-community-public-input,low,Likely public participation or project discussion; inspect recording/agenda before treating a topic-only label as a meeting.,205560,"Dallas Police Chief Forum – Dec 16, 2020",https://dallastx.new.swagit.com/videos/205560
cc571ee1159a,dallas-tx,76869ed1994f,D,Dallas Police Chief Forum (Spanish),Dallas Police Chief Forum (Spanish),1,2020-12-16,2020-12-16,Community Public Input aggregate after recording verification,dallas-tx-community-public-input,low,Likely public participation or project discussion; inspect recording/agenda before treating a topic-only label as a meeting.,205559,"Dallas Police Chief Forum (Spanish) – Dec 16, 2020",https://dallastx.new.swagit.com/videos/205559
a7e67ff5e60f,dallas-tx,76869ed1994f,F,National Gold Medal Award Presentation,National Gold Medal Award Presentation,1,2020-11-05,2020-11-05,Exclude from meeting remediation after verification,,medium,"Label describes civic media, ceremony, promotion, staff event or training rather than deliberation/public input; preserve archive record.",205557,"National Gold Medal Award Presentation – Nov 05, 2020",https://dallastx.new.swagit.com/videos/205557
b75e7e857ecb,dallas-tx,76869ed1994f,E,City of Dallas FY-2020-21 Budget Press Conference,City of Dallas FY-2020-21 Budget Press Conference,1,2020-08-07,2020-08-07,Offer Public Briefings aggregate,dallas-tx-public-briefings,medium,"Official public information briefing, distinct from a board or Council session; review news clips before inclusion.",205549,"City of Dallas FY-2020-21 Budget Press Conference – Aug 07, 2020",https://dallastx.new.swagit.com/videos/205549
5126f9b67947,dallas-tx,76869ed1994f,E,CM West News Conference,CM West News Conference,1,2020-08-06,2020-08-06,Offer Public Briefings aggregate,dallas-tx-public-briefings,medium,"Official public information briefing, distinct from a board or Council session; review news clips before inclusion.",205550,"CM West News Conference – Aug 06, 2020",https://dallastx.new.swagit.com/videos/205550
b8d7f203f0c3,dallas-tx,76869ed1994f,E,District 4's Dallas 365 Safe Press Conference,District 4's Dallas 365 Safe Press Conference,1,2020-05-28,2020-05-28,Offer Public Briefings aggregate,dallas-tx-public-briefings,medium,"Official public information briefing, distinct from a board or Council session; review news clips before inclusion.",205548,"District 4's Dallas 365 Safe Press Conference – May 28, 2020",https://dallastx.new.swagit.com/videos/205548
fb7478ba74d5,dallas-tx,76869ed1994f,C,Texas House Committee on Redistricting,Texas House Committee on Redistricting,1,2019-10-10,2019-10-10,Create/reuse Redistricting aggregate,dallas-tx-redistricting,medium,"Time-limited civic process; combine dated occurrences, do not create one feed per hearing/year.",205541,"Texas House Committee on Redistricting – Oct 10, 2019",https://dallastx.new.swagit.com/videos/205541
0a87146da49e,dallas-tx,76869ed1994f,G,Tax Credit 101 for Policymakers,Tax Credit 101 for Policymakers,1,2018-11-28,2018-11-28,Investigate,,low,Title alone does not establish a safe public-meeting identity; inspect official recording/agenda.,205532,"Tax Credit 101 for Policymakers – Nov 28, 2018",https://dallastx.new.swagit.com/videos/205532
f3262e567ab2,dallas-tx,76869ed1994f,B,Texas House Committee on Land and Resource Management Meeting,Texas House Committee on Land and Resource Management Meeting,1,2018-10-02,2018-10-02,Create/reuse distinct named public-body feed,dallas-tx-texas-house-committee-on-land-and-resource-management-meeting,medium,Named public body; few surviving recordings do not make it a one-off of another body. Verify identity and aliases before creation.,205531,"Texas House Committee on Land and Resource Management Meeting – Oct 02, 2018",https://dallastx.new.swagit.com/videos/205531
3a930b82caaf,dallas-tx,76869ed1994f,E,Grow South Annual Reports,Grow South Annual Reports,1,2018-05-24,2018-05-24,Public Briefings aggregate after recording verification,dallas-tx-public-briefings,low,Likely official briefing/report; verify public proceedings rather than a standalone informational video.,205529,"Grow South Annual Reports – May 24, 2018",https://dallastx.new.swagit.com/videos/205529
5759e7cdb660,dallas-tx,76869ed1994f,F,DPD Chief Hall Swearing-In Ceremony,DPD Chief Hall Swearing-In Ceremony,1,2018-05-02,2018-05-02,Exclude from meeting remediation after verification,,medium,"Label describes civic media, ceremony, promotion, staff event or training rather than deliberation/public input; preserve archive record.",205528,"DPD Chief Hall Swearing-In Ceremony – May 02, 2018",https://dallastx.new.swagit.com/videos/205528
539930b9159d,dallas-tx,76869ed1994f,E,City Manager T.C. Broadnax Presentation,City Manager T.C. Broadnax Presentation,1,2018-02-22,2018-02-22,Public Briefings aggregate after recording verification,dallas-tx-public-briefings,low,Likely official briefing/report; verify public proceedings rather than a standalone informational video.,205525,"City Manager T.C. Broadnax Presentation – Feb 22, 2018",https://dallastx.new.swagit.com/videos/205525
f1af305e6f04,dallas-tx,76869ed1994f,G,Dr. Richard Florida,Dr. Richard Florida,1,2018-02-21,2018-02-21,Investigate,,low,Title alone does not establish a safe public-meeting identity; inspect official recording/agenda.,205524,"Dr. Richard Florida – Feb 21, 2018",https://dallastx.new.swagit.com/videos/205524
7723a9dc8e6f,dallas-tx,76869ed1994f,D,Virtual Neighborhood Public Hearing,Virtual Neighborhood Public Hearing,1,2018-01-18,2018-01-18,Create/reuse Community Public Input aggregate,dallas-tx-community-public-input,medium,"Project/district/date variants of public participation; combine at city level, exclude generic promotional videos.",205520,"Virtual Neighborhood Public Hearing – Jan 18, 2018",https://dallastx.new.swagit.com/videos/205520
d48c255f59c5,dallas-tx,76869ed1994f,F,Veterans Day Parade,Veterans Day Parade,1,2017-11-10,2017-11-10,Exclude from meeting remediation after verification,,medium,"Label describes civic media, ceremony, promotion, staff event or training rather than deliberation/public input; preserve archive record.",205518,"Veterans Day Parade – Nov 10, 2017",https://dallastx.new.swagit.com/videos/205518
68f8ddc4086b,dallas-tx,76869ed1994f,G,Mayor Grow South Meeting,Mayor Grow South Meeting,2,2016-05-03,2017-05-23,Investigate,,low,Title alone does not establish a safe public-meeting identity; inspect official recording/agenda.,205511,"Mayor Grow South Meeting – May 23, 2017",https://dallastx.new.swagit.com/videos/205511
c69f20a86e24,dallas-tx,76869ed1994f,E,Fair Park Foundation Press Conference,Fair Park Foundation Press Conference,1,2016-08-01,2016-08-01,Offer Public Briefings aggregate,dallas-tx-public-briefings,medium,"Official public information briefing, distinct from a board or Council session; review news clips before inclusion.",205509,"Fair Park Foundation Press Conference – Aug 01, 2016",https://dallastx.new.swagit.com/videos/205509
51a45fee0875,dallas-tx,76869ed1994f,G,Urban Land Institute,Urban Land Institute,1,2016-03-04,2016-03-04,Investigate,,low,Title alone does not establish a safe public-meeting identity; inspect official recording/agenda.,205507,"Urban Land Institute – Mar 04, 2016",https://dallastx.new.swagit.com/videos/205507
f383863d6417,dallas-tx,76869ed1994f,G,Let's Talk,Let's Talk,1,2015-09-24,2015-09-24,Investigate,,low,Title alone does not establish a safe public-meeting identity; inspect official recording/agenda.,205505,"Let's Talk – Sep 24, 2015",https://dallastx.new.swagit.com/videos/205505
5b256c648728,dallas-tx,76869ed1994f,F,Code Video,Code Video,1,2014-10-23,2014-10-23,Exclude from meeting remediation after verification,,medium,"Label describes civic media, ceremony, promotion, staff event or training rather than deliberation/public input; preserve archive record.",205501,"Code Video – Oct 23, 2014",https://dallastx.new.swagit.com/videos/205501
d1dc215a51ec,dallas-tx,76869ed1994f,G,Goodbye to the Wright Amendment,Goodbye to the Wright Amendment,1,2014-10-13,2014-10-13,Investigate,,low,Title alone does not establish a safe public-meeting identity; inspect official recording/agenda.,205500,"Goodbye to the Wright Amendment – Oct 13, 2014",https://dallastx.new.swagit.com/videos/205500
6bb7d7ac4a61,dallas-tx,76869ed1994f,B,Committee on Homeland Security Joint Hearing,Committee on Homeland Security Joint Hearing,1,2014-10-10,2014-10-10,Create/reuse distinct named public-body feed,dallas-tx-committee-on-homeland-security-joint-hearing,medium,Named public body; few surviving recordings do not make it a one-off of another body. Verify identity and aliases before creation.,205499,"Committee on Homeland Security Joint Hearing – Oct 10, 2014",https://dallastx.new.swagit.com/videos/205499
a208baf52132,dallas-tx,76869ed1994f,E,Dallas Ebola Case News Conference,Dallas Ebola Case News Conference,1,2014-10-03,2014-10-03,Offer Public Briefings aggregate,dallas-tx-public-briefings,medium,"Official public information briefing, distinct from a board or Council session; review news clips before inclusion.",205498,"Dallas Ebola Case News Conference – Oct 03, 2014",https://dallastx.new.swagit.com/videos/205498
95d0cfe8077c,dallas-tx,76869ed1994f,E,Joint Dallas Ebola Update News Conference,Joint Dallas Ebola Update News Conference,1,2014-10-02,2014-10-02,Offer Public Briefings aggregate,dallas-tx-public-briefings,medium,"Official public information briefing, distinct from a board or Council session; review news clips before inclusion.",205497,"Joint Dallas Ebola Update News Conference – Oct 02, 2014",https://dallastx.new.swagit.com/videos/205497
6512bd1fe710,dallas-tx,76869ed1994f,G,The FEED,The FEED,1,2014-04-08,2014-04-08,Investigate,,low,Title alone does not establish a safe public-meeting identity; inspect official recording/agenda.,205494,"The FEED – Apr 08, 2014",https://dallastx.new.swagit.com/videos/205494
2a520b58c852,dallas-tx,76869ed1994f,D,Conversations About Race,Conversations About Race,2,2013-09-21,2014-02-22,Community Public Input aggregate after recording verification,dallas-tx-community-public-input,low,Likely public participation or project discussion; inspect recording/agenda before treating a topic-only label as a meeting.,205493,"Conversations About Race – Feb 22, 2014",https://dallastx.new.swagit.com/videos/205493
897e291b8896,dallas-tx,76869ed1994f,G,Grow Grow South Townview 2-11-14,Grow Grow South Townview 2-11-14,1,2014-02-11,2014-02-11,Investigate,,low,Title alone does not establish a safe public-meeting identity; inspect official recording/agenda.,205496,"Grow Grow South Townview 2-11-14 – Feb 11, 2014",https://dallastx.new.swagit.com/videos/205496
43a39395892d,dallas-tx,76869ed1994f,F,The 50th:  Honoring the Memory of President John F. Kennedy,The 50th:  Honoring the Memory of President John F. Kennedy,1,2013-11-26,2013-11-26,Exclude from meeting remediation after verification,,medium,"Label describes civic media, ceremony, promotion, staff event or training rather than deliberation/public input; preserve archive record.",205492,"The 50th:  Honoring the Memory of President John F. Kennedy – Nov 26, 2013",https://dallastx.new.swagit.com/videos/205492
10186fd1d496,dallas-tx,76869ed1994f,F,311 App,311 App,1,2013-09-11,2013-09-11,Exclude from meeting remediation after verification,,medium,"Label describes civic media, ceremony, promotion, staff event or training rather than deliberation/public input; preserve archive record.",205489,"311 App – Sep 11, 2013",https://dallastx.new.swagit.com/videos/205489
906131278476,dallas-tx,76869ed1994f,E,Proposed Annual Budget for Fiscal Year 2013-2014,Proposed Annual Budget for Fiscal Year 2013-2014,1,2013-08-12,2013-08-12,Public Briefings aggregate after recording verification,dallas-tx-public-briefings,low,Likely official briefing/report; verify public proceedings rather than a standalone informational video.,205488,"Proposed Annual Budget for Fiscal Year 2013-2014 – Aug 12, 2013",https://dallastx.new.swagit.com/videos/205488
600ba4e2cff0,dallas-tx,76869ed1994f,F,2013 Back to School Fair,2013 Back to School Fair,1,2013-08-08,2013-08-08,Exclude from meeting remediation after verification,,medium,"Label describes civic media, ceremony, promotion, staff event or training rather than deliberation/public input; preserve archive record.",205487,"2013 Back to School Fair – Aug 08, 2013",https://dallastx.new.swagit.com/videos/205487
fadbad258c13,dallas-tx,76869ed1994f,F,Nelson Mandela International Day,Nelson Mandela International Day,1,2013-07-19,2013-07-19,Exclude from meeting remediation after verification,,medium,"Label describes civic media, ceremony, promotion, staff event or training rather than deliberation/public input; preserve archive record.",205486,"Nelson Mandela International Day – Jul 19, 2013",https://dallastx.new.swagit.com/videos/205486
f227cdb36f82,dallas-tx,76869ed1994f,G,Communities Foundation of Texas,Communities Foundation of Texas,1,2013-06-28,2013-06-28,Investigate,,low,Title alone does not establish a safe public-meeting identity; inspect official recording/agenda.,205484,"Communities Foundation of Texas – Jun 28, 2013",https://dallastx.new.swagit.com/videos/205484
b70c066409fa,dallas-tx,76869ed1994f,F,Wowie Awards 2013,Wowie Awards 2013,1,2013-04-05,2013-04-05,Exclude from meeting remediation after verification,,medium,"Label describes civic media, ceremony, promotion, staff event or training rather than deliberation/public input; preserve archive record.",205609,"Wowie Awards 2013 – Apr 05, 2013",https://dallastx.new.swagit.com/videos/205609
953cb7f3326e,dallas-tx,76869ed1994f,F,WOWie Commercial 2,WOWie Commercial 2,1,2013-03-25,2013-03-25,Exclude from meeting remediation after verification,,medium,"Label describes civic media, ceremony, promotion, staff event or training rather than deliberation/public input; preserve archive record.",205610,"WOWie Commercial 2 – Mar 25, 2013",https://dallastx.new.swagit.com/videos/205610
c1d3d9c1cba7,denton-tx,3b7588310856,B,Airport Advisory Board on 2021-05-13 10:00 AM,Airport Advisory Board,1,2021-05-13,2021-05-13,Create/reuse distinct named public-body feed,denton-tx-airport-advisory-board,medium,Named public body; few surviving recordings do not make it a one-off of another body. Verify identity and aliases before creation.,120832,"Airport Advisory Board on 2021-05-13 10:00 AM – May 13, 2021",https://dentontx.new.swagit.com/videos/120832
3b2677a0b68e,denton-tx,3b7588310856,B,Airport Advisory Board on 2021-04-08 1:30 PM,Airport Advisory Board,1,2021-04-08,2021-04-08,Create/reuse distinct named public-body feed,denton-tx-airport-advisory-board,medium,Named public body; few surviving recordings do not make it a one-off of another body. Verify identity and aliases before creation.,118293,"Airport Advisory Board on 2021-04-08 1:30 PM – Apr 08, 2021",https://dentontx.new.swagit.com/videos/118293
061585e42370,denton-tx,3b7588310856,B,Airport Advisory Board on 2021-03-11 1:00 PM,Airport Advisory Board,1,2021-03-11,2021-03-11,Create/reuse distinct named public-body feed,denton-tx-airport-advisory-board,medium,Named public body; few surviving recordings do not make it a one-off of another body. Verify identity and aliases before creation.,114314,"Airport Advisory Board on 2021-03-11 1:00 PM – Mar 11, 2021",https://dentontx.new.swagit.com/videos/114314
db61ec49c4b3,denton-tx,3b7588310856,B,Airport Advisory Board on 2021-02-11 11:00 AM (SPECIAL CALLED MEETING),Airport Advisory Board,1,2021-02-11,2021-02-11,Create/reuse distinct named public-body feed,denton-tx-airport-advisory-board,medium,Named public body; few surviving recordings do not make it a one-off of another body. Verify identity and aliases before creation.,112842,"Airport Advisory Board on 2021-02-11 11:00 AM (SPECIAL CALLED MEETING) – Feb 11, 2021",https://dentontx.new.swagit.com/videos/112842
79a1dad2fa40,denton-tx,3b7588310856,B,Airport Advisory Board on 2021-01-14 11:00 AM (SPECIAL CALLED MEETING),Airport Advisory Board,1,2021-01-14,2021-01-14,Create/reuse distinct named public-body feed,denton-tx-airport-advisory-board,medium,Named public body; few surviving recordings do not make it a one-off of another body. Verify identity and aliases before creation.,111598,"Airport Advisory Board on 2021-01-14 11:00 AM (SPECIAL CALLED MEETING) – Jan 14, 2021",https://dentontx.new.swagit.com/videos/111598
ee292f5d1e68,denton-tx,3b7588310856,B,Airport Advisory Board on 2020-12-10 1:00 PM (SPECIAL CALLED MEETING),Airport Advisory Board,1,2020-12-10,2020-12-10,Create/reuse distinct named public-body feed,denton-tx-airport-advisory-board,medium,Named public body; few surviving recordings do not make it a one-off of another body. Verify identity and aliases before creation.,108094,"Airport Advisory Board on 2020-12-10 1:00 PM (SPECIAL CALLED MEETING) – Dec 10, 2020",https://dentontx.new.swagit.com/videos/108094
b23ab59bc951,denton-tx,3b7588310856,B,Airport Advisory Board on 2020-11-12 1:00 PM (SPECIAL CALLED MEETING),Airport Advisory Board,1,2020-11-12,2020-11-12,Create/reuse distinct named public-body feed,denton-tx-airport-advisory-board,medium,Named public body; few surviving recordings do not make it a one-off of another body. Verify identity and aliases before creation.,102409,"Airport Advisory Board on 2020-11-12 1:00 PM (SPECIAL CALLED MEETING) – Nov 12, 2020",https://dentontx.new.swagit.com/videos/102409
447ad4e9c306,denton-tx,3b7588310856,B,Airport Advisory Board on 2020-06-17 1:00 PM (SPECIAL CALLED MEETING),Airport Advisory Board,1,2020-06-17,2020-06-17,Create/reuse distinct named public-body feed,denton-tx-airport-advisory-board,medium,Named public body; few surviving recordings do not make it a one-off of another body. Verify identity and aliases before creation.,66898,"Airport Advisory Board on 2020-06-17 1:00 PM (SPECIAL CALLED MEETING) – Jun 17, 2020",https://dentontx.new.swagit.com/videos/66898
308c7b9baab2,denton-tx,3b7588310856,B,Animal Shelter Advisory Committee on 2021-03-24 3:00 PM,Animal Shelter Advisory Committee,1,2021-03-24,2021-03-24,Create/reuse distinct named public-body feed,denton-tx-animal-shelter-advisory-committee,medium,Named public body; few surviving recordings do not make it a one-off of another body. Verify identity and aliases before creation.,116744,"Animal Shelter Advisory Committee on 2021-03-24 3:00 PM – Mar 24, 2021",https://dentontx.new.swagit.com/videos/116744
1d5b0bc422f3,denton-tx,3b7588310856,B,Animal Shelter Advisory Committee on 2020-10-21 3:00 PM,Animal Shelter Advisory Committee,1,2020-10-21,2020-10-21,Create/reuse distinct named public-body feed,denton-tx-animal-shelter-advisory-committee,medium,Named public body; few surviving recordings do not make it a one-off of another body. Verify identity and aliases before creation.,87453,"Animal Shelter Advisory Committee on 2020-10-21 3:00 PM – Oct 21, 2020",https://dentontx.new.swagit.com/videos/87453
4bde1eae7e73,denton-tx,3b7588310856,B,Animal Shelter Advisory Committee on 2020-07-23 2:00 PM,Animal Shelter Advisory Committee,1,2020-07-23,2020-07-23,Create/reuse distinct named public-body feed,denton-tx-animal-shelter-advisory-committee,medium,Named public body; few surviving recordings do not make it a one-off of another body. Verify identity and aliases before creation.,73990,"Animal Shelter Advisory Committee on 2020-07-23 2:00 PM – Jul 23, 2020",https://dentontx.new.swagit.com/videos/73990
1df1a3b6f4b1,denton-tx,3b7588310856,C,Bond Oversight Committee on 2021-05-06 12:00 PM,Bond Oversight Committee,1,2021-05-06,2021-05-06,Create/reuse Bond Program Meetings aggregate,denton-tx-bond-program-meetings,medium,"Aggregate program advisory, oversight, subcommittee and public-input recordings; preserve program/year in official titles.",120485,"Bond Oversight Committee on 2021-05-06 12:00 PM – May 06, 2021",https://dentontx.new.swagit.com/videos/120485
ad6b38b20241,denton-tx,3b7588310856,C,Bond Oversight Committee on 2021-02-04 12:00 PM (AMENDED),Bond Oversight Committee,1,2021-02-04,2021-02-04,Create/reuse Bond Program Meetings aggregate,denton-tx-bond-program-meetings,medium,"Aggregate program advisory, oversight, subcommittee and public-input recordings; preserve program/year in official titles.",112540,"Bond Oversight Committee on 2021-02-04 12:00 PM (AMENDED) – Feb 04, 2021",https://dentontx.new.swagit.com/videos/112540
c3f4b124c223,denton-tx,3b7588310856,C,Bond Oversight Committee on 2020-11-05 12:00 PM (SPECIAL CALLED MEETING),Bond Oversight Committee,1,2020-11-05,2020-11-05,Create/reuse Bond Program Meetings aggregate,denton-tx-bond-program-meetings,medium,"Aggregate program advisory, oversight, subcommittee and public-input recordings; preserve program/year in official titles.",89768,"Bond Oversight Committee on 2020-11-05 12:00 PM (SPECIAL CALLED MEETING) – Nov 05, 2020",https://dentontx.new.swagit.com/videos/89768
a40835890164,denton-tx,3b7588310856,C,Bond Oversight Committee on 2020-07-23 11:30 AM,Bond Oversight Committee,1,2020-07-23,2020-07-23,Create/reuse Bond Program Meetings aggregate,denton-tx-bond-program-meetings,medium,"Aggregate program advisory, oversight, subcommittee and public-input recordings; preserve program/year in official titles.",73977,"Bond Oversight Committee on 2020-07-23 11:30 AM – Jul 23, 2020",https://dentontx.new.swagit.com/videos/73977
da743a93fbec,denton-tx,3b7588310856,C,Charter Review Committee on 2024-11-14 5:30 PM,Charter Review Committee,1,2024-11-14,2024-11-14,Create/reuse Charter Review aggregate,denton-tx-charter-review,medium,"Time-limited civic process; combine dated occurrences, do not create one feed per hearing/year.",320214,"Charter Review Committee on 2024-11-14 5:30 PM – Nov 14, 2024",https://dentontx.new.swagit.com/videos/320214
3898836ef31c,denton-tx,3b7588310856,C,Charter Review Committee on 2024-10-17 5:30 PM,Charter Review Committee,1,2024-10-17,2024-10-17,Create/reuse Charter Review aggregate,denton-tx-charter-review,medium,"Time-limited civic process; combine dated occurrences, do not create one feed per hearing/year.",318007,"Charter Review Committee on 2024-10-17 5:30 PM – Oct 17, 2024",https://dentontx.new.swagit.com/videos/318007
11938fbfe6e0,denton-tx,3b7588310856,C,Charter Review Committee on 2024-10-03 5:30 PM,Charter Review Committee,1,2024-10-03,2024-10-03,Create/reuse Charter Review aggregate,denton-tx-charter-review,medium,"Time-limited civic process; combine dated occurrences, do not create one feed per hearing/year.",316732,"Charter Review Committee on 2024-10-03 5:30 PM – Oct 03, 2024",https://dentontx.new.swagit.com/videos/316732
ea5fd3f6526a,denton-tx,3b7588310856,C,Charter Review Committee on 2024-09-19 5:30 PM,Charter Review Committee,1,2024-09-19,2024-09-19,Create/reuse Charter Review aggregate,denton-tx-charter-review,medium,"Time-limited civic process; combine dated occurrences, do not create one feed per hearing/year.",315632,"Charter Review Committee on 2024-09-19 5:30 PM – Sep 19, 2024",https://dentontx.new.swagit.com/videos/315632
b3d17d22d415,denton-tx,3b7588310856,C,Charter Review Committee on 2024-09-05 5:30 PM,Charter Review Committee,1,2024-09-05,2024-09-05,Create/reuse Charter Review aggregate,denton-tx-charter-review,medium,"Time-limited civic process; combine dated occurrences, do not create one feed per hearing/year.",314263,"Charter Review Committee on 2024-09-05 5:30 PM – Sep 05, 2024",https://dentontx.new.swagit.com/videos/314263
2be4c4c8fc8d,denton-tx,3b7588310856,C,Charter Review Committee on 2024-08-22 5:30 PM,Charter Review Committee,1,2024-08-22,2024-08-22,Create/reuse Charter Review aggregate,denton-tx-charter-review,medium,"Time-limited civic process; combine dated occurrences, do not create one feed per hearing/year.",313163,"Charter Review Committee on 2024-08-22 5:30 PM – Aug 22, 2024",https://dentontx.new.swagit.com/videos/313163
70d695073180,denton-tx,3b7588310856,C,Charter Review Committee on 2024-08-08 5:30 PM,Charter Review Committee,1,2024-08-08,2024-08-08,Create/reuse Charter Review aggregate,denton-tx-charter-review,medium,"Time-limited civic process; combine dated occurrences, do not create one feed per hearing/year.",312215,"Charter Review Committee on 2024-08-08 5:30 PM – Aug 08, 2024",https://dentontx.new.swagit.com/videos/312215
192fd8b13b97,denton-tx,3b7588310856,C,Charter Review Committee on 2024-07-25 5:30 PM,Charter Review Committee,1,2024-07-25,2024-07-25,Create/reuse Charter Review aggregate,denton-tx-charter-review,medium,"Time-limited civic process; combine dated occurrences, do not create one feed per hearing/year.",311091,"Charter Review Committee on 2024-07-25 5:30 PM – Jul 25, 2024",https://dentontx.new.swagit.com/videos/311091
b1f1edaf4556,denton-tx,3b7588310856,C,Charter Review Committee on 2017-03-01 6:00 PM,Charter Review Committee,1,2017-03-01,2017-03-01,Create/reuse Charter Review aggregate,denton-tx-charter-review,medium,"Time-limited civic process; combine dated occurrences, do not create one feed per hearing/year.",13560,"Charter Review Committee on 2017-03-01 6:00 PM – Mar 01, 2017",https://dentontx.new.swagit.com/videos/13560
f393d424f361,denton-tx,3b7588310856,B,Committee on the Environment on 2021-05-03 9:00 AM,Committee on the Environment,1,2021-05-03,2021-05-03,Create/reuse distinct named public-body feed,denton-tx-committee-on-the-environment,medium,Named public body; few surviving recordings do not make it a one-off of another body. Verify identity and aliases before creation.,120245,"Committee on the Environment on 2021-05-03 9:00 AM – May 03, 2021",https://dentontx.new.swagit.com/videos/120245
8910d840a2c9,denton-tx,3b7588310856,B,Committee on the Environment on 2021-04-05 9:00 AM,Committee on the Environment,1,2021-04-05,2021-04-05,Create/reuse distinct named public-body feed,denton-tx-committee-on-the-environment,medium,Named public body; few surviving recordings do not make it a one-off of another body. Verify identity and aliases before creation.,117054,"Committee on the Environment on 2021-04-05 9:00 AM – Apr 05, 2021",https://dentontx.new.swagit.com/videos/117054
8ab880d753d2,denton-tx,3b7588310856,B,Committee on the Environment on 2021-02-01 9:00 AM,Committee on the Environment,1,2021-02-01,2021-02-01,Create/reuse distinct named public-body feed,denton-tx-committee-on-the-environment,medium,Named public body; few surviving recordings do not make it a one-off of another body. Verify identity and aliases before creation.,112299,"Committee on the Environment on 2021-02-01 9:00 AM – Feb 01, 2021",https://dentontx.new.swagit.com/videos/112299
de547de8f73d,denton-tx,3b7588310856,B,Committee on the Environment on 2020-11-02 9:00 AM,Committee on the Environment,1,2020-11-02,2020-11-02,Create/reuse distinct named public-body feed,denton-tx-committee-on-the-environment,medium,Named public body; few surviving recordings do not make it a one-off of another body. Verify identity and aliases before creation.,89611,"Committee on the Environment on 2020-11-02 9:00 AM – Nov 02, 2020",https://dentontx.new.swagit.com/videos/89611
07fd3f8d1522,denton-tx,3b7588310856,B,Committee on the Environment on 2020-10-05 9:00 AM,Committee on the Environment,1,2020-10-05,2020-10-05,Create/reuse distinct named public-body feed,denton-tx-committee-on-the-environment,medium,Named public body; few surviving recordings do not make it a one-off of another body. Verify identity and aliases before creation.,86778,"Committee on the Environment on 2020-10-05 9:00 AM – Oct 05, 2020",https://dentontx.new.swagit.com/videos/86778
ddf502a2bcdd,denton-tx,3b7588310856,B,Committee on the Environment on 2020-09-08 1:00 PM,Committee on the Environment,1,2020-09-08,2020-09-08,Create/reuse distinct named public-body feed,denton-tx-committee-on-the-environment,medium,Named public body; few surviving recordings do not make it a one-off of another body. Verify identity and aliases before creation.,75412,"Committee on the Environment on 2020-09-08 1:00 PM – Sep 08, 2020",https://dentontx.new.swagit.com/videos/75412
9955ee4f50c0,denton-tx,3b7588310856,B,Committee on the Environment on 2020-06-25 10:00 AM,Committee on the Environment,1,2020-06-25,2020-06-25,Create/reuse distinct named public-body feed,denton-tx-committee-on-the-environment,medium,Named public body; few surviving recordings do not make it a one-off of another body. Verify identity and aliases before creation.,71282,"Committee on the Environment on 2020-06-25 10:00 AM – Jun 25, 2020",https://dentontx.new.swagit.com/videos/71282
bc637efc3b8d,denton-tx,3b7588310856,B,Committee on the Environment on 2018-09-17 9:00 AM,Committee on the Environment,1,2018-09-17,2018-09-17,Create/reuse distinct named public-body feed,denton-tx-committee-on-the-environment,medium,Named public body; few surviving recordings do not make it a one-off of another body. Verify identity and aliases before creation.,19843,"Committee on the Environment on 2018-09-17 9:00 AM – Sep 17, 2018",https://dentontx.new.swagit.com/videos/19843
47a00a7c8d3a,denton-tx,3b7588310856,B,Committee on the Environment on 2018-08-06 9:00 AM,Committee on the Environment,1,2018-08-06,2018-08-06,Create/reuse distinct named public-body feed,denton-tx-committee-on-the-environment,medium,Named public body; few surviving recordings do not make it a one-off of another body. Verify identity and aliases before creation.,13667,"Committee on the Environment on 2018-08-06 9:00 AM – Aug 06, 2018",https://dentontx.new.swagit.com/videos/13667
2958d7f92aa5,denton-tx,3b7588310856,B,Committee on the Environment on 2018-05-21 1:00 PM,Committee on the Environment,1,2018-05-21,2018-05-21,Create/reuse distinct named public-body feed,denton-tx-committee-on-the-environment,medium,Named public body; few surviving recordings do not make it a one-off of another body. Verify identity and aliases before creation.,13666,"Committee on the Environment on 2018-05-21 1:00 PM – May 21, 2018",https://dentontx.new.swagit.com/videos/13666
b2df78f7b528,denton-tx,3b7588310856,B,Committee on the Environment on 2018-03-19 9:00 AM,Committee on the Environment,1,2018-03-19,2018-03-19,Create/reuse distinct named public-body feed,denton-tx-committee-on-the-environment,medium,Named public body; few surviving recordings do not make it a one-off of another body. Verify identity and aliases before creation.,13665,"Committee on the Environment on 2018-03-19 9:00 AM – Mar 19, 2018",https://dentontx.new.swagit.com/videos/13665
771bac3525a4,denton-tx,3b7588310856,B,Committee on the Environment on 2018-02-05 1:30 PM,Committee on the Environment,1,2018-02-05,2018-02-05,Create/reuse distinct named public-body feed,denton-tx-committee-on-the-environment,medium,Named public body; few surviving recordings do not make it a one-off of another body. Verify identity and aliases before creation.,13664,"Committee on the Environment on 2018-02-05 1:30 PM – Feb 05, 2018",https://dentontx.new.swagit.com/videos/13664
641920ff1963,denton-tx,3b7588310856,B,Committee on the Environment on 2018-01-08 12:00 PM,Committee on the Environment,1,2018-01-08,2018-01-08,Create/reuse distinct named public-body feed,denton-tx-committee-on-the-environment,medium,Named public body; few surviving recordings do not make it a one-off of another body. Verify identity and aliases before creation.,13663,"Committee on the Environment on 2018-01-08 12:00 PM – Jan 08, 2018",https://dentontx.new.swagit.com/videos/13663
d30dd662f68c,denton-tx,3b7588310856,B,Committee on the Environment on 2017-11-06 9:00 AM,Committee on the Environment,1,2017-11-06,2017-11-06,Create/reuse distinct named public-body feed,denton-tx-committee-on-the-environment,medium,Named public body; few surviving recordings do not make it a one-off of another body. Verify identity and aliases before creation.,13662,"Committee on the Environment on 2017-11-06 9:00 AM – Nov 06, 2017",https://dentontx.new.swagit.com/videos/13662
0da1c59961e5,denton-tx,3b7588310856,B,Committee on the Environment on 2017-09-11 12:00 PM,Committee on the Environment,1,2017-09-11,2017-09-11,Create/reuse distinct named public-body feed,denton-tx-committee-on-the-environment,medium,Named public body; few surviving recordings do not make it a one-off of another body. Verify identity and aliases before creation.,13661,"Committee on the Environment on 2017-09-11 12:00 PM – Sep 11, 2017",https://dentontx.new.swagit.com/videos/13661
62bdd1794755,denton-tx,3b7588310856,B,Committee on the Environment on 2017-08-14 12:00 PM,Committee on the Environment,1,2017-08-14,2017-08-14,Create/reuse distinct named public-body feed,denton-tx-committee-on-the-environment,medium,Named public body; few surviving recordings do not make it a one-off of another body. Verify identity and aliases before creation.,13660,"Committee on the Environment on 2017-08-14 12:00 PM – Aug 14, 2017",https://dentontx.new.swagit.com/videos/13660
9c03a539a5e1,denton-tx,3b7588310856,B,Committee on the Environment on 2017-04-03 1:30 PM,Committee on the Environment,1,2017-04-03,2017-04-03,Create/reuse distinct named public-body feed,denton-tx-committee-on-the-environment,medium,Named public body; few surviving recordings do not make it a one-off of another body. Verify identity and aliases before creation.,13659,"Committee on the Environment on 2017-04-03 1:30 PM – Apr 03, 2017",https://dentontx.new.swagit.com/videos/13659
53416d4765a9,denton-tx,3b7588310856,B,Committee on the Environment on 2017-03-06 1:30 PM,Committee on the Environment,1,2017-03-06,2017-03-06,Create/reuse distinct named public-body feed,denton-tx-committee-on-the-environment,medium,Named public body; few surviving recordings do not make it a one-off of another body. Verify identity and aliases before creation.,13658,"Committee on the Environment on 2017-03-06 1:30 PM – Mar 06, 2017",https://dentontx.new.swagit.com/videos/13658
d0d1c037f165,denton-tx,3b7588310856,B,Committee on the Environment on 2017-02-06 1:30 PM,Committee on the Environment,1,2017-02-06,2017-02-06,Create/reuse distinct named public-body feed,denton-tx-committee-on-the-environment,medium,Named public body; few surviving recordings do not make it a one-off of another body. Verify identity and aliases before creation.,13657,"Committee on the Environment on 2017-02-06 1:30 PM – Feb 06, 2017",https://dentontx.new.swagit.com/videos/13657
e3bb8913a570,denton-tx,3b7588310856,B,Committee on the Environment on 2017-01-17 10:30 AM,Committee on the Environment,1,2017-01-17,2017-01-17,Create/reuse distinct named public-body feed,denton-tx-committee-on-the-environment,medium,Named public body; few surviving recordings do not make it a one-off of another body. Verify identity and aliases before creation.,13656,"Committee on the Environment on 2017-01-17 10:30 AM – Jan 17, 2017",https://dentontx.new.swagit.com/videos/13656
74e3c03f37cd,denton-tx,3b7588310856,B,Committee on the Environment on 2016-12-05 1:30 PM,Committee on the Environment,1,2016-12-05,2016-12-05,Create/reuse distinct named public-body feed,denton-tx-committee-on-the-environment,medium,Named public body; few surviving recordings do not make it a one-off of another body. Verify identity and aliases before creation.,13655,"Committee on the Environment on 2016-12-05 1:30 PM – Dec 05, 2016",https://dentontx.new.swagit.com/videos/13655
86789e1919ec,denton-tx,3b7588310856,B,Committee on the Environment on 2016-10-03 1:30 PM,Committee on the Environment,1,2016-10-03,2016-10-03,Create/reuse distinct named public-body feed,denton-tx-committee-on-the-environment,medium,Named public body; few surviving recordings do not make it a one-off of another body. Verify identity and aliases before creation.,13654,"Committee on the Environment on 2016-10-03 1:30 PM – Oct 03, 2016",https://dentontx.new.swagit.com/videos/13654
9c4e42a28816,denton-tx,3b7588310856,B,Committee on the Environment on 2016-09-12 1:30 PM,Committee on the Environment,1,2016-09-12,2016-09-12,Create/reuse distinct named public-body feed,denton-tx-committee-on-the-environment,medium,Named public body; few surviving recordings do not make it a one-off of another body. Verify identity and aliases before creation.,13653,"Committee on the Environment on 2016-09-12 1:30 PM – Sep 12, 2016",https://dentontx.new.swagit.com/videos/13653
935f2c3591e5,denton-tx,3b7588310856,B,Committee on the Environment on 2016-07-25 1:00 PM,Committee on the Environment,1,2016-07-25,2016-07-25,Create/reuse distinct named public-body feed,denton-tx-committee-on-the-environment,medium,Named public body; few surviving recordings do not make it a one-off of another body. Verify identity and aliases before creation.,13652,"Committee on the Environment on 2016-07-25 1:00 PM – Jul 25, 2016",https://dentontx.new.swagit.com/videos/13652
3d293b2ae64d,denton-tx,3b7588310856,B,Committee on the Environment on 2016-06-06 1:30 PM,Committee on the Environment,1,2016-06-06,2016-06-06,Create/reuse distinct named public-body feed,denton-tx-committee-on-the-environment,medium,Named public body; few surviving recordings do not make it a one-off of another body. Verify identity and aliases before creation.,13651,"Committee on the Environment on 2016-06-06 1:30 PM – Jun 06, 2016",https://dentontx.new.swagit.com/videos/13651
999d96fb9b4b,denton-tx,3b7588310856,B,Committee on the Environment on 2016-04-04 1:30 PM,Committee on the Environment,1,2016-04-04,2016-04-04,Create/reuse distinct named public-body feed,denton-tx-committee-on-the-environment,medium,Named public body; few surviving recordings do not make it a one-off of another body. Verify identity and aliases before creation.,13650,"Committee on the Environment on 2016-04-04 1:30 PM – Apr 04, 2016",https://dentontx.new.swagit.com/videos/13650
41b259a87af1,denton-tx,3b7588310856,B,Committee on the Environment on 2016-01-20 9:00 AM,Committee on the Environment,1,2016-01-20,2016-01-20,Create/reuse distinct named public-body feed,denton-tx-committee-on-the-environment,medium,Named public body; few surviving recordings do not make it a one-off of another body. Verify identity and aliases before creation.,13649,"Committee on the Environment on 2016-01-20 9:00 AM – Jan 20, 2016",https://dentontx.new.swagit.com/videos/13649
4360ab662fb5,denton-tx,3b7588310856,B,Committee on the Environment on 2015-11-02 1:30 PM,Committee on the Environment,1,2015-11-02,2015-11-02,Create/reuse distinct named public-body feed,denton-tx-committee-on-the-environment,medium,Named public body; few surviving recordings do not make it a one-off of another body. Verify identity and aliases before creation.,13648,"Committee on the Environment on 2015-11-02 1:30 PM – Nov 02, 2015",https://dentontx.new.swagit.com/videos/13648
b6532a27014b,denton-tx,3b7588310856,B,Committee on the Environment on 2015-10-05 1:30 PM,Committee on the Environment,1,2015-10-05,2015-10-05,Create/reuse distinct named public-body feed,denton-tx-committee-on-the-environment,medium,Named public body; few surviving recordings do not make it a one-off of another body. Verify identity and aliases before creation.,13647,"Committee on the Environment on 2015-10-05 1:30 PM – Oct 05, 2015",https://dentontx.new.swagit.com/videos/13647
0c6ad9ab7104,denton-tx,3b7588310856,B,Committee on the Environment on 2015-08-03 1:30 PM,Committee on the Environment,1,2015-08-03,2015-08-03,Create/reuse distinct named public-body feed,denton-tx-committee-on-the-environment,medium,Named public body; few surviving recordings do not make it a one-off of another body. Verify identity and aliases before creation.,13646,"Committee on the Environment on 2015-08-03 1:30 PM – Aug 03, 2015",https://dentontx.new.swagit.com/videos/13646
a958bda070b1,denton-tx,3b7588310856,B,Community Partnership Committee on 2021-04-22 9:00 AM,Community Partnership Committee,1,2021-04-22,2021-04-22,Create/reuse distinct named public-body feed,denton-tx-community-partnership-committee,medium,Named public body; few surviving recordings do not make it a one-off of another body. Verify identity and aliases before creation.,119851,"Community Partnership Committee on 2021-04-22 9:00 AM – Apr 22, 2021",https://dentontx.new.swagit.com/videos/119851
5b1b7d4ca845,denton-tx,3b7588310856,B,Community Partnership Committee on 2021-03-18 9:00 AM,Community Partnership Committee,1,2021-03-18,2021-03-18,Create/reuse distinct named public-body feed,denton-tx-community-partnership-committee,medium,Named public body; few surviving recordings do not make it a one-off of another body. Verify identity and aliases before creation.,116466,"Community Partnership Committee on 2021-03-18 9:00 AM – Mar 18, 2021",https://dentontx.new.swagit.com/videos/116466
901b04451c8f,denton-tx,3b7588310856,B,Hotel Occupancy Tax and Sponsorship Committee on 2020-07-20 9:00 AM,Hotel Occupancy Tax and Sponsorship Committee,1,2020-07-20,2020-07-20,Create/reuse distinct named public-body feed,denton-tx-hotel-occupancy-tax-and-sponsorship-committee,medium,Named public body; few surviving recordings do not make it a one-off of another body. Verify identity and aliases before creation.,73793,"Hotel Occupancy Tax and Sponsorship Committee on 2020-07-20 9:00 AM – Jul 20, 2020",https://dentontx.new.swagit.com/videos/73793
c918bbc76625,denton-tx,3b7588310856,B,Hotel Occupancy Tax and Sponsorship Committee on 2020-06-11 10:00 AM,Hotel Occupancy Tax and Sponsorship Committee,1,2020-06-11,2020-06-11,Create/reuse distinct named public-body feed,denton-tx-hotel-occupancy-tax-and-sponsorship-committee,medium,Named public body; few surviving recordings do not make it a one-off of another body. Verify identity and aliases before creation.,63180,"Hotel Occupancy Tax and Sponsorship Committee on 2020-06-11 10:00 AM – Jun 11, 2020",https://dentontx.new.swagit.com/videos/63180
40c0065b51cb,denton-tx,3b7588310856,B,Hotel Occupancy Tax and Sponsorship Committee on 2020-05-14 1:00 PM,Hotel Occupancy Tax and Sponsorship Committee,1,2020-05-14,2020-05-14,Create/reuse distinct named public-body feed,denton-tx-hotel-occupancy-tax-and-sponsorship-committee,medium,Named public body; few surviving recordings do not make it a one-off of another body. Verify identity and aliases before creation.,61868,"Hotel Occupancy Tax and Sponsorship Committee on 2020-05-14 1:00 PM – May 14, 2020",https://dentontx.new.swagit.com/videos/61868
fefb19ff1040,denton-tx,3b7588310856,B,Hotel Occupancy Tax Committee on 2018-09-27 10:00 AM,Hotel Occupancy Tax Committee,1,2018-09-27,2018-09-27,Create/reuse distinct named public-body feed,denton-tx-hotel-occupancy-tax-committee,medium,Named public body; few surviving recordings do not make it a one-off of another body. Verify identity and aliases before creation.,19850,"Hotel Occupancy Tax Committee on 2018-09-27 10:00 AM – Sep 27, 2018",https://dentontx.new.swagit.com/videos/19850
78c88cb0bee2,denton-tx,3b7588310856,B,Hotel Occupancy Tax Committee on 2018-06-21 9:00 AM,Hotel Occupancy Tax Committee,1,2018-06-21,2018-06-21,Create/reuse distinct named public-body feed,denton-tx-hotel-occupancy-tax-committee,medium,Named public body; few surviving recordings do not make it a one-off of another body. Verify identity and aliases before creation.,13744,"Hotel Occupancy Tax Committee on 2018-06-21 9:00 AM – Jun 21, 2018",https://dentontx.new.swagit.com/videos/13744
e2a2b237a57a,denton-tx,3b7588310856,B,Hotel Occupancy Tax Committee on 2017-08-22 9:30 AM,Hotel Occupancy Tax Committee,1,2017-08-22,2017-08-22,Create/reuse distinct named public-body feed,denton-tx-hotel-occupancy-tax-committee,medium,Named public body; few surviving recordings do not make it a one-off of another body. Verify identity and aliases before creation.,13743,"Hotel Occupancy Tax Committee on 2017-08-22 9:30 AM – Aug 22, 2017",https://dentontx.new.swagit.com/videos/13743
c53eaf38b48a,denton-tx,3b7588310856,B,Hotel Occupancy Tax Committee on 2017-07-21 9:00 AM,Hotel Occupancy Tax Committee,1,2017-07-21,2017-07-21,Create/reuse distinct named public-body feed,denton-tx-hotel-occupancy-tax-committee,medium,Named public body; few surviving recordings do not make it a one-off of another body. Verify identity and aliases before creation.,13742,"Hotel Occupancy Tax Committee on 2017-07-21 9:00 AM – Jul 21, 2017",https://dentontx.new.swagit.com/videos/13742
8e48ded373d7,denton-tx,3b7588310856,B,Hotel Occupancy Tax Committee on 2017-04-20 10:00 AM,Hotel Occupancy Tax Committee,1,2017-04-20,2017-04-20,Create/reuse distinct named public-body feed,denton-tx-hotel-occupancy-tax-committee,medium,Named public body; few surviving recordings do not make it a one-off of another body. Verify identity and aliases before creation.,13741,"Hotel Occupancy Tax Committee on 2017-04-20 10:00 AM – Apr 20, 2017",https://dentontx.new.swagit.com/videos/13741
8b6bdb31be34,denton-tx,3b7588310856,B,Hotel Occupancy Tax Committee on 2016-05-03 10:00 AM,Hotel Occupancy Tax Committee,1,2016-05-03,2016-05-03,Create/reuse distinct named public-body feed,denton-tx-hotel-occupancy-tax-committee,medium,Named public body; few surviving recordings do not make it a one-off of another body. Verify identity and aliases before creation.,13740,"Hotel Occupancy Tax Committee on 2016-05-03 10:00 AM – May 03, 2016",https://dentontx.new.swagit.com/videos/13740
2a69e21f4dec,denton-tx,3b7588310856,B,Development Code Review Committee on 2021-05-05 11:00 AM,Development Code Review Committee,1,2021-05-05,2021-05-05,Create/reuse distinct named public-body feed,denton-tx-development-code-review-committee,medium,Named public body; few surviving recordings do not make it a one-off of another body. Verify identity and aliases before creation.,120406,"Development Code Review Committee on 2021-05-05 11:00 AM – May 05, 2021",https://dentontx.new.swagit.com/videos/120406
df49638452fa,denton-tx,3b7588310856,B,Development Code Review Committee on 2021-04-28 12:00 PM,Development Code Review Committee,1,2021-04-28,2021-04-28,Create/reuse distinct named public-body feed,denton-tx-development-code-review-committee,medium,Named public body; few surviving recordings do not make it a one-off of another body. Verify identity and aliases before creation.,120135,"Development Code Review Committee on 2021-04-28 12:00 PM – Apr 28, 2021",https://dentontx.new.swagit.com/videos/120135
6eff09bf8260,denton-tx,3b7588310856,B,Development Code Review Committee on 2021-04-14 12:30 PM,Development Code Review Committee,1,2021-04-14,2021-04-14,Create/reuse distinct named public-body feed,denton-tx-development-code-review-committee,medium,Named public body; few surviving recordings do not make it a one-off of another body. Verify identity and aliases before creation.,118625,"Development Code Review Committee on 2021-04-14 12:30 PM – Apr 14, 2021",https://dentontx.new.swagit.com/videos/118625
531b6c7c9df8,denton-tx,3b7588310856,B,Development Code Review Committee on 2021-01-14 4:00 PM (SPECIAL CALLED MEETING),Development Code Review Committee,1,2021-01-14,2021-01-14,Create/reuse distinct named public-body feed,denton-tx-development-code-review-committee,medium,Named public body; few surviving recordings do not make it a one-off of another body. Verify identity and aliases before creation.,111626,"Development Code Review Committee on 2021-01-14 4:00 PM (SPECIAL CALLED MEETING) – Jan 14, 2021",https://dentontx.new.swagit.com/videos/111626
57d7826ac6c9,denton-tx,3b7588310856,B,Development Code Review Committee on 2020-11-18 1:00 PM,Development Code Review Committee,1,2020-11-18,2020-11-18,Create/reuse distinct named public-body feed,denton-tx-development-code-review-committee,medium,Named public body; few surviving recordings do not make it a one-off of another body. Verify identity and aliases before creation.,107326,"Development Code Review Committee on 2020-11-18 1:00 PM – Nov 18, 2020",https://dentontx.new.swagit.com/videos/107326
37442449781e,denton-tx,3b7588310856,B,Development Code Review Committee on 2020-11-11 1:00 PM,Development Code Review Committee,1,2020-11-11,2020-11-11,Create/reuse distinct named public-body feed,denton-tx-development-code-review-committee,medium,Named public body; few surviving recordings do not make it a one-off of another body. Verify identity and aliases before creation.,95385,"Development Code Review Committee on 2020-11-11 1:00 PM – Nov 11, 2020",https://dentontx.new.swagit.com/videos/95385
6e2f1655a090,denton-tx,3b7588310856,B,Development Code Review Committee on 2020-11-04 1:00 PM,Development Code Review Committee,1,2020-11-04,2020-11-04,Create/reuse distinct named public-body feed,denton-tx-development-code-review-committee,medium,Named public body; few surviving recordings do not make it a one-off of another body. Verify identity and aliases before creation.,89709,"Development Code Review Committee on 2020-11-04 1:00 PM – Nov 04, 2020",https://dentontx.new.swagit.com/videos/89709
c2611b3f8aac,denton-tx,3b7588310856,B,Development Code Review Committee on 2020-10-19 11:00 AM,Development Code Review Committee,1,2020-10-19,2020-10-19,Create/reuse distinct named public-body feed,denton-tx-development-code-review-committee,medium,Named public body; few surviving recordings do not make it a one-off of another body. Verify identity and aliases before creation.,87301,"Development Code Review Committee on 2020-10-19 11:00 AM – Oct 19, 2020",https://dentontx.new.swagit.com/videos/87301
0d14e341f15e,denton-tx,3b7588310856,B,Development Code Review Committee on 2018-10-26 11:00 AM,Development Code Review Committee,1,2018-10-26,2018-10-26,Create/reuse distinct named public-body feed,denton-tx-development-code-review-committee,medium,Named public body; few surviving recordings do not make it a one-off of another body. Verify identity and aliases before creation.,19847,"Development Code Review Committee on 2018-10-26 11:00 AM – Oct 26, 2018",https://dentontx.new.swagit.com/videos/19847
8c6d2450f0dc,denton-tx,3b7588310856,B,Development Code Review Committee on 2018-10-19 11:00 AM,Development Code Review Committee,1,2018-10-19,2018-10-19,Create/reuse distinct named public-body feed,denton-tx-development-code-review-committee,medium,Named public body; few surviving recordings do not make it a one-off of another body. Verify identity and aliases before creation.,19846,"Development Code Review Committee on 2018-10-19 11:00 AM – Oct 19, 2018",https://dentontx.new.swagit.com/videos/19846
1fc84da8fc6a,denton-tx,3b7588310856,B,Development Code Review Committee on 2018-09-28 9:00 AM,Development Code Review Committee,1,2018-09-28,2018-09-28,Create/reuse distinct named public-body feed,denton-tx-development-code-review-committee,medium,Named public body; few surviving recordings do not make it a one-off of another body. Verify identity and aliases before creation.,19845,"Development Code Review Committee on 2018-09-28 9:00 AM – Sep 28, 2018",https://dentontx.new.swagit.com/videos/19845
77c9596f5cf6,denton-tx,3b7588310856,B,Development Code Review Committee on 2018-08-24 11:00 AM,Development Code Review Committee,1,2018-08-24,2018-08-24,Create/reuse distinct named public-body feed,denton-tx-development-code-review-committee,medium,Named public body; few surviving recordings do not make it a one-off of another body. Verify identity and aliases before creation.,13687,"Development Code Review Committee on 2018-08-24 11:00 AM – Aug 24, 2018",https://dentontx.new.swagit.com/videos/13687
14f2f127c33d,denton-tx,3b7588310856,B,Development Code Review Committee on 2018-08-10 11:00 AM,Development Code Review Committee,1,2018-08-10,2018-08-10,Create/reuse distinct named public-body feed,denton-tx-development-code-review-committee,medium,Named public body; few surviving recordings do not make it a one-off of another body. Verify identity and aliases before creation.,13686,"Development Code Review Committee on 2018-08-10 11:00 AM – Aug 10, 2018",https://dentontx.new.swagit.com/videos/13686
e89f45ad6e87,denton-tx,3b7588310856,B,Development Code Review Committee on 2018-07-20 11:00 AM,Development Code Review Committee,1,2018-07-20,2018-07-20,Create/reuse distinct named public-body feed,denton-tx-development-code-review-committee,medium,Named public body; few surviving recordings do not make it a one-off of another body. Verify identity and aliases before creation.,13685,"Development Code Review Committee on 2018-07-20 11:00 AM – Jul 20, 2018",https://dentontx.new.swagit.com/videos/13685
6fad924f5fb9,denton-tx,3b7588310856,B,Development Code Review Committee on 2018-07-13 11:00 AM,Development Code Review Committee,1,2018-07-13,2018-07-13,Create/reuse distinct named public-body feed,denton-tx-development-code-review-committee,medium,Named public body; few surviving recordings do not make it a one-off of another body. Verify identity and aliases before creation.,13684,"Development Code Review Committee on 2018-07-13 11:00 AM – Jul 13, 2018",https://dentontx.new.swagit.com/videos/13684
9e662fa155ff,denton-tx,3b7588310856,B,Development Code Review Committee on 2018-07-06 11:00 AM,Development Code Review Committee,1,2018-07-06,2018-07-06,Create/reuse distinct named public-body feed,denton-tx-development-code-review-committee,medium,Named public body; few surviving recordings do not make it a one-off of another body. Verify identity and aliases before creation.,13683,"Development Code Review Committee on 2018-07-06 11:00 AM – Jul 06, 2018",https://dentontx.new.swagit.com/videos/13683
f991a8d99234,denton-tx,3b7588310856,B,Development Code Review Committee on 2018-06-29 11:00 AM,Development Code Review Committee,1,2018-06-29,2018-06-29,Create/reuse distinct named public-body feed,denton-tx-development-code-review-committee,medium,Named public body; few surviving recordings do not make it a one-off of another body. Verify identity and aliases before creation.,13682,"Development Code Review Committee on 2018-06-29 11:00 AM – Jun 29, 2018",https://dentontx.new.swagit.com/videos/13682
24af6a49fab3,denton-tx,3b7588310856,B,Development Code Review Committee on 2018-06-22 11:00 AM,Development Code Review Committee,1,2018-06-22,2018-06-22,Create/reuse distinct named public-body feed,denton-tx-development-code-review-committee,medium,Named public body; few surviving recordings do not make it a one-off of another body. Verify identity and aliases before creation.,13681,"Development Code Review Committee on 2018-06-22 11:00 AM – Jun 22, 2018",https://dentontx.new.swagit.com/videos/13681
d6bd75f001dd,denton-tx,3b7588310856,G,Development Code Review Committee on 2018-06-08 11:00 AM - Cancelled,Development Code Review Committee,1,2018-06-08,2018-06-08,Investigate,,low,May be a notice or canceled meeting; inspect whether playable public proceedings exist.,13680,"Development Code Review Committee on 2018-06-08 11:00 AM - Cancelled – Jun 08, 2018",https://dentontx.new.swagit.com/videos/13680
82878aaf72c7,denton-tx,3b7588310856,B,Development Code Review Committee on 2018-05-24 12:00 PM,Development Code Review Committee,1,2018-05-24,2018-05-24,Create/reuse distinct named public-body feed,denton-tx-development-code-review-committee,medium,Named public body; few surviving recordings do not make it a one-off of another body. Verify identity and aliases before creation.,13679,"Development Code Review Committee on 2018-05-24 12:00 PM – May 24, 2018",https://dentontx.new.swagit.com/videos/13679
a8eb119725c5,denton-tx,3b7588310856,B,Development Code Review Committee on 2018-05-11 11:00 AM,Development Code Review Committee,1,2018-05-11,2018-05-11,Create/reuse distinct named public-body feed,denton-tx-development-code-review-committee,medium,Named public body; few surviving recordings do not make it a one-off of another body. Verify identity and aliases before creation.,13678,"Development Code Review Committee on 2018-05-11 11:00 AM – May 11, 2018",https://dentontx.new.swagit.com/videos/13678
3597d488c0a9,denton-tx,3b7588310856,B,Library Board on 2021-03-11 3:30 PM,Library Board,1,2021-03-11,2021-03-11,Create/reuse distinct named public-body feed,denton-tx-library-board,medium,Named public body; few surviving recordings do not make it a one-off of another body. Verify identity and aliases before creation.,114329,"Library Board on 2021-03-11 3:30 PM – Mar 11, 2021",https://dentontx.new.swagit.com/videos/114329
42589f357d28,denton-tx,3b7588310856,B,Library Board on 2021-02-11 2:00 PM,Library Board,1,2021-02-11,2021-02-11,Create/reuse distinct named public-body feed,denton-tx-library-board,medium,Named public body; few surviving recordings do not make it a one-off of another body. Verify identity and aliases before creation.,112849,"Library Board on 2021-02-11 2:00 PM – Feb 11, 2021",https://dentontx.new.swagit.com/videos/112849
569c4bb031df,denton-tx,3b7588310856,B,Library Board on 2021-01-14 2:00 PM,Library Board,1,2021-01-14,2021-01-14,Create/reuse distinct named public-body feed,denton-tx-library-board,medium,Named public body; few surviving recordings do not make it a one-off of another body. Verify identity and aliases before creation.,111615,"Library Board on 2021-01-14 2:00 PM – Jan 14, 2021",https://dentontx.new.swagit.com/videos/111615
84ad1d84cdb3,denton-tx,3b7588310856,B,Library Board on 2020-10-07 1:00 PM,Library Board,1,2020-10-07,2020-10-07,Create/reuse distinct named public-body feed,denton-tx-library-board,medium,Named public body; few surviving recordings do not make it a one-off of another body. Verify identity and aliases before creation.,86903,"Library Board on 2020-10-07 1:00 PM – Oct 07, 2020",https://dentontx.new.swagit.com/videos/86903
ab5492fde506,denton-tx,3b7588310856,G,Library Board on 2018-08-13 5:30 PM (No quorum; meeting not held),Library Board,1,2018-08-13,2018-08-13,Investigate,,low,May be a notice or canceled meeting; inspect whether playable public proceedings exist.,13745,"Library Board on 2018-08-13 5:30 PM (No quorum; meeting not held) – Aug 13, 2018",https://dentontx.new.swagit.com/videos/13745
01e5271c1e34,denton-tx,3b7588310856,D,The League of Women Voters Candidate Forum,The League of Women Voters Candidate Forum,3,2025-04-17,2026-04-16,Community Public Input aggregate after recording verification,denton-tx-community-public-input,low,Likely public participation or project discussion; inspect recording/agenda before treating a topic-only label as a meeting.,382624,"The League of Women Voters Candidate Forum – Apr 16, 2026",https://dentontx.new.swagit.com/videos/382624
bd5f12429669,denton-tx,3b7588310856,D,Developer Town Hall,Developer Town Hall,6,2021-10-21,2025-10-22,Create/reuse Community Public Input aggregate,denton-tx-community-public-input,medium,"Project/district/date variants of public participation; combine at city level, exclude generic promotional videos.",359531,"Developer Town Hall – Oct 22, 2025",https://dentontx.new.swagit.com/videos/359531
3d150334d435,denton-tx,3b7588310856,D,Westgate Drive Reconstruction Project Phase 1,Westgate Drive Reconstruction Project Phase 1,1,2025-06-20,2025-06-20,Create/reuse Community Public Input aggregate,denton-tx-community-public-input,medium,"Project/district/date variants of public participation; combine at city level, exclude generic promotional videos.",346360,"Westgate Drive Reconstruction Project Phase 1 – Jun 20, 2025",https://dentontx.new.swagit.com/videos/346360
4924b97fe4a8,denton-tx,3b7588310856,D,Grants Management Workshop,Grants Management Workshop,1,2025-05-22,2025-05-22,Community Public Input aggregate after recording verification,denton-tx-community-public-input,low,Likely public participation or project discussion; inspect recording/agenda before treating a topic-only label as a meeting.,343733,"Grants Management Workshop – May 22, 2025",https://dentontx.new.swagit.com/videos/343733
73d105d7bed1,denton-tx,3b7588310856,D,Denton Safe Route to School,Denton Safe Route to School,1,2025-05-01,2025-05-01,Community Public Input aggregate after recording verification,denton-tx-community-public-input,low,Likely public participation or project discussion; inspect recording/agenda before treating a topic-only label as a meeting.,344685,"Denton Safe Route to School – May 01, 2025",https://dentontx.new.swagit.com/videos/344685
aec291d5aff5,denton-tx,3b7588310856,D,2019 Reconstruction Bond Program Neighborhood 1B,2019 Reconstruction Bond Program Neighborhood 1B,1,2025-04-03,2025-04-03,Create/reuse Community Public Input aggregate,denton-tx-community-public-input,medium,"Project/district/date variants of public participation; combine at city level, exclude generic promotional videos.",340573,"2019 Reconstruction Bond Program Neighborhood 1B – Apr 03, 2025",https://dentontx.new.swagit.com/videos/340573
bfab2e9870ce,denton-tx,3b7588310856,D,Special Event Permitting,Special Event Permitting,1,2025-01-30,2025-01-30,Community Public Input aggregate after recording verification,denton-tx-community-public-input,low,Likely public participation or project discussion; inspect recording/agenda before treating a topic-only label as a meeting.,327311,"Special Event Permitting – Jan 30, 2025",https://dentontx.new.swagit.com/videos/327311
4f6b45c5144c,denton-tx,3b7588310856,D,Denton Bonnie Brae Phase 6,Denton Bonnie Brae Phase 6,1,2025-01-16,2025-01-16,Community Public Input aggregate after recording verification,denton-tx-community-public-input,low,Likely public participation or project discussion; inspect recording/agenda before treating a topic-only label as a meeting.,326712,"Denton Bonnie Brae Phase 6 – Jan 16, 2025",https://dentontx.new.swagit.com/videos/326712
598f24d33d45,denton-tx,3b7588310856,D,Morse Street,Morse Street,1,2024-11-21,2024-11-21,Community Public Input aggregate after recording verification,denton-tx-community-public-input,low,Likely public participation or project discussion; inspect recording/agenda before treating a topic-only label as a meeting.,322748,"Morse Street – Nov 21, 2024",https://dentontx.new.swagit.com/videos/322748
2f246013f5ed,denton-tx,3b7588310856,D,Robinwood Reconstruction,Robinwood Reconstruction,1,2024-09-26,2024-09-26,Create/reuse Community Public Input aggregate,denton-tx-community-public-input,medium,"Project/district/date variants of public participation; combine at city level, exclude generic promotional videos.",316718,"Robinwood Reconstruction – Sep 26, 2024",https://dentontx.new.swagit.com/videos/316718
fa244a0aff2f,denton-tx,3b7588310856,D,Denton Westgate Drive Improvement Project,Denton Westgate Drive Improvement Project,1,2024-06-12,2024-06-12,Create/reuse Community Public Input aggregate,denton-tx-community-public-input,medium,"Project/district/date variants of public participation; combine at city level, exclude generic promotional videos.",309918,"Denton Westgate Drive Improvement Project – Jun 12, 2024",https://dentontx.new.swagit.com/videos/309918
ca17eb451377,denton-tx,3b7588310856,D,2019 Street Reconstruction Bond Program Neighborhood 2 & 6,2019 Street Reconstruction Bond Program Neighborhood 2 & 6,1,2024-05-30,2024-05-30,Create/reuse Community Public Input aggregate,denton-tx-community-public-input,medium,"Project/district/date variants of public participation; combine at city level, exclude generic promotional videos.",307192,"2019 Street Reconstruction Bond Program Neighborhood 2 & 6 – May 30, 2024",https://dentontx.new.swagit.com/videos/307192
1e1af810b8d6,denton-tx,3b7588310856,D,Virtual Community Meeting - Roadway Micro-surfacing,Virtual Community Meeting - Roadway Micro-surfacing,2,2022-11-03,2024-05-24,Create/reuse Community Public Input aggregate,denton-tx-community-public-input,medium,"Project/district/date variants of public participation; combine at city level, exclude generic promotional videos.",306313,"Virtual Community Meeting - Roadway Micro-surfacing – May 24, 2024",https://dentontx.new.swagit.com/videos/306313
2a72991659d3,denton-tx,3b7588310856,D,Avondale Park Streambank Restoration,Avondale Park Streambank Restoration,1,2024-04-25,2024-04-25,Community Public Input aggregate after recording verification,denton-tx-community-public-input,low,Likely public participation or project discussion; inspect recording/agenda before treating a topic-only label as a meeting.,306062,"Avondale Park Streambank Restoration – Apr 25, 2024",https://dentontx.new.swagit.com/videos/306062
7db2a9faac9c,denton-tx,3b7588310856,D,League of Women Voters Candidate Forum,League of Women Voters Candidate Forum,4,2018-04-18,2024-04-04,Community Public Input aggregate after recording verification,denton-tx-community-public-input,low,Likely public participation or project discussion; inspect recording/agenda before treating a topic-only label as a meeting.,301875,"League of Women Voters Candidate Forum – Apr 04, 2024",https://dentontx.new.swagit.com/videos/301875
d74741bb54a0,denton-tx,3b7588310856,D,Virtual Community Meeting - Parks and Trails Naming,Virtual Community Meeting - Parks and Trails Naming,1,2022-06-01,2022-06-01,Create/reuse Community Public Input aggregate,denton-tx-community-public-input,medium,"Project/district/date variants of public participation; combine at city level, exclude generic promotional videos.",175349,"Virtual Community Meeting - Parks and Trails Naming – Jun 01, 2022",https://dentontx.new.swagit.com/videos/175349
bb8193a09b72,denton-tx,3b7588310856,D,Virtual Community Meeting - North Tx Blvd Widening,Virtual Community Meeting - North Tx Blvd Widening,1,2022-03-24,2022-03-24,Create/reuse Community Public Input aggregate,denton-tx-community-public-input,medium,"Project/district/date variants of public participation; combine at city level, exclude generic promotional videos.",157514,"Virtual Community Meeting - North Tx Blvd Widening – Mar 24, 2022",https://dentontx.new.swagit.com/videos/157514
b2254b9ef225,denton-tx,3b7588310856,D,Denton Virtual Community Meeting - Windsor Sewer Capacity Upgrade,Denton Virtual Community Meeting - Windsor Sewer Capacity Upgrade,1,2022-03-17,2022-03-17,Create/reuse Community Public Input aggregate,denton-tx-community-public-input,medium,"Project/district/date variants of public participation; combine at city level, exclude generic promotional videos.",157507,"Denton Virtual Community Meeting - Windsor Sewer Capacity Upgrade – Mar 17, 2022",https://dentontx.new.swagit.com/videos/157507
635b7ff00d5c,denton-tx,3b7588310856,D,Denton Virtual Community Meeting - 2020 Street Bundle Sector III Construction Kickoff,Denton Virtual Community Meeting - 2020 Street Bundle Sector III Construction Kickoff,1,2022-02-24,2022-02-24,Create/reuse Community Public Input aggregate,denton-tx-community-public-input,medium,"Project/district/date variants of public participation; combine at city level, exclude generic promotional videos.",157489,"Denton Virtual Community Meeting - 2020 Street Bundle Sector III Construction Kickoff – Feb 24, 2022",https://dentontx.new.swagit.com/videos/157489
dbcf01643984,denton-tx,3b7588310856,D,Denton Virtual Community Meeting - 2020 Street Bundle Sector I Construction Kickoff,Denton Virtual Community Meeting - 2020 Street Bundle Sector I Construction Kickoff,1,2022-02-10,2022-02-10,Create/reuse Community Public Input aggregate,denton-tx-community-public-input,medium,"Project/district/date variants of public participation; combine at city level, exclude generic promotional videos.",154849,"Denton Virtual Community Meeting - 2020 Street Bundle Sector I Construction Kickoff – Feb 10, 2022",https://dentontx.new.swagit.com/videos/154849
343fe579bb13,denton-tx,3b7588310856,D,Denton Virtual Community Meeting -  Water Metering and Billing Overview,Denton Virtual Community Meeting -  Water Metering and Billing Overview,1,2021-12-16,2021-12-16,Create/reuse Community Public Input aggregate,denton-tx-community-public-input,medium,"Project/district/date variants of public participation; combine at city level, exclude generic promotional videos.",150795,"Denton Virtual Community Meeting -  Water Metering and Billing Overview – Dec 16, 2021",https://dentontx.new.swagit.com/videos/150795
987768868c01,denton-tx,3b7588310856,D,Virtual Community Meeting - ParksRec,Virtual Community Meeting - ParksRec,1,2021-11-18,2021-11-18,Create/reuse Community Public Input aggregate,denton-tx-community-public-input,medium,"Project/district/date variants of public participation; combine at city level, exclude generic promotional videos.",148874,"Virtual Community Meeting - ParksRec – Nov 18, 2021",https://dentontx.new.swagit.com/videos/148874
d118b7ba0871,denton-tx,3b7588310856,D,Virtual Community Meeting - Downtown Denton Community Update,Virtual Community Meeting - Downtown Denton Community Update,2,2021-06-17,2021-10-14,Create/reuse Community Public Input aggregate,denton-tx-community-public-input,medium,"Project/district/date variants of public participation; combine at city level, exclude generic promotional videos.",141780,"Virtual Community Meeting - Downtown Denton Community Update – Oct 14, 2021",https://dentontx.new.swagit.com/videos/141780
e61a80c884fa,denton-tx,3b7588310856,D,Virtual Community Meeting - Windsor Sewer Capacity Upgrade,Virtual Community Meeting - Windsor Sewer Capacity Upgrade,1,2021-10-07,2021-10-07,Create/reuse Community Public Input aggregate,denton-tx-community-public-input,medium,"Project/district/date variants of public participation; combine at city level, exclude generic promotional videos.",141757,"Virtual Community Meeting - Windsor Sewer Capacity Upgrade – Oct 07, 2021",https://dentontx.new.swagit.com/videos/141757
05f285ece1ab,denton-tx,3b7588310856,D,Virtual Community Meeting - Naming Requests,Virtual Community Meeting - Naming Requests,4,2021-05-26,2021-09-29,Create/reuse Community Public Input aggregate,denton-tx-community-public-input,medium,"Project/district/date variants of public participation; combine at city level, exclude generic promotional videos.",141009,"Virtual Community Meeting - Naming Requests – Sep 29, 2021",https://dentontx.new.swagit.com/videos/141009
7788431f4e42,denton-tx,3b7588310856,D,Virtual Community Meeting - LOFT CIP,Virtual Community Meeting - LOFT CIP,2,2021-07-20,2021-09-09,Create/reuse Community Public Input aggregate,denton-tx-community-public-input,medium,"Project/district/date variants of public participation; combine at city level, exclude generic promotional videos.",136794,"Virtual Community Meeting - LOFT CIP – Sep 09, 2021",https://dentontx.new.swagit.com/videos/136794
f9b28f2cb8d0,denton-tx,3b7588310856,D,Virtual Community Meeting - Recycle Right,Virtual Community Meeting - Recycle Right,1,2021-08-12,2021-08-12,Create/reuse Community Public Input aggregate,denton-tx-community-public-input,medium,"Project/district/date variants of public participation; combine at city level, exclude generic promotional videos.",136061,"Virtual Community Meeting - Recycle Right – Aug 12, 2021",https://dentontx.new.swagit.com/videos/136061
d59c04eed60e,denton-tx,3b7588310856,D,Virtual Community Meeting - Hickory Creek,Virtual Community Meeting - Hickory Creek,1,2021-07-08,2021-07-08,Create/reuse Community Public Input aggregate,denton-tx-community-public-input,medium,"Project/district/date variants of public participation; combine at city level, exclude generic promotional videos.",128770,"Virtual Community Meeting - Hickory Creek – Jul 08, 2021",https://dentontx.new.swagit.com/videos/128770
3d4864a975b5,denton-tx,3b7588310856,D,Virtual Community Meeting - Northwest Booster Pump Station,Virtual Community Meeting - Northwest Booster Pump Station,1,2021-07-01,2021-07-01,Create/reuse Community Public Input aggregate,denton-tx-community-public-input,medium,"Project/district/date variants of public participation; combine at city level, exclude generic promotional videos.",128762,"Virtual Community Meeting - Northwest Booster Pump Station – Jul 01, 2021",https://dentontx.new.swagit.com/videos/128762
669a71fe9fcf,denton-tx,3b7588310856,D,Virtual Community Meeting - Hardaway Road Water Connection,Virtual Community Meeting - Hardaway Road Water Connection,2,2021-05-06,2021-06-24,Create/reuse Community Public Input aggregate,denton-tx-community-public-input,medium,"Project/district/date variants of public participation; combine at city level, exclude generic promotional videos.",123553,"Virtual Community Meeting - Hardaway Road Water Connection – Jun 24, 2021",https://dentontx.new.swagit.com/videos/123553
ab0d73f0bdc5,denton-tx,3b7588310856,D,Virtual Community Meeting - Jim Christal Road Rezoning,Virtual Community Meeting - Jim Christal Road Rezoning,1,2021-06-06,2021-06-06,Create/reuse Community Public Input aggregate,denton-tx-community-public-input,medium,"Project/district/date variants of public participation; combine at city level, exclude generic promotional videos.",123087,"Virtual Community Meeting - Jim Christal Road Rezoning – Jun 06, 2021",https://dentontx.new.swagit.com/videos/123087
4990eb35902e,denton-tx,3b7588310856,D,Virtual Community Meeting - DPD Community Conversation,Virtual Community Meeting - DPD Community Conversation,1,2021-05-27,2021-05-27,Create/reuse Community Public Input aggregate,denton-tx-community-public-input,medium,"Project/district/date variants of public participation; combine at city level, exclude generic promotional videos.",122415,"Virtual Community Meeting - DPD Community Conversation – May 27, 2021",https://dentontx.new.swagit.com/videos/122415
7c3701fc0d4f,denton-tx,3b7588310856,D,Virtual Community Meeting - Industrial Street Park,Virtual Community Meeting - Industrial Street Park,1,2021-05-20,2021-05-20,Create/reuse Community Public Input aggregate,denton-tx-community-public-input,medium,"Project/district/date variants of public participation; combine at city level, exclude generic promotional videos.",121998,"Virtual Community Meeting - Industrial Street Park – May 20, 2021",https://dentontx.new.swagit.com/videos/121998
317b781eb1de,denton-tx,3b7588310856,D,Virtual Community Meeting – Westgate Improvements,Virtual Community Meeting – Westgate Improvements,1,2021-05-20,2021-05-20,Create/reuse Community Public Input aggregate,denton-tx-community-public-input,medium,"Project/district/date variants of public participation; combine at city level, exclude generic promotional videos.",121995,"Virtual Community Meeting – Westgate Improvements – May 20, 2021",https://dentontx.new.swagit.com/videos/121995
9e33a6bab83e,denton-tx,3b7588310856,D,Virtual Community Meeting - Denton Street Rehab May 2021,Virtual Community Meeting - Denton Street Rehab,1,2021-04-29,2021-04-29,Create/reuse Community Public Input aggregate,denton-tx-community-public-input,medium,"Project/district/date variants of public participation; combine at city level, exclude generic promotional videos.",120428,"Virtual Community Meeting - Denton Street Rehab May 2021 – Apr 29, 2021",https://dentontx.new.swagit.com/videos/120428
d01412077b82,denton-tx,3b7588310856,D,Virtual Community Meeting - All Way Crosswalk 6pm,Virtual Community Meeting - All Way Crosswalk 6pm,1,2021-04-22,2021-04-22,Create/reuse Community Public Input aggregate,denton-tx-community-public-input,medium,"Project/district/date variants of public participation; combine at city level, exclude generic promotional videos.",120062,"Virtual Community Meeting - All Way Crosswalk 6pm – Apr 22, 2021",https://dentontx.new.swagit.com/videos/120062
009e0ee5e35c,denton-tx,3b7588310856,D,Virtual Community Meeting - All Way Crosswalk 11am,Virtual Community Meeting - All Way Crosswalk 11am,1,2021-04-22,2021-04-22,Create/reuse Community Public Input aggregate,denton-tx-community-public-input,medium,"Project/district/date variants of public participation; combine at city level, exclude generic promotional videos.",120060,"Virtual Community Meeting - All Way Crosswalk 11am – Apr 22, 2021",https://dentontx.new.swagit.com/videos/120060
3481710eab4a,denton-tx,3b7588310856,D,Virtual Community Meeting - Oak Hickory Driveway Ownership,Virtual Community Meeting - Oak Hickory Driveway Ownership,1,2021-04-21,2021-04-21,Create/reuse Community Public Input aggregate,denton-tx-community-public-input,medium,"Project/district/date variants of public participation; combine at city level, exclude generic promotional videos.",120427,"Virtual Community Meeting - Oak Hickory Driveway Ownership – Apr 21, 2021",https://dentontx.new.swagit.com/videos/120427
e2d8b40b7353,denton-tx,3b7588310856,D,Virtual Community Meeting - 2020 Street Reconstruction Bundle,Virtual Community Meeting - 2020 Street Reconstruction Bundle,1,2021-04-15,2021-04-15,Create/reuse Community Public Input aggregate,denton-tx-community-public-input,medium,"Project/district/date variants of public participation; combine at city level, exclude generic promotional videos.",118772,"Virtual Community Meeting - 2020 Street Reconstruction Bundle – Apr 15, 2021",https://dentontx.new.swagit.com/videos/118772
85dffb570542,denton-tx,3b7588310856,D,Virtual Community Meeting - Bowling Green Park,Virtual Community Meeting - Bowling Green Park,1,2021-04-08,2021-04-08,Create/reuse Community Public Input aggregate,denton-tx-community-public-input,medium,"Project/district/date variants of public participation; combine at city level, exclude generic promotional videos.",118771,"Virtual Community Meeting - Bowling Green Park – Apr 08, 2021",https://dentontx.new.swagit.com/videos/118771
89c28e7dc1fb,denton-tx,3b7588310856,D,Virtual Community Meeting - Intersection Improvement Project,Virtual Community Meeting - Intersection Improvement Project,1,2021-04-08,2021-04-08,Create/reuse Community Public Input aggregate,denton-tx-community-public-input,medium,"Project/district/date variants of public participation; combine at city level, exclude generic promotional videos.",118652,"Virtual Community Meeting - Intersection Improvement Project – Apr 08, 2021",https://dentontx.new.swagit.com/videos/118652
ddd0e8dc68e3,denton-tx,3b7588310856,D,Virtual Community Meeting - Villages at Carmel Property,Virtual Community Meeting - Villages at Carmel Property,1,2021-04-08,2021-04-08,Create/reuse Community Public Input aggregate,denton-tx-community-public-input,medium,"Project/district/date variants of public participation; combine at city level, exclude generic promotional videos.",118701,"Virtual Community Meeting - Villages at Carmel Property – Apr 08, 2021",https://dentontx.new.swagit.com/videos/118701
e005a7f76dd0,denton-tx,3b7588310856,D,Virtual Community Meeting - Southwest Parks Master Plan,Virtual Community Meeting - Southwest Parks Master Plan,1,2021-04-01,2021-04-01,Create/reuse Community Public Input aggregate,denton-tx-community-public-input,medium,"Project/district/date variants of public participation; combine at city level, exclude generic promotional videos.",118317,"Virtual Community Meeting - Southwest Parks Master Plan – Apr 01, 2021",https://dentontx.new.swagit.com/videos/118317
e11097ba3046,denton-tx,3b7588310856,D,Virtual Community Meeting - Early Start Street Reconstruction,Virtual Community Meeting - Early Start Street Reconstruction,1,2021-03-18,2021-03-18,Create/reuse Community Public Input aggregate,denton-tx-community-public-input,medium,"Project/district/date variants of public participation; combine at city level, exclude generic promotional videos.",116747,"Virtual Community Meeting - Early Start Street Reconstruction – Mar 18, 2021",https://dentontx.new.swagit.com/videos/116747
2ba0f2aa980c,denton-tx,3b7588310856,D,Virtual Community Meeting - Parks Master Plan,Virtual Community Meeting - Parks Master Plan,1,2021-03-18,2021-03-18,Create/reuse Community Public Input aggregate,denton-tx-community-public-input,medium,"Project/district/date variants of public participation; combine at city level, exclude generic promotional videos.",116631,"Virtual Community Meeting - Parks Master Plan – Mar 18, 2021",https://dentontx.new.swagit.com/videos/116631
9410fa91da49,denton-tx,3b7588310856,D,Virtual Community Meeting - Country Lakes North Planned Development Amendment,Virtual Community Meeting - Country Lakes North Planned Development Amendment,1,2021-03-11,2021-03-11,Create/reuse Community Public Input aggregate,denton-tx-community-public-input,medium,"Project/district/date variants of public participation; combine at city level, exclude generic promotional videos.",114376,"Virtual Community Meeting - Country Lakes North Planned Development Amendment – Mar 11, 2021",https://dentontx.new.swagit.com/videos/114376
36cd99178da8,denton-tx,3b7588310856,D,Virtual Community Meeting - Community Needs Workshop,Virtual Community Meeting - Community Needs Workshop,1,2021-03-10,2021-03-10,Create/reuse Community Public Input aggregate,denton-tx-community-public-input,medium,"Project/district/date variants of public participation; combine at city level, exclude generic promotional videos.",114323,"Virtual Community Meeting - Community Needs Workshop – Mar 10, 2021",https://dentontx.new.swagit.com/videos/114323
2b39acfbf573,denton-tx,3b7588310856,D,Virtual Community Meeting - 2019 Street Rehabilitation Program Phase 3,Virtual Community Meeting - 2019 Street Rehabilitation Program Phase 3,1,2021-03-04,2021-03-04,Create/reuse Community Public Input aggregate,denton-tx-community-public-input,medium,"Project/district/date variants of public participation; combine at city level, exclude generic promotional videos.",114243,"Virtual Community Meeting - 2019 Street Rehabilitation Program Phase 3 – Mar 04, 2021",https://dentontx.new.swagit.com/videos/114243
788d8cfd19b7,denton-tx,3b7588310856,E,City of Denton Update,City of Denton Update,1,2021-02-18,2021-02-18,Public Briefings aggregate after recording verification,denton-tx-public-briefings,low,Likely official briefing/report; verify public proceedings rather than a standalone informational video.,113092,"City of Denton Update – Feb 18, 2021",https://dentontx.new.swagit.com/videos/113092
093105ca266b,denton-tx,3b7588310856,D,Virtual Community Meeting - Bonnie Brae Ph 3,Virtual Community Meeting - Bonnie Brae Ph 3,1,2021-01-14,2021-01-14,Create/reuse Community Public Input aggregate,denton-tx-community-public-input,medium,"Project/district/date variants of public participation; combine at city level, exclude generic promotional videos.",112003,"Virtual Community Meeting - Bonnie Brae Ph 3 – Jan 14, 2021",https://dentontx.new.swagit.com/videos/112003
4474904206b4,denton-tx,3b7588310856,D,Virtual Community Meeting - Bonnie Brae Ph 6,Virtual Community Meeting - Bonnie Brae Ph 6,1,2020-12-10,2020-12-10,Create/reuse Community Public Input aggregate,denton-tx-community-public-input,medium,"Project/district/date variants of public participation; combine at city level, exclude generic promotional videos.",108166,"Virtual Community Meeting - Bonnie Brae Ph 6 – Dec 10, 2020",https://dentontx.new.swagit.com/videos/108166
cd0d55f815b5,denton-tx,3b7588310856,D,Virtual Community Meeting - Hardaway Road,Virtual Community Meeting - Hardaway Road,1,2020-12-09,2020-12-09,Create/reuse Community Public Input aggregate,denton-tx-community-public-input,medium,"Project/district/date variants of public participation; combine at city level, exclude generic promotional videos.",108165,"Virtual Community Meeting - Hardaway Road – Dec 09, 2020",https://dentontx.new.swagit.com/videos/108165
1e529c902394,denton-tx,3b7588310856,D,Denton Virtual Community Meeting - Bonnie Brae Phase 3,Denton Virtual Community Meeting - Bonnie Brae Phase 3,1,2020-12-03,2020-12-03,Create/reuse Community Public Input aggregate,denton-tx-community-public-input,medium,"Project/district/date variants of public participation; combine at city level, exclude generic promotional videos.",107883,"Denton Virtual Community Meeting - Bonnie Brae Phase 3 – Dec 03, 2020",https://dentontx.new.swagit.com/videos/107883
b3806bf769a7,denton-tx,3b7588310856,D,Denton Virtual Community Meeting - Southwest Park Master Plan Community Meeting,Denton Virtual Community Meeting - Southwest Park Master Plan Community Meeting,1,2020-11-19,2020-11-19,Create/reuse Community Public Input aggregate,denton-tx-community-public-input,medium,"Project/district/date variants of public participation; combine at city level, exclude generic promotional videos.",107557,"Denton Virtual Community Meeting - Southwest Park Master Plan Community Meeting – Nov 19, 2020",https://dentontx.new.swagit.com/videos/107557
64d032449d70,denton-tx,3b7588310856,D,Denton Virtual Community Meeting - Developer Town Hall,Denton Virtual Community Meeting - Developer Town Hall,1,2020-11-11,2020-11-11,Create/reuse Community Public Input aggregate,denton-tx-community-public-input,medium,"Project/district/date variants of public participation; combine at city level, exclude generic promotional videos.",101881,"Denton Virtual Community Meeting - Developer Town Hall – Nov 11, 2020",https://dentontx.new.swagit.com/videos/101881
3863e74fbfe6,denton-tx,3b7588310856,D,Virtual Community Meeting - North Denton Neighborhood Association,Virtual Community Meeting - North Denton Neighborhood Association,1,2020-10-29,2020-10-29,Create/reuse Community Public Input aggregate,denton-tx-community-public-input,medium,"Project/district/date variants of public participation; combine at city level, exclude generic promotional videos.",89938,"Virtual Community Meeting - North Denton Neighborhood Association – Oct 29, 2020",https://dentontx.new.swagit.com/videos/89938
b10be01fd3d5,denton-tx,3b7588310856,D,Virtual Community Meeting - McKinney Street Water Main Breaks,Virtual Community Meeting - McKinney Street Water Main Breaks,1,2020-10-28,2020-10-28,Create/reuse Community Public Input aggregate,denton-tx-community-public-input,medium,"Project/district/date variants of public participation; combine at city level, exclude generic promotional videos.",89937,"Virtual Community Meeting - McKinney Street Water Main Breaks – Oct 28, 2020",https://dentontx.new.swagit.com/videos/89937
603a8e1f6abe,denton-tx,3b7588310856,D,Virtual Community Meeting - Denton Police Department Community Conversation,Virtual Community Meeting - Denton Police Department Community Conversation,1,2020-10-23,2020-10-23,Create/reuse Community Public Input aggregate,denton-tx-community-public-input,medium,"Project/district/date variants of public participation; combine at city level, exclude generic promotional videos.",87637,"Virtual Community Meeting - Denton Police Department Community Conversation – Oct 23, 2020",https://dentontx.new.swagit.com/videos/87637
01d89d43b1e6,denton-tx,3b7588310856,D,Virtual Community Meeting - Farris Road Sewer Project,Virtual Community Meeting - Farris Road Sewer Project,1,2020-10-22,2020-10-22,Create/reuse Community Public Input aggregate,denton-tx-community-public-input,medium,"Project/district/date variants of public participation; combine at city level, exclude generic promotional videos.",87636,"Virtual Community Meeting - Farris Road Sewer Project – Oct 22, 2020",https://dentontx.new.swagit.com/videos/87636
55d271b8031d,denton-tx,3b7588310856,D,Virtual Community Meeting - Warschun Road Traffic Safety Improvements,Virtual Community Meeting - Warschun Road Traffic Safety Improvements,1,2020-10-21,2020-10-21,Create/reuse Community Public Input aggregate,denton-tx-community-public-input,medium,"Project/district/date variants of public participation; combine at city level, exclude generic promotional videos.",87559,"Virtual Community Meeting - Warschun Road Traffic Safety Improvements – Oct 21, 2020",https://dentontx.new.swagit.com/videos/87559
9786434415f2,denton-tx,3b7588310856,D,Virtual Community Meeting - Trails Master Plan,Virtual Community Meeting - Trails Master Plan,1,2020-10-01,2020-10-01,Create/reuse Community Public Input aggregate,denton-tx-community-public-input,medium,"Project/district/date variants of public participation; combine at city level, exclude generic promotional videos.",87260,"Virtual Community Meeting - Trails Master Plan – Oct 01, 2020",https://dentontx.new.swagit.com/videos/87260
cc5a4e208ae4,denton-tx,3b7588310856,B,Capital Improvement Advisory Committee on 2025-06-25 4:00 PM,Capital Improvement Advisory Committee,1,2025-06-25,2025-06-25,Create/reuse distinct named public-body feed,denton-tx-capital-improvement-advisory-committee,low,Named public body; few surviving recordings do not make it a one-off of another body. Verify identity and aliases before creation. Parent identity or relationship to existing bodies needs official confirmation.,346751,"Capital Improvement Advisory Committee on 2025-06-25 4:00 PM – Jun 25, 2025",https://dentontx.new.swagit.com/videos/346751
d29f367b05fe,denton-tx,3b7588310856,B,Public Art Committee on 2021-05-21 4:00 PM (SPECIAL CALLED MEETING),Public Art Committee,1,2021-05-21,2021-05-21,Create/reuse distinct named public-body feed,denton-tx-public-art-committee,medium,Named public body; few surviving recordings do not make it a one-off of another body. Verify identity and aliases before creation.,121888,"Public Art Committee on 2021-05-21 4:00 PM (SPECIAL CALLED MEETING) – May 21, 2021",https://dentontx.new.swagit.com/videos/121888
9b42080594ad,denton-tx,3b7588310856,B,Public Art Committee on 2021-04-16 4:00 PM (SPECIAL CALLED MEETING),Public Art Committee,1,2021-04-16,2021-04-16,Create/reuse distinct named public-body feed,denton-tx-public-art-committee,medium,Named public body; few surviving recordings do not make it a one-off of another body. Verify identity and aliases before creation.,118768,"Public Art Committee on 2021-04-16 4:00 PM (SPECIAL CALLED MEETING) – Apr 16, 2021",https://dentontx.new.swagit.com/videos/118768
edad92bfea45,denton-tx,3b7588310856,B,Public Art Committee on 2021-03-04 12:00 PM,Public Art Committee,1,2021-03-04,2021-03-04,Create/reuse distinct named public-body feed,denton-tx-public-art-committee,medium,Named public body; few surviving recordings do not make it a one-off of another body. Verify identity and aliases before creation.,114028,"Public Art Committee on 2021-03-04 12:00 PM – Mar 04, 2021",https://dentontx.new.swagit.com/videos/114028
cdbd695dd982,denton-tx,3b7588310856,B,Public Art Committee on 2021-01-28 12:00 PM,Public Art Committee,1,2021-01-28,2021-01-28,Create/reuse distinct named public-body feed,denton-tx-public-art-committee,medium,Named public body; few surviving recordings do not make it a one-off of another body. Verify identity and aliases before creation.,112211,"Public Art Committee on 2021-01-28 12:00 PM – Jan 28, 2021",https://dentontx.new.swagit.com/videos/112211
38a9a76964c6,denton-tx,3b7588310856,B,Public Art Committee on 2020-12-04 12:00 PM,Public Art Committee,1,2020-12-04,2020-12-04,Create/reuse distinct named public-body feed,denton-tx-public-art-committee,medium,Named public body; few surviving recordings do not make it a one-off of another body. Verify identity and aliases before creation.,107869,"Public Art Committee on 2020-12-04 12:00 PM – Dec 04, 2020",https://dentontx.new.swagit.com/videos/107869
bebcd6bb901b,denton-tx,3b7588310856,B,Public Art Committee on 2020-10-22 12:00 PM,Public Art Committee,1,2020-10-22,2020-10-22,Create/reuse distinct named public-body feed,denton-tx-public-art-committee,medium,Named public body; few surviving recordings do not make it a one-off of another body. Verify identity and aliases before creation.,87514,"Public Art Committee on 2020-10-22 12:00 PM – Oct 22, 2020",https://dentontx.new.swagit.com/videos/87514
0275f20fc17d,denton-tx,3b7588310856,B,Public Art Committee on 2020-09-04 3:00 PM,Public Art Committee,1,2020-09-04,2020-09-04,Create/reuse distinct named public-body feed,denton-tx-public-art-committee,medium,Named public body; few surviving recordings do not make it a one-off of another body. Verify identity and aliases before creation.,75390,"Public Art Committee on 2020-09-04 3:00 PM – Sep 04, 2020",https://dentontx.new.swagit.com/videos/75390
e273cd7a747b,denton-tx,3b7588310856,B,Public Art Committee on 2020-08-07 3:00 PM,Public Art Committee,1,2020-08-07,2020-08-07,Create/reuse distinct named public-body feed,denton-tx-public-art-committee,medium,Named public body; few surviving recordings do not make it a one-off of another body. Verify identity and aliases before creation.,74454,"Public Art Committee on 2020-08-07 3:00 PM – Aug 07, 2020",https://dentontx.new.swagit.com/videos/74454
d55a84eae635,denton-tx,3b7588310856,B,Public Art Committee on 2020-07-17 3:00 PM (SPECIAL CALLED MEETING),Public Art Committee,1,2020-07-17,2020-07-17,Create/reuse distinct named public-body feed,denton-tx-public-art-committee,medium,Named public body; few surviving recordings do not make it a one-off of another body. Verify identity and aliases before creation.,73781,"Public Art Committee on 2020-07-17 3:00 PM (SPECIAL CALLED MEETING) – Jul 17, 2020",https://dentontx.new.swagit.com/videos/73781
65783f46e0b0,denton-tx,3b7588310856,B,Public Art Committee on 2020-06-22 3:00 PM (SPECIAL CALLED MEETING),Public Art Committee,1,2020-06-22,2020-06-22,Create/reuse distinct named public-body feed,denton-tx-public-art-committee,medium,Named public body; few surviving recordings do not make it a one-off of another body. Verify identity and aliases before creation.,70802,"Public Art Committee on 2020-06-22 3:00 PM (SPECIAL CALLED MEETING) – Jun 22, 2020",https://dentontx.new.swagit.com/videos/70802
d2f253cdac4d,denton-tx,3b7588310856,B,Public Art Committee on 2020-06-04 1:00 PM,Public Art Committee,1,2020-06-04,2020-06-04,Create/reuse distinct named public-body feed,denton-tx-public-art-committee,medium,Named public body; few surviving recordings do not make it a one-off of another body. Verify identity and aliases before creation.,62977,"Public Art Committee on 2020-06-04 1:00 PM – Jun 04, 2020",https://dentontx.new.swagit.com/videos/62977
0b0a9f1cdd44,denton-tx,3b7588310856,B,Public Art Committee on 2018-09-06 4:00 PM,Public Art Committee,1,2018-09-06,2018-09-06,Create/reuse distinct named public-body feed,denton-tx-public-art-committee,medium,Named public body; few surviving recordings do not make it a one-off of another body. Verify identity and aliases before creation.,14325,"Public Art Committee on 2018-09-06 4:00 PM – Sep 06, 2018",https://dentontx.new.swagit.com/videos/14325
40bf1c6411d3,denton-tx,3b7588310856,B,Public Art Committee on 2018-06-07 4:00 PM,Public Art Committee,1,2018-06-07,2018-06-07,Create/reuse distinct named public-body feed,denton-tx-public-art-committee,medium,Named public body; few surviving recordings do not make it a one-off of another body. Verify identity and aliases before creation.,14324,"Public Art Committee on 2018-06-07 4:00 PM – Jun 07, 2018",https://dentontx.new.swagit.com/videos/14324
f6a47430e9f4,denton-tx,3b7588310856,B,Public Art Committee on 2018-05-03 4:00 PM,Public Art Committee,1,2018-05-03,2018-05-03,Create/reuse distinct named public-body feed,denton-tx-public-art-committee,medium,Named public body; few surviving recordings do not make it a one-off of another body. Verify identity and aliases before creation.,14323,"Public Art Committee on 2018-05-03 4:00 PM – May 03, 2018",https://dentontx.new.swagit.com/videos/14323
57c1429e5f40,denton-tx,3b7588310856,B,Public Art Committee on 2018-04-05 4:00 PM,Public Art Committee,1,2018-04-05,2018-04-05,Create/reuse distinct named public-body feed,denton-tx-public-art-committee,medium,Named public body; few surviving recordings do not make it a one-off of another body. Verify identity and aliases before creation.,14322,"Public Art Committee on 2018-04-05 4:00 PM – Apr 05, 2018",https://dentontx.new.swagit.com/videos/14322
250502b09991,denton-tx,3b7588310856,B,Public Art Committee on 2018-03-01 4:30 PM,Public Art Committee,1,2018-03-01,2018-03-01,Create/reuse distinct named public-body feed,denton-tx-public-art-committee,medium,Named public body; few surviving recordings do not make it a one-off of another body. Verify identity and aliases before creation.,14321,"Public Art Committee on 2018-03-01 4:30 PM – Mar 01, 2018",https://dentontx.new.swagit.com/videos/14321
a49c0bc4e9ca,denton-tx,3b7588310856,C,Special Citizens Bond Advisory Committee on 2023-07-11 6:00 PM (AMENDED ON 07-11-23),Special Citizens Bond Advisory Committee,1,2023-07-11,2023-07-11,Create/reuse Bond Program Meetings aggregate,denton-tx-bond-program-meetings,medium,"Aggregate program advisory, oversight, subcommittee and public-input recordings; preserve program/year in official titles.",264210,"Special Citizens Bond Advisory Committee on 2023-07-11 6:00 PM (AMENDED ON 07-11-23) – Jul 11, 2023",https://dentontx.new.swagit.com/videos/264210
478a92e2e69c,denton-tx,3b7588310856,C,Special Citizens Bond Advisory Committee on 2023-06-26 6:00 PM (AMENDED ON 06-26-23),Special Citizens Bond Advisory Committee,1,2023-06-26,2023-06-26,Create/reuse Bond Program Meetings aggregate,denton-tx-bond-program-meetings,medium,"Aggregate program advisory, oversight, subcommittee and public-input recordings; preserve program/year in official titles.",250980,"Special Citizens Bond Advisory Committee on 2023-06-26 6:00 PM (AMENDED ON 06-26-23) – Jun 26, 2023",https://dentontx.new.swagit.com/videos/250980
f5411a80b65c,denton-tx,3b7588310856,C,Special Citizens Bond Advisory Committee on 2023-06-15 6:00 PM (AMENDED on 06-13-2023),Special Citizens Bond Advisory Committee,1,2023-06-15,2023-06-15,Create/reuse Bond Program Meetings aggregate,denton-tx-bond-program-meetings,medium,"Aggregate program advisory, oversight, subcommittee and public-input recordings; preserve program/year in official titles.",239124,"Special Citizens Bond Advisory Committee on 2023-06-15 6:00 PM (AMENDED on 06-13-2023) – Jun 15, 2023",https://dentontx.new.swagit.com/videos/239124
4bd5f3ae288b,denton-tx,3b7588310856,C,Special Citizens Bond Advisory Committee on 2023-06-27 6:00 PM,Special Citizens Bond Advisory Committee,1,2023-06-07,2023-06-07,Create/reuse Bond Program Meetings aggregate,denton-tx-bond-program-meetings,medium,"Aggregate program advisory, oversight, subcommittee and public-input recordings; preserve program/year in official titles.",234407,"Special Citizens Bond Advisory Committee on 2023-06-27 6:00 PM – Jun 07, 2023",https://dentontx.new.swagit.com/videos/234407
d9ed1dfc1f14,denton-tx,3b7588310856,C,Special Citizens Bond Advisory Committee on 2023-06-01 6:00 PM (AMENDED on 5-30-2023),Special Citizens Bond Advisory Committee,1,2023-06-01,2023-06-01,Create/reuse Bond Program Meetings aggregate,denton-tx-bond-program-meetings,medium,"Aggregate program advisory, oversight, subcommittee and public-input recordings; preserve program/year in official titles.",232967,"Special Citizens Bond Advisory Committee on 2023-06-01 6:00 PM (AMENDED on 5-30-2023) – Jun 01, 2023",https://dentontx.new.swagit.com/videos/232967
aa127b028cea,denton-tx,3b7588310856,C,Special Citizens Bond Advisory Committee on 2023-05-23 6:00 PM,Special Citizens Bond Advisory Committee,1,2023-05-23,2023-05-23,Create/reuse Bond Program Meetings aggregate,denton-tx-bond-program-meetings,medium,"Aggregate program advisory, oversight, subcommittee and public-input recordings; preserve program/year in official titles.",230847,"Special Citizens Bond Advisory Committee on 2023-05-23 6:00 PM – May 23, 2023",https://dentontx.new.swagit.com/videos/230847
f0466caf04bb,denton-tx,3b7588310856,C,Special Citizens Bond Advisory Committee on 07-25-2019 6:00 PM,Special Citizens Bond Advisory Committee on 07-25-2019 6:00 PM,1,2019-07-25,2019-07-25,Create/reuse Bond Program Meetings aggregate,denton-tx-bond-program-meetings,medium,"Aggregate program advisory, oversight, subcommittee and public-input recordings; preserve program/year in official titles.",30324,"Special Citizens Bond Advisory Committee on 07-25-2019 6:00 PM – Jul 25, 2019",https://dentontx.new.swagit.com/videos/30324
f12e4d775e8f,denton-tx,3b7588310856,C,Special Citizens Bond Advisory Committee on 2019-07-18 5:30 PM,Special Citizens Bond Advisory Committee,1,2019-07-18,2019-07-18,Create/reuse Bond Program Meetings aggregate,denton-tx-bond-program-meetings,medium,"Aggregate program advisory, oversight, subcommittee and public-input recordings; preserve program/year in official titles.",30224,"Special Citizens Bond Advisory Committee on 2019-07-18 5:30 PM – Jul 18, 2019",https://dentontx.new.swagit.com/videos/30224
f3c913374621,denton-tx,3b7588310856,C,Special Citizens Bond Advisory Committee on 2019-07-11 6:00 PM,Special Citizens Bond Advisory Committee,1,2019-07-11,2019-07-11,Create/reuse Bond Program Meetings aggregate,denton-tx-bond-program-meetings,medium,"Aggregate program advisory, oversight, subcommittee and public-input recordings; preserve program/year in official titles.",30139,"Special Citizens Bond Advisory Committee on 2019-07-11 6:00 PM – Jul 11, 2019",https://dentontx.new.swagit.com/videos/30139
de18563657ea,denton-tx,3b7588310856,C,Special Citizens Bond Advisory Committee on 2019-07-11 4:00 PM (SCBAC Task Force),Special Citizens Bond Advisory Committee,1,2019-07-11,2019-07-11,Create/reuse Bond Program Meetings aggregate,denton-tx-bond-program-meetings,medium,"Aggregate program advisory, oversight, subcommittee and public-input recordings; preserve program/year in official titles.",30137,"Special Citizens Bond Advisory Committee on 2019-07-11 4:00 PM (SCBAC Task Force) – Jul 11, 2019",https://dentontx.new.swagit.com/videos/30137
77409ab322d8,denton-tx,3b7588310856,C,Special Citizens Bond Advisory Committee on 2019-06-27 6:00 PM,Special Citizens Bond Advisory Committee,1,2019-06-27,2019-06-27,Create/reuse Bond Program Meetings aggregate,denton-tx-bond-program-meetings,medium,"Aggregate program advisory, oversight, subcommittee and public-input recordings; preserve program/year in official titles.",29844,"Special Citizens Bond Advisory Committee on 2019-06-27 6:00 PM – Jun 27, 2019",https://dentontx.new.swagit.com/videos/29844
83b781b1d992,denton-tx,3b7588310856,C,Special Citizens Bond Advisory Committee on 2019-06-27 3:00 PM (SCBAC Task Force),Special Citizens Bond Advisory Committee,1,2019-06-27,2019-06-27,Create/reuse Bond Program Meetings aggregate,denton-tx-bond-program-meetings,medium,"Aggregate program advisory, oversight, subcommittee and public-input recordings; preserve program/year in official titles.",29839,"Special Citizens Bond Advisory Committee on 2019-06-27 3:00 PM (SCBAC Task Force) – Jun 27, 2019",https://dentontx.new.swagit.com/videos/29839
df639b77261d,denton-tx,3b7588310856,C,Special Citizens Bond Advisory Committee on 2019-06-20 6:00 PM,Special Citizens Bond Advisory Committee,1,2019-06-20,2019-06-20,Create/reuse Bond Program Meetings aggregate,denton-tx-bond-program-meetings,medium,"Aggregate program advisory, oversight, subcommittee and public-input recordings; preserve program/year in official titles.",29500,"Special Citizens Bond Advisory Committee on 2019-06-20 6:00 PM – Jun 20, 2019",https://dentontx.new.swagit.com/videos/29500
c4e1f52e9b85,denton-tx,3b7588310856,C,Special Citizens Bond Advisory Committee on 2019-06-13 6:00 PM,Special Citizens Bond Advisory Committee,1,2019-06-13,2019-06-13,Create/reuse Bond Program Meetings aggregate,denton-tx-bond-program-meetings,medium,"Aggregate program advisory, oversight, subcommittee and public-input recordings; preserve program/year in official titles.",29193,"Special Citizens Bond Advisory Committee on 2019-06-13 6:00 PM – Jun 13, 2019",https://dentontx.new.swagit.com/videos/29193
011fdb96a577,fort-worth-tx,6540eef2dc2e,A,Research and Innovation Local Government Corporation Research and Innovation Local Government Corporation,Research and Innovation Local Government Corporation,5,2023-11-28,2026-06-23,Expand parent selector or exact inclusion,fort-worth-tx-research-and-innovation-local-government-corporation,medium,Existing parent is a plausible match; abbreviations/subordinate/joint bodies still require ownership confirmation.,https://fortworthgov.granicus.com/MediaPlayer.php?view_id=9&clip_id=6307,Research and Innovation Local Government Corporation Research and Innovation Local Government Corporation,https://fortworthgov.granicus.com/MediaPlayer.php?view_id=9&clip_id=6307
8004a8c03382,fort-worth-tx,6540eef2dc2e,G,fortworthgovMerg fortworthgovMerg,fortworthgovMerg,1,2008-09-29,2008-09-29,Investigate,,low,Title alone does not establish a safe public-meeting identity; inspect official recording/agenda.,https://fortworthgov.granicus.com/MediaPlayer.php?view_id=9&clip_id=63,fortworthgovMerg fortworthgovMerg,https://fortworthgov.granicus.com/MediaPlayer.php?view_id=9&clip_id=63
0630cc000573,fort-worth-tx,6540eef2dc2e,G,fortworthfinal fortworthfinal,fortworthfinal,1,2008-09-29,2008-09-29,Investigate,,low,Title alone does not establish a safe public-meeting identity; inspect official recording/agenda.,https://fortworthgov.granicus.com/MediaPlayer.php?view_id=9&clip_id=60,fortworthfinal fortworthfinal,https://fortworthgov.granicus.com/MediaPlayer.php?view_id=9&clip_id=60
bd56b0b8f0e8,fort-worth-tx,6540eef2dc2e,B,Ad Hoc Council Committee on Emergency Medical Response Meeting Ad Hoc Council Committee on Emergency Medical Response Meeting,Ad Hoc Council Committee on Emergency Medical Response Meeting,2,2024-04-30,2024-04-30,Create/reuse distinct named public-body feed,fort-worth-tx-ad-hoc-council-committee-on-emergency-medical-response-meeting,medium,Named public body; few surviving recordings do not make it a one-off of another body. Verify identity and aliases before creation.,https://fortworthgov.granicus.com/MediaPlayer.php?view_id=9&clip_id=5510,Ad Hoc Council Committee on Emergency Medical Response Meeting Ad Hoc Council Committee on Emergency Medical Response Meeting,https://fortworthgov.granicus.com/MediaPlayer.php?view_id=9&clip_id=5510
ce1f0df629fc,fort-worth-tx,6540eef2dc2e,B,Ad Hoc Council Committee On Emergency Medical Response Ad Hoc Council Committee On Emergency Medical Response,Ad Hoc Council Committee On Emergency Medical Response,14,2023-08-29,2024-03-19,Create/reuse distinct named public-body feed,fort-worth-tx-ad-hoc-council-committee-on-emergency-medical-response,medium,Named public body; few surviving recordings do not make it a one-off of another body. Verify identity and aliases before creation.,https://fortworthgov.granicus.com/MediaPlayer.php?view_id=9&clip_id=5447,Ad Hoc Council Committee On Emergency Medical Response Ad Hoc Council Committee On Emergency Medical Response,https://fortworthgov.granicus.com/MediaPlayer.php?view_id=9&clip_id=5447
6fd869651b23,fort-worth-tx,6540eef2dc2e,B,Ad Hoc Committee on Emergency Medical Response Ad Hoc Committee on Emergency Medical Response,Ad Hoc Committee on Emergency Medical Response,4,2024-02-20,2024-04-16,Create/reuse distinct named public-body feed,fort-worth-tx-ad-hoc-committee-on-emergency-medical-response,medium,Named public body; few surviving recordings do not make it a one-off of another body. Verify identity and aliases before creation.,https://fortworthgov.granicus.com/MediaPlayer.php?view_id=9&clip_id=5423,Ad Hoc Committee on Emergency Medical Response Ad Hoc Committee on Emergency Medical Response,https://fortworthgov.granicus.com/MediaPlayer.php?view_id=9&clip_id=5423
a9acc2b6d178,fort-worth-tx,6540eef2dc2e,B,ARTS FUNDING TASK FORCE ARTS FUNDING TASK FORCE,ARTS FUNDING TASK FORCE,5,2013-01-08,2013-03-27,Create/reuse distinct named public-body feed,fort-worth-tx-arts-funding-task-force,medium,Named public body; few surviving recordings do not make it a one-off of another body. Verify identity and aliases before creation.,https://fortworthgov.granicus.com/MediaPlayer.php?view_id=9&clip_id=1651,ARTS FUNDING TASK FORCE ARTS FUNDING TASK FORCE,https://fortworthgov.granicus.com/MediaPlayer.php?view_id=9&clip_id=1651
b5b819801672,fort-worth-tx,6540eef2dc2e,B,Aviation Advisory Board Aviation Advisory Board,Aviation Advisory Board,7,2020-05-21,2021-05-20,Create/reuse distinct named public-body feed,fort-worth-tx-aviation-advisory-board,medium,Named public body; few surviving recordings do not make it a one-off of another body. Verify identity and aliases before creation.,https://fortworthgov.granicus.com/MediaPlayer.php?view_id=9&clip_id=4398,Aviation Advisory Board Aviation Advisory Board,https://fortworthgov.granicus.com/MediaPlayer.php?view_id=9&clip_id=4398
c75eeef6a069,fort-worth-tx,6540eef2dc2e,B,Capital Improvements Advisory Committee Capital Improvements Advisory Committee,Capital Improvements Advisory Committee,5,2021-04-28,2026-05-20,Create/reuse distinct named public-body feed,fort-worth-tx-capital-improvements-advisory-committee,low,Named public body; few surviving recordings do not make it a one-off of another body. Verify identity and aliases before creation. Parent identity or relationship to existing bodies needs official confirmation.,https://fortworthgov.granicus.com/MediaPlayer.php?view_id=10&clip_id=6259,Capital Improvements Advisory Committee Capital Improvements Advisory Committee,https://fortworthgov.granicus.com/MediaPlayer.php?view_id=10&clip_id=6259
1495522ce973,fort-worth-tx,6540eef2dc2e,B,Capital Improvements Advisory Committee for Transportation Impact Fees Capital Improvements Advisory Committee for Transportation Impact Fees,Capital Improvements Advisory Committee for Transportation Impact Fees,1,2024-11-15,2024-11-15,Create/reuse distinct named public-body feed,fort-worth-tx-capital-improvements-advisory-committee-for-transportation-impact-fees,low,Named public body; few surviving recordings do not make it a one-off of another body. Verify identity and aliases before creation. Parent identity or relationship to existing bodies needs official confirmation.,https://fortworthgov.granicus.com/MediaPlayer.php?view_id=10&clip_id=5679,Capital Improvements Advisory Committee for Transportation Impact Fees Capital Improvements Advisory Committee for Transportation Impact Fees,https://fortworthgov.granicus.com/MediaPlayer.php?view_id=10&clip_id=5679
358d293f38f3,fort-worth-tx,6540eef2dc2e,B,Capitol Improvements Advisory Committee (CIAC) Capitol Improvements Advisory Committee (CIAC),Capitol Improvements Advisory Committee (CIAC),7,2022-04-27,2024-09-11,Create/reuse distinct named public-body feed,fort-worth-tx-capitol-improvements-advisory-committee-ciac,medium,Named public body; few surviving recordings do not make it a one-off of another body. Verify identity and aliases before creation.,https://fortworthgov.granicus.com/MediaPlayer.php?view_id=10&clip_id=5627,Capitol Improvements Advisory Committee (CIAC) Capitol Improvements Advisory Committee (CIAC),https://fortworthgov.granicus.com/MediaPlayer.php?view_id=10&clip_id=5627
7ed83ab86004,fort-worth-tx,6540eef2dc2e,B,"Capital Improvements Advisory Committee of November 17, 2023 (CIAC) Capital Improvements Advisory Committee of November 17, 2023 (CIAC)",Capital Improvements Advisory Committee,1,2023-11-17,2023-11-17,Create/reuse distinct named public-body feed,fort-worth-tx-capital-improvements-advisory-committee,low,Named public body; few surviving recordings do not make it a one-off of another body. Verify identity and aliases before creation. Parent identity or relationship to existing bodies needs official confirmation.,https://fortworthgov.granicus.com/MediaPlayer.php?view_id=10&clip_id=5336,"Capital Improvements Advisory Committee of November 17, 2023 (CIAC) Capital Improvements Advisory Committee of November 17, 2023 (CIAC)",https://fortworthgov.granicus.com/MediaPlayer.php?view_id=10&clip_id=5336
daf91a6682b4,fort-worth-tx,6540eef2dc2e,G,"CIAC of April 26, 2023 CIAC of April 26, 2023",CIAC,1,2023-04-26,2023-04-26,Investigate,,low,Title alone does not establish a safe public-meeting identity; inspect official recording/agenda.,https://fortworthgov.granicus.com/MediaPlayer.php?view_id=10&clip_id=5215,"CIAC of April 26, 2023 CIAC of April 26, 2023",https://fortworthgov.granicus.com/MediaPlayer.php?view_id=10&clip_id=5215
89e2b80d8e74,fort-worth-tx,6540eef2dc2e,G,"CIAC of November 18, 2022 CIAC of November 18, 2022",CIAC,1,2022-11-18,2022-11-18,Investigate,,low,Title alone does not establish a safe public-meeting identity; inspect official recording/agenda.,https://fortworthgov.granicus.com/MediaPlayer.php?view_id=10&clip_id=5208,"CIAC of November 18, 2022 CIAC of November 18, 2022",https://fortworthgov.granicus.com/MediaPlayer.php?view_id=10&clip_id=5208
2407bd87c555,fort-worth-tx,6540eef2dc2e,G,"CIAC of September 14, 2022 CIAC of September 14, 2022",CIAC,1,2022-09-14,2022-09-14,Investigate,,low,Title alone does not establish a safe public-meeting identity; inspect official recording/agenda.,https://fortworthgov.granicus.com/MediaPlayer.php?view_id=10&clip_id=5214,"CIAC of September 14, 2022 CIAC of September 14, 2022",https://fortworthgov.granicus.com/MediaPlayer.php?view_id=10&clip_id=5214
c93c2d82b583,fort-worth-tx,6540eef2dc2e,G,"CIAC of August 24, 2022 CIAC of August 24, 2022",CIAC,1,2022-08-24,2022-08-24,Investigate,,low,Title alone does not establish a safe public-meeting identity; inspect official recording/agenda.,https://fortworthgov.granicus.com/MediaPlayer.php?view_id=10&clip_id=5225,"CIAC of August 24, 2022 CIAC of August 24, 2022",https://fortworthgov.granicus.com/MediaPlayer.php?view_id=10&clip_id=5225
1deda8e552cd,fort-worth-tx,6540eef2dc2e,G,"CIAC of June 22, 2022 CIAC of June 22, 2022",CIAC,1,2022-06-22,2022-06-22,Investigate,,low,Title alone does not establish a safe public-meeting identity; inspect official recording/agenda.,https://fortworthgov.granicus.com/MediaPlayer.php?view_id=10&clip_id=5213,"CIAC of June 22, 2022 CIAC of June 22, 2022",https://fortworthgov.granicus.com/MediaPlayer.php?view_id=10&clip_id=5213
89c7728c90dd,fort-worth-tx,6540eef2dc2e,G,"CIAC of April 27, 2022 CIAC of April 27, 2022",CIAC,1,2022-04-27,2022-04-27,Investigate,,low,Title alone does not establish a safe public-meeting identity; inspect official recording/agenda.,https://fortworthgov.granicus.com/MediaPlayer.php?view_id=10&clip_id=5212,"CIAC of April 27, 2022 CIAC of April 27, 2022",https://fortworthgov.granicus.com/MediaPlayer.php?view_id=10&clip_id=5212
a5e45d76aa94,fort-worth-tx,6540eef2dc2e,F,Fort Worth Forward - Episode 24 Fort Worth Forward - Episode 24,Fort Worth Forward - Episode 24,2,2024-02-27,2024-05-29,Exclude from meeting remediation after verification,,medium,"Label describes civic media, ceremony, promotion, staff event or training rather than deliberation/public input; preserve archive record.",https://fortworthgov.granicus.com/MediaPlayer.php?view_id=10&clip_id=5542,Fort Worth Forward - Episode 24 Fort Worth Forward - Episode 24,https://fortworthgov.granicus.com/MediaPlayer.php?view_id=10&clip_id=5542
d0c50ec718b4,fort-worth-tx,6540eef2dc2e,F,Fort Worth Forward - Episode 23 Fort Worth Forward - Episode 23,Fort Worth Forward - Episode 23,1,2024-01-10,2024-01-10,Exclude from meeting remediation after verification,,medium,"Label describes civic media, ceremony, promotion, staff event or training rather than deliberation/public input; preserve archive record.",https://fortworthgov.granicus.com/MediaPlayer.php?view_id=10&clip_id=5391,Fort Worth Forward - Episode 23 Fort Worth Forward - Episode 23,https://fortworthgov.granicus.com/MediaPlayer.php?view_id=10&clip_id=5391
f72c3a221175,fort-worth-tx,6540eef2dc2e,F,Fort Worth Forward - Episode 22 Fort Worth Forward - Episode 22,Fort Worth Forward - Episode 22,1,2023-12-12,2023-12-12,Exclude from meeting remediation after verification,,medium,"Label describes civic media, ceremony, promotion, staff event or training rather than deliberation/public input; preserve archive record.",https://fortworthgov.granicus.com/MediaPlayer.php?view_id=10&clip_id=5366,Fort Worth Forward - Episode 22 Fort Worth Forward - Episode 22,https://fortworthgov.granicus.com/MediaPlayer.php?view_id=10&clip_id=5366
7195cae84ac3,fort-worth-tx,6540eef2dc2e,F,Fort Worth Forward - Episode 21 Fort Worth Forward - Episode 21,Fort Worth Forward - Episode 21,1,2023-10-19,2023-10-19,Exclude from meeting remediation after verification,,medium,"Label describes civic media, ceremony, promotion, staff event or training rather than deliberation/public input; preserve archive record.",https://fortworthgov.granicus.com/MediaPlayer.php?view_id=10&clip_id=5313,Fort Worth Forward - Episode 21 Fort Worth Forward - Episode 21,https://fortworthgov.granicus.com/MediaPlayer.php?view_id=10&clip_id=5313
c2d56b737e1d,fort-worth-tx,6540eef2dc2e,F,Fort Worth Forward - Episode 20 Fort Worth Forward - Episode 20,Fort Worth Forward - Episode 20,1,2023-09-12,2023-09-12,Exclude from meeting remediation after verification,,medium,"Label describes civic media, ceremony, promotion, staff event or training rather than deliberation/public input; preserve archive record.",https://fortworthgov.granicus.com/MediaPlayer.php?view_id=10&clip_id=5267,Fort Worth Forward - Episode 20 Fort Worth Forward - Episode 20,https://fortworthgov.granicus.com/MediaPlayer.php?view_id=10&clip_id=5267
13f7d641d27e,fort-worth-tx,6540eef2dc2e,F,Fort Worth Forward - Episode 19 Fort Worth Forward - Episode 19,Fort Worth Forward - Episode 19,1,2023-07-11,2023-07-11,Exclude from meeting remediation after verification,,medium,"Label describes civic media, ceremony, promotion, staff event or training rather than deliberation/public input; preserve archive record.",https://fortworthgov.granicus.com/MediaPlayer.php?view_id=10&clip_id=5203,Fort Worth Forward - Episode 19 Fort Worth Forward - Episode 19,https://fortworthgov.granicus.com/MediaPlayer.php?view_id=10&clip_id=5203
35c2b85e5ce0,fort-worth-tx,6540eef2dc2e,F,Fort Worth Forward - Episode 17 Fort Worth Forward - Episode 17,Fort Worth Forward - Episode 17,1,2023-05-23,2023-05-23,Exclude from meeting remediation after verification,,medium,"Label describes civic media, ceremony, promotion, staff event or training rather than deliberation/public input; preserve archive record.",https://fortworthgov.granicus.com/MediaPlayer.php?view_id=10&clip_id=5155,Fort Worth Forward - Episode 17 Fort Worth Forward - Episode 17,https://fortworthgov.granicus.com/MediaPlayer.php?view_id=10&clip_id=5155
57f0a6b0a347,fort-worth-tx,6540eef2dc2e,F,Fort Worth Forward - Episode 16 Fort Worth Forward - Episode 16,Fort Worth Forward - Episode 16,1,2023-03-28,2023-03-28,Exclude from meeting remediation after verification,,medium,"Label describes civic media, ceremony, promotion, staff event or training rather than deliberation/public input; preserve archive record.",https://fortworthgov.granicus.com/MediaPlayer.php?view_id=10&clip_id=5106,Fort Worth Forward - Episode 16 Fort Worth Forward - Episode 16,https://fortworthgov.granicus.com/MediaPlayer.php?view_id=10&clip_id=5106
2514622eab63,fort-worth-tx,6540eef2dc2e,F,Fort Worth Forward - Episode 15 Fort Worth Forward - Episode 15,Fort Worth Forward - Episode 15,1,2023-02-28,2023-02-28,Exclude from meeting remediation after verification,,medium,"Label describes civic media, ceremony, promotion, staff event or training rather than deliberation/public input; preserve archive record.",https://fortworthgov.granicus.com/MediaPlayer.php?view_id=10&clip_id=5085,Fort Worth Forward - Episode 15 Fort Worth Forward - Episode 15,https://fortworthgov.granicus.com/MediaPlayer.php?view_id=10&clip_id=5085
25b8e601f8df,fort-worth-tx,6540eef2dc2e,F,Black History Month Program Black History Month Program,Black History Month Program,5,2022-02-17,2026-02-10,Exclude civic media/event after verification,,medium,"Civic event, promotion, staff guidance or media rather than a public deliberative/input meeting; preserve archive record.",https://fortworthgov.granicus.com/MediaPlayer.php?view_id=10&clip_id=5078,Black History Month Program Black History Month Program,https://fortworthgov.granicus.com/MediaPlayer.php?view_id=10&clip_id=5078
2fb51765c7b3,fort-worth-tx,6540eef2dc2e,F,Fort Worth Forward - Episode 14 Fort Worth Forward - Episode 14,Fort Worth Forward - Episode 14,1,2023-01-09,2023-01-09,Exclude from meeting remediation after verification,,medium,"Label describes civic media, ceremony, promotion, staff event or training rather than deliberation/public input; preserve archive record.",https://fortworthgov.granicus.com/MediaPlayer.php?view_id=10&clip_id=5028,Fort Worth Forward - Episode 14 Fort Worth Forward - Episode 14,https://fortworthgov.granicus.com/MediaPlayer.php?view_id=10&clip_id=5028
a04fb805ecee,fort-worth-tx,6540eef2dc2e,F,Fort Worth Forward - Episode 13 Fort Worth Forward - Episode 13,Fort Worth Forward - Episode 13,1,2022-11-14,2022-11-14,Exclude from meeting remediation after verification,,medium,"Label describes civic media, ceremony, promotion, staff event or training rather than deliberation/public input; preserve archive record.",https://fortworthgov.granicus.com/MediaPlayer.php?view_id=10&clip_id=4985,Fort Worth Forward - Episode 13 Fort Worth Forward - Episode 13,https://fortworthgov.granicus.com/MediaPlayer.php?view_id=10&clip_id=4985
f3de38459194,fort-worth-tx,6540eef2dc2e,F,Fort Worth Forward - Episode 12 Fort Worth Forward - Episode 12,Fort Worth Forward - Episode 12,1,2022-09-06,2022-09-06,Exclude from meeting remediation after verification,,medium,"Label describes civic media, ceremony, promotion, staff event or training rather than deliberation/public input; preserve archive record.",https://fortworthgov.granicus.com/MediaPlayer.php?view_id=10&clip_id=4920,Fort Worth Forward - Episode 12 Fort Worth Forward - Episode 12,https://fortworthgov.granicus.com/MediaPlayer.php?view_id=10&clip_id=4920
5c2c3131bd1d,fort-worth-tx,6540eef2dc2e,F,Reby Cary Memorial Street Sign Unveiling Reby Cary Memorial Street Sign Unveiling,Reby Cary Memorial Street Sign Unveiling,1,2022-07-30,2022-07-30,Exclude from meeting remediation after verification,,medium,"Label describes civic media, ceremony, promotion, staff event or training rather than deliberation/public input; preserve archive record.",https://fortworthgov.granicus.com/MediaPlayer.php?view_id=10&clip_id=4873,Reby Cary Memorial Street Sign Unveiling Reby Cary Memorial Street Sign Unveiling,https://fortworthgov.granicus.com/MediaPlayer.php?view_id=10&clip_id=4873
ef8c5ea488df,fort-worth-tx,6540eef2dc2e,F,Fort Worth Forward - Episode 11 Fort Worth Forward - Episode 11,Fort Worth Forward - Episode 11,1,2022-07-26,2022-07-26,Exclude from meeting remediation after verification,,medium,"Label describes civic media, ceremony, promotion, staff event or training rather than deliberation/public input; preserve archive record.",https://fortworthgov.granicus.com/MediaPlayer.php?view_id=10&clip_id=4868,Fort Worth Forward - Episode 11 Fort Worth Forward - Episode 11,https://fortworthgov.granicus.com/MediaPlayer.php?view_id=10&clip_id=4868
6a70464f40e8,fort-worth-tx,6540eef2dc2e,F,Juneteenth Celebration 2022 Juneteenth Celebration 2022,Juneteenth Celebration 2022,1,2022-06-16,2022-06-16,Exclude from meeting remediation after verification,,medium,"Label describes civic media, ceremony, promotion, staff event or training rather than deliberation/public input; preserve archive record.",https://fortworthgov.granicus.com/MediaPlayer.php?view_id=10&clip_id=4848,Juneteenth Celebration 2022 Juneteenth Celebration 2022,https://fortworthgov.granicus.com/MediaPlayer.php?view_id=10&clip_id=4848
901f512bf671,fort-worth-tx,6540eef2dc2e,F,Fort Worth Forward - Episode 10 Fort Worth Forward - Episode 10,Fort Worth Forward - Episode 10,1,2022-06-13,2022-06-13,Exclude from meeting remediation after verification,,medium,"Label describes civic media, ceremony, promotion, staff event or training rather than deliberation/public input; preserve archive record.",https://fortworthgov.granicus.com/MediaPlayer.php?view_id=10&clip_id=4838,Fort Worth Forward - Episode 10 Fort Worth Forward - Episode 10,https://fortworthgov.granicus.com/MediaPlayer.php?view_id=10&clip_id=4838
6e32357b5dd1,fort-worth-tx,6540eef2dc2e,F,Fort Worth Forward - Episode 9 Fort Worth Forward - Episode 9,Fort Worth Forward - Episode 9,1,2022-05-19,2022-05-19,Exclude from meeting remediation after verification,,medium,"Label describes civic media, ceremony, promotion, staff event or training rather than deliberation/public input; preserve archive record.",https://fortworthgov.granicus.com/MediaPlayer.php?view_id=10&clip_id=4815,Fort Worth Forward - Episode 9 Fort Worth Forward - Episode 9,https://fortworthgov.granicus.com/MediaPlayer.php?view_id=10&clip_id=4815
2fac083302da,fort-worth-tx,6540eef2dc2e,F,Fort Worth Forward - Episode 8 Fort Worth Forward - Episode 8,Fort Worth Forward - Episode 8,1,2022-04-04,2022-04-04,Exclude from meeting remediation after verification,,medium,"Label describes civic media, ceremony, promotion, staff event or training rather than deliberation/public input; preserve archive record.",https://fortworthgov.granicus.com/MediaPlayer.php?view_id=10&clip_id=4767,Fort Worth Forward - Episode 8 Fort Worth Forward - Episode 8,https://fortworthgov.granicus.com/MediaPlayer.php?view_id=10&clip_id=4767
b393cd12b98b,fort-worth-tx,6540eef2dc2e,F,Fort Worth Forward - Episode 7 Fort Worth Forward - Episode 7,Fort Worth Forward - Episode 7,1,2022-03-01,2022-03-01,Exclude from meeting remediation after verification,,medium,"Label describes civic media, ceremony, promotion, staff event or training rather than deliberation/public input; preserve archive record.",https://fortworthgov.granicus.com/MediaPlayer.php?view_id=10&clip_id=4724,Fort Worth Forward - Episode 7 Fort Worth Forward - Episode 7,https://fortworthgov.granicus.com/MediaPlayer.php?view_id=10&clip_id=4724
47015054fb28,fort-worth-tx,6540eef2dc2e,F,Fort Worth Forward - Episode 6 Fort Worth Forward - Episode 6,Fort Worth Forward - Episode 6,1,2022-01-14,2022-01-14,Exclude from meeting remediation after verification,,medium,"Label describes civic media, ceremony, promotion, staff event or training rather than deliberation/public input; preserve archive record.",https://fortworthgov.granicus.com/MediaPlayer.php?view_id=10&clip_id=4659,Fort Worth Forward - Episode 6 Fort Worth Forward - Episode 6,https://fortworthgov.granicus.com/MediaPlayer.php?view_id=10&clip_id=4659
d338389196d3,fort-worth-tx,6540eef2dc2e,F,MLK Jr Employee Celebration MLK Jr Employee Celebration,MLK Jr Employee Celebration,1,2022-01-13,2022-01-13,Exclude from meeting remediation after verification,,medium,"Label describes civic media, ceremony, promotion, staff event or training rather than deliberation/public input; preserve archive record.",https://fortworthgov.granicus.com/MediaPlayer.php?view_id=10&clip_id=4657,MLK Jr Employee Celebration MLK Jr Employee Celebration,https://fortworthgov.granicus.com/MediaPlayer.php?view_id=10&clip_id=4657
23e3069e39ef,fort-worth-tx,6540eef2dc2e,F,Fort Worth Forward - Episode 5 Fort Worth Forward - Episode 5,Fort Worth Forward - Episode 5,1,2021-12-08,2021-12-08,Exclude from meeting remediation after verification,,medium,"Label describes civic media, ceremony, promotion, staff event or training rather than deliberation/public input; preserve archive record.",https://fortworthgov.granicus.com/MediaPlayer.php?view_id=10&clip_id=4630,Fort Worth Forward - Episode 5 Fort Worth Forward - Episode 5,https://fortworthgov.granicus.com/MediaPlayer.php?view_id=10&clip_id=4630
734b8e879649,fort-worth-tx,6540eef2dc2e,F,Fort Worth Forward - Episode 4 Fort Worth Forward - Episode 4,Fort Worth Forward - Episode 4,1,2021-11-11,2021-11-11,Exclude from meeting remediation after verification,,medium,"Label describes civic media, ceremony, promotion, staff event or training rather than deliberation/public input; preserve archive record.",https://fortworthgov.granicus.com/MediaPlayer.php?view_id=10&clip_id=4598,Fort Worth Forward - Episode 4 Fort Worth Forward - Episode 4,https://fortworthgov.granicus.com/MediaPlayer.php?view_id=10&clip_id=4598
f663a9e95195,fort-worth-tx,6540eef2dc2e,F,Fort Worth Forward - Episode 3 Fort Worth Forward - Episode 3,Fort Worth Forward - Episode 3,1,2021-09-27,2021-09-27,Exclude from meeting remediation after verification,,medium,"Label describes civic media, ceremony, promotion, staff event or training rather than deliberation/public input; preserve archive record.",https://fortworthgov.granicus.com/MediaPlayer.php?view_id=10&clip_id=4554,Fort Worth Forward - Episode 3 Fort Worth Forward - Episode 3,https://fortworthgov.granicus.com/MediaPlayer.php?view_id=10&clip_id=4554
72c0a06fb6da,fort-worth-tx,6540eef2dc2e,F,Fort Worth Forward - Episode 2 Fort Worth Forward - Episode 2,Fort Worth Forward - Episode 2,1,2021-08-23,2021-08-23,Exclude from meeting remediation after verification,,medium,"Label describes civic media, ceremony, promotion, staff event or training rather than deliberation/public input; preserve archive record.",https://fortworthgov.granicus.com/MediaPlayer.php?view_id=10&clip_id=4508,Fort Worth Forward - Episode 2 Fort Worth Forward - Episode 2,https://fortworthgov.granicus.com/MediaPlayer.php?view_id=10&clip_id=4508
ec6ea2ac90fc,fort-worth-tx,6540eef2dc2e,F,"Dedication of the Pioneer Tower Public Artworks of August 20, 2021 Dedication of the Pioneer Tower Public Artworks of August 20, 2021",Dedication of the Pioneer Tower Public Artworks,1,2021-08-20,2021-08-20,Exclude from meeting remediation after verification,,medium,"Label describes civic media, ceremony, promotion, staff event or training rather than deliberation/public input; preserve archive record.",https://fortworthgov.granicus.com/MediaPlayer.php?view_id=10&clip_id=4510,"Dedication of the Pioneer Tower Public Artworks of August 20, 2021 Dedication of the Pioneer Tower Public Artworks of August 20, 2021",https://fortworthgov.granicus.com/MediaPlayer.php?view_id=10&clip_id=4510
dbb0b41bae24,fort-worth-tx,6540eef2dc2e,F,Fort Worth Forward - Episode 1 Fort Worth Forward - Episode 1,Fort Worth Forward - Episode 1,1,2021-07-27,2021-07-27,Exclude from meeting remediation after verification,,medium,"Label describes civic media, ceremony, promotion, staff event or training rather than deliberation/public input; preserve archive record.",https://fortworthgov.granicus.com/MediaPlayer.php?view_id=10&clip_id=4465,Fort Worth Forward - Episode 1 Fort Worth Forward - Episode 1,https://fortworthgov.granicus.com/MediaPlayer.php?view_id=10&clip_id=4465
cac369afd9c2,fort-worth-tx,6540eef2dc2e,F,"2018 Neighborhood Awards - February 16, 2019 2018 Neighborhood Awards",2018 Neighborhood Awards -,1,2019-02-16,2019-02-16,Exclude from meeting remediation after verification,,medium,"Label describes civic media, ceremony, promotion, staff event or training rather than deliberation/public input; preserve archive record.",https://fortworthgov.granicus.com/MediaPlayer.php?view_id=10&clip_id=3130,"2018 Neighborhood Awards - February 16, 2019 2018 Neighborhood Awards - February 16, 2019",https://fortworthgov.granicus.com/MediaPlayer.php?view_id=10&clip_id=3130
ba8e88865f37,fort-worth-tx,6540eef2dc2e,D,Juneteenth 2017: A Conversation With Opal Lee Juneteenth 2017: A Conversation With Opal Lee,Juneteenth 2017: A Conversation With Opal Lee,1,2017-06-19,2017-06-19,Community Public Input aggregate after recording verification,fort-worth-tx-community-public-input,low,Likely public participation or project discussion; inspect recording/agenda before treating a topic-only label as a meeting.,https://fortworthgov.granicus.com/MediaPlayer.php?view_id=10&clip_id=2730,Juneteenth 2017: A Conversation With Opal Lee Juneteenth 2017: A Conversation With Opal Lee,https://fortworthgov.granicus.com/MediaPlayer.php?view_id=10&clip_id=2730
13cdba3c92cd,fort-worth-tx,6540eef2dc2e,F,Hispanic Heritage Festival 2015 - Mariachi Band Hispanic Heritage Festival 2015 - Mariachi Band,Hispanic Heritage Festival 2015 - Mariachi Band,1,2015-10-01,2015-10-01,Exclude from meeting remediation after verification,,medium,"Label describes civic media, ceremony, promotion, staff event or training rather than deliberation/public input; preserve archive record.",https://fortworthgov.granicus.com/MediaPlayer.php?view_id=10&clip_id=2422,Hispanic Heritage Festival 2015 - Mariachi Band Hispanic Heritage Festival 2015 - Mariachi Band,https://fortworthgov.granicus.com/MediaPlayer.php?view_id=10&clip_id=2422
2319371f3438,fort-worth-tx,6540eef2dc2e,G,"Fort Worth Chamber of Commerce 133rd Annual Meeting, June 5, 2015 Fort Worth Chamber of Commerce 133rd Annual Meeting, June 5, 2015","Fort Worth Chamber of Commerce 133rd Annual Meeting,",1,2015-06-23,2015-06-23,Investigate,,low,Title alone does not establish a safe public-meeting identity; inspect official recording/agenda.,https://fortworthgov.granicus.com/MediaPlayer.php?view_id=10&clip_id=2230,"Fort Worth Chamber of Commerce 133rd Annual Meeting, June 5, 2015 Fort Worth Chamber of Commerce 133rd Annual Meeting, June 5, 2015",https://fortworthgov.granicus.com/MediaPlayer.php?view_id=10&clip_id=2230
eebf9b09a7de,fort-worth-tx,6540eef2dc2e,G,"Fort Worth Metropolitan Black Chamber of Commerce 35th Annual luncheon: June 19, 2015 Fort Worth Metropolitan Black Chamber of Commerce 35th Annual luncheon: June 19, 2015",Fort Worth Metropolitan Black Chamber of Commerce 35th Annual luncheon:,1,2015-06-19,2015-06-19,Investigate,,low,Title alone does not establish a safe public-meeting identity; inspect official recording/agenda.,https://fortworthgov.granicus.com/MediaPlayer.php?view_id=10&clip_id=2234,"Fort Worth Metropolitan Black Chamber of Commerce 35th Annual luncheon: June 19, 2015 Fort Worth Metropolitan Black Chamber of Commerce 35th Annual luncheon: June 19, 2015",https://fortworthgov.granicus.com/MediaPlayer.php?view_id=10&clip_id=2234
f740a4368d25,fort-worth-tx,6540eef2dc2e,F,"Juneteenth Celebration at City Hall on June 14, 2013 Juneteenth Celebration at City Hall on June 14, 2013",Juneteenth Celebration at City Hall on,1,2013-06-20,2013-06-20,Exclude from meeting remediation after verification,,medium,"Label describes civic media, ceremony, promotion, staff event or training rather than deliberation/public input; preserve archive record.",https://fortworthgov.granicus.com/MediaPlayer.php?view_id=10&clip_id=1703,"Juneteenth Celebration at City Hall on June 14, 2013 Juneteenth Celebration at City Hall on June 14, 2013",https://fortworthgov.granicus.com/MediaPlayer.php?view_id=10&clip_id=1703
5765b09083c6,fort-worth-tx,6540eef2dc2e,F,"Bike Share Program Kick-Off of April 22, 2013 Bike Share Program Kick-Off of April 22, 2013",Bike Share Program Kick-Off,1,2013-04-22,2013-04-22,Exclude civic media/event after verification,,medium,"Civic event, promotion, staff guidance or media rather than a public deliberative/input meeting; preserve archive record.",https://fortworthgov.granicus.com/MediaPlayer.php?view_id=10&clip_id=1668,"Bike Share Program Kick-Off of April 22, 2013 Bike Share Program Kick-Off of April 22, 2013",https://fortworthgov.granicus.com/MediaPlayer.php?view_id=10&clip_id=1668
751c11d6d1ff,fort-worth-tx,6540eef2dc2e,F,Texas Girls Choir Christmas GIFT Concert 2011 Texas Girls Choir Christmas GIFT Concert 2011,Texas Girls Choir Christmas GIFT Concert 2011,1,2011-12-12,2011-12-12,Exclude from meeting remediation after verification,,medium,"Label describes civic media, ceremony, promotion, staff event or training rather than deliberation/public input; preserve archive record.",https://fortworthgov.granicus.com/MediaPlayer.php?view_id=10&clip_id=1333,Texas Girls Choir Christmas GIFT Concert 2011 Texas Girls Choir Christmas GIFT Concert 2011,https://fortworthgov.granicus.com/MediaPlayer.php?view_id=10&clip_id=1333
0aa70b4df5a2,fort-worth-tx,6540eef2dc2e,E,COVID-19 Community Update COVID-19 Community Update,COVID-19 Community Update,6,2020-03-31,2021-08-02,Offer Public Briefings aggregate,fort-worth-tx-public-briefings,medium,"Official public information briefing, distinct from a board or Council session; review news clips before inclusion.",https://fortworthgov.granicus.com/MediaPlayer.php?view_id=10&clip_id=4475,COVID-19 Community Update COVID-19 Community Update,https://fortworthgov.granicus.com/MediaPlayer.php?view_id=10&clip_id=4475
6fd1fe0825bc,fort-worth-tx,6540eef2dc2e,E,COVID-19 Community Update (Spanish) COVID-19 Community Update (Spanish),COVID-19 Community Update (Spanish),46,2020-03-17,2020-04-17,Offer Public Briefings aggregate,fort-worth-tx-public-briefings,medium,"Official public information briefing, distinct from a board or Council session; review news clips before inclusion.",https://fortworthgov.granicus.com/MediaPlayer.php?view_id=10&clip_id=3637,COVID-19 Community Update (Spanish) COVID-19 Community Update (Spanish),https://fortworthgov.granicus.com/MediaPlayer.php?view_id=10&clip_id=3637
e33f9f850c1f,fort-worth-tx,6540eef2dc2e,E,COVID-19 Community Update (English) COVID-19 Community Update (English),COVID-19 Community Update (English),46,2020-03-17,2020-04-17,Offer Public Briefings aggregate,fort-worth-tx-public-briefings,medium,"Official public information briefing, distinct from a board or Council session; review news clips before inclusion.",https://fortworthgov.granicus.com/MediaPlayer.php?view_id=10&clip_id=3636,COVID-19 Community Update (English) COVID-19 Community Update (English),https://fortworthgov.granicus.com/MediaPlayer.php?view_id=10&clip_id=3636
13c49451cba0,fort-worth-tx,6540eef2dc2e,E,COVID-19 Press Conference COVID-19 Press Conference,COVID-19 Press Conference,2,2020-03-24,2020-03-24,Offer Public Briefings aggregate,fort-worth-tx-public-briefings,medium,"Official public information briefing, distinct from a board or Council session; review news clips before inclusion.",https://fortworthgov.granicus.com/MediaPlayer.php?view_id=10&clip_id=3562,COVID-19 Press Conference COVID-19 Press Conference,https://fortworthgov.granicus.com/MediaPlayer.php?view_id=10&clip_id=3562
77f273fc7604,fort-worth-tx,6540eef2dc2e,F,It's Your Fort Worth: Fort Worth Funky It's Your Fort Worth: Fort Worth Funky,It's Your Fort Worth: Fort Worth Funky,2,2014-01-27,2014-01-27,Exclude from meeting remediation after verification,,medium,"Label describes civic media, ceremony, promotion, staff event or training rather than deliberation/public input; preserve archive record.",https://fortworthgov.granicus.com/MediaPlayer.php?view_id=10&clip_id=1865,It's Your Fort Worth: Fort Worth Funky It's Your Fort Worth: Fort Worth Funky,https://fortworthgov.granicus.com/MediaPlayer.php?view_id=10&clip_id=1865
b9f665153dd7,fort-worth-tx,6540eef2dc2e,B,Minority Leaders and Citzen's Council Minority Leaders and Citzen's Council,Minority Leaders and Citzen's Council,2,2017-04-12,2017-04-12,Create/reuse distinct named public-body feed,fort-worth-tx-minority-leaders-and-citzen-s-council,medium,Named public body; few surviving recordings do not make it a one-off of another body. Verify identity and aliases before creation.,https://fortworthgov.granicus.com/MediaPlayer.php?view_id=10&clip_id=2718,Minority Leaders and Citzen's Council Minority Leaders and Citzen's Council,https://fortworthgov.granicus.com/MediaPlayer.php?view_id=10&clip_id=2718
03cd222d4f13,fort-worth-tx,6540eef2dc2e,B,Minority Leaders and Citizen's Council Minority Leaders and Citizen's Council,Minority Leaders and Citizen's Council,54,2009-12-16,2017-04-05,Create/reuse distinct named public-body feed,fort-worth-tx-minority-leaders-and-citizen-s-council,medium,Named public body; few surviving recordings do not make it a one-off of another body. Verify identity and aliases before creation.,https://fortworthgov.granicus.com/MediaPlayer.php?view_id=10&clip_id=2717,Minority Leaders and Citizen's Council Minority Leaders and Citizen's Council,https://fortworthgov.granicus.com/MediaPlayer.php?view_id=10&clip_id=2717
fc365c0f8b53,fort-worth-tx,6540eef2dc2e,F,"Fort Worth Business Plan Competition Finals | October 14, 2025 Fort Worth Business Plan Competition Finals | October 14, 2025",Fort Worth Business Plan Competition Finals |,2,2025-10-14,2025-10-14,Exclude civic media/event after verification,,medium,"Civic event, promotion, staff guidance or media rather than a public deliberative/input meeting; preserve archive record.",https://fortworthgov.granicus.com/MediaPlayer.php?view_id=10&clip_id=5987,"Fort Worth Business Plan Competition Finals | October 14, 2025 Fort Worth Business Plan Competition Finals | October 14, 2025",https://fortworthgov.granicus.com/MediaPlayer.php?view_id=10&clip_id=5987
b945a615d760,fort-worth-tx,6540eef2dc2e,D,Future Downtown Library Community Report Future Downtown Library Community Report,Future Downtown Library Community Report,2,2025-10-01,2025-10-01,Community Public Input aggregate after recording verification,fort-worth-tx-community-public-input,low,Likely public participation or project discussion; inspect recording/agenda before treating a topic-only label as a meeting.,https://fortworthgov.granicus.com/MediaPlayer.php?view_id=10&clip_id=5971,Future Downtown Library Community Report Future Downtown Library Community Report,https://fortworthgov.granicus.com/MediaPlayer.php?view_id=10&clip_id=5971
3f4c8b6c98cd,fort-worth-tx,6540eef2dc2e,B,RESEARCH & INNOVATION LOCAL GOVERNMENT CORP. (immediately following LDC) RESEARCH & INNOVATION LOCAL GOVERNMENT CORP. (immediately following LDC),RESEARCH & INNOVATION LOCAL GOVERNMENT CORP. (immediately following LDC),2,2025-08-26,2025-08-26,Create/reuse named parent after alias verification,fort-worth-tx-research-innovation-local-government-corp-immediately-following-ldc,medium,Public-body identity appears in an abbreviated or title-only variant; consolidate with the verified named parent.,https://fortworthgov.granicus.com/MediaPlayer.php?view_id=10&clip_id=5931,RESEARCH & INNOVATION LOCAL GOVERNMENT CORP. (immediately following LDC) RESEARCH & INNOVATION LOCAL GOVERNMENT CORP. (immediately following LDC),https://fortworthgov.granicus.com/MediaPlayer.php?view_id=10&clip_id=5931
a0893c0d82bc,fort-worth-tx,6540eef2dc2e,E,"Police Chief Press Conference | August 22, 2025 Police Chief Press Conference | August 22, 2025",Police Chief Press Conference |,2,2025-08-22,2025-08-22,Offer Public Briefings aggregate,fort-worth-tx-public-briefings,medium,"Official public information briefing, distinct from a board or Council session; review news clips before inclusion.",https://fortworthgov.granicus.com/MediaPlayer.php?view_id=10&clip_id=5924,"Police Chief Press Conference | August 22, 2025 Police Chief Press Conference | August 22, 2025",https://fortworthgov.granicus.com/MediaPlayer.php?view_id=10&clip_id=5924
b83f749fd110,fort-worth-tx,6540eef2dc2e,B,Local Development Corporation Local Development Corporation,Local Development Corporation,8,2021-04-20,2025-02-25,Create/reuse distinct named public-body feed,fort-worth-tx-local-development-corporation,medium,Named public body; few surviving recordings do not make it a one-off of another body. Verify identity and aliases before creation.,https://fortworthgov.granicus.com/MediaPlayer.php?view_id=10&clip_id=5745,Local Development Corporation Local Development Corporation,https://fortworthgov.granicus.com/MediaPlayer.php?view_id=10&clip_id=5745
04b902f31bd5,fort-worth-tx,6540eef2dc2e,B,Entrepreneurship and Innovation Committee Entrepreneurship and Innovation Committee,Entrepreneurship and Innovation Committee,34,2022-02-08,2025-02-04,Create/reuse distinct named public-body feed,fort-worth-tx-entrepreneurship-and-innovation-committee,medium,Named public body; few surviving recordings do not make it a one-off of another body. Verify identity and aliases before creation.,https://fortworthgov.granicus.com/MediaPlayer.php?view_id=10&clip_id=5719,Entrepreneurship and Innovation Committee Entrepreneurship and Innovation Committee,https://fortworthgov.granicus.com/MediaPlayer.php?view_id=10&clip_id=5719
d3ded0619f10,fort-worth-tx,6540eef2dc2e,B,Neighborhood Quality and Revitalization Committee Neighborhood Quality and Revitalization Committee,Neighborhood Quality and Revitalization Committee,46,2021-12-14,2024-12-10,Create/reuse distinct named public-body feed,fort-worth-tx-neighborhood-quality-and-revitalization-committee,medium,Named public body; few surviving recordings do not make it a one-off of another body. Verify identity and aliases before creation.,https://fortworthgov.granicus.com/MediaPlayer.php?view_id=10&clip_id=5694,Neighborhood Quality and Revitalization Committee Neighborhood Quality and Revitalization Committee,https://fortworthgov.granicus.com/MediaPlayer.php?view_id=10&clip_id=5694
2c9e3a8126c4,fort-worth-tx,6540eef2dc2e,F,"Juneteenth Employee Celebration of June 13, 2024 Juneteenth Employee Celebration of June 13, 2024",Juneteenth Employee Celebration,2,2024-06-13,2024-06-13,Exclude from meeting remediation after verification,,medium,"Label describes civic media, ceremony, promotion, staff event or training rather than deliberation/public input; preserve archive record.",https://fortworthgov.granicus.com/MediaPlayer.php?view_id=10&clip_id=5559,"Juneteenth Employee Celebration of June 13, 2024 Juneteenth Employee Celebration of June 13, 2024",https://fortworthgov.granicus.com/MediaPlayer.php?view_id=10&clip_id=5559
436b86039eb4,fort-worth-tx,6540eef2dc2e,G,"Crime Control Prevention District, Fort Worth LDC, Central City LDC, Research & Innovation LGC, and Fort Worth HFC Crime Control Prevention District, Fort Worth LDC, Central City LDC, Research & Innovation LGC, and Fort Worth HFC","Crime Control Prevention District, Fort Worth LDC, Central City LDC, Research & Innovation LGC, and Fort Worth HFC",2,2024-05-21,2024-05-21,Investigate,,low,Title alone does not establish a safe public-meeting identity; inspect official recording/agenda.,https://fortworthgov.granicus.com/MediaPlayer.php?view_id=10&clip_id=5540,"Crime Control Prevention District, Fort Worth LDC, Central City LDC, Research & Innovation LGC, and Fort Worth HFC Crime Control Prevention District, Fort Worth LDC, Central City LDC, Research & Innovation LGC, and Fort Worth HFC",https://fortworthgov.granicus.com/MediaPlayer.php?view_id=10&clip_id=5540
9d7ce5b76e90,fort-worth-tx,6540eef2dc2e,F,"Asian American Pacific Islander Heritage Month program of May 9, 2024 Asian American Pacific Islander Heritage Month program of May 9, 2024",Asian American Pacific Islander Heritage Month program,2,2024-05-09,2024-05-09,Exclude civic media/event after verification,,medium,"Civic event, promotion, staff guidance or media rather than a public deliberative/input meeting; preserve archive record.",https://fortworthgov.granicus.com/MediaPlayer.php?view_id=10&clip_id=5526,"Asian American Pacific Islander Heritage Month program of May 9, 2024 Asian American Pacific Islander Heritage Month program of May 9, 2024",https://fortworthgov.granicus.com/MediaPlayer.php?view_id=10&clip_id=5526
fe0e8ee0a4fe,fort-worth-tx,6540eef2dc2e,D,TCEQ Public Meeting on Proposed Concrete Batch Plant TCEQ Public Meeting on Proposed Concrete Batch Plant,TCEQ Public Meeting on Proposed Concrete Batch Plant,2,2024-04-15,2024-04-15,Create/reuse Community Public Input aggregate,fort-worth-tx-community-public-input,medium,"Project/district/date variants of public participation; combine at city level, exclude generic promotional videos.",https://fortworthgov.granicus.com/MediaPlayer.php?view_id=10&clip_id=5492,TCEQ Public Meeting on Proposed Concrete Batch Plant TCEQ Public Meeting on Proposed Concrete Batch Plant,https://fortworthgov.granicus.com/MediaPlayer.php?view_id=10&clip_id=5492
c8b47b8041bf,fort-worth-tx,6540eef2dc2e,D,District 6 Open House District 6 Open House,District 6 Open House,4,2023-04-13,2024-04-11,Community Public Input aggregate after recording verification,fort-worth-tx-community-public-input,low,Likely public participation or project discussion; inspect recording/agenda before treating a topic-only label as a meeting.,https://fortworthgov.granicus.com/MediaPlayer.php?view_id=10&clip_id=5488,District 6 Open House District 6 Open House,https://fortworthgov.granicus.com/MediaPlayer.php?view_id=10&clip_id=5488
c1128727d567,fort-worth-tx,6540eef2dc2e,D,Police Oversight Community Meeting Police Oversight Community Meeting,Police Oversight Community Meeting,2,2024-03-26,2024-03-26,Create/reuse Community Public Input aggregate,fort-worth-tx-community-public-input,medium,"Project/district/date variants of public participation; combine at city level, exclude generic promotional videos.",https://fortworthgov.granicus.com/MediaPlayer.php?view_id=10&clip_id=5471,Police Oversight Community Meeting Police Oversight Community Meeting,https://fortworthgov.granicus.com/MediaPlayer.php?view_id=10&clip_id=5471
7191b612d113,fort-worth-tx,6540eef2dc2e,B,"Local Development Corporation of March 26, 2024 Local Development Corporation of March 26, 2024",Local Development Corporation,2,2024-03-26,2024-03-26,Create/reuse distinct named public-body feed,fort-worth-tx-local-development-corporation,medium,Named public body; few surviving recordings do not make it a one-off of another body. Verify identity and aliases before creation.,https://fortworthgov.granicus.com/MediaPlayer.php?view_id=10&clip_id=5466,"Local Development Corporation of March 26, 2024 Local Development Corporation of March 26, 2024",https://fortworthgov.granicus.com/MediaPlayer.php?view_id=10&clip_id=5466
81f1522f23f5,fort-worth-tx,6540eef2dc2e,F,The Mayor's 2023 Neighborhood Awards The Mayor's 2023 Neighborhood Awards,The Mayor's 2023 Neighborhood Awards,2,2024-03-02,2024-03-02,Exclude from meeting remediation after verification,,medium,"Label describes civic media, ceremony, promotion, staff event or training rather than deliberation/public input; preserve archive record.",https://fortworthgov.granicus.com/MediaPlayer.php?view_id=10&clip_id=5437,The Mayor's 2023 Neighborhood Awards The Mayor's 2023 Neighborhood Awards,https://fortworthgov.granicus.com/MediaPlayer.php?view_id=10&clip_id=5437
c23baf0630f1,fort-worth-tx,6540eef2dc2e,F,"Black History Month - ""Afrofuturism: Imagining the Future While Honoring the Past"" Black History Month - ""Afrofuturism: Imagining the Future While Honoring the Past""","Black History Month - ""Afrofuturism: Imagining the Future While Honoring the Past""",2,2024-02-15,2024-02-15,Exclude civic media/event after verification,,medium,"Civic event, promotion, staff guidance or media rather than a public deliberative/input meeting; preserve archive record.",https://fortworthgov.granicus.com/MediaPlayer.php?view_id=10&clip_id=5420,"Black History Month - ""Afrofuturism: Imagining the Future While Honoring the Past"" Black History Month - ""Afrofuturism: Imagining the Future While Honoring the Past""",https://fortworthgov.granicus.com/MediaPlayer.php?view_id=10&clip_id=5420
8736ddf8e996,fort-worth-tx,6540eef2dc2e,D,"Evans & Rosedale Community Meeting of February 7, 2024 Evans & Rosedale Community Meeting of February 7, 2024",Evans & Rosedale Community Meeting,2,2024-02-08,2024-02-08,Create/reuse Community Public Input aggregate,fort-worth-tx-community-public-input,medium,"Project/district/date variants of public participation; combine at city level, exclude generic promotional videos.",https://fortworthgov.granicus.com/MediaPlayer.php?view_id=10&clip_id=5410,"Evans & Rosedale Community Meeting of February 7, 2024 Evans & Rosedale Community Meeting of February 7, 2024",https://fortworthgov.granicus.com/MediaPlayer.php?view_id=10&clip_id=5410
8912784a2e30,fort-worth-tx,6540eef2dc2e,F,Texas Rangers World Champions Trophy & Key To The City Presentation Texas Rangers World Champions Trophy & Key To The City Presentation,Texas Rangers World Champions Trophy & Key To The City Presentation,2,2023-11-09,2023-11-09,Exclude civic media/event after verification,,medium,"Civic event, promotion, staff guidance or media rather than a public deliberative/input meeting; preserve archive record.",https://fortworthgov.granicus.com/MediaPlayer.php?view_id=10&clip_id=5328,Texas Rangers World Champions Trophy & Key To The City Presentation Texas Rangers World Champions Trophy & Key To The City Presentation,https://fortworthgov.granicus.com/MediaPlayer.php?view_id=10&clip_id=5328
e4b34afad241,fort-worth-tx,6540eef2dc2e,F,Native American Heritage Month Celebration Native American Heritage Month Celebration,Native American Heritage Month Celebration,2,2023-11-02,2023-11-02,Exclude from meeting remediation after verification,,medium,"Label describes civic media, ceremony, promotion, staff event or training rather than deliberation/public input; preserve archive record.",https://fortworthgov.granicus.com/MediaPlayer.php?view_id=10&clip_id=5319,Native American Heritage Month Celebration Native American Heritage Month Celebration,https://fortworthgov.granicus.com/MediaPlayer.php?view_id=10&clip_id=5319
b7fd9641ea4f,fort-worth-tx,6540eef2dc2e,D,Redevelopment Of Community Arts Center at 1300 Gendy Street - Public Meeting Redevelopment Of Community Arts Center at 1300 Gendy Street - Public Meeting,Redevelopment Of Community Arts Center at 1300 Gendy Street - Public Meeting,2,2023-10-11,2023-10-11,Create/reuse Community Public Input aggregate,fort-worth-tx-community-public-input,medium,"Project/district/date variants of public participation; combine at city level, exclude generic promotional videos.",https://fortworthgov.granicus.com/MediaPlayer.php?view_id=10&clip_id=5305,Redevelopment Of Community Arts Center at 1300 Gendy Street - Public Meeting Redevelopment Of Community Arts Center at 1300 Gendy Street - Public Meeting,https://fortworthgov.granicus.com/MediaPlayer.php?view_id=10&clip_id=5305
57323491bac2,fort-worth-tx,6540eef2dc2e,A,Fort Worth State of the City 2023 | Mayor Mattie Parker Fort Worth State of the City 2023 | Mayor Mattie Parker,Fort Worth State of the City 2023 | Mayor Mattie Parker,2,2023-10-06,2023-10-06,Expand parent selector or exact inclusion,fort-worth-tx-state-of-city,medium,Existing parent is a plausible match; abbreviations/subordinate/joint bodies still require ownership confirmation.,https://fortworthgov.granicus.com/MediaPlayer.php?view_id=10&clip_id=5291,Fort Worth State of the City 2023 | Mayor Mattie Parker Fort Worth State of the City 2023 | Mayor Mattie Parker,https://fortworthgov.granicus.com/MediaPlayer.php?view_id=10&clip_id=5291
555ee97df0e3,fort-worth-tx,6540eef2dc2e,F,"Hispanic Heritage Month Employee Celebration of September 28, 2023 Hispanic Heritage Month Employee Celebration of September 28, 2023",Hispanic Heritage Month Employee Celebration,2,2023-09-28,2023-09-28,Exclude from meeting remediation after verification,,medium,"Label describes civic media, ceremony, promotion, staff event or training rather than deliberation/public input; preserve archive record.",https://fortworthgov.granicus.com/MediaPlayer.php?view_id=10&clip_id=5288,"Hispanic Heritage Month Employee Celebration of September 28, 2023 Hispanic Heritage Month Employee Celebration of September 28, 2023",https://fortworthgov.granicus.com/MediaPlayer.php?view_id=10&clip_id=5288
afd808c0a50d,fort-worth-tx,6540eef2dc2e,D,Neighborhood Conservation Plan & Housing Affordability Strategy Meeting Neighborhood Conservation Plan & Housing Affordability Strategy Meeting,Neighborhood Conservation Plan & Housing Affordability Strategy Meeting,2,2023-08-16,2023-08-16,Create/reuse Community Public Input aggregate,fort-worth-tx-community-public-input,medium,"Project/district/date variants of public participation; combine at city level, exclude generic promotional videos.",https://fortworthgov.granicus.com/MediaPlayer.php?view_id=10&clip_id=5246,Neighborhood Conservation Plan & Housing Affordability Strategy Meeting Neighborhood Conservation Plan & Housing Affordability Strategy Meeting,https://fortworthgov.granicus.com/MediaPlayer.php?view_id=10&clip_id=5246
af8334f67fc0,fort-worth-tx,6540eef2dc2e,D,"Ray White Road Widening Improvements meeting of August 10, 2023 Ray White Road Widening Improvements meeting of August 10, 2023",Ray White Road Widening Improvements meeting,2,2023-08-11,2023-08-11,Create/reuse Community Public Input aggregate,fort-worth-tx-community-public-input,medium,"Project/district/date variants of public participation; combine at city level, exclude generic promotional videos.",https://fortworthgov.granicus.com/MediaPlayer.php?view_id=10&clip_id=5238,"Ray White Road Widening Improvements meeting of August 10, 2023 Ray White Road Widening Improvements meeting of August 10, 2023",https://fortworthgov.granicus.com/MediaPlayer.php?view_id=10&clip_id=5238
2baca898fa76,fort-worth-tx,6540eef2dc2e,D,"Convention Center District Expansion Town Hall Meeting of August 9, 2023 Convention Center District Expansion Town Hall Meeting of August 9, 2023",Convention Center District Expansion Town Hall Meeting,2,2023-08-09,2023-08-09,Create/reuse Community Public Input aggregate,fort-worth-tx-community-public-input,medium,"Project/district/date variants of public participation; combine at city level, exclude generic promotional videos.",https://fortworthgov.granicus.com/MediaPlayer.php?view_id=10&clip_id=5237,"Convention Center District Expansion Town Hall Meeting of August 9, 2023 Convention Center District Expansion Town Hall Meeting of August 9, 2023",https://fortworthgov.granicus.com/MediaPlayer.php?view_id=10&clip_id=5237
dbea00edc7c7,fort-worth-tx,6540eef2dc2e,D,Stop Six Neighborhood Hub Community Meeting Stop Six Neighborhood Hub Community Meeting,Stop Six Neighborhood Hub Community Meeting,2,2023-08-05,2023-08-05,Create/reuse Community Public Input aggregate,fort-worth-tx-community-public-input,medium,"Project/district/date variants of public participation; combine at city level, exclude generic promotional videos.",https://fortworthgov.granicus.com/MediaPlayer.php?view_id=10&clip_id=5231,Stop Six Neighborhood Hub Community Meeting Stop Six Neighborhood Hub Community Meeting,https://fortworthgov.granicus.com/MediaPlayer.php?view_id=10&clip_id=5231
7c03632975af,fort-worth-tx,6540eef2dc2e,E,"Press Conference of June 24, 2023 Press Conference of June 24, 2023",Press Conference,2,2023-06-24,2023-06-24,Offer Public Briefings aggregate,fort-worth-tx-public-briefings,medium,"Official public information briefing, distinct from a board or Council session; review news clips before inclusion.",https://fortworthgov.granicus.com/MediaPlayer.php?view_id=10&clip_id=5190,"Press Conference of June 24, 2023 Press Conference of June 24, 2023",https://fortworthgov.granicus.com/MediaPlayer.php?view_id=10&clip_id=5190
24dbb613caa9,fort-worth-tx,6540eef2dc2e,G,Pride Month - More Than 50 Years Of Pride In Tarrant County Granicus Pride Month - More Than 50 Years Of Pride In Tarrant County Granicus,Pride Month - More Than 50 Years Of Pride In Tarrant County Granicus,2,2023-06-23,2023-06-23,Investigate,,low,Title alone does not establish a safe public-meeting identity; inspect official recording/agenda.,https://fortworthgov.granicus.com/MediaPlayer.php?view_id=10&clip_id=5189,Pride Month - More Than 50 Years Of Pride In Tarrant County Granicus Pride Month - More Than 50 Years Of Pride In Tarrant County Granicus,https://fortworthgov.granicus.com/MediaPlayer.php?view_id=10&clip_id=5189
c8201f0f32e5,fort-worth-tx,6540eef2dc2e,E,"City of Fort Worth summer heat messaging overview of June 22, 2023 City of Fort Worth summer heat messaging overview of June 22, 2023",City of Fort Worth summer heat messaging overview,2,2023-06-22,2023-06-22,Public Briefings aggregate after recording verification,fort-worth-tx-public-briefings,low,Likely official briefing/report; verify public proceedings rather than a standalone informational video.,https://fortworthgov.granicus.com/MediaPlayer.php?view_id=10&clip_id=5187,"City of Fort Worth summer heat messaging overview of June 22, 2023 City of Fort Worth summer heat messaging overview of June 22, 2023",https://fortworthgov.granicus.com/MediaPlayer.php?view_id=10&clip_id=5187
3ef06440a247,fort-worth-tx,6540eef2dc2e,D,"Echo Heights Public Meeting of June 12, 2023 Echo Heights Public Meeting of June 12, 2023",Echo Heights Public Meeting,2,2023-06-15,2023-06-15,Create/reuse Community Public Input aggregate,fort-worth-tx-community-public-input,medium,"Project/district/date variants of public participation; combine at city level, exclude generic promotional videos.",https://fortworthgov.granicus.com/MediaPlayer.php?view_id=10&clip_id=5182,"Echo Heights Public Meeting of June 12, 2023 Echo Heights Public Meeting of June 12, 2023",https://fortworthgov.granicus.com/MediaPlayer.php?view_id=10&clip_id=5182
5ddb4d5b810f,fort-worth-tx,6540eef2dc2e,F,"City of Fort Worth Juneteenth Employee Celebration of June 15, 2023 City of Fort Worth Juneteenth Employee Celebration of June 15, 2023",City of Fort Worth Juneteenth Employee Celebration,2,2023-06-15,2023-06-15,Exclude from meeting remediation after verification,,medium,"Label describes civic media, ceremony, promotion, staff event or training rather than deliberation/public input; preserve archive record.",https://fortworthgov.granicus.com/MediaPlayer.php?view_id=10&clip_id=5177,"City of Fort Worth Juneteenth Employee Celebration of June 15, 2023 City of Fort Worth Juneteenth Employee Celebration of June 15, 2023",https://fortworthgov.granicus.com/MediaPlayer.php?view_id=10&clip_id=5177
5d87ee04183b,fort-worth-tx,6540eef2dc2e,F,Pride Month 2023 Employee Program Pride Month 2023 Employee Program,Pride Month 2023 Employee Program,2,2023-06-01,2023-06-01,Exclude from meeting remediation after verification,,medium,"Label describes civic media, ceremony, promotion, staff event or training rather than deliberation/public input; preserve archive record.",https://fortworthgov.granicus.com/MediaPlayer.php?view_id=10&clip_id=5165,Pride Month 2023 Employee Program Pride Month 2023 Employee Program,https://fortworthgov.granicus.com/MediaPlayer.php?view_id=10&clip_id=5165
eb7b98d7f2e2,fort-worth-tx,6540eef2dc2e,D,Public Forum for Police Oversight Monitor Candidates Public Forum for Police Oversight Monitor Candidates,Public Forum for Police Oversight Monitor Candidates,2,2023-05-31,2023-05-31,Create/reuse Community Public Input aggregate,fort-worth-tx-community-public-input,medium,"Project/district/date variants of public participation; combine at city level, exclude generic promotional videos.",https://fortworthgov.granicus.com/MediaPlayer.php?view_id=10&clip_id=5164,Public Forum for Police Oversight Monitor Candidates Public Forum for Police Oversight Monitor Candidates,https://fortworthgov.granicus.com/MediaPlayer.php?view_id=10&clip_id=5164
dce877438637,fort-worth-tx,6540eef2dc2e,F,"The Asian Tradition Of Meditation And Mindfulness of May 11, 2023 The Asian Tradition Of Meditation And Mindfulness of May 11, 2023",The Asian Tradition Of Meditation And Mindfulness,2,2023-05-11,2023-05-11,Exclude civic media/event after verification,,medium,"Civic event, promotion, staff guidance or media rather than a public deliberative/input meeting; preserve archive record.",https://fortworthgov.granicus.com/MediaPlayer.php?view_id=10&clip_id=5147,"The Asian Tradition Of Meditation And Mindfulness of May 11, 2023 The Asian Tradition Of Meditation And Mindfulness of May 11, 2023",https://fortworthgov.granicus.com/MediaPlayer.php?view_id=10&clip_id=5147
c06211fb3fd6,fort-worth-tx,6540eef2dc2e,F,The Asian Tradition of Meditation and Mindfulness The Asian Tradition of Meditation and Mindfulness,The Asian Tradition of Meditation and Mindfulness,2,2023-05-11,2023-05-11,Exclude civic media/event after verification,,medium,"Civic event, promotion, staff guidance or media rather than a public deliberative/input meeting; preserve archive record.",https://fortworthgov.granicus.com/MediaPlayer.php?view_id=10&clip_id=5146,The Asian Tradition of Meditation and Mindfulness The Asian Tradition of Meditation and Mindfulness,https://fortworthgov.granicus.com/MediaPlayer.php?view_id=10&clip_id=5146
423aed172d79,fort-worth-tx,6540eef2dc2e,F,"Business Plan Competition Finals of May 11, 2023 Business Plan Competition Finals of May 11, 2023",Business Plan Competition Finals,2,2023-05-11,2023-05-11,Exclude civic media/event after verification,,medium,"Civic event, promotion, staff guidance or media rather than a public deliberative/input meeting; preserve archive record.",https://fortworthgov.granicus.com/MediaPlayer.php?view_id=10&clip_id=5148,"Business Plan Competition Finals of May 11, 2023 Business Plan Competition Finals of May 11, 2023",https://fortworthgov.granicus.com/MediaPlayer.php?view_id=10&clip_id=5148
a89c6807e620,fort-worth-tx,6540eef2dc2e,D,1300 Gendy Task Force Public Meeting 1300 Gendy Task Force Public Meeting,1300 Gendy Task Force Public Meeting,2,2023-03-30,2023-03-30,Create/reuse Community Public Input aggregate,fort-worth-tx-community-public-input,medium,"Project/district/date variants of public participation; combine at city level, exclude generic promotional videos.",https://fortworthgov.granicus.com/MediaPlayer.php?view_id=10&clip_id=5108,1300 Gendy Task Force Public Meeting 1300 Gendy Task Force Public Meeting,https://fortworthgov.granicus.com/MediaPlayer.php?view_id=10&clip_id=5108
7b62c984edbf,fort-worth-tx,6540eef2dc2e,E,"City of Fort Worth Winter Weather Update January 31, 2023 City of Fort Worth Winter Weather Update January 31, 2023",City of Fort Worth Winter Weather Update,2,2023-01-31,2023-01-31,Public Briefings aggregate after recording verification,fort-worth-tx-public-briefings,low,Likely official briefing/report; verify public proceedings rather than a standalone informational video.,https://fortworthgov.granicus.com/MediaPlayer.php?view_id=10&clip_id=5055,"City of Fort Worth Winter Weather Update January 31, 2023 City of Fort Worth Winter Weather Update January 31, 2023",https://fortworthgov.granicus.com/MediaPlayer.php?view_id=10&clip_id=5055
b9be669415d7,fort-worth-tx,6540eef2dc2e,D,"Progress Update - Evans & Rosedale Project meeting of January 19, 2023 Progress Update - Evans & Rosedale Project meeting of January 19, 2023",Progress Update - Evans & Rosedale Project meeting,2,2023-01-20,2023-01-20,Community Public Input aggregate after recording verification,fort-worth-tx-community-public-input,low,Likely public participation or project discussion; inspect recording/agenda before treating a topic-only label as a meeting.,https://fortworthgov.granicus.com/MediaPlayer.php?view_id=10&clip_id=5046,"Progress Update - Evans & Rosedale Project meeting of January 19, 2023 Progress Update - Evans & Rosedale Project meeting of January 19, 2023",https://fortworthgov.granicus.com/MediaPlayer.php?view_id=10&clip_id=5046
f41c38e372f5,fort-worth-tx,6540eef2dc2e,G,Entrepreneurship and Innovation Committee - CANCELED Entrepreneurship and Innovation Committee - CANCELED,Entrepreneurship and Innovation Committee - CANCELED,2,2023-01-10,2023-01-10,Investigate,,low,May be a notice or canceled meeting; inspect whether playable public proceedings exist.,https://fortworthgov.granicus.com/MediaPlayer.php?view_id=10&clip_id=5030,Entrepreneurship and Innovation Committee - CANCELED Entrepreneurship and Innovation Committee - CANCELED,https://fortworthgov.granicus.com/MediaPlayer.php?view_id=10&clip_id=5030
68feb7bd20e4,fort-worth-tx,6540eef2dc2e,D,"District 5 Leadership Meeting of December 17, 2022 District 5 Leadership Meeting of December 17, 2022",District 5 Leadership Meeting,2,2022-12-19,2022-12-19,Community Public Input aggregate after recording verification,fort-worth-tx-community-public-input,low,Likely public participation or project discussion; inspect recording/agenda before treating a topic-only label as a meeting.,https://fortworthgov.granicus.com/MediaPlayer.php?view_id=10&clip_id=5019,"District 5 Leadership Meeting of December 17, 2022 District 5 Leadership Meeting of December 17, 2022",https://fortworthgov.granicus.com/MediaPlayer.php?view_id=10&clip_id=5019
73a3e59dc73b,fort-worth-tx,6540eef2dc2e,D,Altamesa/McCart Safe Community Collaboration Altamesa/McCart Safe Community Collaboration,Altamesa/McCart Safe Community Collaboration,2,2022-12-05,2022-12-05,Community Public Input aggregate after recording verification,fort-worth-tx-community-public-input,low,Likely public participation or project discussion; inspect recording/agenda before treating a topic-only label as a meeting.,https://fortworthgov.granicus.com/MediaPlayer.php?view_id=10&clip_id=5010,Altamesa/McCart Safe Community Collaboration Altamesa/McCart Safe Community Collaboration,https://fortworthgov.granicus.com/MediaPlayer.php?view_id=10&clip_id=5010
2227a79156c9,fort-worth-tx,6540eef2dc2e,F,"Native American Heritage Month Program of November 10, 2022 Native American Heritage Month Program of November 10, 2022",Native American Heritage Month Program,2,2022-11-10,2022-11-10,Exclude civic media/event after verification,,medium,"Civic event, promotion, staff guidance or media rather than a public deliberative/input meeting; preserve archive record.",https://fortworthgov.granicus.com/MediaPlayer.php?view_id=10&clip_id=4984,"Native American Heritage Month Program of November 10, 2022 Native American Heritage Month Program of November 10, 2022",https://fortworthgov.granicus.com/MediaPlayer.php?view_id=10&clip_id=4984
68dfebf0540c,fort-worth-tx,6540eef2dc2e,D,7th Annual Business Fair Panel Discussion 7th Annual Business Fair Panel Discussion,7th Annual Business Fair Panel Discussion,2,2022-11-03,2022-11-03,Community Public Input aggregate after recording verification,fort-worth-tx-community-public-input,low,Likely public participation or project discussion; inspect recording/agenda before treating a topic-only label as a meeting.,https://fortworthgov.granicus.com/MediaPlayer.php?view_id=10&clip_id=4994,7th Annual Business Fair Panel Discussion 7th Annual Business Fair Panel Discussion,https://fortworthgov.granicus.com/MediaPlayer.php?view_id=10&clip_id=4994
96d53bc120b9,fort-worth-tx,6540eef2dc2e,F,Hispanic Heritage Employee Celebration Hispanic Heritage Employee Celebration,Hispanic Heritage Employee Celebration,2,2022-10-06,2022-10-06,Exclude from meeting remediation after verification,,medium,"Label describes civic media, ceremony, promotion, staff event or training rather than deliberation/public input; preserve archive record.",https://fortworthgov.granicus.com/MediaPlayer.php?view_id=10&clip_id=4952,Hispanic Heritage Employee Celebration Hispanic Heritage Employee Celebration,https://fortworthgov.granicus.com/MediaPlayer.php?view_id=10&clip_id=4952
80371c893a45,fort-worth-tx,6540eef2dc2e,A,State Of the City 2022 State Of the City 2022,State Of the City 2022,2,2022-09-30,2022-09-30,Expand parent selector or exact inclusion,fort-worth-tx-state-of-city,medium,Existing parent is a plausible match; abbreviations/subordinate/joint bodies still require ownership confirmation.,https://fortworthgov.granicus.com/MediaPlayer.php?view_id=10&clip_id=4948,State Of the City 2022 State Of the City 2022,https://fortworthgov.granicus.com/MediaPlayer.php?view_id=10&clip_id=4948
7319e3473151,fort-worth-tx,6540eef2dc2e,D,"FY2023 Budget Conversation - August 25, 2022 FY2023 Budget Conversation",FY2023 Budget Conversation -,2,2022-08-25,2022-08-25,Community Public Input aggregate after recording verification,fort-worth-tx-community-public-input,low,Likely public participation or project discussion; inspect recording/agenda before treating a topic-only label as a meeting.,https://fortworthgov.granicus.com/MediaPlayer.php?view_id=10&clip_id=4915,"FY2023 Budget Conversation - August 25, 2022 FY2023 Budget Conversation - August 25, 2022",https://fortworthgov.granicus.com/MediaPlayer.php?view_id=10&clip_id=4915
570ef534ae68,fort-worth-tx,6540eef2dc2e,E,Budget Engagement Meeting - City Manager's presentation Budget Engagement Meeting - City Manager's presentation,Budget Engagement Meeting - City Manager's presentation,2,2022-08-25,2022-08-25,Public Briefings aggregate after recording verification,fort-worth-tx-public-briefings,low,Likely official briefing/report; verify public proceedings rather than a standalone informational video.,https://fortworthgov.granicus.com/MediaPlayer.php?view_id=10&clip_id=4916,Budget Engagement Meeting - City Manager's presentation Budget Engagement Meeting - City Manager's presentation,https://fortworthgov.granicus.com/MediaPlayer.php?view_id=10&clip_id=4916
17e60ec89200,fort-worth-tx,6540eef2dc2e,D,"Neighborhood Quality And Revitalization of August 9, 2022 Neighborhood Quality And Revitalization of August 9, 2022",Neighborhood Quality And Revitalization,2,2022-08-09,2022-08-09,Create/reuse Community Public Input aggregate,fort-worth-tx-community-public-input,medium,"Project/district/date variants of public participation; combine at city level, exclude generic promotional videos.",https://fortworthgov.granicus.com/MediaPlayer.php?view_id=10&clip_id=4881,"Neighborhood Quality And Revitalization of August 9, 2022 Neighborhood Quality And Revitalization of August 9, 2022",https://fortworthgov.granicus.com/MediaPlayer.php?view_id=10&clip_id=4881
492a7b0620f3,fort-worth-tx,6540eef2dc2e,B,Mobility: Infrastructure and Transportation Committee & Neighborhood Quality and Revitalization Committee Mobility: Infrastructure and Transportation Committee & Neighborhood Quality and Revitalization Committee,Mobility: Infrastructure and Transportation Committee & Neighborhood Quality and Revitalization Committee,2,2022-02-08,2022-02-08,Create/reuse distinct named public-body feed,fort-worth-tx-mobility-infrastructure-and-transportation-committee-neighborhood-quality-and-revitalization-committee,medium,Named public body; few surviving recordings do not make it a one-off of another body. Verify identity and aliases before creation.,https://fortworthgov.granicus.com/MediaPlayer.php?view_id=10&clip_id=4683,Mobility: Infrastructure and Transportation Committee & Neighborhood Quality and Revitalization Committee Mobility: Infrastructure and Transportation Committee & Neighborhood Quality and Revitalization Committee,https://fortworthgov.granicus.com/MediaPlayer.php?view_id=10&clip_id=4683
8763318a910a,fort-worth-tx,6540eef2dc2e,G,OPOM: The Changing Landscape of Civilian Oversight in Texas OPOM: The Changing Landscape of Civilian Oversight in Texas,OPOM: The Changing Landscape of Civilian Oversight in Texas,2,2022-01-29,2022-01-29,Investigate,,low,Title alone does not establish a safe public-meeting identity; inspect official recording/agenda.,https://fortworthgov.granicus.com/MediaPlayer.php?view_id=10&clip_id=4677,OPOM: The Changing Landscape of Civilian Oversight in Texas OPOM: The Changing Landscape of Civilian Oversight in Texas,https://fortworthgov.granicus.com/MediaPlayer.php?view_id=10&clip_id=4677
9b6a589f4a92,fort-worth-tx,6540eef2dc2e,G,"CDFI Friendly Fort Worth Kickoff of January 26, 2022 CDFI Friendly Fort Worth Kickoff of January 26, 2022",CDFI Friendly Fort Worth Kickoff,2,2022-01-26,2022-01-26,Investigate,,low,Title alone does not establish a safe public-meeting identity; inspect official recording/agenda.,https://fortworthgov.granicus.com/MediaPlayer.php?view_id=10&clip_id=4673,"CDFI Friendly Fort Worth Kickoff of January 26, 2022 CDFI Friendly Fort Worth Kickoff of January 26, 2022",https://fortworthgov.granicus.com/MediaPlayer.php?view_id=10&clip_id=4673
bc68cb6cce28,fort-worth-tx,6540eef2dc2e,D,Listening Circle with Dr. J: Public Safety Listening Circle with Dr. J: Public Safety,Listening Circle with Dr. J: Public Safety,2,2021-12-02,2021-12-02,Create/reuse Community Public Input aggregate,fort-worth-tx-community-public-input,medium,"Project/district/date variants of public participation; combine at city level, exclude generic promotional videos.",https://fortworthgov.granicus.com/MediaPlayer.php?view_id=10&clip_id=4624,Listening Circle with Dr. J: Public Safety Listening Circle with Dr. J: Public Safety,https://fortworthgov.granicus.com/MediaPlayer.php?view_id=10&clip_id=4624
f86a770593e5,fort-worth-tx,6540eef2dc2e,D,OPOM Community Conversation OPOM Community Conversation,OPOM Community Conversation,4,2021-10-14,2021-11-18,Create/reuse Community Public Input aggregate,fort-worth-tx-community-public-input,medium,"Project/district/date variants of public participation; combine at city level, exclude generic promotional videos.",https://fortworthgov.granicus.com/MediaPlayer.php?view_id=10&clip_id=4615,OPOM Community Conversation OPOM Community Conversation,https://fortworthgov.granicus.com/MediaPlayer.php?view_id=10&clip_id=4615
9bf4141a9d6d,fort-worth-tx,6540eef2dc2e,D,Fall 2021 Virtual OPOM Community Conversations Fall 2021 Virtual OPOM Community Conversations,Fall 2021 Virtual OPOM Community Conversations,2,2021-11-13,2021-11-13,Create/reuse Community Public Input aggregate,fort-worth-tx-community-public-input,medium,"Project/district/date variants of public participation; combine at city level, exclude generic promotional videos.",https://fortworthgov.granicus.com/MediaPlayer.php?view_id=10&clip_id=4599,Fall 2021 Virtual OPOM Community Conversations Fall 2021 Virtual OPOM Community Conversations,https://fortworthgov.granicus.com/MediaPlayer.php?view_id=10&clip_id=4599
6afcb9247652,fort-worth-tx,6540eef2dc2e,G,Sixth Annual Tarrant County Business Opportunity Fair Sixth Annual Tarrant County Business Opportunity Fair,Sixth Annual Tarrant County Business Opportunity Fair,2,2021-11-05,2021-11-05,Investigate,,low,Title alone does not establish a safe public-meeting identity; inspect official recording/agenda.,https://fortworthgov.granicus.com/MediaPlayer.php?view_id=10&clip_id=4614,Sixth Annual Tarrant County Business Opportunity Fair Sixth Annual Tarrant County Business Opportunity Fair,https://fortworthgov.granicus.com/MediaPlayer.php?view_id=10&clip_id=4614
56645ec31348,fort-worth-tx,6540eef2dc2e,D,Listening Circle with Dr. J: Traffic Infrastructure Listening Circle with Dr. J: Traffic Infrastructure,Listening Circle with Dr. J: Traffic Infrastructure,2,2021-11-04,2021-11-04,Create/reuse Community Public Input aggregate,fort-worth-tx-community-public-input,medium,"Project/district/date variants of public participation; combine at city level, exclude generic promotional videos.",https://fortworthgov.granicus.com/MediaPlayer.php?view_id=10&clip_id=4596,Listening Circle with Dr. J: Traffic Infrastructure Listening Circle with Dr. J: Traffic Infrastructure,https://fortworthgov.granicus.com/MediaPlayer.php?view_id=10&clip_id=4596
bcfb126598c6,fort-worth-tx,6540eef2dc2e,D,Listening Circle with Dr. J: A Discussion on Water Listening Circle with Dr. J: A Discussion on Water,Listening Circle with Dr. J: A Discussion on Water,2,2021-10-21,2021-10-21,Create/reuse Community Public Input aggregate,fort-worth-tx-community-public-input,medium,"Project/district/date variants of public participation; combine at city level, exclude generic promotional videos.",https://fortworthgov.granicus.com/MediaPlayer.php?view_id=10&clip_id=4575,Listening Circle with Dr. J: A Discussion on Water Listening Circle with Dr. J: A Discussion on Water,https://fortworthgov.granicus.com/MediaPlayer.php?view_id=10&clip_id=4575
f5c9ee8032d4,fort-worth-tx,6540eef2dc2e,B,Water and Wastewater CIP Citizens Advisory Committee Water and Wastewater CIP Citizens Advisory Committee,Water and Wastewater CIP Citizens Advisory Committee,2,2021-09-23,2021-09-23,Create/reuse distinct named public-body feed,fort-worth-tx-water-and-wastewater-cip-citizens-advisory-committee,medium,Named public body; few surviving recordings do not make it a one-off of another body. Verify identity and aliases before creation.,https://fortworthgov.granicus.com/MediaPlayer.php?view_id=10&clip_id=4551,Water and Wastewater CIP Citizens Advisory Committee Water and Wastewater CIP Citizens Advisory Committee,https://fortworthgov.granicus.com/MediaPlayer.php?view_id=10&clip_id=4551
3a516f8a39e9,fort-worth-tx,6540eef2dc2e,D,District 8 Town Hall Meeting District 8 Town Hall Meeting,District 8 Town Hall Meeting,2,2021-09-22,2021-09-22,Create/reuse Community Public Input aggregate,fort-worth-tx-community-public-input,medium,"Project/district/date variants of public participation; combine at city level, exclude generic promotional videos.",https://fortworthgov.granicus.com/MediaPlayer.php?view_id=10&clip_id=4553,District 8 Town Hall Meeting District 8 Town Hall Meeting,https://fortworthgov.granicus.com/MediaPlayer.php?view_id=10&clip_id=4553
c81c2b49564e,fort-worth-tx,6540eef2dc2e,D,"Tax Foreclosed Property meeting, September 18, 2021 Tax Foreclosed Property meeting, September 18, 2021","Tax Foreclosed Property meeting,",2,2021-09-18,2021-09-18,Community Public Input aggregate after recording verification,fort-worth-tx-community-public-input,low,Likely public participation or project discussion; inspect recording/agenda before treating a topic-only label as a meeting.,https://fortworthgov.granicus.com/MediaPlayer.php?view_id=10&clip_id=4544,"Tax Foreclosed Property meeting, September 18, 2021 Tax Foreclosed Property meeting, September 18, 2021",https://fortworthgov.granicus.com/MediaPlayer.php?view_id=10&clip_id=4544
d010c0835c65,fort-worth-tx,6540eef2dc2e,D,District 5 Town Hall Meeting District 5 Town Hall Meeting,District 5 Town Hall Meeting,4,2020-08-22,2021-09-11,Create/reuse Community Public Input aggregate,fort-worth-tx-community-public-input,medium,"Project/district/date variants of public participation; combine at city level, exclude generic promotional videos.",https://fortworthgov.granicus.com/MediaPlayer.php?view_id=10&clip_id=4533,District 5 Town Hall Meeting District 5 Town Hall Meeting,https://fortworthgov.granicus.com/MediaPlayer.php?view_id=10&clip_id=4533
f05338173d19,fort-worth-tx,6540eef2dc2e,D,District 2 Town Hall Meeting District 2 Town Hall Meeting,District 2 Town Hall Meeting,2,2021-09-09,2021-09-09,Create/reuse Community Public Input aggregate,fort-worth-tx-community-public-input,medium,"Project/district/date variants of public participation; combine at city level, exclude generic promotional videos.",https://fortworthgov.granicus.com/MediaPlayer.php?view_id=10&clip_id=4532,District 2 Town Hall Meeting District 2 Town Hall Meeting,https://fortworthgov.granicus.com/MediaPlayer.php?view_id=10&clip_id=4532
003226f40328,fort-worth-tx,6540eef2dc2e,D,District 3 Town Hall Meeting District 3 Town Hall Meeting,District 3 Town Hall Meeting,2,2021-09-08,2021-09-08,Create/reuse Community Public Input aggregate,fort-worth-tx-community-public-input,medium,"Project/district/date variants of public participation; combine at city level, exclude generic promotional videos.",https://fortworthgov.granicus.com/MediaPlayer.php?view_id=10&clip_id=4530,District 3 Town Hall Meeting District 3 Town Hall Meeting,https://fortworthgov.granicus.com/MediaPlayer.php?view_id=10&clip_id=4530
8f92b0adba7e,fort-worth-tx,6540eef2dc2e,D,District 9 Town Hall Meeting District 9 Town Hall Meeting,District 9 Town Hall Meeting,2,2021-09-07,2021-09-07,Create/reuse Community Public Input aggregate,fort-worth-tx-community-public-input,medium,"Project/district/date variants of public participation; combine at city level, exclude generic promotional videos.",https://fortworthgov.granicus.com/MediaPlayer.php?view_id=10&clip_id=4529,District 9 Town Hall Meeting District 9 Town Hall Meeting,https://fortworthgov.granicus.com/MediaPlayer.php?view_id=10&clip_id=4529
2fa228af273c,fort-worth-tx,6540eef2dc2e,D,District 6 Town Hall Meeting District 6 Town Hall Meeting,District 6 Town Hall Meeting,2,2021-09-02,2021-09-02,Create/reuse Community Public Input aggregate,fort-worth-tx-community-public-input,medium,"Project/district/date variants of public participation; combine at city level, exclude generic promotional videos.",https://fortworthgov.granicus.com/MediaPlayer.php?view_id=10&clip_id=4525,District 6 Town Hall Meeting District 6 Town Hall Meeting,https://fortworthgov.granicus.com/MediaPlayer.php?view_id=10&clip_id=4525
04e7154744f5,fort-worth-tx,6540eef2dc2e,D,District 4 Town Hall Meeting District 4 Town Hall Meeting,District 4 Town Hall Meeting,2,2021-09-01,2021-09-01,Create/reuse Community Public Input aggregate,fort-worth-tx-community-public-input,medium,"Project/district/date variants of public participation; combine at city level, exclude generic promotional videos.",https://fortworthgov.granicus.com/MediaPlayer.php?view_id=10&clip_id=4524,District 4 Town Hall Meeting District 4 Town Hall Meeting,https://fortworthgov.granicus.com/MediaPlayer.php?view_id=10&clip_id=4524
4ef21af345c3,fort-worth-tx,6540eef2dc2e,B,Community Action Partners Council Community Action Partners Council,Community Action Partners Council,4,2021-06-30,2021-08-26,Create/reuse distinct named public-body feed,fort-worth-tx-community-action-partners-council,medium,Named public body; few surviving recordings do not make it a one-off of another body. Verify identity and aliases before creation.,https://fortworthgov.granicus.com/MediaPlayer.php?view_id=10&clip_id=4520,Community Action Partners Council Community Action Partners Council,https://fortworthgov.granicus.com/MediaPlayer.php?view_id=10&clip_id=4520
e884917068fa,fort-worth-tx,6540eef2dc2e,B,Fort Worth Sports Authority Fort Worth Sports Authority,Fort Worth Sports Authority,4,2020-12-01,2021-08-24,Create/reuse distinct named public-body feed,fort-worth-tx-fort-worth-sports-authority,medium,Named public body; few surviving recordings do not make it a one-off of another body. Verify identity and aliases before creation.,https://fortworthgov.granicus.com/MediaPlayer.php?view_id=10&clip_id=4514,Fort Worth Sports Authority Fort Worth Sports Authority,https://fortworthgov.granicus.com/MediaPlayer.php?view_id=10&clip_id=4514
330cb5ed53e0,fort-worth-tx,6540eef2dc2e,B,Mayor's Committee on Persons with Disabilities Mayor's Committee on Persons with Disabilities,Mayor's Committee on Persons with Disabilities,18,2020-06-11,2021-08-12,Create/reuse distinct named public-body feed,fort-worth-tx-mayor-s-committee-on-persons-with-disabilities,medium,Named public body; few surviving recordings do not make it a one-off of another body. Verify identity and aliases before creation.,https://fortworthgov.granicus.com/MediaPlayer.php?view_id=10&clip_id=4494,Mayor's Committee on Persons with Disabilities Mayor's Committee on Persons with Disabilities,https://fortworthgov.granicus.com/MediaPlayer.php?view_id=10&clip_id=4494
c92f39997010,fort-worth-tx,6540eef2dc2e,B,Human Relations Commission Human Relations Commission,Human Relations Commission,22,2020-06-01,2021-08-02,Create/reuse distinct named public-body feed,fort-worth-tx-human-relations-commission,medium,Named public body; few surviving recordings do not make it a one-off of another body. Verify identity and aliases before creation.,https://fortworthgov.granicus.com/MediaPlayer.php?view_id=10&clip_id=4477,Human Relations Commission Human Relations Commission,https://fortworthgov.granicus.com/MediaPlayer.php?view_id=10&clip_id=4477
346ceb3f3718,fort-worth-tx,6540eef2dc2e,B,Business Equity Committee Business Equity Committee,Business Equity Committee,2,2021-06-25,2021-06-25,Create/reuse distinct named public-body feed,fort-worth-tx-business-equity-committee,medium,Named public body; few surviving recordings do not make it a one-off of another body. Verify identity and aliases before creation.,https://fortworthgov.granicus.com/MediaPlayer.php?view_id=10&clip_id=4446,Business Equity Committee Business Equity Committee,https://fortworthgov.granicus.com/MediaPlayer.php?view_id=10&clip_id=4446
c02acb7f5249,fort-worth-tx,6540eef2dc2e,B,Pedestrian and Bicycle Advisory Commission Pedestrian and Bicycle Advisory Commission,Pedestrian and Bicycle Advisory Commission,10,2020-05-21,2021-06-17,Create/reuse distinct named public-body feed,fort-worth-tx-pedestrian-and-bicycle-advisory-commission,medium,Named public body; few surviving recordings do not make it a one-off of another body. Verify identity and aliases before creation.,https://fortworthgov.granicus.com/MediaPlayer.php?view_id=10&clip_id=4435,Pedestrian and Bicycle Advisory Commission Pedestrian and Bicycle Advisory Commission,https://fortworthgov.granicus.com/MediaPlayer.php?view_id=10&clip_id=4435
59b1da074a7a,fort-worth-tx,6540eef2dc2e,B,Library Advisory Board Library Advisory Board,Library Advisory Board,10,2020-10-01,2021-06-03,Create/reuse distinct named public-body feed,fort-worth-tx-library-advisory-board,medium,Named public body; few surviving recordings do not make it a one-off of another body. Verify identity and aliases before creation.,https://fortworthgov.granicus.com/MediaPlayer.php?view_id=10&clip_id=4407,Library Advisory Board Library Advisory Board,https://fortworthgov.granicus.com/MediaPlayer.php?view_id=10&clip_id=4407
afabb81c06a6,fort-worth-tx,6540eef2dc2e,B,Community Action Partners Community Action Partners,Community Action Partners,8,2020-10-22,2021-05-20,Create/reuse named parent after alias verification,fort-worth-tx-community-action-partners,medium,Public-body identity appears in an abbreviated or title-only variant; consolidate with the verified named parent.,https://fortworthgov.granicus.com/MediaPlayer.php?view_id=10&clip_id=4396,Community Action Partners Community Action Partners,https://fortworthgov.granicus.com/MediaPlayer.php?view_id=10&clip_id=4396
9e05b04a8f36,fort-worth-tx,6540eef2dc2e,G,Java with Jungus May 2021 Java with Jungus May 2021,Java with Jungus,2,2021-05-08,2021-05-08,Investigate,,low,Title alone does not establish a safe public-meeting identity; inspect official recording/agenda.,https://fortworthgov.granicus.com/MediaPlayer.php?view_id=10&clip_id=4372,Java with Jungus May 2021 Java with Jungus May 2021,https://fortworthgov.granicus.com/MediaPlayer.php?view_id=10&clip_id=4372
912d7228d283,fort-worth-tx,6540eef2dc2e,B,Park and Recreation Advisory Board Park and Recreation Advisory Board,Park and Recreation Advisory Board,16,2020-07-22,2021-04-28,Create/reuse distinct named public-body feed,fort-worth-tx-park-and-recreation-advisory-board,medium,Named public body; few surviving recordings do not make it a one-off of another body. Verify identity and aliases before creation.,https://fortworthgov.granicus.com/MediaPlayer.php?view_id=10&clip_id=4362,Park and Recreation Advisory Board Park and Recreation Advisory Board,https://fortworthgov.granicus.com/MediaPlayer.php?view_id=10&clip_id=4362
02cb575c1b9a,fort-worth-tx,6540eef2dc2e,D,"Community Design Meeting For The New York, Main, Morningside, Capps, Page And Alley Infrastructure Improvement Community Design Meeting For The New York, Main, Morningside, Capps, Page And Alley Infrastructure Improvement","Community Design Meeting For The New York, Main, Morningside, Capps, Page And Alley Infrastructure Improvement",2,2021-04-23,2021-04-23,Create/reuse Community Public Input aggregate,fort-worth-tx-community-public-input,medium,"Project/district/date variants of public participation; combine at city level, exclude generic promotional videos.",https://fortworthgov.granicus.com/MediaPlayer.php?view_id=10&clip_id=4356,"Community Design Meeting For The New York, Main, Morningside, Capps, Page And Alley Infrastructure Improvement Community Design Meeting For The New York, Main, Morningside, Capps, Page And Alley Infrastructure Improvement",https://fortworthgov.granicus.com/MediaPlayer.php?view_id=10&clip_id=4356
56bd6dd2a46f,fort-worth-tx,6540eef2dc2e,B,Business Equity Advisory Board Meeting Business Equity Advisory Board Meeting,Business Equity Advisory Board Meeting,2,2021-04-23,2021-04-23,Create/reuse distinct named public-body feed,fort-worth-tx-business-equity-advisory-board-meeting,medium,Named public body; few surviving recordings do not make it a one-off of another body. Verify identity and aliases before creation.,https://fortworthgov.granicus.com/MediaPlayer.php?view_id=10&clip_id=4357,Business Equity Advisory Board Meeting Business Equity Advisory Board Meeting,https://fortworthgov.granicus.com/MediaPlayer.php?view_id=10&clip_id=4357
a364fc008448,fort-worth-tx,6540eef2dc2e,B,Water and Wastewater Capital Improvements Plans Citizen Advisory Committee Water and Wastewater Capital Improvements Plans Citizen Advisory Committee,Water and Wastewater Capital Improvements Plans Citizen Advisory Committee,4,2020-10-02,2021-04-22,Create/reuse distinct named public-body feed,fort-worth-tx-water-and-wastewater-capital-improvements-plans-citizen-advisory-committee,low,Named public body; few surviving recordings do not make it a one-off of another body. Verify identity and aliases before creation. Parent identity or relationship to existing bodies needs official confirmation.,https://fortworthgov.granicus.com/MediaPlayer.php?view_id=10&clip_id=4353,Water and Wastewater Capital Improvements Plans Citizen Advisory Committee Water and Wastewater Capital Improvements Plans Citizen Advisory Committee,https://fortworthgov.granicus.com/MediaPlayer.php?view_id=10&clip_id=4353
837c6b5b46c1,fort-worth-tx,6540eef2dc2e,B,"Community Action Partners of April 14, 2021 Community Action Partners of April 14, 2021",Community Action Partners,2,2021-04-15,2021-04-15,Create/reuse named parent after alias verification,fort-worth-tx-community-action-partners,medium,Public-body identity appears in an abbreviated or title-only variant; consolidate with the verified named parent.,https://fortworthgov.granicus.com/MediaPlayer.php?view_id=10&clip_id=4342,"Community Action Partners of April 14, 2021 Community Action Partners of April 14, 2021",https://fortworthgov.granicus.com/MediaPlayer.php?view_id=10&clip_id=4342
279104e6e02c,fort-worth-tx,6540eef2dc2e,B,"FW Sports Authority, Inc. FW Sports Authority, Inc.","FW Sports Authority, Inc.",2,2021-04-13,2021-04-13,Create/reuse distinct named public-body feed,fort-worth-tx-fw-sports-authority-inc,medium,Named public body; few surviving recordings do not make it a one-off of another body. Verify identity and aliases before creation.,https://fortworthgov.granicus.com/MediaPlayer.php?view_id=10&clip_id=4321,"FW Sports Authority, Inc. FW Sports Authority, Inc.",https://fortworthgov.granicus.com/MediaPlayer.php?view_id=10&clip_id=4321
699b004c9595,fort-worth-tx,6540eef2dc2e,B,Mayors Committee on Persons with Disabilities Mayors Committee on Persons with Disabilities,Mayors Committee on Persons with Disabilities,2,2021-04-08,2021-04-08,Create/reuse distinct named public-body feed,fort-worth-tx-mayors-committee-on-persons-with-disabilities,medium,Named public body; few surviving recordings do not make it a one-off of another body. Verify identity and aliases before creation.,https://fortworthgov.granicus.com/MediaPlayer.php?view_id=10&clip_id=4318,Mayors Committee on Persons with Disabilities Mayors Committee on Persons with Disabilities,https://fortworthgov.granicus.com/MediaPlayer.php?view_id=10&clip_id=4318
d2275eab3bd3,fort-worth-tx,6540eef2dc2e,D,Virtual Webex Design Meeting For Lake Worth Water And Sewer Improvements Part 2 Virtual Webex Design Meeting For Lake Worth Water And Sewer Improvements Part 2,Virtual Webex Design Meeting For Lake Worth Water And Sewer Improvements Part 2,2,2021-03-31,2021-03-31,Create/reuse Community Public Input aggregate,fort-worth-tx-community-public-input,medium,"Project/district/date variants of public participation; combine at city level, exclude generic promotional videos.",https://fortworthgov.granicus.com/MediaPlayer.php?view_id=10&clip_id=4308,Virtual Webex Design Meeting For Lake Worth Water And Sewer Improvements Part 2 Virtual Webex Design Meeting For Lake Worth Water And Sewer Improvements Part 2,https://fortworthgov.granicus.com/MediaPlayer.php?view_id=10&clip_id=4308
8f88fd0d468c,fort-worth-tx,6540eef2dc2e,D,Transportation & Public Works Community Meeting Transportation & Public Works Community Meeting,Transportation & Public Works Community Meeting,4,2021-03-23,2021-03-27,Create/reuse Community Public Input aggregate,fort-worth-tx-community-public-input,medium,"Project/district/date variants of public participation; combine at city level, exclude generic promotional videos.",https://fortworthgov.granicus.com/MediaPlayer.php?view_id=10&clip_id=4306,Transportation & Public Works Community Meeting Transportation & Public Works Community Meeting,https://fortworthgov.granicus.com/MediaPlayer.php?view_id=10&clip_id=4306
c9a23eeacc18,fort-worth-tx,6540eef2dc2e,B,Fort Worth Human Relations Commission Fort Worth Human Relations Commission,Fort Worth Human Relations Commission,2,2021-03-01,2021-03-01,Create/reuse distinct named public-body feed,fort-worth-tx-fort-worth-human-relations-commission,medium,Named public body; few surviving recordings do not make it a one-off of another body. Verify identity and aliases before creation.,https://fortworthgov.granicus.com/MediaPlayer.php?view_id=10&clip_id=4258,Fort Worth Human Relations Commission Fort Worth Human Relations Commission,https://fortworthgov.granicus.com/MediaPlayer.php?view_id=10&clip_id=4258
5c39a7c8a01b,fort-worth-tx,6540eef2dc2e,B,Minority and Women Business Enterprise Advisory Committee Minority and Women Business Enterprise Advisory Committee,Minority and Women Business Enterprise Advisory Committee,8,2020-06-19,2021-02-26,Create/reuse distinct named public-body feed,fort-worth-tx-minority-and-women-business-enterprise-advisory-committee,medium,Named public body; few surviving recordings do not make it a one-off of another body. Verify identity and aliases before creation.,https://fortworthgov.granicus.com/MediaPlayer.php?view_id=10&clip_id=4251,Minority and Women Business Enterprise Advisory Committee Minority and Women Business Enterprise Advisory Committee,https://fortworthgov.granicus.com/MediaPlayer.php?view_id=10&clip_id=4251
391cd5b87a2d,fort-worth-tx,6540eef2dc2e,B,"AllianceAirport Authority, Inc. AllianceAirport Authority, Inc.","AllianceAirport Authority, Inc.",4,2020-12-15,2021-02-23,Create/reuse distinct named public-body feed,fort-worth-tx-allianceairport-authority-inc,medium,Named public body; few surviving recordings do not make it a one-off of another body. Verify identity and aliases before creation.,https://fortworthgov.granicus.com/MediaPlayer.php?view_id=10&clip_id=4240,"AllianceAirport Authority, Inc. AllianceAirport Authority, Inc.",https://fortworthgov.granicus.com/MediaPlayer.php?view_id=10&clip_id=4240
195bc5142a6e,fort-worth-tx,6540eef2dc2e,B,Ad Hoc Municipal Court Advisory Committee Ad Hoc Municipal Court Advisory Committee,Ad Hoc Municipal Court Advisory Committee,8,2020-05-12,2021-02-23,Create/reuse distinct named public-body feed,fort-worth-tx-ad-hoc-municipal-court-advisory-committee,medium,Named public body; few surviving recordings do not make it a one-off of another body. Verify identity and aliases before creation.,https://fortworthgov.granicus.com/MediaPlayer.php?view_id=10&clip_id=4239,Ad Hoc Municipal Court Advisory Committee Ad Hoc Municipal Court Advisory Committee,https://fortworthgov.granicus.com/MediaPlayer.php?view_id=10&clip_id=4239
140ce8e4631e,fort-worth-tx,6540eef2dc2e,B,Civil Service Commission Civil Service Commission,Civil Service Commission,2,2021-01-26,2021-01-26,Create/reuse distinct named public-body feed,fort-worth-tx-civil-service-commission,medium,Named public body; few surviving recordings do not make it a one-off of another body. Verify identity and aliases before creation.,https://fortworthgov.granicus.com/MediaPlayer.php?view_id=10&clip_id=4198,Civil Service Commission Civil Service Commission,https://fortworthgov.granicus.com/MediaPlayer.php?view_id=10&clip_id=4198
57397a3574b8,fort-worth-tx,6540eef2dc2e,E,Press Conference Press Conference,Press Conference,4,2020-06-01,2021-01-25,Offer Public Briefings aggregate,fort-worth-tx-public-briefings,medium,"Official public information briefing, distinct from a board or Council session; review news clips before inclusion.",https://fortworthgov.granicus.com/MediaPlayer.php?view_id=10&clip_id=4189,Press Conference Press Conference,https://fortworthgov.granicus.com/MediaPlayer.php?view_id=10&clip_id=4189
c7be456a8817,fort-worth-tx,6540eef2dc2e,B,Animal Shelter Advisory Committee Animal Shelter Advisory Committee,Animal Shelter Advisory Committee,4,2020-05-28,2021-01-20,Create/reuse distinct named public-body feed,fort-worth-tx-animal-shelter-advisory-committee,medium,Named public body; few surviving recordings do not make it a one-off of another body. Verify identity and aliases before creation.,https://fortworthgov.granicus.com/MediaPlayer.php?view_id=10&clip_id=4180,Animal Shelter Advisory Committee Animal Shelter Advisory Committee,https://fortworthgov.granicus.com/MediaPlayer.php?view_id=10&clip_id=4180
f56137a31f3a,fort-worth-tx,6540eef2dc2e,D,Police Chief Candidate Public Forum Police Chief Candidate Public Forum,Police Chief Candidate Public Forum,2,2021-01-14,2021-01-14,Create/reuse Community Public Input aggregate,fort-worth-tx-community-public-input,medium,"Project/district/date variants of public participation; combine at city level, exclude generic promotional videos.",https://fortworthgov.granicus.com/MediaPlayer.php?view_id=10&clip_id=4176,Police Chief Candidate Public Forum Police Chief Candidate Public Forum,https://fortworthgov.granicus.com/MediaPlayer.php?view_id=10&clip_id=4176
2603796cdc65,fort-worth-tx,6540eef2dc2e,B,Fort Worth Public Improvement District No. 1 Advisory Board Fort Worth Public Improvement District No. 1 Advisory Board,Fort Worth Public Improvement District No. 1 Advisory Board,4,2020-07-08,2021-01-13,Create/reuse distinct named public-body feed,fort-worth-tx-fort-worth-public-improvement-district-no-1-advisory-board,medium,Named public body; few surviving recordings do not make it a one-off of another body. Verify identity and aliases before creation.,https://fortworthgov.granicus.com/MediaPlayer.php?view_id=10&clip_id=4169,Fort Worth Public Improvement District No. 1 Advisory Board Fort Worth Public Improvement District No. 1 Advisory Board,https://fortworthgov.granicus.com/MediaPlayer.php?view_id=10&clip_id=4169
af85f2bec1b5,fort-worth-tx,6540eef2dc2e,D,"Virtual Community Construction Meeting - Rosemont, Shaw Clarke & Worth Heights Area Lead Replacement And Infras Virtual Community Construction Meeting - Rosemont, Shaw Clarke & Worth Heights Area Lead Replacement And Infras","Virtual Community Construction Meeting - Rosemont, Shaw Clarke & Worth Heights Area Lead Replacement And Infras",2,2021-01-12,2021-01-12,Create/reuse Community Public Input aggregate,fort-worth-tx-community-public-input,medium,"Project/district/date variants of public participation; combine at city level, exclude generic promotional videos.",https://fortworthgov.granicus.com/MediaPlayer.php?view_id=10&clip_id=4162,"Virtual Community Construction Meeting - Rosemont, Shaw Clarke & Worth Heights Area Lead Replacement And Infras Virtual Community Construction Meeting - Rosemont, Shaw Clarke & Worth Heights Area Lead Replacement And Infras",https://fortworthgov.granicus.com/MediaPlayer.php?view_id=10&clip_id=4162
0c8092991552,fort-worth-tx,6540eef2dc2e,B,"Alliance Airport Authority January 12, 2021 Alliance Airport Authority January 12, 2021",Alliance Airport Authority,2,2021-01-12,2021-01-12,Create/reuse distinct named public-body feed,fort-worth-tx-alliance-airport-authority,medium,Named public body; few surviving recordings do not make it a one-off of another body. Verify identity and aliases before creation.,https://fortworthgov.granicus.com/MediaPlayer.php?view_id=10&clip_id=4186,"Alliance Airport Authority January 12, 2021 Alliance Airport Authority January 12, 2021",https://fortworthgov.granicus.com/MediaPlayer.php?view_id=10&clip_id=4186
376c29adadb8,fort-worth-tx,6540eef2dc2e,B,Community Action Partners Council Meeting of 12-17-20 Community Action Partners Council Meeting of,Community Action Partners Council Meeting of 12-17-20 Community Action Partners Council Meeting of,2,2020-12-17,2020-12-17,Create/reuse distinct named public-body feed,fort-worth-tx-community-action-partners-council-meeting-of-12-17-20-community-action-partners-council-meeting-of,medium,Named public body; few surviving recordings do not make it a one-off of another body. Verify identity and aliases before creation.,https://fortworthgov.granicus.com/MediaPlayer.php?view_id=10&clip_id=4146,Community Action Partners Council Meeting of 12-17-20 Community Action Partners Council Meeting of 12-17-20,https://fortworthgov.granicus.com/MediaPlayer.php?view_id=10&clip_id=4146
fac1406e15eb,fort-worth-tx,6540eef2dc2e,B,"Minority and Women Business Enterprise, December 11, 2020 Minority and Women Business Enterprise, December 11, 2020","Minority and Women Business Enterprise,",2,2020-12-11,2020-12-11,Create/reuse named parent after alias verification,fort-worth-tx-minority-and-women-business-enterprise,medium,Public-body identity appears in an abbreviated or title-only variant; consolidate with the verified named parent.,https://fortworthgov.granicus.com/MediaPlayer.php?view_id=10&clip_id=4126,"Minority and Women Business Enterprise, December 11, 2020 Minority and Women Business Enterprise, December 11, 2020",https://fortworthgov.granicus.com/MediaPlayer.php?view_id=10&clip_id=4126
78c246a27c3e,fort-worth-tx,6540eef2dc2e,D,Community Meeting For East 4Th Streeteast 1St Street Striping And Bicycle Trail Improvements Community Meeting For East 4Th Streeteast 1St Street Striping And Bicycle Trail Improvements,Community Meeting For East 4Th Streeteast 1St Street Striping And Bicycle Trail Improvements,2,2020-12-11,2020-12-11,Create/reuse Community Public Input aggregate,fort-worth-tx-community-public-input,medium,"Project/district/date variants of public participation; combine at city level, exclude generic promotional videos.",https://fortworthgov.granicus.com/MediaPlayer.php?view_id=10&clip_id=4124,Community Meeting For East 4Th Streeteast 1St Street Striping And Bicycle Trail Improvements Community Meeting For East 4Th Streeteast 1St Street Striping And Bicycle Trail Improvements,https://fortworthgov.granicus.com/MediaPlayer.php?view_id=10&clip_id=4124
859c891fcf8b,fort-worth-tx,6540eef2dc2e,B,Mayor's Committee on Persons with Disabilites Mayor's Committee on Persons with Disabilites,Mayor's Committee on Persons with Disabilites,2,2020-12-10,2020-12-10,Create/reuse distinct named public-body feed,fort-worth-tx-mayor-s-committee-on-persons-with-disabilites,medium,Named public body; few surviving recordings do not make it a one-off of another body. Verify identity and aliases before creation.,https://fortworthgov.granicus.com/MediaPlayer.php?view_id=10&clip_id=4121,Mayor's Committee on Persons with Disabilites Mayor's Committee on Persons with Disabilites,https://fortworthgov.granicus.com/MediaPlayer.php?view_id=10&clip_id=4121
5d5f9852b67f,fort-worth-tx,6540eef2dc2e,B,Fort Worth Water Department Wholesale Water and Wastewater Advisory Committee Fort Worth Water Department Wholesale Water and Wastewater Advisory Committee,Fort Worth Water Department Wholesale Water and Wastewater Advisory Committee,2,2020-12-10,2020-12-10,Create/reuse distinct named public-body feed,fort-worth-tx-fort-worth-water-department-wholesale-water-and-wastewater-advisory-committee,medium,Named public body; few surviving recordings do not make it a one-off of another body. Verify identity and aliases before creation.,https://fortworthgov.granicus.com/MediaPlayer.php?view_id=10&clip_id=4123,Fort Worth Water Department Wholesale Water and Wastewater Advisory Committee Fort Worth Water Department Wholesale Water and Wastewater Advisory Committee,https://fortworthgov.granicus.com/MediaPlayer.php?view_id=10&clip_id=4123
8ca6c12245d3,fort-worth-tx,6540eef2dc2e,D,Community Meeting - Handley Area And Central Meadowbrook Area Street Improvements Community Meeting - Handley Area And Central Meadowbrook Area Street Improvements,Community Meeting - Handley Area And Central Meadowbrook Area Street Improvements,4,2020-11-12,2020-12-05,Create/reuse Community Public Input aggregate,fort-worth-tx-community-public-input,medium,"Project/district/date variants of public participation; combine at city level, exclude generic promotional videos.",https://fortworthgov.granicus.com/MediaPlayer.php?view_id=10&clip_id=4113,Community Meeting - Handley Area And Central Meadowbrook Area Street Improvements Community Meeting - Handley Area And Central Meadowbrook Area Street Improvements,https://fortworthgov.granicus.com/MediaPlayer.php?view_id=10&clip_id=4113
36cc1a651c90,fort-worth-tx,6540eef2dc2e,B,Capital Improvement Advisory Committee on Transportation Impact Fees Capital Improvement Advisory Committee on Transportation Impact Fees,Capital Improvement Advisory Committee on Transportation Impact Fees,2,2020-12-04,2020-12-04,Create/reuse distinct named public-body feed,fort-worth-tx-capital-improvement-advisory-committee-on-transportation-impact-fees,low,Named public body; few surviving recordings do not make it a one-off of another body. Verify identity and aliases before creation. Parent identity or relationship to existing bodies needs official confirmation.,https://fortworthgov.granicus.com/MediaPlayer.php?view_id=10&clip_id=4110,Capital Improvement Advisory Committee on Transportation Impact Fees Capital Improvement Advisory Committee on Transportation Impact Fees,https://fortworthgov.granicus.com/MediaPlayer.php?view_id=10&clip_id=4110
3a65f9e0dd02,fort-worth-tx,6540eef2dc2e,B,Mayor's Commttee on Persons with Disabilities Mayor's Commttee on Persons with Disabilities,Mayor's Commttee on Persons with Disabilities,2,2020-11-12,2020-11-12,Create/reuse named parent after alias verification,fort-worth-tx-mayor-s-commttee-on-persons-with-disabilities,medium,Public-body identity appears in an abbreviated or title-only variant; consolidate with the verified named parent.,https://fortworthgov.granicus.com/MediaPlayer.php?view_id=10&clip_id=4073,Mayor's Commttee on Persons with Disabilities Mayor's Commttee on Persons with Disabilities,https://fortworthgov.granicus.com/MediaPlayer.php?view_id=10&clip_id=4073
166f6139b890,fort-worth-tx,6540eef2dc2e,B,Pedestrian and Bicycle Advisory Committee Pedestrian and Bicycle Advisory Committee,Pedestrian and Bicycle Advisory Committee,2,2020-10-29,2020-10-29,Create/reuse distinct named public-body feed,fort-worth-tx-pedestrian-and-bicycle-advisory-committee,medium,Named public body; few surviving recordings do not make it a one-off of another body. Verify identity and aliases before creation.,https://fortworthgov.granicus.com/MediaPlayer.php?view_id=10&clip_id=4046,Pedestrian and Bicycle Advisory Committee Pedestrian and Bicycle Advisory Committee,https://fortworthgov.granicus.com/MediaPlayer.php?view_id=10&clip_id=4046
fb386e8ba46b,fort-worth-tx,6540eef2dc2e,B,Park Board Park Board,Park Board,2,2020-10-28,2020-10-28,Create/reuse distinct named public-body feed,fort-worth-tx-park-board,medium,Named public body; few surviving recordings do not make it a one-off of another body. Verify identity and aliases before creation.,https://fortworthgov.granicus.com/MediaPlayer.php?view_id=10&clip_id=4044,Park Board Park Board,https://fortworthgov.granicus.com/MediaPlayer.php?view_id=10&clip_id=4044
1ffc37b94dc1,fort-worth-tx,6540eef2dc2e,B,"Animal Shelter Advisory Committee of October 14, 2020 Animal Shelter Advisory Committee of October 14, 2020",Animal Shelter Advisory Committee,2,2020-10-15,2020-10-15,Create/reuse distinct named public-body feed,fort-worth-tx-animal-shelter-advisory-committee,medium,Named public body; few surviving recordings do not make it a one-off of another body. Verify identity and aliases before creation.,https://fortworthgov.granicus.com/MediaPlayer.php?view_id=10&clip_id=4011,"Animal Shelter Advisory Committee of October 14, 2020 Animal Shelter Advisory Committee of October 14, 2020",https://fortworthgov.granicus.com/MediaPlayer.php?view_id=10&clip_id=4011
966e1beca15f,fort-worth-tx,6540eef2dc2e,D,Community Meeting For Shoreview Culvert Improvements Community Meeting For Shoreview Culvert Improvements,Community Meeting For Shoreview Culvert Improvements,2,2020-10-08,2020-10-08,Create/reuse Community Public Input aggregate,fort-worth-tx-community-public-input,medium,"Project/district/date variants of public participation; combine at city level, exclude generic promotional videos.",https://fortworthgov.granicus.com/MediaPlayer.php?view_id=10&clip_id=3996,Community Meeting For Shoreview Culvert Improvements Community Meeting For Shoreview Culvert Improvements,https://fortworthgov.granicus.com/MediaPlayer.php?view_id=10&clip_id=3996
0729523fcb9c,fort-worth-tx,6540eef2dc2e,D,Community Meeting For Riverside Area Street Reconstruction Community Meeting For Riverside Area Street Reconstruction,Community Meeting For Riverside Area Street Reconstruction,2,2020-10-07,2020-10-07,Create/reuse Community Public Input aggregate,fort-worth-tx-community-public-input,medium,"Project/district/date variants of public participation; combine at city level, exclude generic promotional videos.",https://fortworthgov.granicus.com/MediaPlayer.php?view_id=10&clip_id=3995,Community Meeting For Riverside Area Street Reconstruction Community Meeting For Riverside Area Street Reconstruction,https://fortworthgov.granicus.com/MediaPlayer.php?view_id=10&clip_id=3995
30a8fd345f87,fort-worth-tx,6540eef2dc2e,F,National Night Out 2020 National Night Out 2020,National Night Out 2020,2,2020-10-06,2020-10-06,Exclude civic media/event after verification,,medium,"Civic event, promotion, staff guidance or media rather than a public deliberative/input meeting; preserve archive record.",https://fortworthgov.granicus.com/MediaPlayer.php?view_id=10&clip_id=3988,National Night Out 2020 National Night Out 2020,https://fortworthgov.granicus.com/MediaPlayer.php?view_id=10&clip_id=3988
c6170e54cace,fort-worth-tx,6540eef2dc2e,D,Bellaire Drive South Bike Lane Virtual Community Meeting Bellaire Drive South Bike Lane Virtual Community Meeting,Bellaire Drive South Bike Lane Virtual Community Meeting,2,2020-10-05,2020-10-05,Create/reuse Community Public Input aggregate,fort-worth-tx-community-public-input,medium,"Project/district/date variants of public participation; combine at city level, exclude generic promotional videos.",https://fortworthgov.granicus.com/MediaPlayer.php?view_id=10&clip_id=3997,Bellaire Drive South Bike Lane Virtual Community Meeting Bellaire Drive South Bike Lane Virtual Community Meeting,https://fortworthgov.granicus.com/MediaPlayer.php?view_id=10&clip_id=3997
5a6cdade1ebb,fort-worth-tx,6540eef2dc2e,F,Hispanic Heritage Month Celebration Hispanic Heritage Month Celebration,Hispanic Heritage Month Celebration,2,2020-09-16,2020-09-16,Exclude from meeting remediation after verification,,medium,"Label describes civic media, ceremony, promotion, staff event or training rather than deliberation/public input; preserve archive record.",https://fortworthgov.granicus.com/MediaPlayer.php?view_id=10&clip_id=3944,Hispanic Heritage Month Celebration Hispanic Heritage Month Celebration,https://fortworthgov.granicus.com/MediaPlayer.php?view_id=10&clip_id=3944
32d1d76c5a55,fort-worth-tx,6540eef2dc2e,D,Community Meeting For University Drive Community Meeting For University Drive,Community Meeting For University Drive,4,2020-09-16,2020-09-16,Create/reuse Community Public Input aggregate,fort-worth-tx-community-public-input,medium,"Project/district/date variants of public participation; combine at city level, exclude generic promotional videos.",https://fortworthgov.granicus.com/MediaPlayer.php?view_id=10&clip_id=3971,Community Meeting For University Drive Community Meeting For University Drive,https://fortworthgov.granicus.com/MediaPlayer.php?view_id=10&clip_id=3971
88b5781712bb,fort-worth-tx,6540eef2dc2e,D,District 3 Town Hall District 3 Town Hall,District 3 Town Hall,2,2020-09-08,2020-09-08,Create/reuse Community Public Input aggregate,fort-worth-tx-community-public-input,medium,"Project/district/date variants of public participation; combine at city level, exclude generic promotional videos.",https://fortworthgov.granicus.com/MediaPlayer.php?view_id=10&clip_id=3933,District 3 Town Hall District 3 Town Hall,https://fortworthgov.granicus.com/MediaPlayer.php?view_id=10&clip_id=3933
6a1b91909422,fort-worth-tx,6540eef2dc2e,D,District 6 Town Hall District 6 Town Hall,District 6 Town Hall,2,2020-08-29,2020-08-29,Create/reuse Community Public Input aggregate,fort-worth-tx-community-public-input,medium,"Project/district/date variants of public participation; combine at city level, exclude generic promotional videos.",https://fortworthgov.granicus.com/MediaPlayer.php?view_id=10&clip_id=3907,District 6 Town Hall District 6 Town Hall,https://fortworthgov.granicus.com/MediaPlayer.php?view_id=10&clip_id=3907
8ec731cb1cf8,fort-worth-tx,6540eef2dc2e,B,Park and Recreation Advisory Board Public Hearing Park and Recreation Advisory Board Public Hearing,Park and Recreation Advisory Board Public Hearing,2,2020-08-26,2020-08-26,Create/reuse distinct named public-body feed,fort-worth-tx-park-and-recreation-advisory-board-public-hearing,medium,Named public body; few surviving recordings do not make it a one-off of another body. Verify identity and aliases before creation.,https://fortworthgov.granicus.com/MediaPlayer.php?view_id=10&clip_id=3899,Park and Recreation Advisory Board Public Hearing Park and Recreation Advisory Board Public Hearing,https://fortworthgov.granicus.com/MediaPlayer.php?view_id=10&clip_id=3899
383bf7e38814,fort-worth-tx,6540eef2dc2e,B,"Fort Worth Sports Authority, Inc. Quarterly Board Meeting, August 25, 2020 Fort Worth Sports Authority, Inc. Quarterly Board Meeting, August 25, 2020","Fort Worth Sports Authority, Inc. Quarterly Board Meeting,",2,2020-08-25,2020-08-25,Create/reuse distinct named public-body feed,fort-worth-tx-fort-worth-sports-authority-inc-quarterly-board-meeting,medium,Named public body; few surviving recordings do not make it a one-off of another body. Verify identity and aliases before creation.,https://fortworthgov.granicus.com/MediaPlayer.php?view_id=10&clip_id=3888,"Fort Worth Sports Authority, Inc. Quarterly Board Meeting, August 25, 2020 Fort Worth Sports Authority, Inc. Quarterly Board Meeting, August 25, 2020",https://fortworthgov.granicus.com/MediaPlayer.php?view_id=10&clip_id=3888
93d789ac40db,fort-worth-tx,6540eef2dc2e,D,Sunset Heights Sidewalk Improvements Sunset Heights Sidewalk Improvements,Sunset Heights Sidewalk Improvements,2,2020-08-24,2020-08-24,Create/reuse Community Public Input aggregate,fort-worth-tx-community-public-input,medium,"Project/district/date variants of public participation; combine at city level, exclude generic promotional videos.",https://fortworthgov.granicus.com/MediaPlayer.php?view_id=10&clip_id=3897,Sunset Heights Sidewalk Improvements Sunset Heights Sidewalk Improvements,https://fortworthgov.granicus.com/MediaPlayer.php?view_id=10&clip_id=3897
0c223c31c919,fort-worth-tx,6540eef2dc2e,B,Fort Worth Public Library Advisory Board Meeting Fort Worth Public Library Advisory Board Meeting,Fort Worth Public Library Advisory Board Meeting,2,2020-08-20,2020-08-20,Create/reuse distinct named public-body feed,fort-worth-tx-fort-worth-public-library-advisory-board-meeting,medium,Named public body; few surviving recordings do not make it a one-off of another body. Verify identity and aliases before creation.,https://fortworthgov.granicus.com/MediaPlayer.php?view_id=10&clip_id=3875,Fort Worth Public Library Advisory Board Meeting Fort Worth Public Library Advisory Board Meeting,https://fortworthgov.granicus.com/MediaPlayer.php?view_id=10&clip_id=3875
44bb867f3d84,fort-worth-tx,6540eef2dc2e,B,Central City Local Development Corporation Central City Local Development Corporation,Central City Local Development Corporation,2,2020-08-18,2020-08-18,Create/reuse distinct named public-body feed,fort-worth-tx-central-city-local-development-corporation,low,Named public body; few surviving recordings do not make it a one-off of another body. Verify identity and aliases before creation. Parent identity or relationship to existing bodies needs official confirmation.,https://fortworthgov.granicus.com/MediaPlayer.php?view_id=10&clip_id=3863,Central City Local Development Corporation Central City Local Development Corporation,https://fortworthgov.granicus.com/MediaPlayer.php?view_id=10&clip_id=3863
dba88809de16,fort-worth-tx,6540eef2dc2e,B,Special Called Community Action Partners (CAP) Council Special Called Community Action Partners (CAP) Council,Special Called Community Action Partners (CAP) Council,2,2020-08-13,2020-08-13,Create/reuse distinct named public-body feed,fort-worth-tx-special-called-community-action-partners-cap-council,medium,Named public body; few surviving recordings do not make it a one-off of another body. Verify identity and aliases before creation.,https://fortworthgov.granicus.com/MediaPlayer.php?view_id=10&clip_id=3854,Special Called Community Action Partners (CAP) Council Special Called Community Action Partners (CAP) Council,https://fortworthgov.granicus.com/MediaPlayer.php?view_id=10&clip_id=3854
07107f2b2f69,fort-worth-tx,6540eef2dc2e,D,Risinger At I35 Improvements Risinger At I35 Improvements,Risinger At I35 Improvements,2,2020-08-13,2020-08-13,Create/reuse Community Public Input aggregate,fort-worth-tx-community-public-input,medium,"Project/district/date variants of public participation; combine at city level, exclude generic promotional videos.",https://fortworthgov.granicus.com/MediaPlayer.php?view_id=10&clip_id=3864,Risinger At I35 Improvements Risinger At I35 Improvements,https://fortworthgov.granicus.com/MediaPlayer.php?view_id=10&clip_id=3864
04371d4adfaf,fort-worth-tx,6540eef2dc2e,B,Human Relations Commission - Mayor's Committee on Persons with Disabilities Human Relations Commission - Mayor's Committee on Persons with Disabilities,Human Relations Commission - Mayor's Committee on Persons with Disabilities,2,2020-08-13,2020-08-13,Create/reuse distinct named public-body feed,fort-worth-tx-human-relations-commission-mayor-s-committee-on-persons-with-disabilities,medium,Named public body; few surviving recordings do not make it a one-off of another body. Verify identity and aliases before creation.,https://fortworthgov.granicus.com/MediaPlayer.php?view_id=10&clip_id=3851,Human Relations Commission - Mayor's Committee on Persons with Disabilities Human Relations Commission - Mayor's Committee on Persons with Disabilities,https://fortworthgov.granicus.com/MediaPlayer.php?view_id=10&clip_id=3851
b7473dac13bd,fort-worth-tx,6540eef2dc2e,B,"Park Advisory Board Meeting of June 24, 2020 Park Advisory Board Meeting of June 24, 2020",Park Advisory Board Meeting,2,2020-06-24,2020-06-24,Create/reuse distinct named public-body feed,fort-worth-tx-park-advisory-board-meeting,medium,Named public body; few surviving recordings do not make it a one-off of another body. Verify identity and aliases before creation.,https://fortworthgov.granicus.com/MediaPlayer.php?view_id=10&clip_id=3769,"Park Advisory Board Meeting of June 24, 2020 Park Advisory Board Meeting of June 24, 2020",https://fortworthgov.granicus.com/MediaPlayer.php?view_id=10&clip_id=3769
adeead1da70b,fort-worth-tx,6540eef2dc2e,B,Community Action Partners (CAP) Council Community Action Partners (CAP) Council,Community Action Partners (CAP) Council,2,2020-06-18,2020-06-18,Create/reuse distinct named public-body feed,fort-worth-tx-community-action-partners-cap-council,medium,Named public body; few surviving recordings do not make it a one-off of another body. Verify identity and aliases before creation.,https://fortworthgov.granicus.com/MediaPlayer.php?view_id=10&clip_id=3754,Community Action Partners (CAP) Council Community Action Partners (CAP) Council,https://fortworthgov.granicus.com/MediaPlayer.php?view_id=10&clip_id=3754
b16ca44c70f1,fort-worth-tx,6540eef2dc2e,B,Housing Neighborhood Services Committee Housing Neighborhood Services Committee,Housing Neighborhood Services Committee,2,2020-06-02,2020-06-02,Create/reuse distinct named public-body feed,fort-worth-tx-housing-neighborhood-services-committee,medium,Named public body; few surviving recordings do not make it a one-off of another body. Verify identity and aliases before creation.,https://fortworthgov.granicus.com/MediaPlayer.php?view_id=10&clip_id=3723,Housing Neighborhood Services Committee Housing Neighborhood Services Committee,https://fortworthgov.granicus.com/MediaPlayer.php?view_id=10&clip_id=3723
85c718e45e70,fort-worth-tx,6540eef2dc2e,B,Deferred Compensation Oversight Committee Deferred Compensation Oversight Committee,Deferred Compensation Oversight Committee,2,2020-05-29,2020-05-29,Create/reuse distinct named public-body feed,fort-worth-tx-deferred-compensation-oversight-committee,medium,Named public body; few surviving recordings do not make it a one-off of another body. Verify identity and aliases before creation.,https://fortworthgov.granicus.com/MediaPlayer.php?view_id=10&clip_id=3716,Deferred Compensation Oversight Committee Deferred Compensation Oversight Committee,https://fortworthgov.granicus.com/MediaPlayer.php?view_id=10&clip_id=3716
b8b3e2245bb9,fort-worth-tx,6540eef2dc2e,B,"FW Sports Authority, Inc. Quarterly Board Meeting May 26, 2020 FW Sports Authority, Inc. Quarterly Board Meeting May 26, 2020","FW Sports Authority, Inc. Quarterly Board Meeting",2,2020-05-26,2020-05-26,Create/reuse distinct named public-body feed,fort-worth-tx-fw-sports-authority-inc-quarterly-board-meeting,medium,Named public body; few surviving recordings do not make it a one-off of another body. Verify identity and aliases before creation.,https://fortworthgov.granicus.com/MediaPlayer.php?view_id=10&clip_id=3709,"FW Sports Authority, Inc. Quarterly Board Meeting May 26, 2020 FW Sports Authority, Inc. Quarterly Board Meeting May 26, 2020",https://fortworthgov.granicus.com/MediaPlayer.php?view_id=10&clip_id=3709
8b05639b799a,fort-worth-tx,6540eef2dc2e,F,"2019 Neighborhood Awards of February 22, 2020 2019 Neighborhood Awards of February 22, 2020",2019 Neighborhood Awards,2,2020-02-22,2020-02-22,Exclude from meeting remediation after verification,,medium,"Label describes civic media, ceremony, promotion, staff event or training rather than deliberation/public input; preserve archive record.",https://fortworthgov.granicus.com/MediaPlayer.php?view_id=10&clip_id=3529,"2019 Neighborhood Awards of February 22, 2020 2019 Neighborhood Awards of February 22, 2020",https://fortworthgov.granicus.com/MediaPlayer.php?view_id=10&clip_id=3529
c18ce8bdc3ea,fort-worth-tx,6540eef2dc2e,D,Police Monitor Public Forum Police Monitor Public Forum,Police Monitor Public Forum,2,2019-11-20,2019-11-20,Create/reuse Community Public Input aggregate,fort-worth-tx-community-public-input,medium,"Project/district/date variants of public participation; combine at city level, exclude generic promotional videos.",https://fortworthgov.granicus.com/MediaPlayer.php?view_id=10&clip_id=3443,Police Monitor Public Forum Police Monitor Public Forum,https://fortworthgov.granicus.com/MediaPlayer.php?view_id=10&clip_id=3443
4abe4832108d,fort-worth-tx,6540eef2dc2e,D,"Public Forum: Candidates for Diversity and Inclusion Director of October 28, 2019 Public Forum: Candidates for Diversity and Inclusion Director of October 28, 2019",Public Forum: Candidates for Diversity and Inclusion Director,2,2019-10-28,2019-10-28,Create/reuse Community Public Input aggregate,fort-worth-tx-community-public-input,medium,"Project/district/date variants of public participation; combine at city level, exclude generic promotional videos.",https://fortworthgov.granicus.com/MediaPlayer.php?view_id=10&clip_id=3380,"Public Forum: Candidates for Diversity and Inclusion Director of October 28, 2019 Public Forum: Candidates for Diversity and Inclusion Director of October 28, 2019",https://fortworthgov.granicus.com/MediaPlayer.php?view_id=10&clip_id=3380
8174267fc39f,fort-worth-tx,6540eef2dc2e,G,"Municipal Summit of September 12, 2018 Municipal Summit of September 12, 2018",Municipal Summit,2,2018-09-12,2018-09-12,Investigate,,low,Title alone does not establish a safe public-meeting identity; inspect official recording/agenda.,https://fortworthgov.granicus.com/MediaPlayer.php?view_id=10&clip_id=3051,"Municipal Summit of September 12, 2018 Municipal Summit of September 12, 2018",https://fortworthgov.granicus.com/MediaPlayer.php?view_id=10&clip_id=3051
b8b70d0363a3,fort-worth-tx,6540eef2dc2e,F,"Community Development Week Celebration - April 2, 2018 Community Development Week Celebration",Community Development Week Celebration -,2,2018-04-02,2018-04-02,Exclude from meeting remediation after verification,,medium,"Label describes civic media, ceremony, promotion, staff event or training rather than deliberation/public input; preserve archive record.",https://fortworthgov.granicus.com/MediaPlayer.php?view_id=10&clip_id=2943,"Community Development Week Celebration - April 2, 2018 Community Development Week Celebration - April 2, 2018",https://fortworthgov.granicus.com/MediaPlayer.php?view_id=10&clip_id=2943
7f249071b740,fort-worth-tx,6540eef2dc2e,D,"Neighborhood Workshop: Race & Culture - January 20, 2018 Neighborhood Workshop: Race & Culture",Neighborhood Workshop: Race & Culture -,2,2018-02-01,2018-02-01,Create/reuse Community Public Input aggregate,fort-worth-tx-community-public-input,medium,"Project/district/date variants of public participation; combine at city level, exclude generic promotional videos.",https://fortworthgov.granicus.com/MediaPlayer.php?view_id=10&clip_id=2893,"Neighborhood Workshop: Race & Culture - January 20, 2018 Neighborhood Workshop: Race & Culture - January 20, 2018",https://fortworthgov.granicus.com/MediaPlayer.php?view_id=10&clip_id=2893
d8cb2f9e3746,fort-worth-tx,6540eef2dc2e,D,"Neighborhood Workshop: Helping The Homeless - January 20, 2018 Neighborhood Workshop: Helping The Homeless",Neighborhood Workshop: Helping The Homeless -,2,2018-02-01,2018-02-01,Create/reuse Community Public Input aggregate,fort-worth-tx-community-public-input,medium,"Project/district/date variants of public participation; combine at city level, exclude generic promotional videos.",https://fortworthgov.granicus.com/MediaPlayer.php?view_id=10&clip_id=2894,"Neighborhood Workshop: Helping The Homeless - January 20, 2018 Neighborhood Workshop: Helping The Homeless - January 20, 2018",https://fortworthgov.granicus.com/MediaPlayer.php?view_id=10&clip_id=2894
d3357cfe5c72,fort-worth-tx,6540eef2dc2e,D,"Neighborhood Workshop: Tarrant County Services - January 20, 2018 Neighborhood Workshop: Tarrant County Services",Neighborhood Workshop: Tarrant County Services -,2,2018-01-31,2018-01-31,Create/reuse Community Public Input aggregate,fort-worth-tx-community-public-input,medium,"Project/district/date variants of public participation; combine at city level, exclude generic promotional videos.",https://fortworthgov.granicus.com/MediaPlayer.php?view_id=10&clip_id=2891,"Neighborhood Workshop: Tarrant County Services - January 20, 2018 Neighborhood Workshop: Tarrant County Services - January 20, 2018",https://fortworthgov.granicus.com/MediaPlayer.php?view_id=10&clip_id=2891
c436fa2bf273,fort-worth-tx,6540eef2dc2e,F,Neighborhood Awards 2017 Neighborhood Awards 2017,Neighborhood Awards 2017,2,2018-01-20,2018-01-20,Exclude from meeting remediation after verification,,medium,"Label describes civic media, ceremony, promotion, staff event or training rather than deliberation/public input; preserve archive record.",https://fortworthgov.granicus.com/MediaPlayer.php?view_id=10&clip_id=2895,Neighborhood Awards 2017 Neighborhood Awards 2017,https://fortworthgov.granicus.com/MediaPlayer.php?view_id=10&clip_id=2895
524c6cfbb93b,fort-worth-tx,6540eef2dc2e,D,Economic Development Strategic Plan Workshop Economic Development Strategic Plan Workshop,Economic Development Strategic Plan Workshop,2,2017-12-12,2017-12-12,Community Public Input aggregate after recording verification,fort-worth-tx-community-public-input,low,Likely public participation or project discussion; inspect recording/agenda before treating a topic-only label as a meeting.,https://fortworthgov.granicus.com/MediaPlayer.php?view_id=10&clip_id=2879,Economic Development Strategic Plan Workshop Economic Development Strategic Plan Workshop,https://fortworthgov.granicus.com/MediaPlayer.php?view_id=10&clip_id=2879
1de10835bd1f,fort-worth-tx,6540eef2dc2e,G,"AATC Multifamily Summit of September 14, 2017 AATC Multifamily Summit of September 14, 2017",AATC Multifamily Summit,2,2017-09-14,2017-09-14,Investigate,,low,Title alone does not establish a safe public-meeting identity; inspect official recording/agenda.,https://fortworthgov.granicus.com/MediaPlayer.php?view_id=10&clip_id=2785,"AATC Multifamily Summit of September 14, 2017 AATC Multifamily Summit of September 14, 2017",https://fortworthgov.granicus.com/MediaPlayer.php?view_id=10&clip_id=2785
aec30ce9b892,fort-worth-tx,6540eef2dc2e,D,"Affordable Housing 101 Forum of May 13, 2017 Affordable Housing 101 Forum of May 13, 2017",Affordable Housing 101 Forum,2,2017-05-13,2017-05-13,Community Public Input aggregate after recording verification,fort-worth-tx-community-public-input,low,Likely public participation or project discussion; inspect recording/agenda before treating a topic-only label as a meeting.,https://fortworthgov.granicus.com/MediaPlayer.php?view_id=10&clip_id=2708,"Affordable Housing 101 Forum of May 13, 2017 Affordable Housing 101 Forum of May 13, 2017",https://fortworthgov.granicus.com/MediaPlayer.php?view_id=10&clip_id=2708
c5d2a6ad4dfb,fort-worth-tx,6540eef2dc2e,G,Stormwater Management Program Master Plan Update PowerPoint Stormwater Management Program Master Plan Update PowerPoint,Stormwater Management Program Master Plan Update PowerPoint,2,2017-02-24,2017-02-24,Investigate,,low,Title alone does not establish a safe public-meeting identity; inspect official recording/agenda.,https://fortworthgov.granicus.com/MediaPlayer.php?view_id=10&clip_id=2657,Stormwater Management Program Master Plan Update PowerPoint Stormwater Management Program Master Plan Update PowerPoint,https://fortworthgov.granicus.com/MediaPlayer.php?view_id=10&clip_id=2657
de16204463f3,fort-worth-tx,6540eef2dc2e,D,"Practical Tips for Successful Meetings Neighborhood Workshop - January 7, 2017 Practical Tips for Successful Meetings Neighborhood Workshop",Practical Tips for Successful Meetings Neighborhood Workshop -,2,2017-01-07,2017-01-07,Create/reuse Community Public Input aggregate,fort-worth-tx-community-public-input,medium,"Project/district/date variants of public participation; combine at city level, exclude generic promotional videos.",https://fortworthgov.granicus.com/MediaPlayer.php?view_id=10&clip_id=2638,"Practical Tips for Successful Meetings Neighborhood Workshop - January 7, 2017 Practical Tips for Successful Meetings Neighborhood Workshop - January 7, 2017",https://fortworthgov.granicus.com/MediaPlayer.php?view_id=10&clip_id=2638
fa81927136a8,fort-worth-tx,6540eef2dc2e,D,"Keep Fort Worth Beautiful Neighborhood Workshop - January 7, 2017 Keep Fort Worth Beautiful Neighborhood Workshop",Keep Fort Worth Beautiful Neighborhood Workshop -,2,2017-01-07,2017-01-07,Create/reuse Community Public Input aggregate,fort-worth-tx-community-public-input,medium,"Project/district/date variants of public participation; combine at city level, exclude generic promotional videos.",https://fortworthgov.granicus.com/MediaPlayer.php?view_id=10&clip_id=2624,"Keep Fort Worth Beautiful Neighborhood Workshop - January 7, 2017 Keep Fort Worth Beautiful Neighborhood Workshop - January 7, 2017",https://fortworthgov.granicus.com/MediaPlayer.php?view_id=10&clip_id=2624
4d0d06a8089e,fort-worth-tx,6540eef2dc2e,F,"2016 Neighborhood Awards - January 7, 2017 2016 Neighborhood Awards",2016 Neighborhood Awards -,2,2017-01-07,2017-01-07,Exclude from meeting remediation after verification,,medium,"Label describes civic media, ceremony, promotion, staff event or training rather than deliberation/public input; preserve archive record.",https://fortworthgov.granicus.com/MediaPlayer.php?view_id=10&clip_id=2651,"2016 Neighborhood Awards - January 7, 2017 2016 Neighborhood Awards - January 7, 2017",https://fortworthgov.granicus.com/MediaPlayer.php?view_id=10&clip_id=2651
43ee559debce,fort-worth-tx,6540eef2dc2e,G,"Fair Housing Roundtable of October 6, 2016 Fair Housing Roundtable of October 6, 2016",Fair Housing Roundtable,2,2016-10-06,2016-10-06,Investigate,,low,Title alone does not establish a safe public-meeting identity; inspect official recording/agenda.,https://fortworthgov.granicus.com/MediaPlayer.php?view_id=10&clip_id=2569,"Fair Housing Roundtable of October 6, 2016 Fair Housing Roundtable of October 6, 2016",https://fortworthgov.granicus.com/MediaPlayer.php?view_id=10&clip_id=2569
f8e647ff76b6,fort-worth-tx,6540eef2dc2e,F,Active Shooter Civilian Response Training Active Shooter Civilian Response Training,Active Shooter Civilian Response Training,2,2016-09-17,2016-09-17,Exclude from meeting remediation after verification,,medium,"Label describes civic media, ceremony, promotion, staff event or training rather than deliberation/public input; preserve archive record.",https://fortworthgov.granicus.com/MediaPlayer.php?view_id=10&clip_id=2558,Active Shooter Civilian Response Training Active Shooter Civilian Response Training,https://fortworthgov.granicus.com/MediaPlayer.php?view_id=10&clip_id=2558
afb08aed1d41,fort-worth-tx,6540eef2dc2e,G,"Stockyards Form Based Code Work-In-Progress Presentation of May 25, 2016 Stockyards Form Based Code Work-In-Progress Presentation of May 25, 2016",Stockyards Form Based Code Work-In-Progress Presentation,2,2016-05-25,2016-05-25,Investigate,,low,Title alone does not establish a safe public-meeting identity; inspect official recording/agenda.,https://fortworthgov.granicus.com/MediaPlayer.php?view_id=10&clip_id=2487,"Stockyards Form Based Code Work-In-Progress Presentation of May 25, 2016 Stockyards Form Based Code Work-In-Progress Presentation of May 25, 2016",https://fortworthgov.granicus.com/MediaPlayer.php?view_id=10&clip_id=2487
40788d1f3fd8,fort-worth-tx,6540eef2dc2e,C,CHARTER REVIEW TASK FORCE CHARTER REVIEW TASK FORCE,CHARTER REVIEW TASK FORCE,8,2015-09-03,2015-11-18,Create/reuse Charter Review aggregate,fort-worth-tx-charter-review,medium,"Time-limited civic process; combine dated occurrences, do not create one feed per hearing/year.",https://fortworthgov.granicus.com/MediaPlayer.php?view_id=10&clip_id=2356,CHARTER REVIEW TASK FORCE CHARTER REVIEW TASK FORCE,https://fortworthgov.granicus.com/MediaPlayer.php?view_id=10&clip_id=2356
07b33ff8716f,fort-worth-tx,6540eef2dc2e,B,HOUSING AND ECONOMIC DEVELOPMENT COMMITTEE HOUSING AND ECONOMIC DEVELOPMENT COMMITTEE,HOUSING AND ECONOMIC DEVELOPMENT COMMITTEE,80,2008-12-02,2015-02-03,Create/reuse distinct named public-body feed,fort-worth-tx-housing-and-economic-development-committee,medium,Named public body; few surviving recordings do not make it a one-off of another body. Verify identity and aliases before creation.,https://fortworthgov.granicus.com/MediaPlayer.php?view_id=10&clip_id=2123,HOUSING AND ECONOMIC DEVELOPMENT COMMITTEE HOUSING AND ECONOMIC DEVELOPMENT COMMITTEE,https://fortworthgov.granicus.com/MediaPlayer.php?view_id=10&clip_id=2123
45418d88423b,fort-worth-tx,6540eef2dc2e,D,JAVA - A Caffeinated Town Hall with Mayor Betsy Price and Councilmember Sal Espino JAVA - A Caffeinated Town Hall with Mayor Betsy Price and Councilmember Sal Espino,JAVA - A Caffeinated Town Hall with Mayor Betsy Price and Councilmember Sal Espino,2,2014-08-23,2014-08-23,Create/reuse Community Public Input aggregate,fort-worth-tx-community-public-input,medium,"Project/district/date variants of public participation; combine at city level, exclude generic promotional videos.",https://fortworthgov.granicus.com/MediaPlayer.php?view_id=10&clip_id=2003,JAVA - A Caffeinated Town Hall with Mayor Betsy Price and Councilmember Sal Espino JAVA - A Caffeinated Town Hall with Mayor Betsy Price and Councilmember Sal Espino,https://fortworthgov.granicus.com/MediaPlayer.php?view_id=10&clip_id=2003
88ce4758c3f0,fort-worth-tx,6540eef2dc2e,D,Caffeinated Town Hall from Villages of Woodland Springs Caffeinated Town Hall from Villages of Woodland Springs,Caffeinated Town Hall from Villages of Woodland Springs,2,2014-08-09,2014-08-09,Create/reuse Community Public Input aggregate,fort-worth-tx-community-public-input,medium,"Project/district/date variants of public participation; combine at city level, exclude generic promotional videos.",https://fortworthgov.granicus.com/MediaPlayer.php?view_id=10&clip_id=1988,Caffeinated Town Hall from Villages of Woodland Springs Caffeinated Town Hall from Villages of Woodland Springs,https://fortworthgov.granicus.com/MediaPlayer.php?view_id=10&clip_id=1988
43860f491b27,fort-worth-tx,6540eef2dc2e,C,Bond Public Input Meeting Bond Public Input Meeting,Bond Public Input Meeting,2,2013-10-26,2013-10-26,Create/reuse Bond Program Meetings aggregate,fort-worth-tx-bond-program-meetings,medium,"Aggregate program advisory, oversight, subcommittee and public-input recordings; preserve program/year in official titles.",https://fortworthgov.granicus.com/MediaPlayer.php?view_id=10&clip_id=1809,Bond Public Input Meeting Bond Public Input Meeting,https://fortworthgov.granicus.com/MediaPlayer.php?view_id=10&clip_id=1809
6aea5fb94e2a,fort-worth-tx,6540eef2dc2e,F,Employee Diversity Forum Employee Diversity Forum,Employee Diversity Forum,2,2013-10-17,2013-10-17,Exclude from meeting remediation after verification,,medium,"Label describes civic media, ceremony, promotion, staff event or training rather than deliberation/public input; preserve archive record.",https://fortworthgov.granicus.com/MediaPlayer.php?view_id=10&clip_id=1801,Employee Diversity Forum Employee Diversity Forum,https://fortworthgov.granicus.com/MediaPlayer.php?view_id=10&clip_id=1801
38e0a1c5cc02,fort-worth-tx,6540eef2dc2e,A,Water Task Force Water Task Force,Water Task Force,2,2013-08-21,2013-08-21,Expand parent selector or exact inclusion,fort-worth-tx-water-utility-task-force,medium,Existing parent is a plausible match; abbreviations/subordinate/joint bodies still require ownership confirmation.,https://fortworthgov.granicus.com/MediaPlayer.php?view_id=10&clip_id=1760,Water Task Force Water Task Force,https://fortworthgov.granicus.com/MediaPlayer.php?view_id=10&clip_id=1760
08d5877b2c37,fort-worth-tx,6540eef2dc2e,C,Bond Election Public Meeting Bond Election Public Meeting,Bond Election Public Meeting,2,2013-07-13,2013-07-13,Create/reuse Bond Program Meetings aggregate,fort-worth-tx-bond-program-meetings,medium,"Aggregate program advisory, oversight, subcommittee and public-input recordings; preserve program/year in official titles.",https://fortworthgov.granicus.com/MediaPlayer.php?view_id=10&clip_id=1735,Bond Election Public Meeting Bond Election Public Meeting,https://fortworthgov.granicus.com/MediaPlayer.php?view_id=10&clip_id=1735
b7981a68b531,fort-worth-tx,6540eef2dc2e,D,Virtual Worshop on Water Education Virtual Worshop on Water Education,Virtual Worshop on Water Education,2,2013-07-08,2013-07-08,Community Public Input aggregate after recording verification,fort-worth-tx-community-public-input,low,Likely public participation or project discussion; inspect recording/agenda before treating a topic-only label as a meeting.,https://fortworthgov.granicus.com/MediaPlayer.php?view_id=10&clip_id=1721,Virtual Worshop on Water Education Virtual Worshop on Water Education,https://fortworthgov.granicus.com/MediaPlayer.php?view_id=10&clip_id=1721
c6873d2c1ad2,fort-worth-tx,6540eef2dc2e,F,Neighborhood Awards Neighborhood Awards,Neighborhood Awards,4,2012-01-24,2013-01-31,Exclude from meeting remediation after verification,,medium,"Label describes civic media, ceremony, promotion, staff event or training rather than deliberation/public input; preserve archive record.",https://fortworthgov.granicus.com/MediaPlayer.php?view_id=10&clip_id=1606,Neighborhood Awards Neighborhood Awards,https://fortworthgov.granicus.com/MediaPlayer.php?view_id=10&clip_id=1606
e8df4e610d68,fort-worth-tx,6540eef2dc2e,G,"""Grow a Green Multifamily Development"" Symposium ""Grow a Green Multifamily Development"" Symposium","""Grow a Green Multifamily Development"" Symposium",2,2012-10-30,2012-10-30,Investigate,,low,Title alone does not establish a safe public-meeting identity; inspect official recording/agenda.,https://fortworthgov.granicus.com/MediaPlayer.php?view_id=10&clip_id=1555,"""Grow a Green Multifamily Development"" Symposium ""Grow a Green Multifamily Development"" Symposium",https://fortworthgov.granicus.com/MediaPlayer.php?view_id=10&clip_id=1555
6b7da9ff30c4,fort-worth-tx,6540eef2dc2e,C,Redistricting Public Meeting Redistricting Public Meeting,Redistricting Public Meeting,10,2012-05-17,2012-05-24,Create/reuse Redistricting aggregate,fort-worth-tx-redistricting,medium,"Time-limited civic process; combine dated occurrences, do not create one feed per hearing/year.",https://fortworthgov.granicus.com/MediaPlayer.php?view_id=10&clip_id=1478,Redistricting Public Meeting Redistricting Public Meeting,https://fortworthgov.granicus.com/MediaPlayer.php?view_id=10&clip_id=1478
1aaa3c28909b,fort-worth-tx,6540eef2dc2e,G,Storm Water Symposium Storm Water Symposium,Storm Water Symposium,2,2012-04-18,2012-04-18,Investigate,,low,Title alone does not establish a safe public-meeting identity; inspect official recording/agenda.,https://fortworthgov.granicus.com/MediaPlayer.php?view_id=10&clip_id=1429,Storm Water Symposium Storm Water Symposium,https://fortworthgov.granicus.com/MediaPlayer.php?view_id=10&clip_id=1429
7d0241bfe5d3,fort-worth-tx,6540eef2dc2e,D,Salt Water Disposal Well Public Meeting Salt Water Disposal Well Public Meeting,Salt Water Disposal Well Public Meeting,2,2012-02-23,2012-02-23,Create/reuse Community Public Input aggregate,fort-worth-tx-community-public-input,medium,"Project/district/date variants of public participation; combine at city level, exclude generic promotional videos.",https://fortworthgov.granicus.com/MediaPlayer.php?view_id=10&clip_id=1385,Salt Water Disposal Well Public Meeting Salt Water Disposal Well Public Meeting,https://fortworthgov.granicus.com/MediaPlayer.php?view_id=10&clip_id=1385
0bcc3fd78c89,fort-worth-tx,6540eef2dc2e,D,Salt Water Disposal Public Meeting Salt Water Disposal Public Meeting,Salt Water Disposal Public Meeting,4,2012-01-19,2012-01-26,Create/reuse Community Public Input aggregate,fort-worth-tx-community-public-input,medium,"Project/district/date variants of public participation; combine at city level, exclude generic promotional videos.",https://fortworthgov.granicus.com/MediaPlayer.php?view_id=10&clip_id=1357,Salt Water Disposal Public Meeting Salt Water Disposal Public Meeting,https://fortworthgov.granicus.com/MediaPlayer.php?view_id=10&clip_id=1357
1943e417f55f,fort-worth-tx,6540eef2dc2e,A,Special Called Art Commission Meeting Special Called Art Commission Meeting,Special Called Art Commission Meeting,2,2022-01-31,2022-01-31,Expand parent selector or exact inclusion,fort-worth-tx-public-art-commission,medium,Existing parent is a plausible match; abbreviations/subordinate/joint bodies still require ownership confirmation.,https://fortworthgov.granicus.com/MediaPlayer.php?view_id=10&clip_id=4678,Special Called Art Commission Meeting Special Called Art Commission Meeting,https://fortworthgov.granicus.com/MediaPlayer.php?view_id=10&clip_id=4678
9a1b099778d6,fort-worth-tx,6540eef2dc2e,A,"Art Commission of November 15, 2021 Art Commission of November 15, 2021",Art Commission,2,2021-11-15,2021-11-15,Expand parent selector or exact inclusion,fort-worth-tx-public-art-commission,medium,Existing parent is a plausible match; abbreviations/subordinate/joint bodies still require ownership confirmation.,https://fortworthgov.granicus.com/MediaPlayer.php?view_id=10&clip_id=4601,"Art Commission of November 15, 2021 Art Commission of November 15, 2021",https://fortworthgov.granicus.com/MediaPlayer.php?view_id=10&clip_id=4601
72bb4d2c6332,fort-worth-tx,6540eef2dc2e,A,Fort Worth Art Commission Fort Worth Art Commission,Fort Worth Art Commission,10,2020-10-12,2021-07-19,Expand parent selector or exact inclusion,fort-worth-tx-public-art-commission,medium,Existing parent is a plausible match; abbreviations/subordinate/joint bodies still require ownership confirmation.,https://fortworthgov.granicus.com/MediaPlayer.php?view_id=10&clip_id=4467,Fort Worth Art Commission Fort Worth Art Commission,https://fortworthgov.granicus.com/MediaPlayer.php?view_id=10&clip_id=4467
8bfc62d55a69,fort-worth-tx,6540eef2dc2e,A,Art Commission Art Commission,Art Commission,8,2020-11-16,2021-04-19,Expand parent selector or exact inclusion,fort-worth-tx-public-art-commission,medium,Existing parent is a plausible match; abbreviations/subordinate/joint bodies still require ownership confirmation.,https://fortworthgov.granicus.com/MediaPlayer.php?view_id=10&clip_id=4346,Art Commission Art Commission,https://fortworthgov.granicus.com/MediaPlayer.php?view_id=10&clip_id=4346
0401f09a4c60,fort-worth-tx,6540eef2dc2e,A,Fort Worth Art Commission Special Meeting Fort Worth Art Commission Special Meeting,Fort Worth Art Commission Special Meeting,2,2021-02-22,2021-02-22,Expand parent selector or exact inclusion,fort-worth-tx-public-art-commission,medium,Existing parent is a plausible match; abbreviations/subordinate/joint bodies still require ownership confirmation.,https://fortworthgov.granicus.com/MediaPlayer.php?view_id=10&clip_id=4237,Fort Worth Art Commission Special Meeting Fort Worth Art Commission Special Meeting,https://fortworthgov.granicus.com/MediaPlayer.php?view_id=10&clip_id=4237
e58985fc271b,fort-worth-tx,6540eef2dc2e,A,Art Commission SPECIAL CALLED MEETING Art Commission SPECIAL CALLED MEETING,Art Commission SPECIAL CALLED MEETING,4,2020-07-13,2020-09-14,Expand parent selector or exact inclusion,fort-worth-tx-public-art-commission,medium,Existing parent is a plausible match; abbreviations/subordinate/joint bodies still require ownership confirmation.,https://fortworthgov.granicus.com/MediaPlayer.php?view_id=10&clip_id=3939,Art Commission SPECIAL CALLED MEETING Art Commission SPECIAL CALLED MEETING,https://fortworthgov.granicus.com/MediaPlayer.php?view_id=10&clip_id=3939
5c34217c9ac7,fort-worth-tx,6540eef2dc2e,B,Race and Culture Task Force Race and Culture Task Force,Race and Culture Task Force,24,2017-11-17,2018-11-12,Create/reuse distinct named public-body feed,fort-worth-tx-race-and-culture-task-force,medium,Named public body; few surviving recordings do not make it a one-off of another body. Verify identity and aliases before creation.,https://fortworthgov.granicus.com/MediaPlayer.php?view_id=10&clip_id=3092,Race and Culture Task Force Race and Culture Task Force,https://fortworthgov.granicus.com/MediaPlayer.php?view_id=10&clip_id=3092
1d005f8ea250,fort-worth-tx,6540eef2dc2e,B,Race anc Culture Task Force Race anc Culture Task Force,Race anc Culture Task Force,2,2018-08-20,2018-08-20,Create/reuse distinct named public-body feed,fort-worth-tx-race-anc-culture-task-force,medium,Named public body; few surviving recordings do not make it a one-off of another body. Verify identity and aliases before creation.,https://fortworthgov.granicus.com/MediaPlayer.php?view_id=10&clip_id=3036,Race anc Culture Task Force Race anc Culture Task Force,https://fortworthgov.granicus.com/MediaPlayer.php?view_id=10&clip_id=3036
f058788a913b,fort-worth-tx,6540eef2dc2e,B,Interim Report of the Task Force on Race and Culture Interim Report of the Task Force on Race and Culture,Interim Report of the Task Force on Race and Culture,2,2018-05-01,2018-05-01,Create/reuse distinct named public-body feed,fort-worth-tx-interim-report-of-the-task-force-on-race-and-culture,medium,Named public body; few surviving recordings do not make it a one-off of another body. Verify identity and aliases before creation.,https://fortworthgov.granicus.com/MediaPlayer.php?view_id=10&clip_id=2968,Interim Report of the Task Force on Race and Culture Interim Report of the Task Force on Race and Culture,https://fortworthgov.granicus.com/MediaPlayer.php?view_id=10&clip_id=2968
0150614443ad,fort-worth-tx,6540eef2dc2e,D,Race and Culture Task Force Townhall Race and Culture Task Force Townhall,Race and Culture Task Force Townhall,2,2018-03-08,2018-03-08,Create/reuse Community Public Input aggregate,fort-worth-tx-community-public-input,medium,"Project/district/date variants of public participation; combine at city level, exclude generic promotional videos.",https://fortworthgov.granicus.com/MediaPlayer.php?view_id=10&clip_id=2921,Race and Culture Task Force Townhall Race and Culture Task Force Townhall,https://fortworthgov.granicus.com/MediaPlayer.php?view_id=10&clip_id=2921
c340bb61ed06,fort-worth-tx,6540eef2dc2e,B,Race and Culture Task Force Worksession Race and Culture Task Force Worksession,Race and Culture Task Force Worksession,2,2018-02-26,2018-02-26,Create/reuse distinct named public-body feed,fort-worth-tx-race-and-culture-task-force-worksession,medium,Named public body; few surviving recordings do not make it a one-off of another body. Verify identity and aliases before creation.,https://fortworthgov.granicus.com/MediaPlayer.php?view_id=10&clip_id=2917,Race and Culture Task Force Worksession Race and Culture Task Force Worksession,https://fortworthgov.granicus.com/MediaPlayer.php?view_id=10&clip_id=2917
9f3ba02d8a11,fort-worth-tx,6540eef2dc2e,B,Task Force Meeting by Task Force on Race and Culture Task Force Meeting by Task Force on Race and Culture,Task Force Meeting by Task Force on Race and Culture,2,2017-10-02,2017-10-02,Create/reuse distinct named public-body feed,fort-worth-tx-task-force-meeting-by-task-force-on-race-and-culture,medium,Named public body; few surviving recordings do not make it a one-off of another body. Verify identity and aliases before creation.,https://fortworthgov.granicus.com/MediaPlayer.php?view_id=10&clip_id=2798,Task Force Meeting by Task Force on Race and Culture Task Force Meeting by Task Force on Race and Culture,https://fortworthgov.granicus.com/MediaPlayer.php?view_id=10&clip_id=2798
0653ed9a5013,fort-worth-tx,6540eef2dc2e,C,Redistricting Task Force Redistricting Task Force,Redistricting Task Force,18,2020-09-17,2022-01-24,Create/reuse Redistricting aggregate,fort-worth-tx-redistricting,medium,"Time-limited civic process; combine dated occurrences, do not create one feed per hearing/year.",https://fortworthgov.granicus.com/MediaPlayer.php?view_id=10&clip_id=4670,Redistricting Task Force Redistricting Task Force,https://fortworthgov.granicus.com/MediaPlayer.php?view_id=10&clip_id=4670
a294270ed4ff,fort-worth-tx,6540eef2dc2e,F,ESRI Redistricting Software Training ESRI Redistricting Software Training,ESRI Redistricting Software Training,2,2021-06-24,2021-06-24,Exclude from meeting remediation after verification,,medium,"Label describes civic media, ceremony, promotion, staff event or training rather than deliberation/public input; preserve archive record.",https://fortworthgov.granicus.com/MediaPlayer.php?view_id=10&clip_id=4452,ESRI Redistricting Software Training ESRI Redistricting Software Training,https://fortworthgov.granicus.com/MediaPlayer.php?view_id=10&clip_id=4452
922033c002ad,fort-worth-tx,6540eef2dc2e,C,"Redistricting Task Force of February 4, 2021 Redistricting Task Force of February 4, 2021",Redistricting Task Force,2,2021-02-04,2021-02-04,Create/reuse Redistricting aggregate,fort-worth-tx-redistricting,medium,"Time-limited civic process; combine dated occurrences, do not create one feed per hearing/year.",https://fortworthgov.granicus.com/MediaPlayer.php?view_id=10&clip_id=4220,"Redistricting Task Force of February 4, 2021 Redistricting Task Force of February 4, 2021",https://fortworthgov.granicus.com/MediaPlayer.php?view_id=10&clip_id=4220
5f890de5b015,fort-worth-tx,6540eef2dc2e,C,Redistricting Task Force - Spanish Only Redistricting Task Force - Spanish Only,Redistricting Task Force - Spanish Only,2,2021-01-19,2021-01-19,Create/reuse Redistricting aggregate,fort-worth-tx-redistricting,medium,"Time-limited civic process; combine dated occurrences, do not create one feed per hearing/year.",https://fortworthgov.granicus.com/MediaPlayer.php?view_id=10&clip_id=4178,Redistricting Task Force - Spanish Only Redistricting Task Force - Spanish Only,https://fortworthgov.granicus.com/MediaPlayer.php?view_id=10&clip_id=4178
6420cf92d4c7,fort-worth-tx,6540eef2dc2e,C,"Redistricting 101 with Spanish subtitle January 4, 2021 Redistricting 101 with Spanish subtitle January 4, 2021",Redistricting 101 with Spanish subtitle,2,2021-01-04,2021-01-04,Create/reuse Redistricting aggregate,fort-worth-tx-redistricting,medium,"Time-limited civic process; combine dated occurrences, do not create one feed per hearing/year.",https://fortworthgov.granicus.com/MediaPlayer.php?view_id=10&clip_id=4155,"Redistricting 101 with Spanish subtitle January 4, 2021 Redistricting 101 with Spanish subtitle January 4, 2021",https://fortworthgov.granicus.com/MediaPlayer.php?view_id=10&clip_id=4155
9e01008480a8,fort-worth-tx,6540eef2dc2e,C,Redistricting 101 Redistricting 101,Redistricting 101,2,2021-01-04,2021-01-04,Create/reuse Redistricting aggregate,fort-worth-tx-redistricting,medium,"Time-limited civic process; combine dated occurrences, do not create one feed per hearing/year.",https://fortworthgov.granicus.com/MediaPlayer.php?view_id=10&clip_id=4152,Redistricting 101 Redistricting 101,https://fortworthgov.granicus.com/MediaPlayer.php?view_id=10&clip_id=4152
7ad14832da99,fort-worth-tx,6540eef2dc2e,C,Redistricting Task Force Demo Redistricting Task Force Demo,Redistricting Task Force Demo,2,2020-09-24,2020-09-24,Create/reuse Redistricting aggregate,fort-worth-tx-redistricting,medium,"Time-limited civic process; combine dated occurrences, do not create one feed per hearing/year.",https://fortworthgov.granicus.com/MediaPlayer.php?view_id=10&clip_id=3960,Redistricting Task Force Demo Redistricting Task Force Demo,https://fortworthgov.granicus.com/MediaPlayer.php?view_id=10&clip_id=3960
df86e74c7d52,fort-worth-tx,6540eef2dc2e,F,"Speaker's Podium - Bob Tallman - January 31, 2020 Speaker's Podium - Bob Tallman",Speaker's Podium - Bob Tallman -,2,2020-01-31,2020-01-31,Exclude from meeting remediation after verification,,medium,"Label describes civic media, ceremony, promotion, staff event or training rather than deliberation/public input; preserve archive record.",https://fortworthgov.granicus.com/MediaPlayer.php?view_id=10&clip_id=3504,"Speaker's Podium - Bob Tallman - January 31, 2020 Speaker's Podium - Bob Tallman - January 31, 2020",https://fortworthgov.granicus.com/MediaPlayer.php?view_id=10&clip_id=3504
6a9821e17869,fort-worth-tx,6540eef2dc2e,F,"Speaker's Podium - Medal of Honor Museum - January 24, 2020 Speaker's Podium - Medal of Honor Museum",Speaker's Podium - Medal of Honor Museum -,2,2020-01-24,2020-01-24,Exclude from meeting remediation after verification,,medium,"Label describes civic media, ceremony, promotion, staff event or training rather than deliberation/public input; preserve archive record.",https://fortworthgov.granicus.com/MediaPlayer.php?view_id=10&clip_id=3502,"Speaker's Podium - Medal of Honor Museum - January 24, 2020 Speaker's Podium - Medal of Honor Museum - January 24, 2020",https://fortworthgov.granicus.com/MediaPlayer.php?view_id=10&clip_id=3502
92b9f0f2c1ab,fort-worth-tx,6540eef2dc2e,F,"Speakers Podium - Chef Tim Love - December 13, 2019 Speakers Podium - Chef Tim Love",Speakers Podium - Chef Tim Love -,2,2019-12-13,2019-12-13,Exclude from meeting remediation after verification,,medium,"Label describes civic media, ceremony, promotion, staff event or training rather than deliberation/public input; preserve archive record.",https://fortworthgov.granicus.com/MediaPlayer.php?view_id=10&clip_id=3462,"Speakers Podium - Chef Tim Love - December 13, 2019 Speakers Podium - Chef Tim Love - December 13, 2019",https://fortworthgov.granicus.com/MediaPlayer.php?view_id=10&clip_id=3462
3349e22fb833,fort-worth-tx,6540eef2dc2e,F,"Speaker's Podium - Robert Earley, JPS Health Network - August 16, 2019 Speaker's Podium - Robert Earley, JPS Health Network","Speaker's Podium - Robert Earley, JPS Health Network -",2,2019-08-16,2019-08-16,Exclude from meeting remediation after verification,,medium,"Label describes civic media, ceremony, promotion, staff event or training rather than deliberation/public input; preserve archive record.",https://fortworthgov.granicus.com/MediaPlayer.php?view_id=10&clip_id=3283,"Speaker's Podium - Robert Earley, JPS Health Network - August 16, 2019 Speaker's Podium - Robert Earley, JPS Health Network - August 16, 2019",https://fortworthgov.granicus.com/MediaPlayer.php?view_id=10&clip_id=3283
4bc4d0f0bacf,fort-worth-tx,6540eef2dc2e,F,"Speaker's Podium - Dr. D. Newell Williams, Brite Divinity School - February 1, 2019 Speaker's Podium - Dr. D. Newell Williams, Brite Divinity School","Speaker's Podium - Dr. D. Newell Williams, Brite Divinity School -",2,2019-02-01,2019-02-01,Exclude from meeting remediation after verification,,medium,"Label describes civic media, ceremony, promotion, staff event or training rather than deliberation/public input; preserve archive record.",https://fortworthgov.granicus.com/MediaPlayer.php?view_id=10&clip_id=3121,"Speaker's Podium - Dr. D. Newell Williams, Brite Divinity School - February 1, 2019 Speaker's Podium - Dr. D. Newell Williams, Brite Divinity School - February 1, 2019",https://fortworthgov.granicus.com/MediaPlayer.php?view_id=10&clip_id=3121
67488a4fb6fb,fort-worth-tx,6540eef2dc2e,F,"Speaker's Podium - Mike Sanborn, Baylor Scott & White All Saints Medical Center - November 30, 2018 Speaker's Podium - Mike Sanborn, Baylor Scott & White All Saints Medical Center","Speaker's Podium - Mike Sanborn, Baylor Scott & White All Saints Medical Center -",2,2018-11-30,2018-11-30,Exclude from meeting remediation after verification,,medium,"Label describes civic media, ceremony, promotion, staff event or training rather than deliberation/public input; preserve archive record.",https://fortworthgov.granicus.com/MediaPlayer.php?view_id=10&clip_id=3106,"Speaker's Podium - Mike Sanborn, Baylor Scott & White All Saints Medical Center - November 30, 2018 Speaker's Podium - Mike Sanborn, Baylor Scott & White All Saints Medical Center - November 30, 2018",https://fortworthgov.granicus.com/MediaPlayer.php?view_id=10&clip_id=3106
9638330973e2,fort-worth-tx,6540eef2dc2e,F,"Speaker's Podium - Col. Mickey Addison, USAF, Retired - November 11, 2018 Speaker's Podium - Col. Mickey Addison, USAF, Retired","Speaker's Podium - Col. Mickey Addison, USAF, Retired -",2,2018-11-16,2018-11-16,Exclude from meeting remediation after verification,,medium,"Label describes civic media, ceremony, promotion, staff event or training rather than deliberation/public input; preserve archive record.",https://fortworthgov.granicus.com/MediaPlayer.php?view_id=10&clip_id=3095,"Speaker's Podium - Col. Mickey Addison, USAF, Retired - November 11, 2018 Speaker's Podium - Col. Mickey Addison, USAF, Retired - November 11, 2018",https://fortworthgov.granicus.com/MediaPlayer.php?view_id=10&clip_id=3095
ec54d6001cfd,fort-worth-tx,6540eef2dc2e,F,"Speaker's Podium - Robert Ahdieh, Texas A&M School of Law - September, 28, 2018 Speaker's Podium - Robert Ahdieh, Texas A&M School of Law - September, 28, 2018","Speaker's Podium - Robert Ahdieh, Texas A&M School of Law - September, 28, 2018",2,2018-09-28,2018-09-28,Exclude from meeting remediation after verification,,medium,"Label describes civic media, ceremony, promotion, staff event or training rather than deliberation/public input; preserve archive record.",https://fortworthgov.granicus.com/MediaPlayer.php?view_id=10&clip_id=3060,"Speaker's Podium - Robert Ahdieh, Texas A&M School of Law - September, 28, 2018 Speaker's Podium - Robert Ahdieh, Texas A&M School of Law - September, 28, 2018",https://fortworthgov.granicus.com/MediaPlayer.php?view_id=10&clip_id=3060
dbc7f21e0c1f,fort-worth-tx,6540eef2dc2e,F,"Speaker's Podium - Officer Hannah Rivard, Human Trafficking - June 1, 2018 Speaker's Podium - Officer Hannah Rivard, Human Trafficking","Speaker's Podium - Officer Hannah Rivard, Human Trafficking -",2,2018-06-01,2018-06-01,Exclude from meeting remediation after verification,,medium,"Label describes civic media, ceremony, promotion, staff event or training rather than deliberation/public input; preserve archive record.",https://fortworthgov.granicus.com/MediaPlayer.php?view_id=10&clip_id=3004,"Speaker's Podium - Officer Hannah Rivard, Human Trafficking - June 1, 2018 Speaker's Podium - Officer Hannah Rivard, Human Trafficking - June 1, 2018",https://fortworthgov.granicus.com/MediaPlayer.php?view_id=10&clip_id=3004
4e4d7289dc12,fort-worth-tx,6540eef2dc2e,F,"Speaker's Podium - Manya Shorr, Fort Worth Library - May 18, 2018 Speaker's Podium - Manya Shorr, Fort Worth Library","Speaker's Podium - Manya Shorr, Fort Worth Library -",2,2018-05-18,2018-05-18,Exclude from meeting remediation after verification,,medium,"Label describes civic media, ceremony, promotion, staff event or training rather than deliberation/public input; preserve archive record.",https://fortworthgov.granicus.com/MediaPlayer.php?view_id=10&clip_id=2984,"Speaker's Podium - Manya Shorr, Fort Worth Library - May 18, 2018 Speaker's Podium - Manya Shorr, Fort Worth Library - May 18, 2018",https://fortworthgov.granicus.com/MediaPlayer.php?view_id=10&clip_id=2984
e323c70d1349,fort-worth-tx,6540eef2dc2e,F,"Speaker's Podium - Cristo Rey Fort Worth High School - May 11, 2018 Speaker's Podium - Cristo Rey Fort Worth High School",Speaker's Podium - Cristo Rey Fort Worth High School -,2,2018-05-11,2018-05-11,Exclude from meeting remediation after verification,,medium,"Label describes civic media, ceremony, promotion, staff event or training rather than deliberation/public input; preserve archive record.",https://fortworthgov.granicus.com/MediaPlayer.php?view_id=10&clip_id=2974,"Speaker's Podium - Cristo Rey Fort Worth High School - May 11, 2018 Speaker's Podium - Cristo Rey Fort Worth High School - May 11, 2018",https://fortworthgov.granicus.com/MediaPlayer.php?view_id=10&clip_id=2974
7d69e8055278,fort-worth-tx,6540eef2dc2e,F,"Speaker's Podium - Lex Keen, PURF - November 10, 2017 Speaker's Podium - Lex Keen, PURF","Speaker's Podium - Lex Keen, PURF -",2,2017-11-10,2017-11-10,Exclude from meeting remediation after verification,,medium,"Label describes civic media, ceremony, promotion, staff event or training rather than deliberation/public input; preserve archive record.",https://fortworthgov.granicus.com/MediaPlayer.php?view_id=10&clip_id=2836,"Speaker's Podium - Lex Keen, PURF - November 10, 2017 Speaker's Podium - Lex Keen, PURF - November 10, 2017",https://fortworthgov.granicus.com/MediaPlayer.php?view_id=10&clip_id=2836
cc1ed423c901,fort-worth-tx,6540eef2dc2e,F,"Speaker's Podium - Dr. Jay Maddock, Texas A&M School of Public Health - September 22, 2017 Speaker's Podium - Dr. Jay Maddock, Texas A&M School of Public Health","Speaker's Podium - Dr. Jay Maddock, Texas A&M School of Public Health -",2,2017-09-22,2017-09-22,Exclude from meeting remediation after verification,,medium,"Label describes civic media, ceremony, promotion, staff event or training rather than deliberation/public input; preserve archive record.",https://fortworthgov.granicus.com/MediaPlayer.php?view_id=10&clip_id=2797,"Speaker's Podium - Dr. Jay Maddock, Texas A&M School of Public Health - September 22, 2017 Speaker's Podium - Dr. Jay Maddock, Texas A&M School of Public Health - September 22, 2017",https://fortworthgov.granicus.com/MediaPlayer.php?view_id=10&clip_id=2797
7be6795ca8dd,fort-worth-tx,6540eef2dc2e,F,"Speaker's Podium - Rev. Charles Foster Johnson, Texas Pastors for Childern - September 8, 2017 Speaker's Podium - Rev. Charles Foster Johnson, Texas Pastors for Childern","Speaker's Podium - Rev. Charles Foster Johnson, Texas Pastors for Childern -",2,2017-09-08,2017-09-08,Exclude from meeting remediation after verification,,medium,"Label describes civic media, ceremony, promotion, staff event or training rather than deliberation/public input; preserve archive record.",https://fortworthgov.granicus.com/MediaPlayer.php?view_id=10&clip_id=2772,"Speaker's Podium - Rev. Charles Foster Johnson, Texas Pastors for Childern - September 8, 2017 Speaker's Podium - Rev. Charles Foster Johnson, Texas Pastors for Childern - September 8, 2017",https://fortworthgov.granicus.com/MediaPlayer.php?view_id=10&clip_id=2772
2167215f3566,fort-worth-tx,6540eef2dc2e,F,"Speaker's Podium - Roderick McLean, Lockheed Martin - July 28, 2017 Speaker's Podium - Roderick McLean, Lockheed Martin","Speaker's Podium - Roderick McLean, Lockheed Martin -",2,2017-07-28,2017-07-28,Exclude from meeting remediation after verification,,medium,"Label describes civic media, ceremony, promotion, staff event or training rather than deliberation/public input; preserve archive record.",https://fortworthgov.granicus.com/MediaPlayer.php?view_id=10&clip_id=2753,"Speaker's Podium - Roderick McLean, Lockheed Martin - July 28, 2017 Speaker's Podium - Roderick McLean, Lockheed Martin - July 28, 2017",https://fortworthgov.granicus.com/MediaPlayer.php?view_id=10&clip_id=2753
21f684fd276a,fort-worth-tx,6540eef2dc2e,F,"Speaker's Podium - Jonathan Townsend, Naval Air Station Fort Worth Joint Reserve Base - July 14, 2017 Speaker's Podium - Jonathan Townsend, Naval Air Station Fort Worth Joint Reserve Base","Speaker's Podium - Jonathan Townsend, Naval Air Station Fort Worth Joint Reserve Base -",2,2017-07-14,2017-07-14,Exclude from meeting remediation after verification,,medium,"Label describes civic media, ceremony, promotion, staff event or training rather than deliberation/public input; preserve archive record.",https://fortworthgov.granicus.com/MediaPlayer.php?view_id=10&clip_id=2743,"Speaker's Podium - Jonathan Townsend, Naval Air Station Fort Worth Joint Reserve Base - July 14, 2017 Speaker's Podium - Jonathan Townsend, Naval Air Station Fort Worth Joint Reserve Base - July 14, 2017",https://fortworthgov.granicus.com/MediaPlayer.php?view_id=10&clip_id=2743
b0a7859c94c1,fort-worth-tx,6540eef2dc2e,F,"Speaker's Podium - Ed Schneider, BRIT - May 19, 2017 Speaker's Podium - Ed Schneider, BRIT","Speaker's Podium - Ed Schneider, BRIT -",2,2017-07-05,2017-07-05,Exclude from meeting remediation after verification,,medium,"Label describes civic media, ceremony, promotion, staff event or training rather than deliberation/public input; preserve archive record.",https://fortworthgov.granicus.com/MediaPlayer.php?view_id=10&clip_id=2740,"Speaker's Podium - Ed Schneider, BRIT - May 19, 2017 Speaker's Podium - Ed Schneider, BRIT - May 19, 2017",https://fortworthgov.granicus.com/MediaPlayer.php?view_id=10&clip_id=2740
239a44939bd5,fort-worth-tx,6540eef2dc2e,F,"Speaker's Podium - George Fassett, Thumbtechs - April 28, 2017 Speaker's Podium - George Fassett, Thumbtechs","Speaker's Podium - George Fassett, Thumbtechs -",2,2017-04-28,2017-04-28,Exclude from meeting remediation after verification,,medium,"Label describes civic media, ceremony, promotion, staff event or training rather than deliberation/public input; preserve archive record.",https://fortworthgov.granicus.com/MediaPlayer.php?view_id=10&clip_id=2702,"Speaker's Podium - George Fassett, Thumbtechs - April 28, 2017 Speaker's Podium - George Fassett, Thumbtechs - April 28, 2017",https://fortworthgov.granicus.com/MediaPlayer.php?view_id=10&clip_id=2702
d63e25690c4b,fort-worth-tx,6540eef2dc2e,F,"Speaker's Podium - Mary J. Eisenhower, People To People International - March 31, 2017 Speaker's Podium - Mary J. Eisenhower, People To People International","Speaker's Podium - Mary J. Eisenhower, People To People International -",2,2017-03-31,2017-03-31,Exclude from meeting remediation after verification,,medium,"Label describes civic media, ceremony, promotion, staff event or training rather than deliberation/public input; preserve archive record.",https://fortworthgov.granicus.com/MediaPlayer.php?view_id=10&clip_id=2688,"Speaker's Podium - Mary J. Eisenhower, People To People International - March 31, 2017 Speaker's Podium - Mary J. Eisenhower, People To People International - March 31, 2017",https://fortworthgov.granicus.com/MediaPlayer.php?view_id=10&clip_id=2688
b47cbe455a25,fort-worth-tx,6540eef2dc2e,F,"Speaker's Podium - Brandom Gengelbach, Fort Worth Chamber of Commerce - March 17, 2017 Speaker's Podium - Brandom Gengelbach, Fort Worth Chamber of Commerce","Speaker's Podium - Brandom Gengelbach, Fort Worth Chamber of Commerce -",2,2017-03-17,2017-03-17,Exclude from meeting remediation after verification,,medium,"Label describes civic media, ceremony, promotion, staff event or training rather than deliberation/public input; preserve archive record.",https://fortworthgov.granicus.com/MediaPlayer.php?view_id=10&clip_id=2676,"Speaker's Podium - Brandom Gengelbach, Fort Worth Chamber of Commerce - March 17, 2017 Speaker's Podium - Brandom Gengelbach, Fort Worth Chamber of Commerce - March 17, 2017",https://fortworthgov.granicus.com/MediaPlayer.php?view_id=10&clip_id=2676
ccdfa21fd09c,fort-worth-tx,6540eef2dc2e,F,"Speaker's Podium - Dr. Vistasp Karbhari, University of Texas at Arlington - March 3, 2017 Speaker's Podium - Dr. Vistasp Karbhari, University of Texas at Arlington","Speaker's Podium - Dr. Vistasp Karbhari, University of Texas at Arlington -",2,2017-03-03,2017-03-03,Exclude from meeting remediation after verification,,medium,"Label describes civic media, ceremony, promotion, staff event or training rather than deliberation/public input; preserve archive record.",https://fortworthgov.granicus.com/MediaPlayer.php?view_id=10&clip_id=2664,"Speaker's Podium - Dr. Vistasp Karbhari, University of Texas at Arlington - March 3, 2017 Speaker's Podium - Dr. Vistasp Karbhari, University of Texas at Arlington - March 3, 2017",https://fortworthgov.granicus.com/MediaPlayer.php?view_id=10&clip_id=2664
979bc707c58a,fort-worth-tx,6540eef2dc2e,F,"Speaker's Podium - Jacques Marquis, The Cliburn - February 24, 2017 Speaker's Podium - Jacques Marquis, The Cliburn","Speaker's Podium - Jacques Marquis, The Cliburn -",2,2017-02-24,2017-02-24,Exclude from meeting remediation after verification,,medium,"Label describes civic media, ceremony, promotion, staff event or training rather than deliberation/public input; preserve archive record.",https://fortworthgov.granicus.com/MediaPlayer.php?view_id=10&clip_id=2660,"Speaker's Podium - Jacques Marquis, The Cliburn - February 24, 2017 Speaker's Podium - Jacques Marquis, The Cliburn - February 24, 2017",https://fortworthgov.granicus.com/MediaPlayer.php?view_id=10&clip_id=2660
d24f788ea308,fort-worth-tx,6540eef2dc2e,F,"Speaker's Podium - Bruce Frankel, Day Resource Center - December 9, 2016 Speaker's Podium - Bruce Frankel, Day Resource Center","Speaker's Podium - Bruce Frankel, Day Resource Center -",2,2016-12-09,2016-12-09,Exclude from meeting remediation after verification,,medium,"Label describes civic media, ceremony, promotion, staff event or training rather than deliberation/public input; preserve archive record.",https://fortworthgov.granicus.com/MediaPlayer.php?view_id=10&clip_id=2610,"Speaker's Podium - Bruce Frankel, Day Resource Center - December 9, 2016 Speaker's Podium - Bruce Frankel, Day Resource Center - December 9, 2016",https://fortworthgov.granicus.com/MediaPlayer.php?view_id=10&clip_id=2610
e15499ef8436,fort-worth-tx,6540eef2dc2e,F,"Speaker's Podium - Mike Berry, Hillwood Properties - December 2, 2016 Speaker's Podium - Mike Berry, Hillwood Properties","Speaker's Podium - Mike Berry, Hillwood Properties -",2,2016-12-02,2016-12-02,Exclude from meeting remediation after verification,,medium,"Label describes civic media, ceremony, promotion, staff event or training rather than deliberation/public input; preserve archive record.",https://fortworthgov.granicus.com/MediaPlayer.php?view_id=10&clip_id=2605,"Speaker's Podium - Mike Berry, Hillwood Properties - December 2, 2016 Speaker's Podium - Mike Berry, Hillwood Properties - December 2, 2016",https://fortworthgov.granicus.com/MediaPlayer.php?view_id=10&clip_id=2605
ff046873890f,fort-worth-tx,6540eef2dc2e,F,"Speaker's Podium - J.D. Granger, Trinity River Vision Authority - November 4, 2016 Speaker's Podium - J.D. Granger, Trinity River Vision Authority","Speaker's Podium - J.D. Granger, Trinity River Vision Authority -",2,2016-11-04,2016-11-04,Exclude from meeting remediation after verification,,medium,"Label describes civic media, ceremony, promotion, staff event or training rather than deliberation/public input; preserve archive record.",https://fortworthgov.granicus.com/MediaPlayer.php?view_id=10&clip_id=2592,"Speaker's Podium - J.D. Granger, Trinity River Vision Authority - November 4, 2016 Speaker's Podium - J.D. Granger, Trinity River Vision Authority - November 4, 2016",https://fortworthgov.granicus.com/MediaPlayer.php?view_id=10&clip_id=2592
f2d7c4c1dbeb,fort-worth-tx,6540eef2dc2e,F,"Speaker's Podium - Randal Mays, Junior Achievement - October 28, 2016 Speaker's Podium - Randal Mays, Junior Achievement","Speaker's Podium - Randal Mays, Junior Achievement -",2,2016-10-28,2016-10-28,Exclude from meeting remediation after verification,,medium,"Label describes civic media, ceremony, promotion, staff event or training rather than deliberation/public input; preserve archive record.",https://fortworthgov.granicus.com/MediaPlayer.php?view_id=10&clip_id=2588,"Speaker's Podium - Randal Mays, Junior Achievement - October 28, 2016 Speaker's Podium - Randal Mays, Junior Achievement - October 28, 2016",https://fortworthgov.granicus.com/MediaPlayer.php?view_id=10&clip_id=2588
a0da7d9f37d8,fort-worth-tx,6540eef2dc2e,F,"Speaker's Podium - U.S./Japanese Girl Scouts - October 7, 2016 Speaker's Podium - U.S./Japanese Girl Scouts",Speaker's Podium - U.S./Japanese Girl Scouts -,2,2016-10-07,2016-10-07,Exclude from meeting remediation after verification,,medium,"Label describes civic media, ceremony, promotion, staff event or training rather than deliberation/public input; preserve archive record.",https://fortworthgov.granicus.com/MediaPlayer.php?view_id=10&clip_id=2570,"Speaker's Podium - U.S./Japanese Girl Scouts - October 7, 2016 Speaker's Podium - U.S./Japanese Girl Scouts - October 7, 2016",https://fortworthgov.granicus.com/MediaPlayer.php?view_id=10&clip_id=2570
c21b462eb44f,fort-worth-tx,6540eef2dc2e,F,"Speaker's Podium - Dr. Jon Levine, Texas A&M Veterinarian Medicine - September 23, 2016 Speaker's Podium - Dr. Jon Levine, Texas A&M Veterinarian Medicine","Speaker's Podium - Dr. Jon Levine, Texas A&M Veterinarian Medicine -",2,2016-09-23,2016-09-23,Exclude from meeting remediation after verification,,medium,"Label describes civic media, ceremony, promotion, staff event or training rather than deliberation/public input; preserve archive record.",https://fortworthgov.granicus.com/MediaPlayer.php?view_id=10&clip_id=2563,"Speaker's Podium - Dr. Jon Levine, Texas A&M Veterinarian Medicine - September 23, 2016 Speaker's Podium - Dr. Jon Levine, Texas A&M Veterinarian Medicine - September 23, 2016",https://fortworthgov.granicus.com/MediaPlayer.php?view_id=10&clip_id=2563
ad19f78eebc8,fort-worth-tx,6540eef2dc2e,F,"Speaker's Podium - Bishop Michael Olson, Catholic Diocese of Fort Worth - August 26, 2016 Speaker's Podium - Bishop Michael Olson, Catholic Diocese of Fort Worth","Speaker's Podium - Bishop Michael Olson, Catholic Diocese of Fort Worth -",2,2016-08-26,2016-08-26,Exclude from meeting remediation after verification,,medium,"Label describes civic media, ceremony, promotion, staff event or training rather than deliberation/public input; preserve archive record.",https://fortworthgov.granicus.com/MediaPlayer.php?view_id=10&clip_id=2547,"Speaker's Podium - Bishop Michael Olson, Catholic Diocese of Fort Worth - August 26, 2016 Speaker's Podium - Bishop Michael Olson, Catholic Diocese of Fort Worth - August 26, 2016",https://fortworthgov.granicus.com/MediaPlayer.php?view_id=10&clip_id=2547
cbb2f9067fc0,fort-worth-tx,6540eef2dc2e,F,"Speaker's Podium - Dr. Joyce Mauk, The Child Study Center - August 19, 2016 Speaker's Podium - Dr. Joyce Mauk, The Child Study Center","Speaker's Podium - Dr. Joyce Mauk, The Child Study Center -",2,2016-08-19,2016-08-19,Exclude from meeting remediation after verification,,medium,"Label describes civic media, ceremony, promotion, staff event or training rather than deliberation/public input; preserve archive record.",https://fortworthgov.granicus.com/MediaPlayer.php?view_id=10&clip_id=2538,"Speaker's Podium - Dr. Joyce Mauk, The Child Study Center - August 19, 2016 Speaker's Podium - Dr. Joyce Mauk, The Child Study Center - August 19, 2016",https://fortworthgov.granicus.com/MediaPlayer.php?view_id=10&clip_id=2538
ac806c10489a,fort-worth-tx,6540eef2dc2e,F,"Speaker's Podium - Jamie Dixon, TCU Basketball Coach - August 5, 2016 Speaker's Podium - Jamie Dixon, TCU Basketball Coach","Speaker's Podium - Jamie Dixon, TCU Basketball Coach -",2,2016-08-05,2016-08-05,Exclude from meeting remediation after verification,,medium,"Label describes civic media, ceremony, promotion, staff event or training rather than deliberation/public input; preserve archive record.",https://fortworthgov.granicus.com/MediaPlayer.php?view_id=10&clip_id=2527,"Speaker's Podium - Jamie Dixon, TCU Basketball Coach - August 5, 2016 Speaker's Podium - Jamie Dixon, TCU Basketball Coach - August 5, 2016",https://fortworthgov.granicus.com/MediaPlayer.php?view_id=10&clip_id=2527
04dd05af678a,fort-worth-tx,6540eef2dc2e,F,"Speaker's Podium - Tempa Sherrill - Stay The Course Veteran Services - July 29, 2016 Speaker's Podium - Tempa Sherrill - Stay The Course Veteran Services",Speaker's Podium - Tempa Sherrill - Stay The Course Veteran Services -,2,2016-07-29,2016-07-29,Exclude from meeting remediation after verification,,medium,"Label describes civic media, ceremony, promotion, staff event or training rather than deliberation/public input; preserve archive record.",https://fortworthgov.granicus.com/MediaPlayer.php?view_id=10&clip_id=2520,"Speaker's Podium - Tempa Sherrill - Stay The Course Veteran Services - July 29, 2016 Speaker's Podium - Tempa Sherrill - Stay The Course Veteran Services - July 29, 2016",https://fortworthgov.granicus.com/MediaPlayer.php?view_id=10&clip_id=2520
132ea2538733,fort-worth-tx,6540eef2dc2e,F,"Speaker's Podium - Jeff Williams, Mayor of Arlington - May 13, 2016 Speaker's Podium - Jeff Williams, Mayor of Arlington","Speaker's Podium - Jeff Williams, Mayor of Arlington -",2,2016-05-13,2016-05-13,Exclude from meeting remediation after verification,,medium,"Label describes civic media, ceremony, promotion, staff event or training rather than deliberation/public input; preserve archive record.",https://fortworthgov.granicus.com/MediaPlayer.php?view_id=10&clip_id=2486,"Speaker's Podium - Jeff Williams, Mayor of Arlington - May 13, 2016 Speaker's Podium - Jeff Williams, Mayor of Arlington - May 13, 2016",https://fortworthgov.granicus.com/MediaPlayer.php?view_id=10&clip_id=2486
179951fb846f,fort-worth-tx,6540eef2dc2e,F,"Speaker's Podium - Robert Earley - JPS Health Network - April 22, 2016 Speaker's Podium - Robert Earley - JPS Health Network",Speaker's Podium - Robert Earley - JPS Health Network -,2,2016-04-22,2016-04-22,Exclude from meeting remediation after verification,,medium,"Label describes civic media, ceremony, promotion, staff event or training rather than deliberation/public input; preserve archive record.",https://fortworthgov.granicus.com/MediaPlayer.php?view_id=10&clip_id=2456,"Speaker's Podium - Robert Earley - JPS Health Network - April 22, 2016 Speaker's Podium - Robert Earley - JPS Health Network - April 22, 2016",https://fortworthgov.granicus.com/MediaPlayer.php?view_id=10&clip_id=2456
58eb404b8148,fort-worth-tx,6540eef2dc2e,F,"Speaker's Podium - Miguel Harth-Bedoya, Fort Worth Symphony - March 4, 2016 Speaker's Podium - Miguel Harth-Bedoya, Fort Worth Symphony","Speaker's Podium - Miguel Harth-Bedoya, Fort Worth Symphony -",2,2016-03-04,2016-03-04,Exclude from meeting remediation after verification,,medium,"Label describes civic media, ceremony, promotion, staff event or training rather than deliberation/public input; preserve archive record.",https://fortworthgov.granicus.com/MediaPlayer.php?view_id=10&clip_id=2437,"Speaker's Podium - Miguel Harth-Bedoya, Fort Worth Symphony - March 4, 2016 Speaker's Podium - Miguel Harth-Bedoya, Fort Worth Symphony - March 4, 2016",https://fortworthgov.granicus.com/MediaPlayer.php?view_id=10&clip_id=2437
1f8c441e80ce,fort-worth-tx,6540eef2dc2e,F,"Speaker's Podium - Fred Slabach, Texas Wesleyan University - February 26, 2016 Speaker's Podium - Fred Slabach, Texas Wesleyan University","Speaker's Podium - Fred Slabach, Texas Wesleyan University -",2,2016-02-26,2016-02-26,Exclude from meeting remediation after verification,,medium,"Label describes civic media, ceremony, promotion, staff event or training rather than deliberation/public input; preserve archive record.",https://fortworthgov.granicus.com/MediaPlayer.php?view_id=10&clip_id=2417,"Speaker's Podium - Fred Slabach, Texas Wesleyan University - February 26, 2016 Speaker's Podium - Fred Slabach, Texas Wesleyan University - February 26, 2016",https://fortworthgov.granicus.com/MediaPlayer.php?view_id=10&clip_id=2417
70b56da3c612,fort-worth-tx,6540eef2dc2e,F,"Speaker's Podium - Richard Marquez, Texans Can Academies - February 19, 2016 Speaker's Podium - Richard Marquez, Texans Can Academies","Speaker's Podium - Richard Marquez, Texans Can Academies -",2,2016-02-19,2016-02-19,Exclude from meeting remediation after verification,,medium,"Label describes civic media, ceremony, promotion, staff event or training rather than deliberation/public input; preserve archive record.",https://fortworthgov.granicus.com/MediaPlayer.php?view_id=10&clip_id=2416,"Speaker's Podium - Richard Marquez, Texans Can Academies - February 19, 2016 Speaker's Podium - Richard Marquez, Texans Can Academies - February 19, 2016",https://fortworthgov.granicus.com/MediaPlayer.php?view_id=10&clip_id=2416
357e5b1412b0,fort-worth-tx,6540eef2dc2e,F,"Speaker's Podium - Jim Schlossnagle, Head Coach TCU Baseball - February 5, 2016 Speaker's Podium - Jim Schlossnagle, Head Coach TCU Baseball","Speaker's Podium - Jim Schlossnagle, Head Coach TCU Baseball -",2,2016-02-05,2016-02-05,Exclude from meeting remediation after verification,,medium,"Label describes civic media, ceremony, promotion, staff event or training rather than deliberation/public input; preserve archive record.",https://fortworthgov.granicus.com/MediaPlayer.php?view_id=10&clip_id=2411,"Speaker's Podium - Jim Schlossnagle, Head Coach TCU Baseball - February 5, 2016 Speaker's Podium - Jim Schlossnagle, Head Coach TCU Baseball - February 5, 2016",https://fortworthgov.granicus.com/MediaPlayer.php?view_id=10&clip_id=2411
63a44579251e,fort-worth-tx,6540eef2dc2e,F,"Speaker's Podium - Matt Hicks, Texas Rangers - January 22, 2016 Speaker's Podium - Matt Hicks, Texas Rangers","Speaker's Podium - Matt Hicks, Texas Rangers -",2,2016-01-22,2016-01-22,Exclude from meeting remediation after verification,,medium,"Label describes civic media, ceremony, promotion, staff event or training rather than deliberation/public input; preserve archive record.",https://fortworthgov.granicus.com/MediaPlayer.php?view_id=10&clip_id=2395,"Speaker's Podium - Matt Hicks, Texas Rangers - January 22, 2016 Speaker's Podium - Matt Hicks, Texas Rangers - January 22, 2016",https://fortworthgov.granicus.com/MediaPlayer.php?view_id=10&clip_id=2395
f414a0274fb6,fort-worth-tx,6540eef2dc2e,F,"Speaker's Podium - Gary Wortel, Star-Telegram - December 11, 2015 Speaker's Podium - Gary Wortel, Star-Telegram","Speaker's Podium - Gary Wortel, Star-Telegram -",2,2015-12-11,2015-12-11,Exclude from meeting remediation after verification,,medium,"Label describes civic media, ceremony, promotion, staff event or training rather than deliberation/public input; preserve archive record.",https://fortworthgov.granicus.com/MediaPlayer.php?view_id=10&clip_id=2376,"Speaker's Podium - Gary Wortel, Star-Telegram - December 11, 2015 Speaker's Podium - Gary Wortel, Star-Telegram - December 11, 2015",https://fortworthgov.granicus.com/MediaPlayer.php?view_id=10&clip_id=2376
94c7a9c641e7,fort-worth-tx,6540eef2dc2e,F,"Speaker's Podium - Tom Ferguson, CEO, AZZ Inc. - December 4, 2015 Speaker's Podium - Tom Ferguson, CEO, AZZ Inc.","Speaker's Podium - Tom Ferguson, CEO, AZZ Inc. -",2,2015-12-04,2015-12-04,Exclude from meeting remediation after verification,,medium,"Label describes civic media, ceremony, promotion, staff event or training rather than deliberation/public input; preserve archive record.",https://fortworthgov.granicus.com/MediaPlayer.php?view_id=10&clip_id=2375,"Speaker's Podium - Tom Ferguson, CEO, AZZ Inc. - December 4, 2015 Speaker's Podium - Tom Ferguson, CEO, AZZ Inc. - December 4, 2015",https://fortworthgov.granicus.com/MediaPlayer.php?view_id=10&clip_id=2375
2add0d6ff67c,fort-worth-tx,6540eef2dc2e,F,"Speaker's Podium - Jeff Whitfield, Rotary Peace Fellow - November 20, 2016 Speaker's Podium - Jeff Whitfield, Rotary Peace Fellow","Speaker's Podium - Jeff Whitfield, Rotary Peace Fellow -",2,2015-11-20,2015-11-20,Exclude from meeting remediation after verification,,medium,"Label describes civic media, ceremony, promotion, staff event or training rather than deliberation/public input; preserve archive record.",https://fortworthgov.granicus.com/MediaPlayer.php?view_id=10&clip_id=2364,"Speaker's Podium - Jeff Whitfield, Rotary Peace Fellow - November 20, 2016 Speaker's Podium - Jeff Whitfield, Rotary Peace Fellow - November 20, 2016",https://fortworthgov.granicus.com/MediaPlayer.php?view_id=10&clip_id=2364
e99a858248e5,fort-worth-tx,6540eef2dc2e,F,"Speaker's Podium - Terry Montesi, Trademark Property Company - November 13, 2015 Speaker's Podium - Terry Montesi, Trademark Property Company","Speaker's Podium - Terry Montesi, Trademark Property Company -",2,2015-11-13,2015-11-13,Exclude from meeting remediation after verification,,medium,"Label describes civic media, ceremony, promotion, staff event or training rather than deliberation/public input; preserve archive record.",https://fortworthgov.granicus.com/MediaPlayer.php?view_id=10&clip_id=2357,"Speaker's Podium - Terry Montesi, Trademark Property Company - November 13, 2015 Speaker's Podium - Terry Montesi, Trademark Property Company - November 13, 2015",https://fortworthgov.granicus.com/MediaPlayer.php?view_id=10&clip_id=2357
81541f984cd2,fort-worth-tx,6540eef2dc2e,F,"Speaker's Podium - Chad Mathews, Lone Star Film Society - October 30, 2015 Speaker's Podium - Chad Mathews, Lone Star Film Society","Speaker's Podium - Chad Mathews, Lone Star Film Society -",2,2015-10-30,2015-10-30,Exclude from meeting remediation after verification,,medium,"Label describes civic media, ceremony, promotion, staff event or training rather than deliberation/public input; preserve archive record.",https://fortworthgov.granicus.com/MediaPlayer.php?view_id=10&clip_id=2343,"Speaker's Podium - Chad Mathews, Lone Star Film Society - October 30, 2015 Speaker's Podium - Chad Mathews, Lone Star Film Society - October 30, 2015",https://fortworthgov.granicus.com/MediaPlayer.php?view_id=10&clip_id=2343
220799e83f47,fort-worth-tx,6540eef2dc2e,F,"Speaker's Podium - Rachel Croson - Dean, UTA School of Business - October 23, 2015 Speaker's Podium - Rachel Croson - Dean, UTA School of Business","Speaker's Podium - Rachel Croson - Dean, UTA School of Business -",2,2015-10-23,2015-10-23,Exclude from meeting remediation after verification,,medium,"Label describes civic media, ceremony, promotion, staff event or training rather than deliberation/public input; preserve archive record.",https://fortworthgov.granicus.com/MediaPlayer.php?view_id=10&clip_id=2342,"Speaker's Podium - Rachel Croson - Dean, UTA School of Business - October 23, 2015 Speaker's Podium - Rachel Croson - Dean, UTA School of Business - October 23, 2015",https://fortworthgov.granicus.com/MediaPlayer.php?view_id=10&clip_id=2342
f5fa9656295e,fort-worth-tx,6540eef2dc2e,F,"Speaker's Podium - Chris Young, CIFAL Atlanta - September 25, 2015 Speaker's Podium - Chris Young, CIFAL Atlanta","Speaker's Podium - Chris Young, CIFAL Atlanta -",2,2015-09-25,2015-09-25,Exclude from meeting remediation after verification,,medium,"Label describes civic media, ceremony, promotion, staff event or training rather than deliberation/public input; preserve archive record.",https://fortworthgov.granicus.com/MediaPlayer.php?view_id=10&clip_id=2325,"Speaker's Podium - Chris Young, CIFAL Atlanta - September 25, 2015 Speaker's Podium - Chris Young, CIFAL Atlanta - September 25, 2015",https://fortworthgov.granicus.com/MediaPlayer.php?view_id=10&clip_id=2325
30af8cb40c59,fort-worth-tx,6540eef2dc2e,F,"Speaker's Podium - Gerry Fraley, Sportswriter - Dallas Morning News - August 28, 2015 Speaker's Podium - Gerry Fraley, Sportswriter - Dallas Morning News","Speaker's Podium - Gerry Fraley, Sportswriter - Dallas Morning News -",2,2015-08-28,2015-08-28,Exclude from meeting remediation after verification,,medium,"Label describes civic media, ceremony, promotion, staff event or training rather than deliberation/public input; preserve archive record.",https://fortworthgov.granicus.com/MediaPlayer.php?view_id=10&clip_id=2301,"Speaker's Podium - Gerry Fraley, Sportswriter - Dallas Morning News - August 28, 2015 Speaker's Podium - Gerry Fraley, Sportswriter - Dallas Morning News - August 28, 2015",https://fortworthgov.granicus.com/MediaPlayer.php?view_id=10&clip_id=2301
6d732b86a826,fort-worth-tx,6540eef2dc2e,F,"Speaker's Podium - Terri Sexton & Michelle Taylor - Texas Ballet Theater - July 24, 2015 Speaker's Podium - Terri Sexton & Michelle Taylor - Texas Ballet Theater",Speaker's Podium - Terri Sexton & Michelle Taylor - Texas Ballet Theater -,2,2015-07-24,2015-07-24,Exclude from meeting remediation after verification,,medium,"Label describes civic media, ceremony, promotion, staff event or training rather than deliberation/public input; preserve archive record.",https://fortworthgov.granicus.com/MediaPlayer.php?view_id=10&clip_id=2255,"Speaker's Podium - Terri Sexton & Michelle Taylor - Texas Ballet Theater - July 24, 2015 Speaker's Podium - Terri Sexton & Michelle Taylor - Texas Ballet Theater - July 24, 2015",https://fortworthgov.granicus.com/MediaPlayer.php?view_id=10&clip_id=2255
28a62b6ae7b3,fort-worth-tx,6540eef2dc2e,F,"Speaker's Podium - Leta Andrews - July 17, 2015 Speaker's Podium - Leta Andrews",Speaker's Podium - Leta Andrews -,2,2015-07-17,2015-07-17,Exclude from meeting remediation after verification,,medium,"Label describes civic media, ceremony, promotion, staff event or training rather than deliberation/public input; preserve archive record.",https://fortworthgov.granicus.com/MediaPlayer.php?view_id=10&clip_id=2241,"Speaker's Podium - Leta Andrews - July 17, 2015 Speaker's Podium - Leta Andrews - July 17, 2015",https://fortworthgov.granicus.com/MediaPlayer.php?view_id=10&clip_id=2241
8a94a7167b86,fort-worth-tx,6540eef2dc2e,F,"Speaker's Podium - Todd Miller & Brian Williams - Fort Worth Police Officers Awards Foundation - July 10, 2015 Speaker's Podium - Todd Miller & Brian Williams - Fort Worth Police Officers Awards Foundation",Speaker's Podium - Todd Miller & Brian Williams - Fort Worth Police Officers Awards Foundation -,2,2015-07-10,2015-07-10,Exclude from meeting remediation after verification,,medium,"Label describes civic media, ceremony, promotion, staff event or training rather than deliberation/public input; preserve archive record.",https://fortworthgov.granicus.com/MediaPlayer.php?view_id=10&clip_id=2236,"Speaker's Podium - Todd Miller & Brian Williams - Fort Worth Police Officers Awards Foundation - July 10, 2015 Speaker's Podium - Todd Miller & Brian Williams - Fort Worth Police Officers Awards Foundation - July 10, 2015",https://fortworthgov.granicus.com/MediaPlayer.php?view_id=10&clip_id=2236
7af317a65888,fort-worth-tx,6540eef2dc2e,F,"Speaker's Podium - Colonel Scott Taylor, U.S. Army - May 15, 2015 Speaker's Podium - Colonel Scott Taylor, U.S. Army","Speaker's Podium - Colonel Scott Taylor, U.S. Army -",2,2015-05-15,2015-05-15,Exclude from meeting remediation after verification,,medium,"Label describes civic media, ceremony, promotion, staff event or training rather than deliberation/public input; preserve archive record.",https://fortworthgov.granicus.com/MediaPlayer.php?view_id=10&clip_id=2215,"Speaker's Podium - Colonel Scott Taylor, U.S. Army - May 15, 2015 Speaker's Podium - Colonel Scott Taylor, U.S. Army - May 15, 2015",https://fortworthgov.granicus.com/MediaPlayer.php?view_id=10&clip_id=2215
2ee3ca1f8435,fort-worth-tx,6540eef2dc2e,F,"Speaker's Podium - Andrea Green - CEO, Community Hospice of Texas - April 24, 2015 Speaker's Podium - Andrea Green - CEO, Community Hospice of Texas","Speaker's Podium - Andrea Green - CEO, Community Hospice of Texas -",2,2015-04-24,2015-04-24,Exclude from meeting remediation after verification,,medium,"Label describes civic media, ceremony, promotion, staff event or training rather than deliberation/public input; preserve archive record.",https://fortworthgov.granicus.com/MediaPlayer.php?view_id=10&clip_id=2201,"Speaker's Podium - Andrea Green - CEO, Community Hospice of Texas - April 24, 2015 Speaker's Podium - Andrea Green - CEO, Community Hospice of Texas - April 24, 2015",https://fortworthgov.granicus.com/MediaPlayer.php?view_id=10&clip_id=2201
9070508410c7,fort-worth-tx,6540eef2dc2e,F,"Speaker's Podium - Paul Kessler - ""Lessons From The Holocaust"" - April 17, 2015 Speaker's Podium - Paul Kessler - ""Lessons From The Holocaust""","Speaker's Podium - Paul Kessler - ""Lessons From The Holocaust"" -",2,2015-04-17,2015-04-17,Exclude from meeting remediation after verification,,medium,"Label describes civic media, ceremony, promotion, staff event or training rather than deliberation/public input; preserve archive record.",https://fortworthgov.granicus.com/MediaPlayer.php?view_id=10&clip_id=2198,"Speaker's Podium - Paul Kessler - ""Lessons From The Holocaust"" - April 17, 2015 Speaker's Podium - Paul Kessler - ""Lessons From The Holocaust"" - April 17, 2015",https://fortworthgov.granicus.com/MediaPlayer.php?view_id=10&clip_id=2198
0bb2e22b0dd8,fort-worth-tx,6540eef2dc2e,F,"Speaker's Podium - Darren Woods - General Director, FW Opera - April 10, 2015 Speaker's Podium - Darren Woods - General Director, FW Opera","Speaker's Podium - Darren Woods - General Director, FW Opera -",2,2015-04-10,2015-04-10,Exclude from meeting remediation after verification,,medium,"Label describes civic media, ceremony, promotion, staff event or training rather than deliberation/public input; preserve archive record.",https://fortworthgov.granicus.com/MediaPlayer.php?view_id=10&clip_id=2190,"Speaker's Podium - Darren Woods - General Director, FW Opera - April 10, 2015 Speaker's Podium - Darren Woods - General Director, FW Opera - April 10, 2015",https://fortworthgov.granicus.com/MediaPlayer.php?view_id=10&clip_id=2190
22073a10405b,fort-worth-tx,6540eef2dc2e,F,"Speaker's Podium - Miguel Harth-Bedoya - Conductor, Fort Worth Symphony Orchestra - March 27, 2015 Speaker's Podium - Miguel Harth-Bedoya - Conductor, Fort Worth Symphony Orchestra","Speaker's Podium - Miguel Harth-Bedoya - Conductor, Fort Worth Symphony Orchestra -",2,2015-03-27,2015-03-27,Exclude from meeting remediation after verification,,medium,"Label describes civic media, ceremony, promotion, staff event or training rather than deliberation/public input; preserve archive record.",https://fortworthgov.granicus.com/MediaPlayer.php?view_id=10&clip_id=2181,"Speaker's Podium - Miguel Harth-Bedoya - Conductor, Fort Worth Symphony Orchestra - March 27, 2015 Speaker's Podium - Miguel Harth-Bedoya - Conductor, Fort Worth Symphony Orchestra - March 27, 2015",https://fortworthgov.granicus.com/MediaPlayer.php?view_id=10&clip_id=2181
92df3d8b26c8,fort-worth-tx,6540eef2dc2e,F,"Speaker's Podium - Barclay Berdan - CEO, Texas Health Resources 3-20-15 - March 20, 2015 Speaker's Podium - Barclay Berdan - CEO, Texas Health Resources","Speaker's Podium - Barclay Berdan - CEO, Texas Health Resources 3-20-15 -",2,2015-03-20,2015-03-20,Exclude from meeting remediation after verification,,medium,"Label describes civic media, ceremony, promotion, staff event or training rather than deliberation/public input; preserve archive record.",https://fortworthgov.granicus.com/MediaPlayer.php?view_id=10&clip_id=2180,"Speaker's Podium - Barclay Berdan - CEO, Texas Health Resources 3-20-15 - March 20, 2015 Speaker's Podium - Barclay Berdan - CEO, Texas Health Resources 3-20-15 - March 20, 2015",https://fortworthgov.granicus.com/MediaPlayer.php?view_id=10&clip_id=2180
9ee0736069a9,fort-worth-tx,6540eef2dc2e,F,"Speaker's Podium - Homer Erekson - Dean, TCU Neeley School of Business - February 13, 2015 Speaker's Podium - Homer Erekson - Dean, TCU Neeley School of Business","Speaker's Podium - Homer Erekson - Dean, TCU Neeley School of Business -",2,2015-02-13,2015-02-13,Exclude from meeting remediation after verification,,medium,"Label describes civic media, ceremony, promotion, staff event or training rather than deliberation/public input; preserve archive record.",https://fortworthgov.granicus.com/MediaPlayer.php?view_id=10&clip_id=2136,"Speaker's Podium - Homer Erekson - Dean, TCU Neeley School of Business - February 13, 2015 Speaker's Podium - Homer Erekson - Dean, TCU Neeley School of Business - February 13, 2015",https://fortworthgov.granicus.com/MediaPlayer.php?view_id=10&clip_id=2136
15178a0d2590,fort-worth-tx,6540eef2dc2e,F,"Speaker's Podium - Joy Webster - MorningStar Partners, LP - January 23, 2015 Speaker's Podium - Joy Webster - MorningStar Partners, LP","Speaker's Podium - Joy Webster - MorningStar Partners, LP -",2,2015-01-23,2015-01-23,Exclude from meeting remediation after verification,,medium,"Label describes civic media, ceremony, promotion, staff event or training rather than deliberation/public input; preserve archive record.",https://fortworthgov.granicus.com/MediaPlayer.php?view_id=10&clip_id=2121,"Speaker's Podium - Joy Webster - MorningStar Partners, LP - January 23, 2015 Speaker's Podium - Joy Webster - MorningStar Partners, LP - January 23, 2015",https://fortworthgov.granicus.com/MediaPlayer.php?view_id=10&clip_id=2121
eae361ff1573,fort-worth-tx,6540eef2dc2e,F,"Speaker's Podium - Jeff Banister & Tom Grieve - Texas Rangers Baseball Club - January 9, 2015 Speaker's Podium - Jeff Banister & Tom Grieve - Texas Rangers Baseball Club",Speaker's Podium - Jeff Banister & Tom Grieve - Texas Rangers Baseball Club -,2,2015-01-09,2015-01-09,Exclude from meeting remediation after verification,,medium,"Label describes civic media, ceremony, promotion, staff event or training rather than deliberation/public input; preserve archive record.",https://fortworthgov.granicus.com/MediaPlayer.php?view_id=10&clip_id=2110,"Speaker's Podium - Jeff Banister & Tom Grieve - Texas Rangers Baseball Club - January 9, 2015 Speaker's Podium - Jeff Banister & Tom Grieve - Texas Rangers Baseball Club - January 9, 2015",https://fortworthgov.granicus.com/MediaPlayer.php?view_id=10&clip_id=2110
710990f56da8,fort-worth-tx,6540eef2dc2e,F,"Speaker's Podium - Brad Barnes - Fort Worth Stock Show & Rodeo - December 12, 2014 Speaker's Podium - Brad Barnes - Fort Worth Stock Show & Rodeo",Speaker's Podium - Brad Barnes - Fort Worth Stock Show & Rodeo -,2,2014-12-12,2014-12-12,Exclude from meeting remediation after verification,,medium,"Label describes civic media, ceremony, promotion, staff event or training rather than deliberation/public input; preserve archive record.",https://fortworthgov.granicus.com/MediaPlayer.php?view_id=10&clip_id=2095,"Speaker's Podium - Brad Barnes - Fort Worth Stock Show & Rodeo - December 12, 2014 Speaker's Podium - Brad Barnes - Fort Worth Stock Show & Rodeo - December 12, 2014",https://fortworthgov.granicus.com/MediaPlayer.php?view_id=10&clip_id=2095
a6d321529bb0,fort-worth-tx,6540eef2dc2e,F,"Speaker's Podium - Ross Ramsey - Texas Tribune - November 14, 2014 Speaker's Podium - Ross Ramsey - Texas Tribune",Speaker's Podium - Ross Ramsey - Texas Tribune -,2,2014-11-21,2014-11-21,Exclude from meeting remediation after verification,,medium,"Label describes civic media, ceremony, promotion, staff event or training rather than deliberation/public input; preserve archive record.",https://fortworthgov.granicus.com/MediaPlayer.php?view_id=10&clip_id=2078,"Speaker's Podium - Ross Ramsey - Texas Tribune - November 14, 2014 Speaker's Podium - Ross Ramsey - Texas Tribune - November 14, 2014",https://fortworthgov.granicus.com/MediaPlayer.php?view_id=10&clip_id=2078
e1be8a559f03,fort-worth-tx,6540eef2dc2e,F,"Speaker's Podium - Tim Weiser - Deputy Commissioner, Big 12 Conference - October 24, 2014 Speaker's Podium - Tim Weiser - Deputy Commissioner, Big 12 Conference","Speaker's Podium - Tim Weiser - Deputy Commissioner, Big 12 Conference -",2,2014-10-24,2014-10-24,Exclude from meeting remediation after verification,,medium,"Label describes civic media, ceremony, promotion, staff event or training rather than deliberation/public input; preserve archive record.",https://fortworthgov.granicus.com/MediaPlayer.php?view_id=10&clip_id=2066,"Speaker's Podium - Tim Weiser - Deputy Commissioner, Big 12 Conference - October 24, 2014 Speaker's Podium - Tim Weiser - Deputy Commissioner, Big 12 Conference - October 24, 2014",https://fortworthgov.granicus.com/MediaPlayer.php?view_id=10&clip_id=2066
d2d1d6a110b0,fort-worth-tx,6540eef2dc2e,F,"Speaker's Podium - Dr. Michael Williams - President, UNT Health Science Center - October 17, 2014 Speaker's Podium - Dr. Michael Williams - President, UNT Health Science Center","Speaker's Podium - Dr. Michael Williams - President, UNT Health Science Center -",2,2014-10-17,2014-10-17,Exclude from meeting remediation after verification,,medium,"Label describes civic media, ceremony, promotion, staff event or training rather than deliberation/public input; preserve archive record.",https://fortworthgov.granicus.com/MediaPlayer.php?view_id=10&clip_id=2059,"Speaker's Podium - Dr. Michael Williams - President, UNT Health Science Center - October 17, 2014 Speaker's Podium - Dr. Michael Williams - President, UNT Health Science Center - October 17, 2014",https://fortworthgov.granicus.com/MediaPlayer.php?view_id=10&clip_id=2059
a1bc2d32656b,fort-worth-tx,6540eef2dc2e,F,"Speakers Podium - David Cooke - City Manager, City of Fort Worth - October, 10, 2014 Speakers Podium - David Cooke - City Manager, City of Fort Worth - October, 10, 2014","Speakers Podium - David Cooke - City Manager, City of Fort Worth - October, 10, 2014",2,2014-10-10,2014-10-10,Exclude from meeting remediation after verification,,medium,"Label describes civic media, ceremony, promotion, staff event or training rather than deliberation/public input; preserve archive record.",https://fortworthgov.granicus.com/MediaPlayer.php?view_id=10&clip_id=2053,"Speakers Podium - David Cooke - City Manager, City of Fort Worth - October, 10, 2014 Speakers Podium - David Cooke - City Manager, City of Fort Worth - October, 10, 2014",https://fortworthgov.granicus.com/MediaPlayer.php?view_id=10&clip_id=2053
9ca576783973,fort-worth-tx,6540eef2dc2e,F,"Speaker's Podium - Fred Slaback - President, Texas Wesleyan University - September 26, 2014 Speaker's Podium - Fred Slaback - President, Texas Wesleyan University","Speaker's Podium - Fred Slaback - President, Texas Wesleyan University -",2,2014-09-26,2014-09-26,Exclude from meeting remediation after verification,,medium,"Label describes civic media, ceremony, promotion, staff event or training rather than deliberation/public input; preserve archive record.",https://fortworthgov.granicus.com/MediaPlayer.php?view_id=10&clip_id=2029,"Speaker's Podium - Fred Slaback - President, Texas Wesleyan University - September 26, 2014 Speaker's Podium - Fred Slaback - President, Texas Wesleyan University - September 26, 2014",https://fortworthgov.granicus.com/MediaPlayer.php?view_id=10&clip_id=2029
b82a776b7a28,fort-worth-tx,6540eef2dc2e,F,"Speaker's Podium - Jim Riddlesperger - Professor of Political Science, TCU - September 19, 2014 Speaker's Podium - Jim Riddlesperger - Professor of Political Science, TCU","Speaker's Podium - Jim Riddlesperger - Professor of Political Science, TCU -",2,2014-09-19,2014-09-19,Exclude from meeting remediation after verification,,medium,"Label describes civic media, ceremony, promotion, staff event or training rather than deliberation/public input; preserve archive record.",https://fortworthgov.granicus.com/MediaPlayer.php?view_id=10&clip_id=2027,"Speaker's Podium - Jim Riddlesperger - Professor of Political Science, TCU - September 19, 2014 Speaker's Podium - Jim Riddlesperger - Professor of Political Science, TCU - September 19, 2014",https://fortworthgov.granicus.com/MediaPlayer.php?view_id=10&clip_id=2027
1d023df9d73f,fort-worth-tx,6540eef2dc2e,F,"Speaker's Podium - Dr. Mike Jacobson - College of Pharmacy UNTHSC - June 13, 2014 Speaker's Podium - Dr. Mike Jacobson - College of Pharmacy UNTHSC",Speaker's Podium - Dr. Mike Jacobson - College of Pharmacy UNTHSC -,2,2014-06-12,2014-06-12,Exclude from meeting remediation after verification,,medium,"Label describes civic media, ceremony, promotion, staff event or training rather than deliberation/public input; preserve archive record.",https://fortworthgov.granicus.com/MediaPlayer.php?view_id=10&clip_id=1946,"Speaker's Podium - Dr. Mike Jacobson - College of Pharmacy UNTHSC - June 13, 2014 Speaker's Podium - Dr. Mike Jacobson - College of Pharmacy UNTHSC - June 13, 2014",https://fortworthgov.granicus.com/MediaPlayer.php?view_id=10&clip_id=1946
52f7f09c183b,fort-worth-tx,6540eef2dc2e,F,"Speaker's Podium - Robert Hinkle - North Tarrant Express - May 30, 2014 Speaker's Podium - Robert Hinkle - North Tarrant Express",Speaker's Podium - Robert Hinkle - North Tarrant Express -,2,2014-05-29,2014-05-29,Exclude from meeting remediation after verification,,medium,"Label describes civic media, ceremony, promotion, staff event or training rather than deliberation/public input; preserve archive record.",https://fortworthgov.granicus.com/MediaPlayer.php?view_id=10&clip_id=1936,"Speaker's Podium - Robert Hinkle - North Tarrant Express - May 30, 2014 Speaker's Podium - Robert Hinkle - North Tarrant Express - May 30, 2014",https://fortworthgov.granicus.com/MediaPlayer.php?view_id=10&clip_id=1936
ecead95ab2fb,fort-worth-tx,6540eef2dc2e,F,"Speaker's Podium - Andy Taft - Plan 2023 - March 16, 2014 Speaker's Podium - Andy Taft - Plan 2023",Speaker's Podium - Andy Taft - Plan 2023 -,2,2014-05-16,2014-05-16,Exclude from meeting remediation after verification,,medium,"Label describes civic media, ceremony, promotion, staff event or training rather than deliberation/public input; preserve archive record.",https://fortworthgov.granicus.com/MediaPlayer.php?view_id=10&clip_id=1932,"Speaker's Podium - Andy Taft - Plan 2023 - March 16, 2014 Speaker's Podium - Andy Taft - Plan 2023 - March 16, 2014",https://fortworthgov.granicus.com/MediaPlayer.php?view_id=10&clip_id=1932
9268e314c4f3,fort-worth-tx,6540eef2dc2e,B,T Board of Directors T Board of Directors,T Board of Directors,4,2013-05-20,2013-11-18,Create/reuse distinct named public-body feed,fort-worth-tx-t-board-of-directors,low,Named public body; few surviving recordings do not make it a one-off of another body. Verify identity and aliases before creation. Parent identity or relationship to existing bodies needs official confirmation.,https://fortworthgov.granicus.com/MediaPlayer.php?view_id=10&clip_id=1831,T Board of Directors T Board of Directors,https://fortworthgov.granicus.com/MediaPlayer.php?view_id=10&clip_id=1831
06a927590ad8,fort-worth-tx,6540eef2dc2e,B,T Board Meeting T Board Meeting,T Board Meeting,37,2010-12-15,2013-10-21,Create/reuse distinct named public-body feed,fort-worth-tx-t-board-meeting,low,Named public body; few surviving recordings do not make it a one-off of another body. Verify identity and aliases before creation. Parent identity or relationship to existing bodies needs official confirmation.,https://fortworthgov.granicus.com/MediaPlayer.php?view_id=10&clip_id=1808,T Board Meeting T Board Meeting,https://fortworthgov.granicus.com/MediaPlayer.php?view_id=10&clip_id=1808
e6f138880695,fort-worth-tx,6540eef2dc2e,F,"Records Management - Inventory, Retention & Open Records Records Management - Inventory, Retention & Open Records","Records Management - Inventory, Retention & Open Records",1,2010-10-06,2010-10-06,Exclude civic media/event after verification,,medium,"Civic event, promotion, staff guidance or media rather than a public deliberative/input meeting; preserve archive record.",https://fortworthgov.granicus.com/MediaPlayer.php?view_id=12&clip_id=1026,"Records Management - Inventory, Retention & Open Records Records Management - Inventory, Retention & Open Records",https://fortworthgov.granicus.com/MediaPlayer.php?view_id=12&clip_id=1026
694a754c98bf,fort-worth-tx,6540eef2dc2e,F,City News City News,City News,26,2009-10-04,2010-09-19,Exclude from meeting remediation after verification,,medium,"Label describes civic media, ceremony, promotion, staff event or training rather than deliberation/public input; preserve archive record.",https://fortworthgov.granicus.com/MediaPlayer.php?view_id=12&clip_id=1011,City News City News,https://fortworthgov.granicus.com/MediaPlayer.php?view_id=12&clip_id=1011
7589fd43ffb0,fort-worth-tx,6540eef2dc2e,F,City Notes City Notes,City Notes,5,2010-07-30,2010-08-22,Exclude from meeting remediation after verification,,medium,"Label describes civic media, ceremony, promotion, staff event or training rather than deliberation/public input; preserve archive record.",https://fortworthgov.granicus.com/MediaPlayer.php?view_id=12&clip_id=985,City Notes City Notes,https://fortworthgov.granicus.com/MediaPlayer.php?view_id=12&clip_id=985
771628751307,fort-worth-tx,6540eef2dc2e,F,Participación en Cenus 2010 Participación en Cenus 2010,Participación en Cenus 2010,1,2009-11-02,2009-11-02,Exclude civic media/event after verification,,medium,"Civic event, promotion, staff guidance or media rather than a public deliberative/input meeting; preserve archive record.",https://fortworthgov.granicus.com/MediaPlayer.php?view_id=12&clip_id=696,Participación en Cenus 2010 Participación en Cenus 2010,https://fortworthgov.granicus.com/MediaPlayer.php?view_id=12&clip_id=696
5823617ae808,fort-worth-tx,6540eef2dc2e,F,Census Participation 2010 Census Participation 2010,Census Participation 2010,1,2009-11-02,2009-11-02,Exclude civic media/event after verification,,medium,"Civic event, promotion, staff guidance or media rather than a public deliberative/input meeting; preserve archive record.",https://fortworthgov.granicus.com/MediaPlayer.php?view_id=12&clip_id=695,Census Participation 2010 Census Participation 2010,https://fortworthgov.granicus.com/MediaPlayer.php?view_id=12&clip_id=695
92b82ed39a3c,fort-worth-tx,6540eef2dc2e,F,City Page Update City Page Update,City Page Update,26,2009-02-22,2009-09-27,Exclude from meeting remediation after verification,,medium,"Label describes civic media, ceremony, promotion, staff event or training rather than deliberation/public input; preserve archive record.",https://fortworthgov.granicus.com/MediaPlayer.php?view_id=12&clip_id=639,City Page Update City Page Update,https://fortworthgov.granicus.com/MediaPlayer.php?view_id=12&clip_id=639
fbdd0e0642b4,fort-worth-tx,6540eef2dc2e,F,Entrepreneur Expo 2009 Awards Luncheon Entrepreneur Expo 2009 Awards Luncheon,Entrepreneur Expo 2009 Awards Luncheon,1,2009-04-22,2009-04-22,Exclude from meeting remediation after verification,,medium,"Label describes civic media, ceremony, promotion, staff event or training rather than deliberation/public input; preserve archive record.",https://fortworthgov.granicus.com/MediaPlayer.php?view_id=12&clip_id=490,Entrepreneur Expo 2009 Awards Luncheon Entrepreneur Expo 2009 Awards Luncheon,https://fortworthgov.granicus.com/MediaPlayer.php?view_id=12&clip_id=490
61a75705814d,fort-worth-tx,6540eef2dc2e,F,Silcox Animal Care Control Center Dedication Silcox Animal Care Control Center Dedication,Silcox Animal Care Control Center Dedication,1,2009-03-04,2009-03-04,Exclude from meeting remediation after verification,,medium,"Label describes civic media, ceremony, promotion, staff event or training rather than deliberation/public input; preserve archive record.",https://fortworthgov.granicus.com/MediaPlayer.php?view_id=12&clip_id=294,Silcox Animal Care Control Center Dedication Silcox Animal Care Control Center Dedication,https://fortworthgov.granicus.com/MediaPlayer.php?view_id=12&clip_id=294
bc18dc1c1c70,fort-worth-tx,6540eef2dc2e,F,Ask the Archives Ask the Archives,Ask the Archives,1,2009-02-27,2009-02-27,Exclude civic media/event after verification,,medium,"Civic event, promotion, staff guidance or media rather than a public deliberative/input meeting; preserve archive record.",https://fortworthgov.granicus.com/MediaPlayer.php?view_id=12&clip_id=285,Ask the Archives Ask the Archives,https://fortworthgov.granicus.com/MediaPlayer.php?view_id=12&clip_id=285
f5a9ce9c913b,fort-worth-tx,6540eef2dc2e,A,State of the City Address 2009 State of the City Address 2009,State of the City Address 2009,2,2009-02-12,2009-02-12,Expand parent selector or exact inclusion,fort-worth-tx-state-of-city,medium,Existing parent is a plausible match; abbreviations/subordinate/joint bodies still require ownership confirmation.,https://fortworthgov.granicus.com/MediaPlayer.php?view_id=12&clip_id=268,State of the City Address 2009 State of the City Address 2009,https://fortworthgov.granicus.com/MediaPlayer.php?view_id=12&clip_id=268
775caa3889e1,fort-worth-tx,6540eef2dc2e,D,Modern Streetcar Town Hall Meeting Modern Streetcar Town Hall Meeting,Modern Streetcar Town Hall Meeting,1,2010-12-02,2010-12-02,Create/reuse Community Public Input aggregate,fort-worth-tx-community-public-input,medium,"Project/district/date variants of public participation; combine at city level, exclude generic promotional videos.",https://fortworthgov.granicus.com/MediaPlayer.php?view_id=12&clip_id=1074,Modern Streetcar Town Hall Meeting Modern Streetcar Town Hall Meeting,https://fortworthgov.granicus.com/MediaPlayer.php?view_id=12&clip_id=1074
6191344c030c,fort-worth-tx,6540eef2dc2e,E,Air Quality Study Air Quality Study,Air Quality Study,1,2010-11-04,2010-11-04,Public Briefings aggregate after recording verification,fort-worth-tx-public-briefings,low,Likely official briefing/report; verify public proceedings rather than a standalone informational video.,https://fortworthgov.granicus.com/MediaPlayer.php?view_id=12&clip_id=1056,Air Quality Study Air Quality Study,https://fortworthgov.granicus.com/MediaPlayer.php?view_id=12&clip_id=1056
29f9c84b97d2,fort-worth-tx,6540eef2dc2e,E,Air Quality Study Presentation Air Quality Study Presentation,Air Quality Study Presentation,1,2010-09-30,2010-09-30,Public Briefings aggregate after recording verification,fort-worth-tx-public-briefings,low,Likely official briefing/report; verify public proceedings rather than a standalone informational video.,https://fortworthgov.granicus.com/MediaPlayer.php?view_id=12&clip_id=1022,Air Quality Study Presentation Air Quality Study Presentation,https://fortworthgov.granicus.com/MediaPlayer.php?view_id=12&clip_id=1022
76814a80f1a1,fort-worth-tx,6540eef2dc2e,E,Air Quality Monitors in Barnett Shale Press Conference Air Quality Monitors in Barnett Shale Press Conference,Air Quality Monitors in Barnett Shale Press Conference,1,2010-08-23,2010-08-23,Offer Public Briefings aggregate,fort-worth-tx-public-briefings,medium,"Official public information briefing, distinct from a board or Council session; review news clips before inclusion.",https://fortworthgov.granicus.com/MediaPlayer.php?view_id=12&clip_id=972,Air Quality Monitors in Barnett Shale Press Conference Air Quality Monitors in Barnett Shale Press Conference,https://fortworthgov.granicus.com/MediaPlayer.php?view_id=12&clip_id=972
616961b17fa8,fort-worth-tx,6540eef2dc2e,D,CITY MANAGER’S INFORMATIONAL OPEN HOUSE AND PUBLIC INPUT MEETING CITY MANAGER’S INFORMATIONAL OPEN HOUSE AND PUBLIC INPUT MEETING,CITY MANAGER’S INFORMATIONAL OPEN HOUSE AND PUBLIC INPUT MEETING,1,2010-06-22,2010-06-22,Create/reuse Community Public Input aggregate,fort-worth-tx-community-public-input,medium,"Project/district/date variants of public participation; combine at city level, exclude generic promotional videos.",https://fortworthgov.granicus.com/MediaPlayer.php?view_id=12&clip_id=921,CITY MANAGER’S INFORMATIONAL OPEN HOUSE AND PUBLIC INPUT MEETING CITY MANAGER’S INFORMATIONAL OPEN HOUSE AND PUBLIC INPUT MEETING,https://fortworthgov.granicus.com/MediaPlayer.php?view_id=12&clip_id=921
318442212ea1,fort-worth-tx,6540eef2dc2e,D,ECONOMIC FORUM ECONOMIC FORUM,ECONOMIC FORUM,1,2010-05-25,2010-05-25,Community Public Input aggregate after recording verification,fort-worth-tx-community-public-input,low,Likely public participation or project discussion; inspect recording/agenda before treating a topic-only label as a meeting.,https://fortworthgov.granicus.com/MediaPlayer.php?view_id=12&clip_id=892,ECONOMIC FORUM ECONOMIC FORUM,https://fortworthgov.granicus.com/MediaPlayer.php?view_id=12&clip_id=892
885c5b538254,fort-worth-tx,6540eef2dc2e,F,Raw Footage of Chief Halstead's Press Conference regarding recently arrested employee Raw Footage of Chief Halstead's Press Conference regarding recently arrested employee,Raw Footage of Chief Halstead's Press Conference regarding recently arrested employee,1,2010-04-28,2010-04-28,Exclude from meeting remediation after verification,,medium,"Label describes civic media, ceremony, promotion, staff event or training rather than deliberation/public input; preserve archive record.",https://fortworthgov.granicus.com/MediaPlayer.php?view_id=12&clip_id=863,Raw Footage of Chief Halstead's Press Conference regarding recently arrested employee Raw Footage of Chief Halstead's Press Conference regarding recently arrested employee,https://fortworthgov.granicus.com/MediaPlayer.php?view_id=12&clip_id=863
2fec601344c9,fort-worth-tx,6540eef2dc2e,D,Tracks to the Future - Street Car Impact on Regional Transit Tracks to the Future - Street Car Impact on Regional Transit,Tracks to the Future - Street Car Impact on Regional Transit,1,2009-12-11,2009-12-11,Community Public Input aggregate after recording verification,fort-worth-tx-community-public-input,low,Likely public participation or project discussion; inspect recording/agenda before treating a topic-only label as a meeting.,https://fortworthgov.granicus.com/MediaPlayer.php?view_id=12&clip_id=752,Tracks to the Future - Street Car Impact on Regional Transit Tracks to the Future - Street Car Impact on Regional Transit,https://fortworthgov.granicus.com/MediaPlayer.php?view_id=12&clip_id=752
d10b75dabc4a,fort-worth-tx,6540eef2dc2e,D,Tracks to the Future - Next Steps: Communications and Coalitions Tracks to the Future - Next Steps: Communications and Coalitions,Tracks to the Future - Next Steps: Communications and Coalitions,1,2009-12-11,2009-12-11,Community Public Input aggregate after recording verification,fort-worth-tx-community-public-input,low,Likely public participation or project discussion; inspect recording/agenda before treating a topic-only label as a meeting.,https://fortworthgov.granicus.com/MediaPlayer.php?view_id=12&clip_id=756,Tracks to the Future - Next Steps: Communications and Coalitions Tracks to the Future - Next Steps: Communications and Coalitions,https://fortworthgov.granicus.com/MediaPlayer.php?view_id=12&clip_id=756
1c8b2f8328b1,fort-worth-tx,6540eef2dc2e,D,Tracks to the Future - Business as Usual or a New Direction? Tracks to the Future - Business as Usual or a New Direction?,Tracks to the Future - Business as Usual or a New Direction?,1,2009-12-11,2009-12-11,Community Public Input aggregate after recording verification,fort-worth-tx-community-public-input,low,Likely public participation or project discussion; inspect recording/agenda before treating a topic-only label as a meeting.,https://fortworthgov.granicus.com/MediaPlayer.php?view_id=12&clip_id=755,Tracks to the Future - Business as Usual or a New Direction? Tracks to the Future - Business as Usual or a New Direction?,https://fortworthgov.granicus.com/MediaPlayer.php?view_id=12&clip_id=755
c764b45fe9cb,fort-worth-tx,6540eef2dc2e,D,"Tracks to Future - 12 Steps to Transportation Success in Charlotte, NC. Tracks to Future - 12 Steps to Transportation Success in Charlotte, NC.","Tracks to Future - 12 Steps to Transportation Success in Charlotte, NC.",1,2009-12-11,2009-12-11,Community Public Input aggregate after recording verification,fort-worth-tx-community-public-input,low,Likely public participation or project discussion; inspect recording/agenda before treating a topic-only label as a meeting.,https://fortworthgov.granicus.com/MediaPlayer.php?view_id=12&clip_id=754,"Tracks to Future - 12 Steps to Transportation Success in Charlotte, NC. Tracks to Future - 12 Steps to Transportation Success in Charlotte, NC.",https://fortworthgov.granicus.com/MediaPlayer.php?view_id=12&clip_id=754
a3dd848e9eae,fort-worth-tx,6540eef2dc2e,D,Track to Future - Next Steps: Finance and Government Track to Future - Next Steps: Finance and Government,Track to Future - Next Steps: Finance and Government,1,2009-12-11,2009-12-11,Community Public Input aggregate after recording verification,fort-worth-tx-community-public-input,low,Likely public participation or project discussion; inspect recording/agenda before treating a topic-only label as a meeting.,https://fortworthgov.granicus.com/MediaPlayer.php?view_id=12&clip_id=753,Track to Future - Next Steps: Finance and Government Track to Future - Next Steps: Finance and Government,https://fortworthgov.granicus.com/MediaPlayer.php?view_id=12&clip_id=753
23a109dc77e3,fort-worth-tx,6540eef2dc2e,E,Rainbow Lounge Investigation Report Rainbow Lounge Investigation Report,Rainbow Lounge Investigation Report,1,2009-11-05,2009-11-05,Public Briefings aggregate after recording verification,fort-worth-tx-public-briefings,low,Likely official briefing/report; verify public proceedings rather than a standalone informational video.,https://fortworthgov.granicus.com/MediaPlayer.php?view_id=12&clip_id=702,Rainbow Lounge Investigation Report Rainbow Lounge Investigation Report,https://fortworthgov.granicus.com/MediaPlayer.php?view_id=12&clip_id=702
59a667aab30c,fort-worth-tx,6540eef2dc2e,D,Southwest Parkway Project Workshop Southwest Parkway Project Workshop,Southwest Parkway Project Workshop,1,2009-03-24,2009-03-24,Community Public Input aggregate after recording verification,fort-worth-tx-community-public-input,low,Likely public participation or project discussion; inspect recording/agenda before treating a topic-only label as a meeting.,https://fortworthgov.granicus.com/MediaPlayer.php?view_id=12&clip_id=333,Southwest Parkway Project Workshop Southwest Parkway Project Workshop,https://fortworthgov.granicus.com/MediaPlayer.php?view_id=12&clip_id=333
d69d4cb04747,fort-worth-tx,6540eef2dc2e,B,Housing and Economic Development Committee #2 Housing and Economic Development Committee #2,Housing and Economic Development Committee #2,1,2009-02-03,2009-02-03,Create/reuse distinct named public-body feed,fort-worth-tx-housing-and-economic-development-committee-2,medium,Named public body; few surviving recordings do not make it a one-off of another body. Verify identity and aliases before creation.,https://fortworthgov.granicus.com/MediaPlayer.php?view_id=12&clip_id=255,Housing and Economic Development Committee #2 Housing and Economic Development Committee #2,https://fortworthgov.granicus.com/MediaPlayer.php?view_id=12&clip_id=255
37a9ae699aef,fort-worth-tx,6540eef2dc2e,B,Housing and Economic Development Committee #1 Housing and Economic Development Committee #1,Housing and Economic Development Committee #1,1,2009-02-03,2009-02-03,Create/reuse distinct named public-body feed,fort-worth-tx-housing-and-economic-development-committee-1,medium,Named public body; few surviving recordings do not make it a one-off of another body. Verify identity and aliases before creation.,https://fortworthgov.granicus.com/MediaPlayer.php?view_id=12&clip_id=254,Housing and Economic Development Committee #1 Housing and Economic Development Committee #1,https://fortworthgov.granicus.com/MediaPlayer.php?view_id=12&clip_id=254
6a0c32716997,pflugerville-tx,19c2ffe87d08,B,Board of Adjustment,Board of Adjustment,1,2026-09-16,2026-09-16,Create/reuse distinct named public-body feed,pflugerville-tx-board-of-adjustment,medium,Named public body; few surviving recordings do not make it a one-off of another body. Verify identity and aliases before creation.,https://pflugerville.granicus.com/MediaPlayer.php?view_id=1&clip_id=933,Board of Adjustment 9-16-26,https://pflugerville.granicus.com/MediaPlayer.php?view_id=1&clip_id=933
