source_key,uid,provider_guid,title,body,current_assignments,proposed_additional_assignment,rule_family,judgment,basis
76869ed1994f,130a7ebded8e0e1d,269608,"2024 Bond Task Force Community Bond Task Force Meeting – Aug 15, 2023",2024 Bond Task Force Community Bond Task Force Meeting,dallas-tx-2024-community-bond-task-force,dallas-tx-bond-program-meetings,Dallas bond program,Good rule match; retain any existing bond/subcommittee owner as a second participant feed.,Maintainer approved a separate Dallas bond-family feed.
76869ed1994f,16300c982b358fe9,270975,"2024 Capital Bond Streets & Transportation Subcommittee Meeting – Aug 22, 2023",2024 Capital Bond Streets & Transportation Subcommittee Meeting,dallas-tx-2024-bond-streets-and-transportation-subcommittee,dallas-tx-bond-program-meetings,Dallas bond program,Good match to the separately approved Dallas bond-family rule; preserve any existing subcommittee assignment too.,Exact Dallas 2024 bond-program family wording and source. This is a second participant feed where the existing owner is a subcommittee.
76869ed1994f,17a33e59725e970a,277831,"2024 Bond Critical Facilities Subcommittee Meeting – Oct 25, 2023",2024 Bond Critical Facilities Subcommittee Meeting,,dallas-tx-bond-program-meetings,Dallas bond program,Good rule match; retain any existing bond/subcommittee owner as a second participant feed.,Maintainer approved a separate Dallas bond-family feed.
76869ed1994f,18dee167ce70d218,233039,"2024 Bond ECO, HOU, OHS Meeting – May 25, 2023","2024 Bond ECO, HOU, OHS Meeting",,dallas-tx-bond-program-meetings,Dallas bond program,Good rule match; retain any existing bond/subcommittee owner as a second participant feed.,Maintainer approved a separate Dallas bond-family feed.
76869ed1994f,1a16b64310e99d70,268088,"2024 Bond Program: Allocation Discussion – Jul 31, 2023",2024 Bond Program: Allocation Discussion,,dallas-tx-bond-program-meetings,Dallas bond program,Good rule match; retain any existing bond/subcommittee owner as a second participant feed.,Maintainer approved a separate Dallas bond-family feed.
76869ed1994f,2b172a76868ad86c,259821,"2024 Capital Bond Streets and Transportation Meeting – Jun 13, 2023",2024 Capital Bond Streets and Transportation Meeting,dallas-tx-2024-bond-streets-and-transportation-subcommittee,dallas-tx-bond-program-meetings,Dallas bond program,Good match to the separately approved Dallas bond-family rule; preserve any existing subcommittee assignment too.,Exact Dallas 2024 bond-program family wording and source. This is a second participant feed where the existing owner is a subcommittee.
76869ed1994f,2bc4c440c974dba8,233032,"2024 Capital Bond Streets and Transportation Meeting – May 25, 2023",2024 Capital Bond Streets and Transportation Meeting,dallas-tx-2024-bond-streets-and-transportation-subcommittee,dallas-tx-bond-program-meetings,Dallas bond program,Good match to the separately approved Dallas bond-family rule; preserve any existing subcommittee assignment too.,Exact Dallas 2024 bond-program family wording and source. This is a second participant feed where the existing owner is a subcommittee.
76869ed1994f,2d2bc233efd9bf97,269407,"2024 Capital Bond Streets and Transportation Subcommittee Meeting – Aug 10, 2023",2024 Capital Bond Streets and Transportation Subcommittee Meeting,dallas-tx-2024-bond-streets-and-transportation-subcommittee,dallas-tx-bond-program-meetings,Dallas bond program,Good match to the separately approved Dallas bond-family rule; preserve any existing subcommittee assignment too.,Exact Dallas 2024 bond-program family wording and source. This is a second participant feed where the existing owner is a subcommittee.
76869ed1994f,34db2abe446959c8,277833,"2024 Bond Critical Facilities Subcommittee Meeting – Oct 30, 2023",2024 Bond Critical Facilities Subcommittee Meeting,,dallas-tx-bond-program-meetings,Dallas bond program,Good rule match; retain any existing bond/subcommittee owner as a second participant feed.,Maintainer approved a separate Dallas bond-family feed.
76869ed1994f,38d57c2ae015044d,270972,"2024 Bond Critical Facilities Subcommittee – Aug 22, 2023",2024 Bond Critical Facilities Subcommittee,,dallas-tx-bond-program-meetings,Dallas bond program,Good rule match; retain any existing bond/subcommittee owner as a second participant feed.,Maintainer approved a separate Dallas bond-family feed.
76869ed1994f,427b4f7de9ec3a32,269609,"2024 Capital Bond Streets & Transportation Subcommittee Meeting – Aug 15, 2023",2024 Capital Bond Streets & Transportation Subcommittee Meeting,dallas-tx-2024-bond-streets-and-transportation-subcommittee,dallas-tx-bond-program-meetings,Dallas bond program,Good match to the separately approved Dallas bond-family rule; preserve any existing subcommittee assignment too.,Exact Dallas 2024 bond-program family wording and source. This is a second participant feed where the existing owner is a subcommittee.
76869ed1994f,4285558574f63802,230797,"2024 Bond Critical Facilities Meeting – May 11, 2023",2024 Bond Critical Facilities Meeting,,dallas-tx-bond-program-meetings,Dallas bond program,Good rule match; retain any existing bond/subcommittee owner as a second participant feed.,Maintainer approved a separate Dallas bond-family feed.
76869ed1994f,452a458eda8e4c84,273421,"2024 Bond Program Special Called Park and Trails Subcommittee Meeting – Sep 12, 2023",2024 Bond Program Special Called Park and Trails Subcommittee Meeting,,dallas-tx-bond-program-meetings,Dallas bond program,Good rule match; retain any existing bond/subcommittee owner as a second participant feed.,Maintainer approved a separate Dallas bond-family feed.
76869ed1994f,471b177553b7748e,233029,"2024 Bond Flood Control & Storm Drainage Meeting – May 25, 2023",2024 Bond Flood Control & Storm Drainage Meeting,,dallas-tx-bond-program-meetings,Dallas bond program,Good rule match; retain any existing bond/subcommittee owner as a second participant feed.,Maintainer approved a separate Dallas bond-family feed.
76869ed1994f,52fb8d35bdd6cf29,277054,"2024 Capital Bond Meeting Spanish – Oct 18, 2023",2024 Capital Bond Meeting Spanish,,dallas-tx-bond-program-meetings,Dallas bond program,Good rule match; retain any existing bond/subcommittee owner as a second participant feed.,Maintainer approved a separate Dallas bond-family feed.
76869ed1994f,55d1d2e98461c212,259832,"2024 Bond Flood Control & Storm Drainage Meeting – Jun 13, 2023",2024 Bond Flood Control & Storm Drainage Meeting,,dallas-tx-bond-program-meetings,Dallas bond program,Good rule match; retain any existing bond/subcommittee owner as a second participant feed.,Maintainer approved a separate Dallas bond-family feed.
76869ed1994f,5e9fdb6ff9e8ef68,202453,"Citizens Bond Task Force: Town Hall Meeting – May 27, 2017",Citizens Bond Task Force: Town Hall Meeting,dallas-tx-2017-citizens-bond-task-force,dallas-tx-bond-program-meetings,Dallas bond program,Good rule match; retain any existing bond/subcommittee owner as a second participant feed.,Maintainer approved a separate Dallas bond-family feed.
76869ed1994f,6135249a278494c5,273327,"2024 Capital Bond Program CBTF Meetings – Oct 03, 2023",2024 Capital Bond Program CBTF Meetings,,dallas-tx-bond-program-meetings,Dallas bond program,Good rule match; retain any existing bond/subcommittee owner as a second participant feed.,Maintainer approved a separate Dallas bond-family feed.
76869ed1994f,68806728dd8322e5,237215,"2024 Bond Parks and Trails Meeting – May 25, 2023",2024 Bond Parks and Trails Meeting,,dallas-tx-bond-program-meetings,Dallas bond program,Good rule match; retain any existing bond/subcommittee owner as a second participant feed.,Maintainer approved a separate Dallas bond-family feed.
76869ed1994f,6a3caf1854bdd2cd,277589,"2024 Capital Bond CBTF and Subcommittee Chairs Meeting – Oct 24, 2023",2024 Capital Bond CBTF and Subcommittee Chairs Meeting,dallas-tx-2024-community-bond-task-force,dallas-tx-bond-program-meetings,Dallas bond program,Good rule match; retain any existing bond/subcommittee owner as a second participant feed.,Maintainer approved a separate Dallas bond-family feed.
76869ed1994f,6fd6fc5338a5d85f,272231,"2024 Bond ECO, HOU, OHS Meeting – Aug 29, 2023","2024 Bond ECO, HOU, OHS Meeting",,dallas-tx-bond-program-meetings,Dallas bond program,Good rule match; retain any existing bond/subcommittee owner as a second participant feed.,Maintainer approved a separate Dallas bond-family feed.
76869ed1994f,78173acda7f7efea,269613,"2024 Bond Task Force Streets and Transportation Subcommittee – Jul 17, 2023",2024 Bond Task Force Streets and Transportation Subcommittee,dallas-tx-2024-bond-streets-and-transportation-subcommittee,dallas-tx-bond-program-meetings,Dallas bond program,Good match to the separately approved Dallas bond-family rule; preserve any existing subcommittee assignment too.,Exact Dallas 2024 bond-program family wording and source. This is a second participant feed where the existing owner is a subcommittee.
76869ed1994f,8019458f0e0d03e3,230799,"2024 Bond Flood Control and Storm Drainage Meeting – May 11, 2023",2024 Bond Flood Control and Storm Drainage Meeting,,dallas-tx-bond-program-meetings,Dallas bond program,Good rule match; retain any existing bond/subcommittee owner as a second participant feed.,Maintainer approved a separate Dallas bond-family feed.
76869ed1994f,8280ec97799c999e,269612,"2024 Bond Task Force Flood – Aug 15, 2023",2024 Bond Task Force Flood,dallas-tx-2024-bond-flood-subcommittee,dallas-tx-bond-program-meetings,Dallas bond program,Good rule match; retain any existing bond/subcommittee owner as a second participant feed.,Maintainer approved a separate Dallas bond-family feed.
76869ed1994f,84fcc0492e66906d,233037,"2024 Capital Bond CBTF Meeting – May 25, 2023",2024 Capital Bond CBTF Meeting,dallas-tx-2024-community-bond-task-force,dallas-tx-bond-program-meetings,Dallas bond program,Good rule match; retain any existing bond/subcommittee owner as a second participant feed.,Maintainer approved a separate Dallas bond-family feed.
76869ed1994f,8578348e702caf35,277830,"2024 Capital Bond Streets and Transportation Subcommittee Meeting – Oct 27, 2023",2024 Capital Bond Streets and Transportation Subcommittee Meeting,dallas-tx-2024-bond-streets-and-transportation-subcommittee,dallas-tx-bond-program-meetings,Dallas bond program,Good match to the separately approved Dallas bond-family rule; preserve any existing subcommittee assignment too.,Exact Dallas 2024 bond-program family wording and source. This is a second participant feed where the existing owner is a subcommittee.
76869ed1994f,8969ad6d91ed23d2,269610,"2024 Bond Task Force Economic Development – Aug 15, 2023",2024 Bond Task Force Economic Development,dallas-tx-2024-bond-economic-development-subcommittee,dallas-tx-bond-program-meetings,Dallas bond program,Good match to the separately approved Dallas bond-family rule; preserve any existing subcommittee assignment too.,Exact Dallas 2024 bond-program family wording and source. This is a second participant feed where the existing owner is a subcommittee.
76869ed1994f,8e43703d6210901d,272227,"2024 Bond Critical Facilities Subcommittee – Aug 29, 2023",2024 Bond Critical Facilities Subcommittee,,dallas-tx-bond-program-meetings,Dallas bond program,Good rule match; retain any existing bond/subcommittee owner as a second participant feed.,Maintainer approved a separate Dallas bond-family feed.
76869ed1994f,9216aceed179c5ac,272235,"2024 Bond Flood Control & Storm Drainage Meeting – Sep 05, 2023",2024 Bond Flood Control & Storm Drainage Meeting,,dallas-tx-bond-program-meetings,Dallas bond program,Good rule match; retain any existing bond/subcommittee owner as a second participant feed.,Maintainer approved a separate Dallas bond-family feed.
76869ed1994f,96c10f4f75706719,246971,"2024 Capital Bond CBTF Meeting – Jun 20, 2023",2024 Capital Bond CBTF Meeting,dallas-tx-2024-community-bond-task-force,dallas-tx-bond-program-meetings,Dallas bond program,Good rule match; retain any existing bond/subcommittee owner as a second participant feed.,Maintainer approved a separate Dallas bond-family feed.
76869ed1994f,977d943cea00258e,269611,"2024 Bond Task Force Critical Facilities Subcommittee Meeting – Aug 15, 2023",2024 Bond Task Force Critical Facilities Subcommittee Meeting,dallas-tx-2024-bond-critical-facilities-subcommittee,dallas-tx-bond-program-meetings,Dallas bond program,Good rule match; retain any existing bond/subcommittee owner as a second participant feed.,Maintainer approved a separate Dallas bond-family feed.
76869ed1994f,a0d3c568e2b94174,270973,"2024 Bond ECONOM – Aug 22, 2023",2024 Bond ECONOM,,dallas-tx-bond-program-meetings,Dallas bond program,Good rule match; retain any existing bond/subcommittee owner as a second participant feed.,Maintainer approved a separate Dallas bond-family feed.
76869ed1994f,aa65e2aafc90711b,272574,"2024 Capital Bond Program CBTF Meeting – Sep 26, 2023",2024 Capital Bond Program CBTF Meeting,,dallas-tx-bond-program-meetings,Dallas bond program,Good rule match; retain any existing bond/subcommittee owner as a second participant feed.,Maintainer approved a separate Dallas bond-family feed.
76869ed1994f,aaf0ad8eaabe68a5,269278,"2024 Capital Bond CBTF Meeting – Aug 15, 2023",2024 Capital Bond CBTF Meeting,dallas-tx-2024-community-bond-task-force,dallas-tx-bond-program-meetings,Dallas bond program,Good rule match; retain any existing bond/subcommittee owner as a second participant feed.,Maintainer approved a separate Dallas bond-family feed.
76869ed1994f,ae8f0826293006f0,259823,"2024 Capital Bond Streets and Transportation Meeting – Jun 20, 2023",2024 Capital Bond Streets and Transportation Meeting,dallas-tx-2024-bond-streets-and-transportation-subcommittee,dallas-tx-bond-program-meetings,Dallas bond program,Good match to the separately approved Dallas bond-family rule; preserve any existing subcommittee assignment too.,Exact Dallas 2024 bond-program family wording and source. This is a second participant feed where the existing owner is a subcommittee.
76869ed1994f,b0471f29622b8165,277827,"2024 Capital Bond Streets and Transportation Subcommittee Meeting – Oct 26, 2023",2024 Capital Bond Streets and Transportation Subcommittee Meeting,dallas-tx-2024-bond-streets-and-transportation-subcommittee,dallas-tx-bond-program-meetings,Dallas bond program,Good match to the separately approved Dallas bond-family rule; preserve any existing subcommittee assignment too.,Exact Dallas 2024 bond-program family wording and source. This is a second participant feed where the existing owner is a subcommittee.
76869ed1994f,b10cfe2ba62a8958,259831,"2024 Capital Bond ECONOM Meeting – Jun 13, 2023",2024 Capital Bond ECONOM Meeting,,dallas-tx-bond-program-meetings,Dallas bond program,Good rule match; retain any existing bond/subcommittee owner as a second participant feed.,Maintainer approved a separate Dallas bond-family feed.
76869ed1994f,b28f5bf275cc5706,259828,"2024 Capital Bond ECONOM Meeting – Jun 20, 2023",2024 Capital Bond ECONOM Meeting,,dallas-tx-bond-program-meetings,Dallas bond program,Good rule match; retain any existing bond/subcommittee owner as a second participant feed.,Maintainer approved a separate Dallas bond-family feed.
76869ed1994f,b60ae11661218432,233033,"2024 Bond Critical Facilities Meeting – May 25, 2023",2024 Bond Critical Facilities Meeting,,dallas-tx-bond-program-meetings,Dallas bond program,Good rule match; retain any existing bond/subcommittee owner as a second participant feed.,Maintainer approved a separate Dallas bond-family feed.
76869ed1994f,b6277253767d6766,230801,"2024 Bond Parks and Trails Meeting – May 11, 2023",2024 Bond Parks and Trails Meeting,,dallas-tx-bond-program-meetings,Dallas bond program,Good rule match; retain any existing bond/subcommittee owner as a second participant feed.,Maintainer approved a separate Dallas bond-family feed.
76869ed1994f,b8db35d6c229de68,270978,"2024 Bond Parks and Trails Subcommittee Meeting – Aug 22, 2023",2024 Bond Parks and Trails Subcommittee Meeting,,dallas-tx-bond-program-meetings,Dallas bond program,Good rule match; retain any existing bond/subcommittee owner as a second participant feed.,Maintainer approved a separate Dallas bond-family feed.
76869ed1994f,baa19208405acb22,280220,"2024 Bond CBTF and Subcommittee Chairs Meeting – Nov 04, 2023",2024 Bond CBTF and Subcommittee Chairs Meeting,dallas-tx-2024-community-bond-task-force,dallas-tx-bond-program-meetings,Dallas bond program,Good match to the separately approved Dallas bond-family rule; preserve any existing subcommittee assignment too.,Exact Dallas 2024 bond-program family wording and source. This is a second participant feed where the existing owner is a subcommittee.
76869ed1994f,cba1e023051d7c94,269916,"2024 Capital Bond CBTF Meeting – Aug 22, 2023",2024 Capital Bond CBTF Meeting,dallas-tx-2024-community-bond-task-force,dallas-tx-bond-program-meetings,Dallas bond program,Good rule match; retain any existing bond/subcommittee owner as a second participant feed.,Maintainer approved a separate Dallas bond-family feed.
76869ed1994f,deb5a67aa9b6e8d1,259822,"2024 Capital Bond CBTF Meeting – Jun 13, 2023",2024 Capital Bond CBTF Meeting,dallas-tx-2024-community-bond-task-force,dallas-tx-bond-program-meetings,Dallas bond program,Good rule match; retain any existing bond/subcommittee owner as a second participant feed.,Maintainer approved a separate Dallas bond-family feed.
76869ed1994f,e470436f058a61cf,230800,"2024 Bond ECO, HOU, OHS Meeting – May 11, 2023","2024 Bond ECO, HOU, OHS Meeting",,dallas-tx-bond-program-meetings,Dallas bond program,Good rule match; retain any existing bond/subcommittee owner as a second participant feed.,Maintainer approved a separate Dallas bond-family feed.
76869ed1994f,eb1c279cc51a9b04,202452,"Citizens Bond Task Force: Town Hall Meeting – May 25, 2017",Citizens Bond Task Force: Town Hall Meeting,dallas-tx-2017-bond-public-town-halls,dallas-tx-bond-program-meetings,Dallas bond program,Good rule match; retain any existing bond/subcommittee owner as a second participant feed.,Maintainer approved a separate Dallas bond-family feed.
76869ed1994f,ec09788257d07571,259824,"2024 Bond Critical Facilities Meeting – Jun 13, 2023",2024 Bond Critical Facilities Meeting,,dallas-tx-bond-program-meetings,Dallas bond program,Good rule match; retain any existing bond/subcommittee owner as a second participant feed.,Maintainer approved a separate Dallas bond-family feed.
76869ed1994f,eeca5aeceda62d39,272005,"2024 Capital Bond Program CBTF Meeting – Sep 19, 2023",2024 Capital Bond Program CBTF Meeting,dallas-tx-2024-community-bond-task-force,dallas-tx-bond-program-meetings,Dallas bond program,Good rule match; retain any existing bond/subcommittee owner as a second participant feed.,Maintainer approved a separate Dallas bond-family feed.
76869ed1994f,f8e32377b5e2904c,272240,"2024 Bond Flood Protection and Storm Drainage Subcommittee Meeting – Jul 20, 2023",2024 Bond Flood Protection and Storm Drainage Subcommittee Meeting,,dallas-tx-bond-program-meetings,Dallas bond program,Good rule match; retain any existing bond/subcommittee owner as a second participant feed.,Maintainer approved a separate Dallas bond-family feed.
76869ed1994f,fc9ad3b1d9def142,202451,"Citizens Bond Task Force: Town Hall Meeting – May 22, 2017",Citizens Bond Task Force: Town Hall Meeting,dallas-tx-2017-bond-public-town-halls,dallas-tx-bond-program-meetings,Dallas bond program,Good rule match; retain any existing bond/subcommittee owner as a second participant feed.,Maintainer approved a separate Dallas bond-family feed.
76869ed1994f,fdcf5b5c8387cb83,230802,"2024 Bond Kick off – May 11, 2023",2024 Bond Kick off,,dallas-tx-bond-program-meetings,Dallas bond program,Good rule match; retain any existing bond/subcommittee owner as a second participant feed.,Maintainer approved a separate Dallas bond-family feed.
76869ed1994f,fe0b7e556c694307,259827,"2024 Capital Bond Streets and Transportation Subcommittee Meeting – Jun 28, 2023",2024 Capital Bond Streets and Transportation Subcommittee Meeting,dallas-tx-2024-bond-streets-and-transportation-subcommittee,dallas-tx-bond-program-meetings,Dallas bond program,Good match to the separately approved Dallas bond-family rule; preserve any existing subcommittee assignment too.,Exact Dallas 2024 bond-program family wording and source. This is a second participant feed where the existing owner is a subcommittee.
76869ed1994f,ffd212474f9b51ad,232343,"2024 Capital Bond Streets and Transportation Meeting – May 11, 2023",2024 Capital Bond Streets and Transportation Meeting,dallas-tx-2024-bond-streets-and-transportation-subcommittee,dallas-tx-bond-program-meetings,Dallas bond program,Good match to the separately approved Dallas bond-family rule; preserve any existing subcommittee assignment too.,Exact Dallas 2024 bond-program family wording and source. This is a second participant feed where the existing owner is a subcommittee.
3b7588310856,1a05ef2ce9a090ac,120485,"Bond Oversight Committee on 2021-05-06 12:00 PM – May 06, 2021",Bond Oversight Committee on 2021-05-06 12:00 PM,,denton-tx-bond-oversight-committee,Denton Bond Oversight Committee,Good named-body match; the title names Denton’s continuing Bond Oversight Committee.,"Apply only to Denton’s Swagit source and the full “Bond Oversight Committee” phrase. This matches dated, amended, and special-called labels; it does not match the separate Special Citizens committee or generic bond-topic meetings. Preserve source, UID, official title and audio."
3b7588310856,37a229816f9b2135,89768,"Bond Oversight Committee on 2020-11-05 12:00 PM (SPECIAL CALLED MEETING) – Nov 05, 2020",Bond Oversight Committee on 2020-11-05 12:00 PM (SPECIAL CALLED MEETING),,denton-tx-bond-oversight-committee,Denton Bond Oversight Committee,Good named-body match; the title names Denton’s continuing Bond Oversight Committee.,"Apply only to Denton’s Swagit source and the full “Bond Oversight Committee” phrase. This matches dated, amended, and special-called labels; it does not match the separate Special Citizens committee or generic bond-topic meetings. Preserve source, UID, official title and audio."
3b7588310856,78dd4590405b267d,112540,"Bond Oversight Committee on 2021-02-04 12:00 PM (AMENDED) – Feb 04, 2021",Bond Oversight Committee on 2021-02-04 12:00 PM (AMENDED),,denton-tx-bond-oversight-committee,Denton Bond Oversight Committee,Good named-body match; the title names Denton’s continuing Bond Oversight Committee.,"Apply only to Denton’s Swagit source and the full “Bond Oversight Committee” phrase. This matches dated, amended, and special-called labels; it does not match the separate Special Citizens committee or generic bond-topic meetings. Preserve source, UID, official title and audio."
3b7588310856,c870306ce173eaf9,73977,"Bond Oversight Committee on 2020-07-23 11:30 AM – Jul 23, 2020",Bond Oversight Committee on 2020-07-23 11:30 AM,,denton-tx-bond-oversight-committee,Denton Bond Oversight Committee,Good named-body match; the title names Denton’s continuing Bond Oversight Committee.,"Apply only to Denton’s Swagit source and the full “Bond Oversight Committee” phrase. This matches dated, amended, and special-called labels; it does not match the separate Special Citizens committee or generic bond-topic meetings. Preserve source, UID, official title and audio."
6540eef2dc2e,0327f32e58f23e43,https://fortworthgov.granicus.com/MediaPlayer.php?view_id=12&clip_id=2772,"Speaker's Podium - Rev. Charles Foster Johnson, Texas Pastors for Childern - September 8, 2017 Speaker's Podium - Rev. Charles Foster Johnson, Texas Pastors for Childern - September 8, 2017","Speaker's Podium - Rev. Charles Foster Johnson, Texas Pastors for Childern - September 8, 2017 Speaker's Podium - Rev. Charles Foster Johnson, Texas Pastors for Childern",,fort-worth-tx-speakers-podium,Fort Worth Speaker’s Podium,Good rule match; exact curated series title prefix.,Maintainer approved this named series as a separate feed.
6540eef2dc2e,049dec5adc7b23f5,https://fortworthgov.granicus.com/MediaPlayer.php?view_id=10&clip_id=3060,"Speaker's Podium - Robert Ahdieh, Texas A&M School of Law - September, 28, 2018 Speaker's Podium - Robert Ahdieh, Texas A&M School of Law - September, 28, 2018","Speaker's Podium - Robert Ahdieh, Texas A&M School of Law - September, 28, 2018 Speaker's Podium - Robert Ahdieh, Texas A&M School of Law - September, 28, 2018",,fort-worth-tx-speakers-podium,Fort Worth Speaker’s Podium,Good rule match; exact curated series title prefix.,Maintainer approved this named series as a separate feed.
6540eef2dc2e,058e2fffff1e45e8,https://fortworthgov.granicus.com/MediaPlayer.php?view_id=10&clip_id=2743,"Speaker's Podium - Jonathan Townsend, Naval Air Station Fort Worth Joint Reserve Base - July 14, 2017 Speaker's Podium - Jonathan Townsend, Naval Air Station Fort Worth Joint Reserve Base - July 14, 2017","Speaker's Podium - Jonathan Townsend, Naval Air Station Fort Worth Joint Reserve Base - July 14, 2017 Speaker's Podium - Jonathan Townsend, Naval Air Station Fort Worth Joint Reserve Base",,fort-worth-tx-speakers-podium,Fort Worth Speaker’s Podium,Good rule match; exact curated series title prefix.,Maintainer approved this named series as a separate feed.
6540eef2dc2e,0775e9c68216e8c6,https://fortworthgov.granicus.com/MediaPlayer.php?view_id=10&clip_id=2570,"Speaker's Podium - U.S./Japanese Girl Scouts - October 7, 2016 Speaker's Podium - U.S./Japanese Girl Scouts - October 7, 2016","Speaker's Podium - U.S./Japanese Girl Scouts - October 7, 2016 Speaker's Podium - U.S./Japanese Girl Scouts",,fort-worth-tx-speakers-podium,Fort Worth Speaker’s Podium,Good rule match; exact curated series title prefix.,Maintainer approved this named series as a separate feed.
6540eef2dc2e,0797ae6fe3536b10,https://fortworthgov.granicus.com/MediaPlayer.php?view_id=12&clip_id=2078,"Speaker's Podium - Ross Ramsey - Texas Tribune - November 14, 2014 Speaker's Podium - Ross Ramsey - Texas Tribune - November 14, 2014","Speaker's Podium - Ross Ramsey - Texas Tribune - November 14, 2014 Speaker's Podium - Ross Ramsey - Texas Tribune",,fort-worth-tx-speakers-podium,Fort Worth Speaker’s Podium,Good rule match; exact curated series title prefix.,Maintainer approved this named series as a separate feed.
6540eef2dc2e,0a56dd4a32e273de,https://fortworthgov.granicus.com/MediaPlayer.php?view_id=12&clip_id=2181,"Speaker's Podium - Miguel Harth-Bedoya - Conductor, Fort Worth Symphony Orchestra - March 27, 2015 Speaker's Podium - Miguel Harth-Bedoya - Conductor, Fort Worth Symphony Orchestra - March 27, 2015","Speaker's Podium - Miguel Harth-Bedoya - Conductor, Fort Worth Symphony Orchestra - March 27, 2015 Speaker's Podium - Miguel Harth-Bedoya - Conductor, Fort Worth Symphony Orchestra",,fort-worth-tx-speakers-podium,Fort Worth Speaker’s Podium,Good rule match; exact curated series title prefix.,Maintainer approved this named series as a separate feed.
6540eef2dc2e,0ea1d78a1d84171e,https://fortworthgov.granicus.com/MediaPlayer.php?view_id=10&clip_id=2343,"Speaker's Podium - Chad Mathews, Lone Star Film Society - October 30, 2015 Speaker's Podium - Chad Mathews, Lone Star Film Society - October 30, 2015","Speaker's Podium - Chad Mathews, Lone Star Film Society - October 30, 2015 Speaker's Podium - Chad Mathews, Lone Star Film Society",,fort-worth-tx-speakers-podium,Fort Worth Speaker’s Podium,Good rule match; exact curated series title prefix.,Maintainer approved this named series as a separate feed.
6540eef2dc2e,0ed55ee84001a686,https://fortworthgov.granicus.com/MediaPlayer.php?view_id=12&clip_id=2136,"Speaker's Podium - Homer Erekson - Dean, TCU Neeley School of Business - February 13, 2015 Speaker's Podium - Homer Erekson - Dean, TCU Neeley School of Business - February 13, 2015","Speaker's Podium - Homer Erekson - Dean, TCU Neeley School of Business - February 13, 2015 Speaker's Podium - Homer Erekson - Dean, TCU Neeley School of Business",,fort-worth-tx-speakers-podium,Fort Worth Speaker’s Podium,Good rule match; exact curated series title prefix.,Maintainer approved this named series as a separate feed.
6540eef2dc2e,104ab7af9b8291e2,https://fortworthgov.granicus.com/MediaPlayer.php?view_id=10&clip_id=2610,"Speaker's Podium - Bruce Frankel, Day Resource Center - December 9, 2016 Speaker's Podium - Bruce Frankel, Day Resource Center - December 9, 2016","Speaker's Podium - Bruce Frankel, Day Resource Center - December 9, 2016 Speaker's Podium - Bruce Frankel, Day Resource Center",,fort-worth-tx-speakers-podium,Fort Worth Speaker’s Podium,Good rule match; exact curated series title prefix.,Maintainer approved this named series as a separate feed.
6540eef2dc2e,1176a4d310a0d9d4,https://fortworthgov.granicus.com/MediaPlayer.php?view_id=10&clip_id=2180,"Speaker's Podium - Barclay Berdan - CEO, Texas Health Resources 3-20-15 - March 20, 2015 Speaker's Podium - Barclay Berdan - CEO, Texas Health Resources 3-20-15 - March 20, 2015","Speaker's Podium - Barclay Berdan - CEO, Texas Health Resources 3-20-15 - March 20, 2015 Speaker's Podium - Barclay Berdan - CEO, Texas Health Resources",,fort-worth-tx-speakers-podium,Fort Worth Speaker’s Podium,Good rule match; exact curated series title prefix.,Maintainer approved this named series as a separate feed.
6540eef2dc2e,12f8c416948d92d6,https://fortworthgov.granicus.com/MediaPlayer.php?view_id=10&clip_id=3502,"Speaker's Podium - Medal of Honor Museum - January 24, 2020 Speaker's Podium - Medal of Honor Museum - January 24, 2020","Speaker's Podium - Medal of Honor Museum - January 24, 2020 Speaker's Podium - Medal of Honor Museum",,fort-worth-tx-speakers-podium,Fort Worth Speaker’s Podium,Good rule match; exact curated series title prefix.,Maintainer approved this named series as a separate feed.
6540eef2dc2e,1834cd44e19938a4,https://fortworthgov.granicus.com/MediaPlayer.php?view_id=12&clip_id=2527,"Speaker's Podium - Jamie Dixon, TCU Basketball Coach - August 5, 2016 Speaker's Podium - Jamie Dixon, TCU Basketball Coach - August 5, 2016","Speaker's Podium - Jamie Dixon, TCU Basketball Coach - August 5, 2016 Speaker's Podium - Jamie Dixon, TCU Basketball Coach",,fort-worth-tx-speakers-podium,Fort Worth Speaker’s Podium,Good rule match; exact curated series title prefix.,Maintainer approved this named series as a separate feed.
6540eef2dc2e,19613827ed8b36e8,https://fortworthgov.granicus.com/MediaPlayer.php?view_id=12&clip_id=2198,"Speaker's Podium - Paul Kessler - ""Lessons From The Holocaust"" - April 17, 2015 Speaker's Podium - Paul Kessler - ""Lessons From The Holocaust"" - April 17, 2015","Speaker's Podium - Paul Kessler - ""Lessons From The Holocaust"" - April 17, 2015 Speaker's Podium - Paul Kessler - ""Lessons From The Holocaust""",,fort-worth-tx-speakers-podium,Fort Worth Speaker’s Podium,Good rule match; exact curated series title prefix.,Maintainer approved this named series as a separate feed.
6540eef2dc2e,19aee20ecbd595c9,https://fortworthgov.granicus.com/MediaPlayer.php?view_id=10&clip_id=2325,"Speaker's Podium - Chris Young, CIFAL Atlanta - September 25, 2015 Speaker's Podium - Chris Young, CIFAL Atlanta - September 25, 2015","Speaker's Podium - Chris Young, CIFAL Atlanta - September 25, 2015 Speaker's Podium - Chris Young, CIFAL Atlanta",,fort-worth-tx-speakers-podium,Fort Worth Speaker’s Podium,Good rule match; exact curated series title prefix.,Maintainer approved this named series as a separate feed.
6540eef2dc2e,1a1be428f1c7465b,https://fortworthgov.granicus.com/MediaPlayer.php?view_id=12&clip_id=2342,"Speaker's Podium - Rachel Croson - Dean, UTA School of Business - October 23, 2015 Speaker's Podium - Rachel Croson - Dean, UTA School of Business - October 23, 2015","Speaker's Podium - Rachel Croson - Dean, UTA School of Business - October 23, 2015 Speaker's Podium - Rachel Croson - Dean, UTA School of Business",,fort-worth-tx-speakers-podium,Fort Worth Speaker’s Podium,Good rule match; exact curated series title prefix.,Maintainer approved this named series as a separate feed.
6540eef2dc2e,1a89edcc29bf3d05,https://fortworthgov.granicus.com/MediaPlayer.php?view_id=10&clip_id=2395,"Speaker's Podium - Matt Hicks, Texas Rangers - January 22, 2016 Speaker's Podium - Matt Hicks, Texas Rangers - January 22, 2016","Speaker's Podium - Matt Hicks, Texas Rangers - January 22, 2016 Speaker's Podium - Matt Hicks, Texas Rangers",,fort-worth-tx-speakers-podium,Fort Worth Speaker’s Podium,Good rule match; exact curated series title prefix.,Maintainer approved this named series as a separate feed.
6540eef2dc2e,1ce07fe560619590,https://fortworthgov.granicus.com/MediaPlayer.php?view_id=12&clip_id=2538,"Speaker's Podium - Dr. Joyce Mauk, The Child Study Center - August 19, 2016 Speaker's Podium - Dr. Joyce Mauk, The Child Study Center - August 19, 2016","Speaker's Podium - Dr. Joyce Mauk, The Child Study Center - August 19, 2016 Speaker's Podium - Dr. Joyce Mauk, The Child Study Center",,fort-worth-tx-speakers-podium,Fort Worth Speaker’s Podium,Good rule match; exact curated series title prefix.,Maintainer approved this named series as a separate feed.
6540eef2dc2e,1d07ec5fce7b52d2,https://fortworthgov.granicus.com/MediaPlayer.php?view_id=12&clip_id=2411,"Speaker's Podium - Jim Schlossnagle, Head Coach TCU Baseball - February 5, 2016 Speaker's Podium - Jim Schlossnagle, Head Coach TCU Baseball - February 5, 2016","Speaker's Podium - Jim Schlossnagle, Head Coach TCU Baseball - February 5, 2016 Speaker's Podium - Jim Schlossnagle, Head Coach TCU Baseball",,fort-worth-tx-speakers-podium,Fort Worth Speaker’s Podium,Good rule match; exact curated series title prefix.,Maintainer approved this named series as a separate feed.
6540eef2dc2e,1fd802dc8d7e8041,https://fortworthgov.granicus.com/MediaPlayer.php?view_id=12&clip_id=1936,"Speaker's Podium - Robert Hinkle - North Tarrant Express - May 30, 2014 Speaker's Podium - Robert Hinkle - North Tarrant Express - May 30, 2014","Speaker's Podium - Robert Hinkle - North Tarrant Express - May 30, 2014 Speaker's Podium - Robert Hinkle - North Tarrant Express",,fort-worth-tx-speakers-podium,Fort Worth Speaker’s Podium,Good rule match; exact curated series title prefix.,Maintainer approved this named series as a separate feed.
6540eef2dc2e,2191b5a4d5e59402,https://fortworthgov.granicus.com/MediaPlayer.php?view_id=12&clip_id=2676,"Speaker's Podium - Brandom Gengelbach, Fort Worth Chamber of Commerce - March 17, 2017 Speaker's Podium - Brandom Gengelbach, Fort Worth Chamber of Commerce - March 17, 2017","Speaker's Podium - Brandom Gengelbach, Fort Worth Chamber of Commerce - March 17, 2017 Speaker's Podium - Brandom Gengelbach, Fort Worth Chamber of Commerce",,fort-worth-tx-speakers-podium,Fort Worth Speaker’s Podium,Good rule match; exact curated series title prefix.,Maintainer approved this named series as a separate feed.
6540eef2dc2e,21daa397d56c5a83,https://fortworthgov.granicus.com/MediaPlayer.php?view_id=10&clip_id=2688,"Speaker's Podium - Mary J. Eisenhower, People To People International - March 31, 2017 Speaker's Podium - Mary J. Eisenhower, People To People International - March 31, 2017","Speaker's Podium - Mary J. Eisenhower, People To People International - March 31, 2017 Speaker's Podium - Mary J. Eisenhower, People To People International",,fort-worth-tx-speakers-podium,Fort Worth Speaker’s Podium,Good rule match; exact curated series title prefix.,Maintainer approved this named series as a separate feed.
6540eef2dc2e,243a56a5b5a115ea,https://fortworthgov.granicus.com/MediaPlayer.php?view_id=12&clip_id=2486,"Speaker's Podium - Jeff Williams, Mayor of Arlington - May 13, 2016 Speaker's Podium - Jeff Williams, Mayor of Arlington - May 13, 2016","Speaker's Podium - Jeff Williams, Mayor of Arlington - May 13, 2016 Speaker's Podium - Jeff Williams, Mayor of Arlington",,fort-worth-tx-speakers-podium,Fort Worth Speaker’s Podium,Good rule match; exact curated series title prefix.,Maintainer approved this named series as a separate feed.
6540eef2dc2e,24add1901766c589,https://fortworthgov.granicus.com/MediaPlayer.php?view_id=12&clip_id=2095,"Speaker's Podium - Brad Barnes - Fort Worth Stock Show & Rodeo - December 12, 2014 Speaker's Podium - Brad Barnes - Fort Worth Stock Show & Rodeo - December 12, 2014","Speaker's Podium - Brad Barnes - Fort Worth Stock Show & Rodeo - December 12, 2014 Speaker's Podium - Brad Barnes - Fort Worth Stock Show & Rodeo",,fort-worth-tx-speakers-podium,Fort Worth Speaker’s Podium,Good rule match; exact curated series title prefix.,Maintainer approved this named series as a separate feed.
6540eef2dc2e,2514d758f7ec5133,https://fortworthgov.granicus.com/MediaPlayer.php?view_id=12&clip_id=1941,"Speaker's Podium - Joel Burns - Fort Worth City Council Member, District 9 - June 6, 2014 Speaker's Podium - Joel Burns - Fort Worth City Council Member, District 9 - June 6, 2014","Speaker's Podium - Joel Burns - Fort Worth City Council Member, District 9 - June 6, 2014 Speaker's Podium - Joel Burns - Fort Worth City Council Member, District 9",fort-worth-tx-city-council,fort-worth-tx-speakers-podium,Fort Worth Speaker’s Podium,Good rule match; exact curated series title prefix.,Maintainer approved this named series as a separate feed.
6540eef2dc2e,26312217c08e2cef,https://fortworthgov.granicus.com/MediaPlayer.php?view_id=12&clip_id=2547,"Speaker's Podium - Bishop Michael Olson, Catholic Diocese of Fort Worth - August 26, 2016 Speaker's Podium - Bishop Michael Olson, Catholic Diocese of Fort Worth - August 26, 2016","Speaker's Podium - Bishop Michael Olson, Catholic Diocese of Fort Worth - August 26, 2016 Speaker's Podium - Bishop Michael Olson, Catholic Diocese of Fort Worth",,fort-worth-tx-speakers-podium,Fort Worth Speaker’s Podium,Good rule match; exact curated series title prefix.,Maintainer approved this named series as a separate feed.
6540eef2dc2e,3200bbe4827c820b,https://fortworthgov.granicus.com/MediaPlayer.php?view_id=12&clip_id=2201,"Speaker's Podium - Andrea Green - CEO, Community Hospice of Texas - April 24, 2015 Speaker's Podium - Andrea Green - CEO, Community Hospice of Texas - April 24, 2015","Speaker's Podium - Andrea Green - CEO, Community Hospice of Texas - April 24, 2015 Speaker's Podium - Andrea Green - CEO, Community Hospice of Texas",,fort-worth-tx-speakers-podium,Fort Worth Speaker’s Podium,Good rule match; exact curated series title prefix.,Maintainer approved this named series as a separate feed.
6540eef2dc2e,320eb01e83fdb079,https://fortworthgov.granicus.com/MediaPlayer.php?view_id=10&clip_id=2078,"Speaker's Podium - Ross Ramsey - Texas Tribune - November 14, 2014 Speaker's Podium - Ross Ramsey - Texas Tribune - November 14, 2014","Speaker's Podium - Ross Ramsey - Texas Tribune - November 14, 2014 Speaker's Podium - Ross Ramsey - Texas Tribune",,fort-worth-tx-speakers-podium,Fort Worth Speaker’s Podium,Good rule match; exact curated series title prefix.,Maintainer approved this named series as a separate feed.
6540eef2dc2e,385f48ad745addde,https://fortworthgov.granicus.com/MediaPlayer.php?view_id=10&clip_id=2486,"Speaker's Podium - Jeff Williams, Mayor of Arlington - May 13, 2016 Speaker's Podium - Jeff Williams, Mayor of Arlington - May 13, 2016","Speaker's Podium - Jeff Williams, Mayor of Arlington - May 13, 2016 Speaker's Podium - Jeff Williams, Mayor of Arlington",,fort-worth-tx-speakers-podium,Fort Worth Speaker’s Podium,Good rule match; exact curated series title prefix.,Maintainer approved this named series as a separate feed.
6540eef2dc2e,3c4dc3d2d7959c6c,https://fortworthgov.granicus.com/MediaPlayer.php?view_id=10&clip_id=2592,"Speaker's Podium - J.D. Granger, Trinity River Vision Authority - November 4, 2016 Speaker's Podium - J.D. Granger, Trinity River Vision Authority - November 4, 2016","Speaker's Podium - J.D. Granger, Trinity River Vision Authority - November 4, 2016 Speaker's Podium - J.D. Granger, Trinity River Vision Authority",,fort-worth-tx-speakers-podium,Fort Worth Speaker’s Podium,Good rule match; exact curated series title prefix.,Maintainer approved this named series as a separate feed.
6540eef2dc2e,3e7ad17b662e42c0,https://fortworthgov.granicus.com/MediaPlayer.php?view_id=12&clip_id=2570,"Speaker's Podium - U.S./Japanese Girl Scouts - October 7, 2016 Speaker's Podium - U.S./Japanese Girl Scouts - October 7, 2016","Speaker's Podium - U.S./Japanese Girl Scouts - October 7, 2016 Speaker's Podium - U.S./Japanese Girl Scouts",,fort-worth-tx-speakers-podium,Fort Worth Speaker’s Podium,Good rule match; exact curated series title prefix.,Maintainer approved this named series as a separate feed.
6540eef2dc2e,415d92088fdb7ba0,https://fortworthgov.granicus.com/MediaPlayer.php?view_id=12&clip_id=2053,"Speakers Podium - David Cooke - City Manager, City of Fort Worth - October, 10, 2014 Speakers Podium - David Cooke - City Manager, City of Fort Worth - October, 10, 2014","Speakers Podium - David Cooke - City Manager, City of Fort Worth - October, 10, 2014 Speakers Podium - David Cooke - City Manager, City of Fort Worth - October, 10, 2014",,fort-worth-tx-speakers-podium,Fort Worth Speaker’s Podium,Good rule match; exact curated series title prefix.,Maintainer approved this named series as a separate feed.
6540eef2dc2e,419160ca2fbe3359,https://fortworthgov.granicus.com/MediaPlayer.php?view_id=10&clip_id=2740,"Speaker's Podium - Ed Schneider, BRIT - May 19, 2017 Speaker's Podium - Ed Schneider, BRIT - May 19, 2017","Speaker's Podium - Ed Schneider, BRIT - May 19, 2017 Speaker's Podium - Ed Schneider, BRIT",,fort-worth-tx-speakers-podium,Fort Worth Speaker’s Podium,Good rule match; exact curated series title prefix.,Maintainer approved this named series as a separate feed.
6540eef2dc2e,4318db631cf92950,https://fortworthgov.granicus.com/MediaPlayer.php?view_id=10&clip_id=2301,"Speaker's Podium - Gerry Fraley, Sportswriter - Dallas Morning News - August 28, 2015 Speaker's Podium - Gerry Fraley, Sportswriter - Dallas Morning News - August 28, 2015","Speaker's Podium - Gerry Fraley, Sportswriter - Dallas Morning News - August 28, 2015 Speaker's Podium - Gerry Fraley, Sportswriter - Dallas Morning News",,fort-worth-tx-speakers-podium,Fort Worth Speaker’s Podium,Good rule match; exact curated series title prefix.,Maintainer approved this named series as a separate feed.
6540eef2dc2e,437b87ec9a8d5b9d,https://fortworthgov.granicus.com/MediaPlayer.php?view_id=10&clip_id=2375,"Speaker's Podium - Tom Ferguson, CEO, AZZ Inc. - December 4, 2015 Speaker's Podium - Tom Ferguson, CEO, AZZ Inc. - December 4, 2015","Speaker's Podium - Tom Ferguson, CEO, AZZ Inc. - December 4, 2015 Speaker's Podium - Tom Ferguson, CEO, AZZ Inc.",,fort-worth-tx-speakers-podium,Fort Worth Speaker’s Podium,Good rule match; exact curated series title prefix.,Maintainer approved this named series as a separate feed.
6540eef2dc2e,4777c1c8612baacc,https://fortworthgov.granicus.com/MediaPlayer.php?view_id=12&clip_id=2610,"Speaker's Podium - Bruce Frankel, Day Resource Center - December 9, 2016 Speaker's Podium - Bruce Frankel, Day Resource Center - December 9, 2016","Speaker's Podium - Bruce Frankel, Day Resource Center - December 9, 2016 Speaker's Podium - Bruce Frankel, Day Resource Center",,fort-worth-tx-speakers-podium,Fort Worth Speaker’s Podium,Good rule match; exact curated series title prefix.,Maintainer approved this named series as a separate feed.
6540eef2dc2e,4852a939237ccfb8,https://fortworthgov.granicus.com/MediaPlayer.php?view_id=10&clip_id=2376,"Speaker's Podium - Gary Wortel, Star-Telegram - December 11, 2015 Speaker's Podium - Gary Wortel, Star-Telegram - December 11, 2015","Speaker's Podium - Gary Wortel, Star-Telegram - December 11, 2015 Speaker's Podium - Gary Wortel, Star-Telegram",,fort-worth-tx-speakers-podium,Fort Worth Speaker’s Podium,Good rule match; exact curated series title prefix.,Maintainer approved this named series as a separate feed.
6540eef2dc2e,4c4e9284fe64f4bb,https://fortworthgov.granicus.com/MediaPlayer.php?view_id=10&clip_id=2110,"Speaker's Podium - Jeff Banister & Tom Grieve - Texas Rangers Baseball Club - January 9, 2015 Speaker's Podium - Jeff Banister & Tom Grieve - Texas Rangers Baseball Club - January 9, 2015","Speaker's Podium - Jeff Banister & Tom Grieve - Texas Rangers Baseball Club - January 9, 2015 Speaker's Podium - Jeff Banister & Tom Grieve - Texas Rangers Baseball Club",,fort-worth-tx-speakers-podium,Fort Worth Speaker’s Podium,Good rule match; exact curated series title prefix.,Maintainer approved this named series as a separate feed.
6540eef2dc2e,4f459acbf81528ee,https://fortworthgov.granicus.com/MediaPlayer.php?view_id=10&clip_id=2095,"Speaker's Podium - Brad Barnes - Fort Worth Stock Show & Rodeo - December 12, 2014 Speaker's Podium - Brad Barnes - Fort Worth Stock Show & Rodeo - December 12, 2014","Speaker's Podium - Brad Barnes - Fort Worth Stock Show & Rodeo - December 12, 2014 Speaker's Podium - Brad Barnes - Fort Worth Stock Show & Rodeo",,fort-worth-tx-speakers-podium,Fort Worth Speaker’s Podium,Good rule match; exact curated series title prefix.,Maintainer approved this named series as a separate feed.
6540eef2dc2e,517663c3f742b969,https://fortworthgov.granicus.com/MediaPlayer.php?view_id=12&clip_id=2325,"Speaker's Podium - Chris Young, CIFAL Atlanta - September 25, 2015 Speaker's Podium - Chris Young, CIFAL Atlanta - September 25, 2015","Speaker's Podium - Chris Young, CIFAL Atlanta - September 25, 2015 Speaker's Podium - Chris Young, CIFAL Atlanta",,fort-worth-tx-speakers-podium,Fort Worth Speaker’s Podium,Good rule match; exact curated series title prefix.,Maintainer approved this named series as a separate feed.
6540eef2dc2e,5208f0de325b53bf,https://fortworthgov.granicus.com/MediaPlayer.php?view_id=12&clip_id=2376,"Speaker's Podium - Gary Wortel, Star-Telegram - December 11, 2015 Speaker's Podium - Gary Wortel, Star-Telegram - December 11, 2015","Speaker's Podium - Gary Wortel, Star-Telegram - December 11, 2015 Speaker's Podium - Gary Wortel, Star-Telegram",,fort-worth-tx-speakers-podium,Fort Worth Speaker’s Podium,Good rule match; exact curated series title prefix.,Maintainer approved this named series as a separate feed.
6540eef2dc2e,52fd742de9f222be,https://fortworthgov.granicus.com/MediaPlayer.php?view_id=12&clip_id=2437,"Speaker's Podium - Miguel Harth-Bedoya, Fort Worth Symphony - March 4, 2016 Speaker's Podium - Miguel Harth-Bedoya, Fort Worth Symphony - March 4, 2016","Speaker's Podium - Miguel Harth-Bedoya, Fort Worth Symphony - March 4, 2016 Speaker's Podium - Miguel Harth-Bedoya, Fort Worth Symphony",,fort-worth-tx-speakers-podium,Fort Worth Speaker’s Podium,Good rule match; exact curated series title prefix.,Maintainer approved this named series as a separate feed.
6540eef2dc2e,54c63de7516fd867,https://fortworthgov.granicus.com/MediaPlayer.php?view_id=12&clip_id=2456,"Speaker's Podium - Robert Earley - JPS Health Network - April 22, 2016 Speaker's Podium - Robert Earley - JPS Health Network - April 22, 2016","Speaker's Podium - Robert Earley - JPS Health Network - April 22, 2016 Speaker's Podium - Robert Earley - JPS Health Network",,fort-worth-tx-speakers-podium,Fort Worth Speaker’s Podium,Good rule match; exact curated series title prefix.,Maintainer approved this named series as a separate feed.
6540eef2dc2e,55187c86c257734b,https://fortworthgov.granicus.com/MediaPlayer.php?view_id=10&clip_id=2702,"Speaker's Podium - George Fassett, Thumbtechs - April 28, 2017 Speaker's Podium - George Fassett, Thumbtechs - April 28, 2017","Speaker's Podium - George Fassett, Thumbtechs - April 28, 2017 Speaker's Podium - George Fassett, Thumbtechs",,fort-worth-tx-speakers-podium,Fort Worth Speaker’s Podium,Good rule match; exact curated series title prefix.,Maintainer approved this named series as a separate feed.
6540eef2dc2e,5744197d0c40f618,https://fortworthgov.granicus.com/MediaPlayer.php?view_id=12&clip_id=2743,"Speaker's Podium - Jonathan Townsend, Naval Air Station Fort Worth Joint Reserve Base - July 14, 2017 Speaker's Podium - Jonathan Townsend, Naval Air Station Fort Worth Joint Reserve Base - July 14, 2017","Speaker's Podium - Jonathan Townsend, Naval Air Station Fort Worth Joint Reserve Base - July 14, 2017 Speaker's Podium - Jonathan Townsend, Naval Air Station Fort Worth Joint Reserve Base",,fort-worth-tx-speakers-podium,Fort Worth Speaker’s Podium,Good rule match; exact curated series title prefix.,Maintainer approved this named series as a separate feed.
6540eef2dc2e,58e1bb0274d43932,https://fortworthgov.granicus.com/MediaPlayer.php?view_id=10&clip_id=2411,"Speaker's Podium - Jim Schlossnagle, Head Coach TCU Baseball - February 5, 2016 Speaker's Podium - Jim Schlossnagle, Head Coach TCU Baseball - February 5, 2016","Speaker's Podium - Jim Schlossnagle, Head Coach TCU Baseball - February 5, 2016 Speaker's Podium - Jim Schlossnagle, Head Coach TCU Baseball",,fort-worth-tx-speakers-podium,Fort Worth Speaker’s Podium,Good rule match; exact curated series title prefix.,Maintainer approved this named series as a separate feed.
6540eef2dc2e,5a343bb29b4d7086,https://fortworthgov.granicus.com/MediaPlayer.php?view_id=10&clip_id=2520,"Speaker's Podium - Tempa Sherrill - Stay The Course Veteran Services - July 29, 2016 Speaker's Podium - Tempa Sherrill - Stay The Course Veteran Services - July 29, 2016","Speaker's Podium - Tempa Sherrill - Stay The Course Veteran Services - July 29, 2016 Speaker's Podium - Tempa Sherrill - Stay The Course Veteran Services",,fort-worth-tx-speakers-podium,Fort Worth Speaker’s Podium,Good rule match; exact curated series title prefix.,Maintainer approved this named series as a separate feed.
6540eef2dc2e,5af8346e2e4144e7,https://fortworthgov.granicus.com/MediaPlayer.php?view_id=12&clip_id=2660,"Speaker's Podium - Jacques Marquis, The Cliburn - February 24, 2017 Speaker's Podium - Jacques Marquis, The Cliburn - February 24, 2017","Speaker's Podium - Jacques Marquis, The Cliburn - February 24, 2017 Speaker's Podium - Jacques Marquis, The Cliburn",,fort-worth-tx-speakers-podium,Fort Worth Speaker’s Podium,Good rule match; exact curated series title prefix.,Maintainer approved this named series as a separate feed.
6540eef2dc2e,5d3220944e68a1ae,https://fortworthgov.granicus.com/MediaPlayer.php?view_id=12&clip_id=3004,"Speaker's Podium - Officer Hannah Rivard, Human Trafficking - June 1, 2018 Speaker's Podium - Officer Hannah Rivard, Human Trafficking - June 1, 2018","Speaker's Podium - Officer Hannah Rivard, Human Trafficking - June 1, 2018 Speaker's Podium - Officer Hannah Rivard, Human Trafficking",,fort-worth-tx-speakers-podium,Fort Worth Speaker’s Podium,Good rule match; exact curated series title prefix.,Maintainer approved this named series as a separate feed.
6540eef2dc2e,5e7a8362c0c02318,https://fortworthgov.granicus.com/MediaPlayer.php?view_id=12&clip_id=2417,"Speaker's Podium - Fred Slabach, Texas Wesleyan University - February 26, 2016 Speaker's Podium - Fred Slabach, Texas Wesleyan University - February 26, 2016","Speaker's Podium - Fred Slabach, Texas Wesleyan University - February 26, 2016 Speaker's Podium - Fred Slabach, Texas Wesleyan University",,fort-worth-tx-speakers-podium,Fort Worth Speaker’s Podium,Good rule match; exact curated series title prefix.,Maintainer approved this named series as a separate feed.
6540eef2dc2e,5f0d5ec80abc15d3,https://fortworthgov.granicus.com/MediaPlayer.php?view_id=10&clip_id=2136,"Speaker's Podium - Homer Erekson - Dean, TCU Neeley School of Business - February 13, 2015 Speaker's Podium - Homer Erekson - Dean, TCU Neeley School of Business - February 13, 2015","Speaker's Podium - Homer Erekson - Dean, TCU Neeley School of Business - February 13, 2015 Speaker's Podium - Homer Erekson - Dean, TCU Neeley School of Business",,fort-worth-tx-speakers-podium,Fort Worth Speaker’s Podium,Good rule match; exact curated series title prefix.,Maintainer approved this named series as a separate feed.
6540eef2dc2e,69b21f4a501e6a4a,https://fortworthgov.granicus.com/MediaPlayer.php?view_id=12&clip_id=2664,"Speaker's Podium - Dr. Vistasp Karbhari, University of Texas at Arlington - March 3, 2017 Speaker's Podium - Dr. Vistasp Karbhari, University of Texas at Arlington - March 3, 2017","Speaker's Podium - Dr. Vistasp Karbhari, University of Texas at Arlington - March 3, 2017 Speaker's Podium - Dr. Vistasp Karbhari, University of Texas at Arlington",,fort-worth-tx-speakers-podium,Fort Worth Speaker’s Podium,Good rule match; exact curated series title prefix.,Maintainer approved this named series as a separate feed.
6540eef2dc2e,6cc730efcd88bc62,https://fortworthgov.granicus.com/MediaPlayer.php?view_id=12&clip_id=2740,"Speaker's Podium - Ed Schneider, BRIT - May 19, 2017 Speaker's Podium - Ed Schneider, BRIT - May 19, 2017","Speaker's Podium - Ed Schneider, BRIT - May 19, 2017 Speaker's Podium - Ed Schneider, BRIT",,fort-worth-tx-speakers-podium,Fort Worth Speaker’s Podium,Good rule match; exact curated series title prefix.,Maintainer approved this named series as a separate feed.
6540eef2dc2e,6d8a3a21ac7267ef,https://fortworthgov.granicus.com/MediaPlayer.php?view_id=10&clip_id=2342,"Speaker's Podium - Rachel Croson - Dean, UTA School of Business - October 23, 2015 Speaker's Podium - Rachel Croson - Dean, UTA School of Business - October 23, 2015","Speaker's Podium - Rachel Croson - Dean, UTA School of Business - October 23, 2015 Speaker's Podium - Rachel Croson - Dean, UTA School of Business",,fort-worth-tx-speakers-podium,Fort Worth Speaker’s Podium,Good rule match; exact curated series title prefix.,Maintainer approved this named series as a separate feed.
6540eef2dc2e,6f141cd13ccb3f6e,https://fortworthgov.granicus.com/MediaPlayer.php?view_id=10&clip_id=2984,"Speaker's Podium - Manya Shorr, Fort Worth Library - May 18, 2018 Speaker's Podium - Manya Shorr, Fort Worth Library - May 18, 2018","Speaker's Podium - Manya Shorr, Fort Worth Library - May 18, 2018 Speaker's Podium - Manya Shorr, Fort Worth Library",,fort-worth-tx-speakers-podium,Fort Worth Speaker’s Podium,Good rule match; exact curated series title prefix.,Maintainer approved this named series as a separate feed.
6540eef2dc2e,7555ae69ada8c6b7,https://fortworthgov.granicus.com/MediaPlayer.php?view_id=12&clip_id=2563,"Speaker's Podium - Dr. Jon Levine, Texas A&M Veterinarian Medicine - September 23, 2016 Speaker's Podium - Dr. Jon Levine, Texas A&M Veterinarian Medicine - September 23, 2016","Speaker's Podium - Dr. Jon Levine, Texas A&M Veterinarian Medicine - September 23, 2016 Speaker's Podium - Dr. Jon Levine, Texas A&M Veterinarian Medicine",,fort-worth-tx-speakers-podium,Fort Worth Speaker’s Podium,Good rule match; exact curated series title prefix.,Maintainer approved this named series as a separate feed.
6540eef2dc2e,789392e0a28ad9fb,https://fortworthgov.granicus.com/MediaPlayer.php?view_id=12&clip_id=2357,"Speaker's Podium - Terry Montesi, Trademark Property Company - November 13, 2015 Speaker's Podium - Terry Montesi, Trademark Property Company - November 13, 2015","Speaker's Podium - Terry Montesi, Trademark Property Company - November 13, 2015 Speaker's Podium - Terry Montesi, Trademark Property Company",,fort-worth-tx-speakers-podium,Fort Worth Speaker’s Podium,Good rule match; exact curated series title prefix.,Maintainer approved this named series as a separate feed.
6540eef2dc2e,7be81d550924481f,https://fortworthgov.granicus.com/MediaPlayer.php?view_id=12&clip_id=2301,"Speaker's Podium - Gerry Fraley, Sportswriter - Dallas Morning News - August 28, 2015 Speaker's Podium - Gerry Fraley, Sportswriter - Dallas Morning News - August 28, 2015","Speaker's Podium - Gerry Fraley, Sportswriter - Dallas Morning News - August 28, 2015 Speaker's Podium - Gerry Fraley, Sportswriter - Dallas Morning News",,fort-worth-tx-speakers-podium,Fort Worth Speaker’s Podium,Good rule match; exact curated series title prefix.,Maintainer approved this named series as a separate feed.
6540eef2dc2e,7c095b1ca9a0a014,https://fortworthgov.granicus.com/MediaPlayer.php?view_id=10&clip_id=3121,"Speaker's Podium - Dr. D. Newell Williams, Brite Divinity School - February 1, 2019 Speaker's Podium - Dr. D. Newell Williams, Brite Divinity School - February 1, 2019","Speaker's Podium - Dr. D. Newell Williams, Brite Divinity School - February 1, 2019 Speaker's Podium - Dr. D. Newell Williams, Brite Divinity School",,fort-worth-tx-speakers-podium,Fort Worth Speaker’s Podium,Good rule match; exact curated series title prefix.,Maintainer approved this named series as a separate feed.
6540eef2dc2e,82671a8dcbbbf4e3,https://fortworthgov.granicus.com/MediaPlayer.php?view_id=12&clip_id=2588,"Speaker's Podium - Randal Mays, Junior Achievement - October 28, 2016 Speaker's Podium - Randal Mays, Junior Achievement - October 28, 2016","Speaker's Podium - Randal Mays, Junior Achievement - October 28, 2016 Speaker's Podium - Randal Mays, Junior Achievement",,fort-worth-tx-speakers-podium,Fort Worth Speaker’s Podium,Good rule match; exact curated series title prefix.,Maintainer approved this named series as a separate feed.
6540eef2dc2e,829d2a66fecaa9db,https://fortworthgov.granicus.com/MediaPlayer.php?view_id=10&clip_id=2527,"Speaker's Podium - Jamie Dixon, TCU Basketball Coach - August 5, 2016 Speaker's Podium - Jamie Dixon, TCU Basketball Coach - August 5, 2016","Speaker's Podium - Jamie Dixon, TCU Basketball Coach - August 5, 2016 Speaker's Podium - Jamie Dixon, TCU Basketball Coach",,fort-worth-tx-speakers-podium,Fort Worth Speaker’s Podium,Good rule match; exact curated series title prefix.,Maintainer approved this named series as a separate feed.
6540eef2dc2e,82d20fad8a0544c2,https://fortworthgov.granicus.com/MediaPlayer.php?view_id=10&clip_id=2563,"Speaker's Podium - Dr. Jon Levine, Texas A&M Veterinarian Medicine - September 23, 2016 Speaker's Podium - Dr. Jon Levine, Texas A&M Veterinarian Medicine - September 23, 2016","Speaker's Podium - Dr. Jon Levine, Texas A&M Veterinarian Medicine - September 23, 2016 Speaker's Podium - Dr. Jon Levine, Texas A&M Veterinarian Medicine",,fort-worth-tx-speakers-podium,Fort Worth Speaker’s Podium,Good rule match; exact curated series title prefix.,Maintainer approved this named series as a separate feed.
6540eef2dc2e,845e46c72c4436ed,https://fortworthgov.granicus.com/MediaPlayer.php?view_id=10&clip_id=2059,"Speaker's Podium - Dr. Michael Williams - President, UNT Health Science Center - October 17, 2014 Speaker's Podium - Dr. Michael Williams - President, UNT Health Science Center - October 17, 2014","Speaker's Podium - Dr. Michael Williams - President, UNT Health Science Center - October 17, 2014 Speaker's Podium - Dr. Michael Williams - President, UNT Health Science Center",,fort-worth-tx-speakers-podium,Fort Worth Speaker’s Podium,Good rule match; exact curated series title prefix.,Maintainer approved this named series as a separate feed.
6540eef2dc2e,872dc42f47d78f6d,https://fortworthgov.granicus.com/MediaPlayer.php?view_id=12&clip_id=2364,"Speaker's Podium - Jeff Whitfield, Rotary Peace Fellow - November 20, 2016 Speaker's Podium - Jeff Whitfield, Rotary Peace Fellow - November 20, 2016","Speaker's Podium - Jeff Whitfield, Rotary Peace Fellow - November 20, 2016 Speaker's Podium - Jeff Whitfield, Rotary Peace Fellow",,fort-worth-tx-speakers-podium,Fort Worth Speaker’s Podium,Good rule match; exact curated series title prefix.,Maintainer approved this named series as a separate feed.
6540eef2dc2e,8963839f3c67150d,https://fortworthgov.granicus.com/MediaPlayer.php?view_id=12&clip_id=2753,"Speaker's Podium - Roderick McLean, Lockheed Martin - July 28, 2017 Speaker's Podium - Roderick McLean, Lockheed Martin - July 28, 2017","Speaker's Podium - Roderick McLean, Lockheed Martin - July 28, 2017 Speaker's Podium - Roderick McLean, Lockheed Martin",,fort-worth-tx-speakers-podium,Fort Worth Speaker’s Podium,Good rule match; exact curated series title prefix.,Maintainer approved this named series as a separate feed.
6540eef2dc2e,8ac44e58fa1b5b03,https://fortworthgov.granicus.com/MediaPlayer.php?view_id=10&clip_id=3004,"Speaker's Podium - Officer Hannah Rivard, Human Trafficking - June 1, 2018 Speaker's Podium - Officer Hannah Rivard, Human Trafficking - June 1, 2018","Speaker's Podium - Officer Hannah Rivard, Human Trafficking - June 1, 2018 Speaker's Podium - Officer Hannah Rivard, Human Trafficking",,fort-worth-tx-speakers-podium,Fort Worth Speaker’s Podium,Good rule match; exact curated series title prefix.,Maintainer approved this named series as a separate feed.
6540eef2dc2e,8b18f4d3417dfad4,https://fortworthgov.granicus.com/MediaPlayer.php?view_id=12&clip_id=2592,"Speaker's Podium - J.D. Granger, Trinity River Vision Authority - November 4, 2016 Speaker's Podium - J.D. Granger, Trinity River Vision Authority - November 4, 2016","Speaker's Podium - J.D. Granger, Trinity River Vision Authority - November 4, 2016 Speaker's Podium - J.D. Granger, Trinity River Vision Authority",,fort-worth-tx-speakers-podium,Fort Worth Speaker’s Podium,Good rule match; exact curated series title prefix.,Maintainer approved this named series as a separate feed.
6540eef2dc2e,8b279a5819745bb9,https://fortworthgov.granicus.com/MediaPlayer.php?view_id=10&clip_id=2836,"Speaker's Podium - Lex Keen, PURF - November 10, 2017 Speaker's Podium - Lex Keen, PURF - November 10, 2017","Speaker's Podium - Lex Keen, PURF - November 10, 2017 Speaker's Podium - Lex Keen, PURF",,fort-worth-tx-speakers-podium,Fort Worth Speaker’s Podium,Good rule match; exact curated series title prefix.,Maintainer approved this named series as a separate feed.
6540eef2dc2e,8b2db5113805da73,https://fortworthgov.granicus.com/MediaPlayer.php?view_id=12&clip_id=1932,"Speaker's Podium - Andy Taft - Plan 2023 - March 16, 2014 Speaker's Podium - Andy Taft - Plan 2023 - March 16, 2014","Speaker's Podium - Andy Taft - Plan 2023 - March 16, 2014 Speaker's Podium - Andy Taft - Plan 2023",,fort-worth-tx-speakers-podium,Fort Worth Speaker’s Podium,Good rule match; exact curated series title prefix.,Maintainer approved this named series as a separate feed.
6540eef2dc2e,8bad9c847db208d8,https://fortworthgov.granicus.com/MediaPlayer.php?view_id=10&clip_id=2974,"Speaker's Podium - Cristo Rey Fort Worth High School - May 11, 2018 Speaker's Podium - Cristo Rey Fort Worth High School - May 11, 2018","Speaker's Podium - Cristo Rey Fort Worth High School - May 11, 2018 Speaker's Podium - Cristo Rey Fort Worth High School",,fort-worth-tx-speakers-podium,Fort Worth Speaker’s Podium,Good rule match; exact curated series title prefix.,Maintainer approved this named series as a separate feed.
6540eef2dc2e,918a1c5bb0bd1b33,https://fortworthgov.granicus.com/MediaPlayer.php?view_id=10&clip_id=2357,"Speaker's Podium - Terry Montesi, Trademark Property Company - November 13, 2015 Speaker's Podium - Terry Montesi, Trademark Property Company - November 13, 2015","Speaker's Podium - Terry Montesi, Trademark Property Company - November 13, 2015 Speaker's Podium - Terry Montesi, Trademark Property Company",,fort-worth-tx-speakers-podium,Fort Worth Speaker’s Podium,Good rule match; exact curated series title prefix.,Maintainer approved this named series as a separate feed.
6540eef2dc2e,94f52513ce2caef9,https://fortworthgov.granicus.com/MediaPlayer.php?view_id=10&clip_id=1936,"Speaker's Podium - Robert Hinkle - North Tarrant Express - May 30, 2014 Speaker's Podium - Robert Hinkle - North Tarrant Express - May 30, 2014","Speaker's Podium - Robert Hinkle - North Tarrant Express - May 30, 2014 Speaker's Podium - Robert Hinkle - North Tarrant Express",,fort-worth-tx-speakers-podium,Fort Worth Speaker’s Podium,Good rule match; exact curated series title prefix.,Maintainer approved this named series as a separate feed.
6540eef2dc2e,96c38ef232a45236,https://fortworthgov.granicus.com/MediaPlayer.php?view_id=12&clip_id=3095,"Speaker's Podium - Col. Mickey Addison, USAF, Retired - November 11, 2018 Speaker's Podium - Col. Mickey Addison, USAF, Retired - November 11, 2018","Speaker's Podium - Col. Mickey Addison, USAF, Retired - November 11, 2018 Speaker's Podium - Col. Mickey Addison, USAF, Retired",,fort-worth-tx-speakers-podium,Fort Worth Speaker’s Podium,Good rule match; exact curated series title prefix.,Maintainer approved this named series as a separate feed.
6540eef2dc2e,98f031a6526bec00,https://fortworthgov.granicus.com/MediaPlayer.php?view_id=10&clip_id=3462,"Speakers Podium - Chef Tim Love - December 13, 2019 Speakers Podium - Chef Tim Love - December 13, 2019","Speakers Podium - Chef Tim Love - December 13, 2019 Speakers Podium - Chef Tim Love",,fort-worth-tx-speakers-podium,Fort Worth Speaker’s Podium,Good rule match; exact curated series title prefix.,Maintainer approved this named series as a separate feed.
6540eef2dc2e,9acab372828b2629,https://fortworthgov.granicus.com/MediaPlayer.php?view_id=10&clip_id=3106,"Speaker's Podium - Mike Sanborn, Baylor Scott & White All Saints Medical Center - November 30, 2018 Speaker's Podium - Mike Sanborn, Baylor Scott & White All Saints Medical Center - November 30, 2018","Speaker's Podium - Mike Sanborn, Baylor Scott & White All Saints Medical Center - November 30, 2018 Speaker's Podium - Mike Sanborn, Baylor Scott & White All Saints Medical Center",,fort-worth-tx-speakers-podium,Fort Worth Speaker’s Podium,Good rule match; exact curated series title prefix.,Maintainer approved this named series as a separate feed.
6540eef2dc2e,9e27c02530ef0d82,https://fortworthgov.granicus.com/MediaPlayer.php?view_id=12&clip_id=2605,"Speaker's Podium - Mike Berry, Hillwood Properties - December 2, 2016 Speaker's Podium - Mike Berry, Hillwood Properties - December 2, 2016","Speaker's Podium - Mike Berry, Hillwood Properties - December 2, 2016 Speaker's Podium - Mike Berry, Hillwood Properties",,fort-worth-tx-speakers-podium,Fort Worth Speaker’s Podium,Good rule match; exact curated series title prefix.,Maintainer approved this named series as a separate feed.
6540eef2dc2e,9f105974c4835ef6,https://fortworthgov.granicus.com/MediaPlayer.php?view_id=12&clip_id=2029,"Speaker's Podium - Fred Slaback - President, Texas Wesleyan University - September 26, 2014 Speaker's Podium - Fred Slaback - President, Texas Wesleyan University - September 26, 2014","Speaker's Podium - Fred Slaback - President, Texas Wesleyan University - September 26, 2014 Speaker's Podium - Fred Slaback - President, Texas Wesleyan University",,fort-worth-tx-speakers-podium,Fort Worth Speaker’s Podium,Good rule match; exact curated series title prefix.,Maintainer approved this named series as a separate feed.
6540eef2dc2e,9fdf9ff296721ac8,https://fortworthgov.granicus.com/MediaPlayer.php?view_id=10&clip_id=1946,"Speaker's Podium - Dr. Mike Jacobson - College of Pharmacy UNTHSC - June 13, 2014 Speaker's Podium - Dr. Mike Jacobson - College of Pharmacy UNTHSC - June 13, 2014","Speaker's Podium - Dr. Mike Jacobson - College of Pharmacy UNTHSC - June 13, 2014 Speaker's Podium - Dr. Mike Jacobson - College of Pharmacy UNTHSC",,fort-worth-tx-speakers-podium,Fort Worth Speaker’s Podium,Good rule match; exact curated series title prefix.,Maintainer approved this named series as a separate feed.
6540eef2dc2e,a0e32384ea22d936,https://fortworthgov.granicus.com/MediaPlayer.php?view_id=10&clip_id=3504,"Speaker's Podium - Bob Tallman - January 31, 2020 Speaker's Podium - Bob Tallman - January 31, 2020","Speaker's Podium - Bob Tallman - January 31, 2020 Speaker's Podium - Bob Tallman",,fort-worth-tx-speakers-podium,Fort Worth Speaker’s Podium,Good rule match; exact curated series title prefix.,Maintainer approved this named series as a separate feed.
6540eef2dc2e,a29ae48c8c4110b5,https://fortworthgov.granicus.com/MediaPlayer.php?view_id=10&clip_id=2066,"Speaker's Podium - Tim Weiser - Deputy Commissioner, Big 12 Conference - October 24, 2014 Speaker's Podium - Tim Weiser - Deputy Commissioner, Big 12 Conference - October 24, 2014","Speaker's Podium - Tim Weiser - Deputy Commissioner, Big 12 Conference - October 24, 2014 Speaker's Podium - Tim Weiser - Deputy Commissioner, Big 12 Conference",,fort-worth-tx-speakers-podium,Fort Worth Speaker’s Podium,Good rule match; exact curated series title prefix.,Maintainer approved this named series as a separate feed.
6540eef2dc2e,a2af1163234c29d4,https://fortworthgov.granicus.com/MediaPlayer.php?view_id=12&clip_id=2688,"Speaker's Podium - Mary J. Eisenhower, People To People International - March 31, 2017 Speaker's Podium - Mary J. Eisenhower, People To People International - March 31, 2017","Speaker's Podium - Mary J. Eisenhower, People To People International - March 31, 2017 Speaker's Podium - Mary J. Eisenhower, People To People International",,fort-worth-tx-speakers-podium,Fort Worth Speaker’s Podium,Good rule match; exact curated series title prefix.,Maintainer approved this named series as a separate feed.
6540eef2dc2e,a316520edfe746db,https://fortworthgov.granicus.com/MediaPlayer.php?view_id=10&clip_id=2417,"Speaker's Podium - Fred Slabach, Texas Wesleyan University - February 26, 2016 Speaker's Podium - Fred Slabach, Texas Wesleyan University - February 26, 2016","Speaker's Podium - Fred Slabach, Texas Wesleyan University - February 26, 2016 Speaker's Podium - Fred Slabach, Texas Wesleyan University",,fort-worth-tx-speakers-podium,Fort Worth Speaker’s Podium,Good rule match; exact curated series title prefix.,Maintainer approved this named series as a separate feed.
6540eef2dc2e,a5501d922062f0f6,https://fortworthgov.granicus.com/MediaPlayer.php?view_id=10&clip_id=2364,"Speaker's Podium - Jeff Whitfield, Rotary Peace Fellow - November 20, 2016 Speaker's Podium - Jeff Whitfield, Rotary Peace Fellow - November 20, 2016","Speaker's Podium - Jeff Whitfield, Rotary Peace Fellow - November 20, 2016 Speaker's Podium - Jeff Whitfield, Rotary Peace Fellow",,fort-worth-tx-speakers-podium,Fort Worth Speaker’s Podium,Good rule match; exact curated series title prefix.,Maintainer approved this named series as a separate feed.
6540eef2dc2e,af6889d8586beef6,https://fortworthgov.granicus.com/MediaPlayer.php?view_id=10&clip_id=1941,"Speaker's Podium - Joel Burns - Fort Worth City Council Member, District 9 - June 6, 2014 Speaker's Podium - Joel Burns - Fort Worth City Council Member, District 9 - June 6, 2014","Speaker's Podium - Joel Burns - Fort Worth City Council Member, District 9 - June 6, 2014 Speaker's Podium - Joel Burns - Fort Worth City Council Member, District 9",fort-worth-tx-city-council,fort-worth-tx-speakers-podium,Fort Worth Speaker’s Podium,Good rule match; exact curated series title prefix.,Maintainer approved this named series as a separate feed.
6540eef2dc2e,b0d356b5182764fb,https://fortworthgov.granicus.com/MediaPlayer.php?view_id=10&clip_id=2660,"Speaker's Podium - Jacques Marquis, The Cliburn - February 24, 2017 Speaker's Podium - Jacques Marquis, The Cliburn - February 24, 2017","Speaker's Podium - Jacques Marquis, The Cliburn - February 24, 2017 Speaker's Podium - Jacques Marquis, The Cliburn",,fort-worth-tx-speakers-podium,Fort Worth Speaker’s Podium,Good rule match; exact curated series title prefix.,Maintainer approved this named series as a separate feed.
6540eef2dc2e,b5efb51af99b6a06,https://fortworthgov.granicus.com/MediaPlayer.php?view_id=12&clip_id=3502,"Speaker's Podium - Medal of Honor Museum - January 24, 2020 Speaker's Podium - Medal of Honor Museum - January 24, 2020","Speaker's Podium - Medal of Honor Museum - January 24, 2020 Speaker's Podium - Medal of Honor Museum",,fort-worth-tx-speakers-podium,Fort Worth Speaker’s Podium,Good rule match; exact curated series title prefix.,Maintainer approved this named series as a separate feed.
6540eef2dc2e,b7ab2f4f85bc5023,https://fortworthgov.granicus.com/MediaPlayer.php?view_id=10&clip_id=2027,"Speaker's Podium - Jim Riddlesperger - Professor of Political Science, TCU - September 19, 2014 Speaker's Podium - Jim Riddlesperger - Professor of Political Science, TCU - September 19, 2014","Speaker's Podium - Jim Riddlesperger - Professor of Political Science, TCU - September 19, 2014 Speaker's Podium - Jim Riddlesperger - Professor of Political Science, TCU",,fort-worth-tx-speakers-podium,Fort Worth Speaker’s Podium,Good rule match; exact curated series title prefix.,Maintainer approved this named series as a separate feed.
6540eef2dc2e,bd20624aa24f9ee9,https://fortworthgov.granicus.com/MediaPlayer.php?view_id=12&clip_id=2702,"Speaker's Podium - George Fassett, Thumbtechs - April 28, 2017 Speaker's Podium - George Fassett, Thumbtechs - April 28, 2017","Speaker's Podium - George Fassett, Thumbtechs - April 28, 2017 Speaker's Podium - George Fassett, Thumbtechs",,fort-worth-tx-speakers-podium,Fort Worth Speaker’s Podium,Good rule match; exact curated series title prefix.,Maintainer approved this named series as a separate feed.
6540eef2dc2e,be171cfa9fcd89d3,https://fortworthgov.granicus.com/MediaPlayer.php?view_id=10&clip_id=2753,"Speaker's Podium - Roderick McLean, Lockheed Martin - July 28, 2017 Speaker's Podium - Roderick McLean, Lockheed Martin - July 28, 2017","Speaker's Podium - Roderick McLean, Lockheed Martin - July 28, 2017 Speaker's Podium - Roderick McLean, Lockheed Martin",,fort-worth-tx-speakers-podium,Fort Worth Speaker’s Podium,Good rule match; exact curated series title prefix.,Maintainer approved this named series as a separate feed.
6540eef2dc2e,bf9c0552696b52f1,https://fortworthgov.granicus.com/MediaPlayer.php?view_id=10&clip_id=2416,"Speaker's Podium - Richard Marquez, Texans Can Academies - February 19, 2016 Speaker's Podium - Richard Marquez, Texans Can Academies - February 19, 2016","Speaker's Podium - Richard Marquez, Texans Can Academies - February 19, 2016 Speaker's Podium - Richard Marquez, Texans Can Academies",,fort-worth-tx-speakers-podium,Fort Worth Speaker’s Podium,Good rule match; exact curated series title prefix.,Maintainer approved this named series as a separate feed.
6540eef2dc2e,c0fbf51c647a447a,https://fortworthgov.granicus.com/MediaPlayer.php?view_id=10&clip_id=2538,"Speaker's Podium - Dr. Joyce Mauk, The Child Study Center - August 19, 2016 Speaker's Podium - Dr. Joyce Mauk, The Child Study Center - August 19, 2016","Speaker's Podium - Dr. Joyce Mauk, The Child Study Center - August 19, 2016 Speaker's Podium - Dr. Joyce Mauk, The Child Study Center",,fort-worth-tx-speakers-podium,Fort Worth Speaker’s Podium,Good rule match; exact curated series title prefix.,Maintainer approved this named series as a separate feed.
6540eef2dc2e,c3518c6aa5b568d7,https://fortworthgov.granicus.com/MediaPlayer.php?view_id=12&clip_id=2255,"Speaker's Podium - Terri Sexton & Michelle Taylor - Texas Ballet Theater - July 24, 2015 Speaker's Podium - Terri Sexton & Michelle Taylor - Texas Ballet Theater - July 24, 2015","Speaker's Podium - Terri Sexton & Michelle Taylor - Texas Ballet Theater - July 24, 2015 Speaker's Podium - Terri Sexton & Michelle Taylor - Texas Ballet Theater",,fort-worth-tx-speakers-podium,Fort Worth Speaker’s Podium,Good rule match; exact curated series title prefix.,Maintainer approved this named series as a separate feed.
6540eef2dc2e,c51853c983db5070,https://fortworthgov.granicus.com/MediaPlayer.php?view_id=10&clip_id=2215,"Speaker's Podium - Colonel Scott Taylor, U.S. Army - May 15, 2015 Speaker's Podium - Colonel Scott Taylor, U.S. Army - May 15, 2015","Speaker's Podium - Colonel Scott Taylor, U.S. Army - May 15, 2015 Speaker's Podium - Colonel Scott Taylor, U.S. Army",,fort-worth-tx-speakers-podium,Fort Worth Speaker’s Podium,Good rule match; exact curated series title prefix.,Maintainer approved this named series as a separate feed.
6540eef2dc2e,c692c10b485a7fc7,https://fortworthgov.granicus.com/MediaPlayer.php?view_id=10&clip_id=2029,"Speaker's Podium - Fred Slaback - President, Texas Wesleyan University - September 26, 2014 Speaker's Podium - Fred Slaback - President, Texas Wesleyan University - September 26, 2014","Speaker's Podium - Fred Slaback - President, Texas Wesleyan University - September 26, 2014 Speaker's Podium - Fred Slaback - President, Texas Wesleyan University",,fort-worth-tx-speakers-podium,Fort Worth Speaker’s Podium,Good rule match; exact curated series title prefix.,Maintainer approved this named series as a separate feed.
6540eef2dc2e,c7c9019acff2d8cc,https://fortworthgov.granicus.com/MediaPlayer.php?view_id=12&clip_id=2121,"Speaker's Podium - Joy Webster - MorningStar Partners, LP - January 23, 2015 Speaker's Podium - Joy Webster - MorningStar Partners, LP - January 23, 2015","Speaker's Podium - Joy Webster - MorningStar Partners, LP - January 23, 2015 Speaker's Podium - Joy Webster - MorningStar Partners, LP",,fort-worth-tx-speakers-podium,Fort Worth Speaker’s Podium,Good rule match; exact curated series title prefix.,Maintainer approved this named series as a separate feed.
6540eef2dc2e,c8848eb0b388ba49,https://fortworthgov.granicus.com/MediaPlayer.php?view_id=12&clip_id=2520,"Speaker's Podium - Tempa Sherrill - Stay The Course Veteran Services - July 29, 2016 Speaker's Podium - Tempa Sherrill - Stay The Course Veteran Services - July 29, 2016","Speaker's Podium - Tempa Sherrill - Stay The Course Veteran Services - July 29, 2016 Speaker's Podium - Tempa Sherrill - Stay The Course Veteran Services",,fort-worth-tx-speakers-podium,Fort Worth Speaker’s Podium,Good rule match; exact curated series title prefix.,Maintainer approved this named series as a separate feed.
6540eef2dc2e,c94aea3db520228e,https://fortworthgov.granicus.com/MediaPlayer.php?view_id=10&clip_id=2255,"Speaker's Podium - Terri Sexton & Michelle Taylor - Texas Ballet Theater - July 24, 2015 Speaker's Podium - Terri Sexton & Michelle Taylor - Texas Ballet Theater - July 24, 2015","Speaker's Podium - Terri Sexton & Michelle Taylor - Texas Ballet Theater - July 24, 2015 Speaker's Podium - Terri Sexton & Michelle Taylor - Texas Ballet Theater",,fort-worth-tx-speakers-podium,Fort Worth Speaker’s Podium,Good rule match; exact curated series title prefix.,Maintainer approved this named series as a separate feed.
6540eef2dc2e,cab6d7113a93d977,https://fortworthgov.granicus.com/MediaPlayer.php?view_id=12&clip_id=2984,"Speaker's Podium - Manya Shorr, Fort Worth Library - May 18, 2018 Speaker's Podium - Manya Shorr, Fort Worth Library - May 18, 2018","Speaker's Podium - Manya Shorr, Fort Worth Library - May 18, 2018 Speaker's Podium - Manya Shorr, Fort Worth Library",,fort-worth-tx-speakers-podium,Fort Worth Speaker’s Podium,Good rule match; exact curated series title prefix.,Maintainer approved this named series as a separate feed.
6540eef2dc2e,ccd6ccd1435c0ab6,https://fortworthgov.granicus.com/MediaPlayer.php?view_id=12&clip_id=3106,"Speaker's Podium - Mike Sanborn, Baylor Scott & White All Saints Medical Center - November 30, 2018 Speaker's Podium - Mike Sanborn, Baylor Scott & White All Saints Medical Center - November 30, 2018","Speaker's Podium - Mike Sanborn, Baylor Scott & White All Saints Medical Center - November 30, 2018 Speaker's Podium - Mike Sanborn, Baylor Scott & White All Saints Medical Center",,fort-worth-tx-speakers-podium,Fort Worth Speaker’s Podium,Good rule match; exact curated series title prefix.,Maintainer approved this named series as a separate feed.
6540eef2dc2e,cd2b76ff1f7d5d95,https://fortworthgov.granicus.com/MediaPlayer.php?view_id=12&clip_id=2416,"Speaker's Podium - Richard Marquez, Texans Can Academies - February 19, 2016 Speaker's Podium - Richard Marquez, Texans Can Academies - February 19, 2016","Speaker's Podium - Richard Marquez, Texans Can Academies - February 19, 2016 Speaker's Podium - Richard Marquez, Texans Can Academies",,fort-worth-tx-speakers-podium,Fort Worth Speaker’s Podium,Good rule match; exact curated series title prefix.,Maintainer approved this named series as a separate feed.
6540eef2dc2e,cfe6843b26bf7bb8,https://fortworthgov.granicus.com/MediaPlayer.php?view_id=10&clip_id=2797,"Speaker's Podium - Dr. Jay Maddock, Texas A&M School of Public Health - September 22, 2017 Speaker's Podium - Dr. Jay Maddock, Texas A&M School of Public Health - September 22, 2017","Speaker's Podium - Dr. Jay Maddock, Texas A&M School of Public Health - September 22, 2017 Speaker's Podium - Dr. Jay Maddock, Texas A&M School of Public Health",,fort-worth-tx-speakers-podium,Fort Worth Speaker’s Podium,Good rule match; exact curated series title prefix.,Maintainer approved this named series as a separate feed.
6540eef2dc2e,d1dea34093486d2b,https://fortworthgov.granicus.com/MediaPlayer.php?view_id=12&clip_id=2236,"Speaker's Podium - Todd Miller & Brian Williams - Fort Worth Police Officers Awards Foundation - July 10, 2015 Speaker's Podium - Todd Miller & Brian Williams - Fort Worth Police Officers Awards Foundation - July 10, 2015","Speaker's Podium - Todd Miller & Brian Williams - Fort Worth Police Officers Awards Foundation - July 10, 2015 Speaker's Podium - Todd Miller & Brian Williams - Fort Worth Police Officers Awards Foundation",,fort-worth-tx-speakers-podium,Fort Worth Speaker’s Podium,Good rule match; exact curated series title prefix.,Maintainer approved this named series as a separate feed.
6540eef2dc2e,d23382a947c177ab,https://fortworthgov.granicus.com/MediaPlayer.php?view_id=10&clip_id=2053,"Speakers Podium - David Cooke - City Manager, City of Fort Worth - October, 10, 2014 Speakers Podium - David Cooke - City Manager, City of Fort Worth - October, 10, 2014","Speakers Podium - David Cooke - City Manager, City of Fort Worth - October, 10, 2014 Speakers Podium - David Cooke - City Manager, City of Fort Worth - October, 10, 2014",,fort-worth-tx-speakers-podium,Fort Worth Speaker’s Podium,Good rule match; exact curated series title prefix.,Maintainer approved this named series as a separate feed.
6540eef2dc2e,d2a3c194bf74cf11,https://fortworthgov.granicus.com/MediaPlayer.php?view_id=10&clip_id=2605,"Speaker's Podium - Mike Berry, Hillwood Properties - December 2, 2016 Speaker's Podium - Mike Berry, Hillwood Properties - December 2, 2016","Speaker's Podium - Mike Berry, Hillwood Properties - December 2, 2016 Speaker's Podium - Mike Berry, Hillwood Properties",,fort-worth-tx-speakers-podium,Fort Worth Speaker’s Podium,Good rule match; exact curated series title prefix.,Maintainer approved this named series as a separate feed.
6540eef2dc2e,d2b93930bfeaa702,https://fortworthgov.granicus.com/MediaPlayer.php?view_id=12&clip_id=2180,"Speaker's Podium - Barclay Berdan - CEO, Texas Health Resources 3-20-15 - March 20, 2015 Speaker's Podium - Barclay Berdan - CEO, Texas Health Resources 3-20-15 - March 20, 2015","Speaker's Podium - Barclay Berdan - CEO, Texas Health Resources 3-20-15 - March 20, 2015 Speaker's Podium - Barclay Berdan - CEO, Texas Health Resources",,fort-worth-tx-speakers-podium,Fort Worth Speaker’s Podium,Good rule match; exact curated series title prefix.,Maintainer approved this named series as a separate feed.
6540eef2dc2e,d2f233d9e643b8b0,https://fortworthgov.granicus.com/MediaPlayer.php?view_id=12&clip_id=2241,"Speaker's Podium - Leta Andrews - July 17, 2015 Speaker's Podium - Leta Andrews - July 17, 2015","Speaker's Podium - Leta Andrews - July 17, 2015 Speaker's Podium - Leta Andrews",,fort-worth-tx-speakers-podium,Fort Worth Speaker’s Podium,Good rule match; exact curated series title prefix.,Maintainer approved this named series as a separate feed.
6540eef2dc2e,d641b64fbd7801f5,https://fortworthgov.granicus.com/MediaPlayer.php?view_id=12&clip_id=2974,"Speaker's Podium - Cristo Rey Fort Worth High School - May 11, 2018 Speaker's Podium - Cristo Rey Fort Worth High School - May 11, 2018","Speaker's Podium - Cristo Rey Fort Worth High School - May 11, 2018 Speaker's Podium - Cristo Rey Fort Worth High School",,fort-worth-tx-speakers-podium,Fort Worth Speaker’s Podium,Good rule match; exact curated series title prefix.,Maintainer approved this named series as a separate feed.
6540eef2dc2e,d690cbf554a34b89,https://fortworthgov.granicus.com/MediaPlayer.php?view_id=10&clip_id=1932,"Speaker's Podium - Andy Taft - Plan 2023 - March 16, 2014 Speaker's Podium - Andy Taft - Plan 2023 - March 16, 2014","Speaker's Podium - Andy Taft - Plan 2023 - March 16, 2014 Speaker's Podium - Andy Taft - Plan 2023",,fort-worth-tx-speakers-podium,Fort Worth Speaker’s Podium,Good rule match; exact curated series title prefix.,Maintainer approved this named series as a separate feed.
6540eef2dc2e,d92cd1459d366110,https://fortworthgov.granicus.com/MediaPlayer.php?view_id=12&clip_id=2110,"Speaker's Podium - Jeff Banister & Tom Grieve - Texas Rangers Baseball Club - January 9, 2015 Speaker's Podium - Jeff Banister & Tom Grieve - Texas Rangers Baseball Club - January 9, 2015","Speaker's Podium - Jeff Banister & Tom Grieve - Texas Rangers Baseball Club - January 9, 2015 Speaker's Podium - Jeff Banister & Tom Grieve - Texas Rangers Baseball Club",,fort-worth-tx-speakers-podium,Fort Worth Speaker’s Podium,Good rule match; exact curated series title prefix.,Maintainer approved this named series as a separate feed.
6540eef2dc2e,d992b83e59762192,https://fortworthgov.granicus.com/MediaPlayer.php?view_id=10&clip_id=2664,"Speaker's Podium - Dr. Vistasp Karbhari, University of Texas at Arlington - March 3, 2017 Speaker's Podium - Dr. Vistasp Karbhari, University of Texas at Arlington - March 3, 2017","Speaker's Podium - Dr. Vistasp Karbhari, University of Texas at Arlington - March 3, 2017 Speaker's Podium - Dr. Vistasp Karbhari, University of Texas at Arlington",,fort-worth-tx-speakers-podium,Fort Worth Speaker’s Podium,Good rule match; exact curated series title prefix.,Maintainer approved this named series as a separate feed.
6540eef2dc2e,db3195b19a764562,https://fortworthgov.granicus.com/MediaPlayer.php?view_id=12&clip_id=2027,"Speaker's Podium - Jim Riddlesperger - Professor of Political Science, TCU - September 19, 2014 Speaker's Podium - Jim Riddlesperger - Professor of Political Science, TCU - September 19, 2014","Speaker's Podium - Jim Riddlesperger - Professor of Political Science, TCU - September 19, 2014 Speaker's Podium - Jim Riddlesperger - Professor of Political Science, TCU",,fort-worth-tx-speakers-podium,Fort Worth Speaker’s Podium,Good rule match; exact curated series title prefix.,Maintainer approved this named series as a separate feed.
6540eef2dc2e,dccd3ec08cfbf4ef,https://fortworthgov.granicus.com/MediaPlayer.php?view_id=12&clip_id=3283,"Speaker's Podium - Robert Earley, JPS Health Network - August 16, 2019 Speaker's Podium - Robert Earley, JPS Health Network - August 16, 2019","Speaker's Podium - Robert Earley, JPS Health Network - August 16, 2019 Speaker's Podium - Robert Earley, JPS Health Network",,fort-worth-tx-speakers-podium,Fort Worth Speaker’s Podium,Good rule match; exact curated series title prefix.,Maintainer approved this named series as a separate feed.
6540eef2dc2e,dd5a39070e46b112,https://fortworthgov.granicus.com/MediaPlayer.php?view_id=10&clip_id=2241,"Speaker's Podium - Leta Andrews - July 17, 2015 Speaker's Podium - Leta Andrews - July 17, 2015","Speaker's Podium - Leta Andrews - July 17, 2015 Speaker's Podium - Leta Andrews",,fort-worth-tx-speakers-podium,Fort Worth Speaker’s Podium,Good rule match; exact curated series title prefix.,Maintainer approved this named series as a separate feed.
6540eef2dc2e,e0b53761812591db,https://fortworthgov.granicus.com/MediaPlayer.php?view_id=12&clip_id=2066,"Speaker's Podium - Tim Weiser - Deputy Commissioner, Big 12 Conference - October 24, 2014 Speaker's Podium - Tim Weiser - Deputy Commissioner, Big 12 Conference - October 24, 2014","Speaker's Podium - Tim Weiser - Deputy Commissioner, Big 12 Conference - October 24, 2014 Speaker's Podium - Tim Weiser - Deputy Commissioner, Big 12 Conference",,fort-worth-tx-speakers-podium,Fort Worth Speaker’s Podium,Good rule match; exact curated series title prefix.,Maintainer approved this named series as a separate feed.
6540eef2dc2e,e253261c04db9fc6,https://fortworthgov.granicus.com/MediaPlayer.php?view_id=12&clip_id=3060,"Speaker's Podium - Robert Ahdieh, Texas A&M School of Law - September, 28, 2018 Speaker's Podium - Robert Ahdieh, Texas A&M School of Law - September, 28, 2018","Speaker's Podium - Robert Ahdieh, Texas A&M School of Law - September, 28, 2018 Speaker's Podium - Robert Ahdieh, Texas A&M School of Law - September, 28, 2018",,fort-worth-tx-speakers-podium,Fort Worth Speaker’s Podium,Good rule match; exact curated series title prefix.,Maintainer approved this named series as a separate feed.
6540eef2dc2e,e529c7530b8eccf1,https://fortworthgov.granicus.com/MediaPlayer.php?view_id=10&clip_id=2588,"Speaker's Podium - Randal Mays, Junior Achievement - October 28, 2016 Speaker's Podium - Randal Mays, Junior Achievement - October 28, 2016","Speaker's Podium - Randal Mays, Junior Achievement - October 28, 2016 Speaker's Podium - Randal Mays, Junior Achievement",,fort-worth-tx-speakers-podium,Fort Worth Speaker’s Podium,Good rule match; exact curated series title prefix.,Maintainer approved this named series as a separate feed.
6540eef2dc2e,e78f1a509c95e583,https://fortworthgov.granicus.com/MediaPlayer.php?view_id=12&clip_id=2797,"Speaker's Podium - Dr. Jay Maddock, Texas A&M School of Public Health - September 22, 2017 Speaker's Podium - Dr. Jay Maddock, Texas A&M School of Public Health - September 22, 2017","Speaker's Podium - Dr. Jay Maddock, Texas A&M School of Public Health - September 22, 2017 Speaker's Podium - Dr. Jay Maddock, Texas A&M School of Public Health",,fort-worth-tx-speakers-podium,Fort Worth Speaker’s Podium,Good rule match; exact curated series title prefix.,Maintainer approved this named series as a separate feed.
6540eef2dc2e,e7a1c03225a80ebe,https://fortworthgov.granicus.com/MediaPlayer.php?view_id=10&clip_id=2198,"Speaker's Podium - Paul Kessler - ""Lessons From The Holocaust"" - April 17, 2015 Speaker's Podium - Paul Kessler - ""Lessons From The Holocaust"" - April 17, 2015","Speaker's Podium - Paul Kessler - ""Lessons From The Holocaust"" - April 17, 2015 Speaker's Podium - Paul Kessler - ""Lessons From The Holocaust""",,fort-worth-tx-speakers-podium,Fort Worth Speaker’s Podium,Good rule match; exact curated series title prefix.,Maintainer approved this named series as a separate feed.
6540eef2dc2e,e82c97b52a6bc762,https://fortworthgov.granicus.com/MediaPlayer.php?view_id=10&clip_id=2437,"Speaker's Podium - Miguel Harth-Bedoya, Fort Worth Symphony - March 4, 2016 Speaker's Podium - Miguel Harth-Bedoya, Fort Worth Symphony - March 4, 2016","Speaker's Podium - Miguel Harth-Bedoya, Fort Worth Symphony - March 4, 2016 Speaker's Podium - Miguel Harth-Bedoya, Fort Worth Symphony",,fort-worth-tx-speakers-podium,Fort Worth Speaker’s Podium,Good rule match; exact curated series title prefix.,Maintainer approved this named series as a separate feed.
6540eef2dc2e,e8e12bbec0dabd6a,https://fortworthgov.granicus.com/MediaPlayer.php?view_id=10&clip_id=2676,"Speaker's Podium - Brandom Gengelbach, Fort Worth Chamber of Commerce - March 17, 2017 Speaker's Podium - Brandom Gengelbach, Fort Worth Chamber of Commerce - March 17, 2017","Speaker's Podium - Brandom Gengelbach, Fort Worth Chamber of Commerce - March 17, 2017 Speaker's Podium - Brandom Gengelbach, Fort Worth Chamber of Commerce",,fort-worth-tx-speakers-podium,Fort Worth Speaker’s Podium,Good rule match; exact curated series title prefix.,Maintainer approved this named series as a separate feed.
6540eef2dc2e,ea2e4f5d4d34459b,https://fortworthgov.granicus.com/MediaPlayer.php?view_id=12&clip_id=2190,"Speaker's Podium - Darren Woods - General Director, FW Opera - April 10, 2015 Speaker's Podium - Darren Woods - General Director, FW Opera - April 10, 2015","Speaker's Podium - Darren Woods - General Director, FW Opera - April 10, 2015 Speaker's Podium - Darren Woods - General Director, FW Opera",,fort-worth-tx-speakers-podium,Fort Worth Speaker’s Podium,Good rule match; exact curated series title prefix.,Maintainer approved this named series as a separate feed.
6540eef2dc2e,eadf25e245ad6a88,https://fortworthgov.granicus.com/MediaPlayer.php?view_id=10&clip_id=2190,"Speaker's Podium - Darren Woods - General Director, FW Opera - April 10, 2015 Speaker's Podium - Darren Woods - General Director, FW Opera - April 10, 2015","Speaker's Podium - Darren Woods - General Director, FW Opera - April 10, 2015 Speaker's Podium - Darren Woods - General Director, FW Opera",,fort-worth-tx-speakers-podium,Fort Worth Speaker’s Podium,Good rule match; exact curated series title prefix.,Maintainer approved this named series as a separate feed.
6540eef2dc2e,eae334331ae14c08,https://fortworthgov.granicus.com/MediaPlayer.php?view_id=10&clip_id=3095,"Speaker's Podium - Col. Mickey Addison, USAF, Retired - November 11, 2018 Speaker's Podium - Col. Mickey Addison, USAF, Retired - November 11, 2018","Speaker's Podium - Col. Mickey Addison, USAF, Retired - November 11, 2018 Speaker's Podium - Col. Mickey Addison, USAF, Retired",,fort-worth-tx-speakers-podium,Fort Worth Speaker’s Podium,Good rule match; exact curated series title prefix.,Maintainer approved this named series as a separate feed.
6540eef2dc2e,eb51d72f57eaedfb,https://fortworthgov.granicus.com/MediaPlayer.php?view_id=12&clip_id=2215,"Speaker's Podium - Colonel Scott Taylor, U.S. Army - May 15, 2015 Speaker's Podium - Colonel Scott Taylor, U.S. Army - May 15, 2015","Speaker's Podium - Colonel Scott Taylor, U.S. Army - May 15, 2015 Speaker's Podium - Colonel Scott Taylor, U.S. Army",,fort-worth-tx-speakers-podium,Fort Worth Speaker’s Podium,Good rule match; exact curated series title prefix.,Maintainer approved this named series as a separate feed.
6540eef2dc2e,eb733906238d6c95,https://fortworthgov.granicus.com/MediaPlayer.php?view_id=12&clip_id=2059,"Speaker's Podium - Dr. Michael Williams - President, UNT Health Science Center - October 17, 2014 Speaker's Podium - Dr. Michael Williams - President, UNT Health Science Center - October 17, 2014","Speaker's Podium - Dr. Michael Williams - President, UNT Health Science Center - October 17, 2014 Speaker's Podium - Dr. Michael Williams - President, UNT Health Science Center",,fort-worth-tx-speakers-podium,Fort Worth Speaker’s Podium,Good rule match; exact curated series title prefix.,Maintainer approved this named series as a separate feed.
6540eef2dc2e,ed7de578eb07fc20,https://fortworthgov.granicus.com/MediaPlayer.php?view_id=12&clip_id=2343,"Speaker's Podium - Chad Mathews, Lone Star Film Society - October 30, 2015 Speaker's Podium - Chad Mathews, Lone Star Film Society - October 30, 2015","Speaker's Podium - Chad Mathews, Lone Star Film Society - October 30, 2015 Speaker's Podium - Chad Mathews, Lone Star Film Society",,fort-worth-tx-speakers-podium,Fort Worth Speaker’s Podium,Good rule match; exact curated series title prefix.,Maintainer approved this named series as a separate feed.
6540eef2dc2e,edc1e7e02653f27c,https://fortworthgov.granicus.com/MediaPlayer.php?view_id=10&clip_id=3283,"Speaker's Podium - Robert Earley, JPS Health Network - August 16, 2019 Speaker's Podium - Robert Earley, JPS Health Network - August 16, 2019","Speaker's Podium - Robert Earley, JPS Health Network - August 16, 2019 Speaker's Podium - Robert Earley, JPS Health Network",,fort-worth-tx-speakers-podium,Fort Worth Speaker’s Podium,Good rule match; exact curated series title prefix.,Maintainer approved this named series as a separate feed.
6540eef2dc2e,ee8f7658426da479,https://fortworthgov.granicus.com/MediaPlayer.php?view_id=10&clip_id=2236,"Speaker's Podium - Todd Miller & Brian Williams - Fort Worth Police Officers Awards Foundation - July 10, 2015 Speaker's Podium - Todd Miller & Brian Williams - Fort Worth Police Officers Awards Foundation - July 10, 2015","Speaker's Podium - Todd Miller & Brian Williams - Fort Worth Police Officers Awards Foundation - July 10, 2015 Speaker's Podium - Todd Miller & Brian Williams - Fort Worth Police Officers Awards Foundation",,fort-worth-tx-speakers-podium,Fort Worth Speaker’s Podium,Good rule match; exact curated series title prefix.,Maintainer approved this named series as a separate feed.
6540eef2dc2e,efa7aa9be6348cc4,https://fortworthgov.granicus.com/MediaPlayer.php?view_id=10&clip_id=2121,"Speaker's Podium - Joy Webster - MorningStar Partners, LP - January 23, 2015 Speaker's Podium - Joy Webster - MorningStar Partners, LP - January 23, 2015","Speaker's Podium - Joy Webster - MorningStar Partners, LP - January 23, 2015 Speaker's Podium - Joy Webster - MorningStar Partners, LP",,fort-worth-tx-speakers-podium,Fort Worth Speaker’s Podium,Good rule match; exact curated series title prefix.,Maintainer approved this named series as a separate feed.
6540eef2dc2e,f24e2b7ace5230ff,https://fortworthgov.granicus.com/MediaPlayer.php?view_id=12&clip_id=2395,"Speaker's Podium - Matt Hicks, Texas Rangers - January 22, 2016 Speaker's Podium - Matt Hicks, Texas Rangers - January 22, 2016","Speaker's Podium - Matt Hicks, Texas Rangers - January 22, 2016 Speaker's Podium - Matt Hicks, Texas Rangers",,fort-worth-tx-speakers-podium,Fort Worth Speaker’s Podium,Good rule match; exact curated series title prefix.,Maintainer approved this named series as a separate feed.
6540eef2dc2e,f2e40937fd054342,https://fortworthgov.granicus.com/MediaPlayer.php?view_id=10&clip_id=2181,"Speaker's Podium - Miguel Harth-Bedoya - Conductor, Fort Worth Symphony Orchestra - March 27, 2015 Speaker's Podium - Miguel Harth-Bedoya - Conductor, Fort Worth Symphony Orchestra - March 27, 2015","Speaker's Podium - Miguel Harth-Bedoya - Conductor, Fort Worth Symphony Orchestra - March 27, 2015 Speaker's Podium - Miguel Harth-Bedoya - Conductor, Fort Worth Symphony Orchestra",,fort-worth-tx-speakers-podium,Fort Worth Speaker’s Podium,Good rule match; exact curated series title prefix.,Maintainer approved this named series as a separate feed.
6540eef2dc2e,f395326936fbb5c6,https://fortworthgov.granicus.com/MediaPlayer.php?view_id=12&clip_id=2836,"Speaker's Podium - Lex Keen, PURF - November 10, 2017 Speaker's Podium - Lex Keen, PURF - November 10, 2017","Speaker's Podium - Lex Keen, PURF - November 10, 2017 Speaker's Podium - Lex Keen, PURF",,fort-worth-tx-speakers-podium,Fort Worth Speaker’s Podium,Good rule match; exact curated series title prefix.,Maintainer approved this named series as a separate feed.
6540eef2dc2e,f4a1535f36edf005,https://fortworthgov.granicus.com/MediaPlayer.php?view_id=10&clip_id=2201,"Speaker's Podium - Andrea Green - CEO, Community Hospice of Texas - April 24, 2015 Speaker's Podium - Andrea Green - CEO, Community Hospice of Texas - April 24, 2015","Speaker's Podium - Andrea Green - CEO, Community Hospice of Texas - April 24, 2015 Speaker's Podium - Andrea Green - CEO, Community Hospice of Texas",,fort-worth-tx-speakers-podium,Fort Worth Speaker’s Podium,Good rule match; exact curated series title prefix.,Maintainer approved this named series as a separate feed.
6540eef2dc2e,f4eab5abe946559c,https://fortworthgov.granicus.com/MediaPlayer.php?view_id=12&clip_id=2375,"Speaker's Podium - Tom Ferguson, CEO, AZZ Inc. - December 4, 2015 Speaker's Podium - Tom Ferguson, CEO, AZZ Inc. - December 4, 2015","Speaker's Podium - Tom Ferguson, CEO, AZZ Inc. - December 4, 2015 Speaker's Podium - Tom Ferguson, CEO, AZZ Inc.",,fort-worth-tx-speakers-podium,Fort Worth Speaker’s Podium,Good rule match; exact curated series title prefix.,Maintainer approved this named series as a separate feed.
6540eef2dc2e,f5760d734fea9f21,https://fortworthgov.granicus.com/MediaPlayer.php?view_id=12&clip_id=1946,"Speaker's Podium - Dr. Mike Jacobson - College of Pharmacy UNTHSC - June 13, 2014 Speaker's Podium - Dr. Mike Jacobson - College of Pharmacy UNTHSC - June 13, 2014","Speaker's Podium - Dr. Mike Jacobson - College of Pharmacy UNTHSC - June 13, 2014 Speaker's Podium - Dr. Mike Jacobson - College of Pharmacy UNTHSC",,fort-worth-tx-speakers-podium,Fort Worth Speaker’s Podium,Good rule match; exact curated series title prefix.,Maintainer approved this named series as a separate feed.
6540eef2dc2e,f80320dd39553827,https://fortworthgov.granicus.com/MediaPlayer.php?view_id=12&clip_id=3462,"Speakers Podium - Chef Tim Love - December 13, 2019 Speakers Podium - Chef Tim Love - December 13, 2019","Speakers Podium - Chef Tim Love - December 13, 2019 Speakers Podium - Chef Tim Love",,fort-worth-tx-speakers-podium,Fort Worth Speaker’s Podium,Good rule match; exact curated series title prefix.,Maintainer approved this named series as a separate feed.
6540eef2dc2e,fa3bdf18bb16e13b,https://fortworthgov.granicus.com/MediaPlayer.php?view_id=12&clip_id=3121,"Speaker's Podium - Dr. D. Newell Williams, Brite Divinity School - February 1, 2019 Speaker's Podium - Dr. D. Newell Williams, Brite Divinity School - February 1, 2019","Speaker's Podium - Dr. D. Newell Williams, Brite Divinity School - February 1, 2019 Speaker's Podium - Dr. D. Newell Williams, Brite Divinity School",,fort-worth-tx-speakers-podium,Fort Worth Speaker’s Podium,Good rule match; exact curated series title prefix.,Maintainer approved this named series as a separate feed.
6540eef2dc2e,fa8d3f7da512f5bc,https://fortworthgov.granicus.com/MediaPlayer.php?view_id=12&clip_id=3504,"Speaker's Podium - Bob Tallman - January 31, 2020 Speaker's Podium - Bob Tallman - January 31, 2020","Speaker's Podium - Bob Tallman - January 31, 2020 Speaker's Podium - Bob Tallman",,fort-worth-tx-speakers-podium,Fort Worth Speaker’s Podium,Good rule match; exact curated series title prefix.,Maintainer approved this named series as a separate feed.
6540eef2dc2e,fbe1ab37f1c4ce6d,https://fortworthgov.granicus.com/MediaPlayer.php?view_id=10&clip_id=2456,"Speaker's Podium - Robert Earley - JPS Health Network - April 22, 2016 Speaker's Podium - Robert Earley - JPS Health Network - April 22, 2016","Speaker's Podium - Robert Earley - JPS Health Network - April 22, 2016 Speaker's Podium - Robert Earley - JPS Health Network",,fort-worth-tx-speakers-podium,Fort Worth Speaker’s Podium,Good rule match; exact curated series title prefix.,Maintainer approved this named series as a separate feed.
6540eef2dc2e,fda24dfde5cdd441,https://fortworthgov.granicus.com/MediaPlayer.php?view_id=10&clip_id=2772,"Speaker's Podium - Rev. Charles Foster Johnson, Texas Pastors for Childern - September 8, 2017 Speaker's Podium - Rev. Charles Foster Johnson, Texas Pastors for Childern - September 8, 2017","Speaker's Podium - Rev. Charles Foster Johnson, Texas Pastors for Childern - September 8, 2017 Speaker's Podium - Rev. Charles Foster Johnson, Texas Pastors for Childern",,fort-worth-tx-speakers-podium,Fort Worth Speaker’s Podium,Good rule match; exact curated series title prefix.,Maintainer approved this named series as a separate feed.
6540eef2dc2e,ffa5783b5f74b348,https://fortworthgov.granicus.com/MediaPlayer.php?view_id=10&clip_id=2547,"Speaker's Podium - Bishop Michael Olson, Catholic Diocese of Fort Worth - August 26, 2016 Speaker's Podium - Bishop Michael Olson, Catholic Diocese of Fort Worth - August 26, 2016","Speaker's Podium - Bishop Michael Olson, Catholic Diocese of Fort Worth - August 26, 2016 Speaker's Podium - Bishop Michael Olson, Catholic Diocese of Fort Worth",,fort-worth-tx-speakers-podium,Fort Worth Speaker’s Podium,Good rule match; exact curated series title prefix.,Maintainer approved this named series as a separate feed.
6540eef2dc2e,058e3c42433519ee,https://fortworthgov.granicus.com/MediaPlayer.php?view_id=10&clip_id=5211,Capitol Improvements Advisory Committee (CIAC) Capitol Improvements Advisory Committee (CIAC),Capitol Improvements Advisory Committee (CIAC) Capitol Improvements Advisory Committee (CIAC),,fort-worth-tx-capital-improvements-advisory-committee-for-transportation-impact-fees,Fort Worth Transportation CIAC,Good candidate only where date/player is tied to official Transportation CIAC; generic clip 4363 excluded.,Fort Worth City calendar/agenda; two CIAC bodies exist so acronym-only matching is unsafe.
6540eef2dc2e,1b5ea7911748799b,0845bc51-e4f9-11ed-95dd-0050569183fa,"Capitol Improvements Advisory Committee (CIAC) - Apr 26, 2023",Capitol Improvements Advisory Committee (CIAC),,fort-worth-tx-capital-improvements-advisory-committee-for-transportation-impact-fees,Fort Worth Transportation CIAC,Good candidate only where date/player is tied to official Transportation CIAC; generic clip 4363 excluded.,Fort Worth City calendar/agenda; two CIAC bodies exist so acronym-only matching is unsafe.
6540eef2dc2e,23dfbfa1bcbbeca5,https://fortworthgov.granicus.com/MediaPlayer.php?view_id=10&clip_id=5215,"CIAC of April 26, 2023 CIAC of April 26, 2023","CIAC of April 26, 2023 CIAC of April 26, 2023",,fort-worth-tx-capital-improvements-advisory-committee-for-transportation-impact-fees,Fort Worth Transportation CIAC,Good candidate only where date/player is tied to official Transportation CIAC; generic clip 4363 excluded.,Fort Worth City calendar/agenda; two CIAC bodies exist so acronym-only matching is unsafe.
6540eef2dc2e,242475d7d0333f33,https://fortworthgov.granicus.com/MediaPlayer.php?view_id=10&clip_id=4931,City Plan Commission & CIAC City Plan Commission & CIAC,City Plan Commission & CIAC City Plan Commission & CIAC,fort-worth-tx-city-plan-commission,fort-worth-tx-capital-improvements-advisory-committee-for-transportation-impact-fees,Fort Worth Transportation CIAC,Good candidate only where date/player is tied to official Transportation CIAC; generic clip 4363 excluded.,Fort Worth City calendar/agenda; two CIAC bodies exist so acronym-only matching is unsafe.
6540eef2dc2e,2e396f36dca27507,https://fortworthgov.granicus.com/MediaPlayer.php?view_id=10&clip_id=5212,"CIAC of April 27, 2022 CIAC of April 27, 2022","CIAC of April 27, 2022 CIAC of April 27, 2022",,fort-worth-tx-capital-improvements-advisory-committee-for-transportation-impact-fees,Fort Worth Transportation CIAC,Good candidate only where date/player is tied to official Transportation CIAC; generic clip 4363 excluded.,Fort Worth City calendar/agenda; two CIAC bodies exist so acronym-only matching is unsafe.
6540eef2dc2e,2eb50f4eb6b8615e,https://fortworthgov.granicus.com/MediaPlayer.php?view_id=10&clip_id=5627,Capitol Improvements Advisory Committee (CIAC) Capitol Improvements Advisory Committee (CIAC),Capitol Improvements Advisory Committee (CIAC) Capitol Improvements Advisory Committee (CIAC),,fort-worth-tx-capital-improvements-advisory-committee-for-transportation-impact-fees,Fort Worth Transportation CIAC,Good candidate only where date/player is tied to official Transportation CIAC; generic clip 4363 excluded.,Fort Worth City calendar/agenda; two CIAC bodies exist so acronym-only matching is unsafe.
6540eef2dc2e,3ec1b720103b27e8,71e29f71-24e5-11ee-b4fc-0050569183fa,"Capitol Improvements Advisory Committee (CIAC) - Sep 14, 2022",Capitol Improvements Advisory Committee (CIAC),,fort-worth-tx-capital-improvements-advisory-committee-for-transportation-impact-fees,Fort Worth Transportation CIAC,Good candidate only where date/player is tied to official Transportation CIAC; generic clip 4363 excluded.,Fort Worth City calendar/agenda; two CIAC bodies exist so acronym-only matching is unsafe.
6540eef2dc2e,552bb557e27cbc56,https://fortworthgov.granicus.com/MediaPlayer.php?view_id=10&clip_id=5207,Capitol Improvements Advisory Committee (CIAC) Capitol Improvements Advisory Committee (CIAC),Capitol Improvements Advisory Committee (CIAC) Capitol Improvements Advisory Committee (CIAC),,fort-worth-tx-capital-improvements-advisory-committee-for-transportation-impact-fees,Fort Worth Transportation CIAC,Good candidate only where date/player is tied to official Transportation CIAC; generic clip 4363 excluded.,Fort Worth City calendar/agenda; two CIAC bodies exist so acronym-only matching is unsafe.
6540eef2dc2e,569c06be5f79c31c,https://fortworthgov.granicus.com/MediaPlayer.php?view_id=10&clip_id=5209,Capitol Improvements Advisory Committee (CIAC) Capitol Improvements Advisory Committee (CIAC),Capitol Improvements Advisory Committee (CIAC) Capitol Improvements Advisory Committee (CIAC),,fort-worth-tx-capital-improvements-advisory-committee-for-transportation-impact-fees,Fort Worth Transportation CIAC,Good candidate only where date/player is tied to official Transportation CIAC; generic clip 4363 excluded.,Fort Worth City calendar/agenda; two CIAC bodies exist so acronym-only matching is unsafe.
6540eef2dc2e,56b3fad0cc4a048b,https://fortworthgov.granicus.com/MediaPlayer.php?view_id=10&clip_id=5214,"CIAC of September 14, 2022 CIAC of September 14, 2022","CIAC of September 14, 2022 CIAC of September 14, 2022",,fort-worth-tx-capital-improvements-advisory-committee-for-transportation-impact-fees,Fort Worth Transportation CIAC,Good candidate only where date/player is tied to official Transportation CIAC; generic clip 4363 excluded.,Fort Worth City calendar/agenda; two CIAC bodies exist so acronym-only matching is unsafe.
6540eef2dc2e,5c65c3bbe09a5e7c,https://fortworthgov.granicus.com/MediaPlayer.php?view_id=10&clip_id=5135,Capitol Improvements Advisory Committee (CIAC) Capitol Improvements Advisory Committee (CIAC),Capitol Improvements Advisory Committee (CIAC) Capitol Improvements Advisory Committee (CIAC),,fort-worth-tx-capital-improvements-advisory-committee-for-transportation-impact-fees,Fort Worth Transportation CIAC,Good candidate only where date/player is tied to official Transportation CIAC; generic clip 4363 excluded.,Fort Worth City calendar/agenda; two CIAC bodies exist so acronym-only matching is unsafe.
6540eef2dc2e,6393b45b66f521f7,https://fortworthgov.granicus.com/MediaPlayer.php?view_id=10&clip_id=5208,"CIAC of November 18, 2022 CIAC of November 18, 2022","CIAC of November 18, 2022 CIAC of November 18, 2022",,fort-worth-tx-capital-improvements-advisory-committee-for-transportation-impact-fees,Fort Worth Transportation CIAC,Good candidate only where date/player is tied to official Transportation CIAC; generic clip 4363 excluded.,Fort Worth City calendar/agenda; two CIAC bodies exist so acronym-only matching is unsafe.
6540eef2dc2e,75aad4239b14151e,https://fortworthgov.granicus.com/MediaPlayer.php?view_id=10&clip_id=5338,Capitol Improvements Advisory Committee (CIAC) Capitol Improvements Advisory Committee (CIAC),Capitol Improvements Advisory Committee (CIAC) Capitol Improvements Advisory Committee (CIAC),,fort-worth-tx-capital-improvements-advisory-committee-for-transportation-impact-fees,Fort Worth Transportation CIAC,Good candidate only where date/player is tied to official Transportation CIAC; generic clip 4363 excluded.,Fort Worth City calendar/agenda; two CIAC bodies exist so acronym-only matching is unsafe.
6540eef2dc2e,76678b88b2a0f332,fece66c3-eee5-4690-b3b7-28b7ce4e4179,"Capital Improvements Advisory Committee for Transportation Impact Fees - Nov 15, 2024",Capital Improvements Advisory Committee for Transportation Impact Fees,,fort-worth-tx-capital-improvements-advisory-committee-for-transportation-impact-fees,Fort Worth Transportation CIAC,Good candidate only where date/player is tied to official Transportation CIAC; generic clip 4363 excluded.,Fort Worth City calendar/agenda; two CIAC bodies exist so acronym-only matching is unsafe.
6540eef2dc2e,839bb45f66d03a46,https://fortworthgov.granicus.com/MediaPlayer.php?view_id=10&clip_id=5210,Capitol Improvements Advisory Committee (CIAC) Capitol Improvements Advisory Committee (CIAC),Capitol Improvements Advisory Committee (CIAC) Capitol Improvements Advisory Committee (CIAC),,fort-worth-tx-capital-improvements-advisory-committee-for-transportation-impact-fees,Fort Worth Transportation CIAC,Good candidate only where date/player is tied to official Transportation CIAC; generic clip 4363 excluded.,Fort Worth City calendar/agenda; two CIAC bodies exist so acronym-only matching is unsafe.
6540eef2dc2e,91346e1e1a69e8a5,https://fortworthgov.granicus.com/MediaPlayer.php?view_id=10&clip_id=5225,"CIAC of August 24, 2022 CIAC of August 24, 2022","CIAC of August 24, 2022 CIAC of August 24, 2022",,fort-worth-tx-capital-improvements-advisory-committee-for-transportation-impact-fees,Fort Worth Transportation CIAC,Good candidate only where date/player is tied to official Transportation CIAC; generic clip 4363 excluded.,Fort Worth City calendar/agenda; two CIAC bodies exist so acronym-only matching is unsafe.
6540eef2dc2e,a6439f60aaa682b3,33b679db-7113-11ef-9b71-005056a89546,"Capitol Improvements Advisory Committee (CIAC) - Sep 11, 2024",Capitol Improvements Advisory Committee (CIAC),,fort-worth-tx-capital-improvements-advisory-committee-for-transportation-impact-fees,Fort Worth Transportation CIAC,Good candidate only where date/player is tied to official Transportation CIAC; generic clip 4363 excluded.,Fort Worth City calendar/agenda; two CIAC bodies exist so acronym-only matching is unsafe.
6540eef2dc2e,a6c43183fb2791e5,https://fortworthgov.granicus.com/MediaPlayer.php?view_id=10&clip_id=5679,Capital Improvements Advisory Committee for Transportation Impact Fees Capital Improvements Advisory Committee for Transportation Impact Fees,Capital Improvements Advisory Committee for Transportation Impact Fees Capital Improvements Advisory Committee for Transportation Impact Fees,,fort-worth-tx-capital-improvements-advisory-committee-for-transportation-impact-fees,Fort Worth Transportation CIAC,Good candidate only where date/player is tied to official Transportation CIAC; generic clip 4363 excluded.,Fort Worth City calendar/agenda; two CIAC bodies exist so acronym-only matching is unsafe.
6540eef2dc2e,a7f07cd5e374acc1,c350ff4e-8965-11ee-852f-0050569183fa,"Capitol Improvements Advisory Committee (CIAC) - Nov 17, 2023",Capitol Improvements Advisory Committee (CIAC),,fort-worth-tx-capital-improvements-advisory-committee-for-transportation-impact-fees,Fort Worth Transportation CIAC,Good candidate only where date/player is tied to official Transportation CIAC; generic clip 4363 excluded.,Fort Worth City calendar/agenda; two CIAC bodies exist so acronym-only matching is unsafe.
6540eef2dc2e,acc6b61c4f62fc97,https://fortworthgov.granicus.com/MediaPlayer.php?view_id=10&clip_id=4110,Capital Improvement Advisory Committee on Transportation Impact Fees Capital Improvement Advisory Committee on Transportation Impact Fees,Capital Improvement Advisory Committee on Transportation Impact Fees Capital Improvement Advisory Committee on Transportation Impact Fees,,fort-worth-tx-capital-improvements-advisory-committee-for-transportation-impact-fees,Fort Worth Transportation CIAC,Good candidate only where date/player is tied to official Transportation CIAC; generic clip 4363 excluded.,Fort Worth City calendar/agenda; two CIAC bodies exist so acronym-only matching is unsafe.
6540eef2dc2e,ae0134e59a57fceb,https://fortworthgov.granicus.com/MediaPlayer.php?view_id=10&clip_id=5336,"Capital Improvements Advisory Committee of November 17, 2023 (CIAC) Capital Improvements Advisory Committee of November 17, 2023 (CIAC)","Capital Improvements Advisory Committee of November 17, 2023 (CIAC) Capital Improvements Advisory Committee of November 17, 2023 (CIAC)",,fort-worth-tx-capital-improvements-advisory-committee-for-transportation-impact-fees,Fort Worth Transportation CIAC,Good candidate only where date/player is tied to official Transportation CIAC; generic clip 4363 excluded.,Fort Worth City calendar/agenda; two CIAC bodies exist so acronym-only matching is unsafe.
6540eef2dc2e,aec31d59bf01d4ff,fd596e04-24cb-11ee-b4fc-0050569183fa,"Capitol Improvements Advisory Committee (CIAC) - Nov 18, 2022",Capitol Improvements Advisory Committee (CIAC),,fort-worth-tx-capital-improvements-advisory-committee-for-transportation-impact-fees,Fort Worth Transportation CIAC,Good candidate only where date/player is tied to official Transportation CIAC; generic clip 4363 excluded.,Fort Worth City calendar/agenda; two CIAC bodies exist so acronym-only matching is unsafe.
6540eef2dc2e,c9bc8ef0ca21d5dd,https://fortworthgov.granicus.com/MediaPlayer.php?view_id=12&clip_id=4110,Capital Improvement Advisory Committee on Transportation Impact Fees Capital Improvement Advisory Committee on Transportation Impact Fees,Capital Improvement Advisory Committee on Transportation Impact Fees Capital Improvement Advisory Committee on Transportation Impact Fees,,fort-worth-tx-capital-improvements-advisory-committee-for-transportation-impact-fees,Fort Worth Transportation CIAC,Good candidate only where date/player is tied to official Transportation CIAC; generic clip 4363 excluded.,Fort Worth City calendar/agenda; two CIAC bodies exist so acronym-only matching is unsafe.
6540eef2dc2e,fafba00e28b63436,https://fortworthgov.granicus.com/MediaPlayer.php?view_id=10&clip_id=5213,"CIAC of June 22, 2022 CIAC of June 22, 2022","CIAC of June 22, 2022 CIAC of June 22, 2022",,fort-worth-tx-capital-improvements-advisory-committee-for-transportation-impact-fees,Fort Worth Transportation CIAC,Good candidate only where date/player is tied to official Transportation CIAC; generic clip 4363 excluded.,Fort Worth City calendar/agenda; two CIAC bodies exist so acronym-only matching is unsafe.
3b7588310856,04520631773e09d6,306062,"Avondale Park Streambank Restoration – Apr 25, 2024",Avondale Park Streambank Restoration,,denton-tx-public-info-meetings,Public Information Meetings,Plausible family match; confirm exact event-to-recording binding before feed activation.,Exact source/body family in the 680-row worksheet; one city feed combines public briefings/info/input.
3b7588310856,07e7ce57773363c0,128762,"Virtual Community Meeting - Northwest Booster Pump Station – Jul 01, 2021",Virtual Community Meeting - Northwest Booster Pump Station,,denton-tx-public-info-meetings,Public Information Meetings,Plausible family match; confirm exact event-to-recording binding before feed activation.,Exact source/body family in the 680-row worksheet; one city feed combines public briefings/info/input.
3b7588310856,094c09d8af0f3d33,359531,"Developer Town Hall – Oct 22, 2025",Developer Town Hall,,denton-tx-public-info-meetings,Public Information Meetings,Plausible family match; confirm exact event-to-recording binding before feed activation.,Exact source/body family in the 680-row worksheet; one city feed combines public briefings/info/input.
3b7588310856,0a68f2a85acdae25,87559,"Virtual Community Meeting - Warschun Road Traffic Safety Improvements – Oct 21, 2020",Virtual Community Meeting - Warschun Road Traffic Safety Improvements,,denton-tx-public-info-meetings,Public Information Meetings,Plausible family match; confirm exact event-to-recording binding before feed activation.,Exact source/body family in the 680-row worksheet; one city feed combines public briefings/info/input.
3b7588310856,129973cb9dbd24c2,89937,"Virtual Community Meeting - McKinney Street Water Main Breaks – Oct 28, 2020",Virtual Community Meeting - McKinney Street Water Main Breaks,,denton-tx-public-info-meetings,Public Information Meetings,Plausible family match; confirm exact event-to-recording binding before feed activation.,Exact source/body family in the 680-row worksheet; one city feed combines public briefings/info/input.
3b7588310856,17fee5ae81013479,157507,"Denton Virtual Community Meeting - Windsor Sewer Capacity Upgrade – Mar 17, 2022",Denton Virtual Community Meeting - Windsor Sewer Capacity Upgrade,,denton-tx-public-info-meetings,Public Information Meetings,Plausible family match; confirm exact event-to-recording binding before feed activation.,Exact source/body family in the 680-row worksheet; one city feed combines public briefings/info/input.
3b7588310856,18ab1ea891c0fc07,120427,"Virtual Community Meeting - Oak Hickory Driveway Ownership – Apr 21, 2021",Virtual Community Meeting - Oak Hickory Driveway Ownership,,denton-tx-public-info-meetings,Public Information Meetings,Plausible family match; confirm exact event-to-recording binding before feed activation.,Exact source/body family in the 680-row worksheet; one city feed combines public briefings/info/input.
3b7588310856,19bfe288ad05fec6,118771,"Virtual Community Meeting - Bowling Green Park – Apr 08, 2021",Virtual Community Meeting - Bowling Green Park,,denton-tx-public-info-meetings,Public Information Meetings,Plausible family match; confirm exact event-to-recording binding before feed activation.,Exact source/body family in the 680-row worksheet; one city feed combines public briefings/info/input.
3b7588310856,1d3f4f717144e77d,309109,"Developer Town Hall – Jun 27, 2024",Developer Town Hall,,denton-tx-public-info-meetings,Public Information Meetings,Plausible family match; confirm exact event-to-recording binding before feed activation.,Exact source/body family in the 680-row worksheet; one city feed combines public briefings/info/input.
3b7588310856,1d43bcd66896fe6d,123431,"Virtual Community Meeting - Downtown Denton Community Update – Jun 17, 2021",Virtual Community Meeting - Downtown Denton Community Update,,denton-tx-public-info-meetings,Public Information Meetings,Plausible family match; confirm exact event-to-recording binding before feed activation.,Exact source/body family in the 680-row worksheet; one city feed combines public briefings/info/input.
3b7588310856,205ef12cce3cdab4,108165,"Virtual Community Meeting - Hardaway Road – Dec 09, 2020",Virtual Community Meeting - Hardaway Road,,denton-tx-public-info-meetings,Public Information Meetings,Plausible family match; confirm exact event-to-recording binding before feed activation.,Exact source/body family in the 680-row worksheet; one city feed combines public briefings/info/input.
3b7588310856,230639ade276aad7,116747,"Virtual Community Meeting - Early Start Street Reconstruction – Mar 18, 2021",Virtual Community Meeting - Early Start Street Reconstruction,,denton-tx-public-info-meetings,Public Information Meetings,Plausible family match; confirm exact event-to-recording binding before feed activation.,Exact source/body family in the 680-row worksheet; one city feed combines public briefings/info/input.
3b7588310856,27c2781e0c777a54,157514,"Virtual Community Meeting - North Tx Blvd Widening – Mar 24, 2022",Virtual Community Meeting - North Tx Blvd Widening,,denton-tx-public-info-meetings,Public Information Meetings,Plausible family match; confirm exact event-to-recording binding before feed activation.,Exact source/body family in the 680-row worksheet; one city feed combines public briefings/info/input.
3b7588310856,2aa6df35add0426d,141757,"Virtual Community Meeting - Windsor Sewer Capacity Upgrade – Oct 07, 2021",Virtual Community Meeting - Windsor Sewer Capacity Upgrade,,denton-tx-public-info-meetings,Public Information Meetings,Plausible family match; confirm exact event-to-recording binding before feed activation.,Exact source/body family in the 680-row worksheet; one city feed combines public briefings/info/input.
3b7588310856,2ab45a7d0c7cbc40,123553,"Virtual Community Meeting - Hardaway Road Water Connection – Jun 24, 2021",Virtual Community Meeting - Hardaway Road Water Connection,,denton-tx-public-info-meetings,Public Information Meetings,Plausible family match; confirm exact event-to-recording binding before feed activation.,Exact source/body family in the 680-row worksheet; one city feed combines public briefings/info/input.
3b7588310856,2c76de02262342b3,120062,"Virtual Community Meeting - All Way Crosswalk 6pm – Apr 22, 2021",Virtual Community Meeting - All Way Crosswalk 6pm,,denton-tx-public-info-meetings,Public Information Meetings,Plausible family match; confirm exact event-to-recording binding before feed activation.,Exact source/body family in the 680-row worksheet; one city feed combines public briefings/info/input.
3b7588310856,33379ebcf1697f92,154849,"Denton Virtual Community Meeting - 2020 Street Bundle Sector I Construction Kickoff – Feb 10, 2022",Denton Virtual Community Meeting - 2020 Street Bundle Sector I Construction Kickoff,,denton-tx-public-info-meetings,Public Information Meetings,Plausible family match; confirm exact event-to-recording binding before feed activation.,Exact source/body family in the 680-row worksheet; one city feed combines public briefings/info/input.
3b7588310856,3709b89e9f3918eb,148874,"Virtual Community Meeting - ParksRec – Nov 18, 2021",Virtual Community Meeting - ParksRec,,denton-tx-public-info-meetings,Public Information Meetings,Plausible family match; confirm exact event-to-recording binding before feed activation.,Exact source/body family in the 680-row worksheet; one city feed combines public briefings/info/input.
3b7588310856,3825a6546396d59f,346360,"Westgate Drive Reconstruction Project Phase 1 – Jun 20, 2025",Westgate Drive Reconstruction Project Phase 1,,denton-tx-public-info-meetings,Public Information Meetings,Plausible family match; confirm exact event-to-recording binding before feed activation.,Exact source/body family in the 680-row worksheet; one city feed combines public briefings/info/input.
3b7588310856,434f40691b5201da,118317,"Virtual Community Meeting - Southwest Parks Master Plan – Apr 01, 2021",Virtual Community Meeting - Southwest Parks Master Plan,,denton-tx-public-info-meetings,Public Information Meetings,Plausible family match; confirm exact event-to-recording binding before feed activation.,Exact source/body family in the 680-row worksheet; one city feed combines public briefings/info/input.
3b7588310856,439965cabce81b8e,271707,"Developer Town Hall – Sep 14, 2023",Developer Town Hall,,denton-tx-public-info-meetings,Public Information Meetings,Plausible family match; confirm exact event-to-recording binding before feed activation.,Exact source/body family in the 680-row worksheet; one city feed combines public briefings/info/input.
3b7588310856,43b6919de1118066,129399,"Virtual Community Meeting - LOFT CIP – Jul 20, 2021",Virtual Community Meeting - LOFT CIP,,denton-tx-public-info-meetings,Public Information Meetings,Plausible family match; confirm exact event-to-recording binding before feed activation.,Exact source/body family in the 680-row worksheet; one city feed combines public briefings/info/input.
3b7588310856,531f566d80afb346,121998,"Virtual Community Meeting - Industrial Street Park – May 20, 2021",Virtual Community Meeting - Industrial Street Park,,denton-tx-public-info-meetings,Public Information Meetings,Plausible family match; confirm exact event-to-recording binding before feed activation.,Exact source/body family in the 680-row worksheet; one city feed combines public briefings/info/input.
3b7588310856,577a4474a57b0721,157489,"Denton Virtual Community Meeting - 2020 Street Bundle Sector III Construction Kickoff – Feb 24, 2022",Denton Virtual Community Meeting - 2020 Street Bundle Sector III Construction Kickoff,,denton-tx-public-info-meetings,Public Information Meetings,Plausible family match; confirm exact event-to-recording binding before feed activation.,Exact source/body family in the 680-row worksheet; one city feed combines public briefings/info/input.
3b7588310856,5f95985c1e3a70a1,108166,"Virtual Community Meeting - Bonnie Brae Ph 6 – Dec 10, 2020",Virtual Community Meeting - Bonnie Brae Ph 6,,denton-tx-public-info-meetings,Public Information Meetings,Plausible family match; confirm exact event-to-recording binding before feed activation.,Exact source/body family in the 680-row worksheet; one city feed combines public briefings/info/input.
3b7588310856,6348295aa6a1ae8b,343733,"Grants Management Workshop – May 22, 2025",Grants Management Workshop,,denton-tx-public-info-meetings,Public Information Meetings,Plausible family match; confirm exact event-to-recording binding before feed activation.,Exact source/body family in the 680-row worksheet; one city feed combines public briefings/info/input.
3b7588310856,65d7000ea308d22f,120553,"Virtual Community Meeting - Hardaway Road Water Connection – May 06, 2021",Virtual Community Meeting - Hardaway Road Water Connection,,denton-tx-public-info-meetings,Public Information Meetings,Plausible family match; confirm exact event-to-recording binding before feed activation.,Exact source/body family in the 680-row worksheet; one city feed combines public briefings/info/input.
3b7588310856,686f3d1f5b4c3df9,322748,"Morse Street – Nov 21, 2024",Morse Street,,denton-tx-public-info-meetings,Public Information Meetings,Plausible family match; confirm exact event-to-recording binding before feed activation.,Exact source/body family in the 680-row worksheet; one city feed combines public briefings/info/input.
3b7588310856,6ab6d03153c0fe07,128770,"Virtual Community Meeting - Hickory Creek – Jul 08, 2021",Virtual Community Meeting - Hickory Creek,,denton-tx-public-info-meetings,Public Information Meetings,Plausible family match; confirm exact event-to-recording binding before feed activation.,Exact source/body family in the 680-row worksheet; one city feed combines public briefings/info/input.
3b7588310856,71498587cc909da2,116631,"Virtual Community Meeting - Parks Master Plan – Mar 18, 2021",Virtual Community Meeting - Parks Master Plan,,denton-tx-public-info-meetings,Public Information Meetings,Plausible family match; confirm exact event-to-recording binding before feed activation.,Exact source/body family in the 680-row worksheet; one city feed combines public briefings/info/input.
3b7588310856,716c3e458cb5337e,113092,"City of Denton Update – Feb 18, 2021",City of Denton Update,,denton-tx-public-info-meetings,Public Information Meetings,Plausible family match; confirm exact event-to-recording binding before feed activation.,Exact source/body family in the 680-row worksheet; one city feed combines public briefings/info/input.
3b7588310856,76ce379c87d37a9c,340573,"2019 Reconstruction Bond Program Neighborhood 1B – Apr 03, 2025",2019 Reconstruction Bond Program Neighborhood 1B,,denton-tx-public-info-meetings,Public Information Meetings,Plausible family match; confirm exact event-to-recording binding before feed activation.,Exact source/body family in the 680-row worksheet; one city feed combines public briefings/info/input.
3b7588310856,782d32120df5aa92,120428,"Virtual Community Meeting - Denton Street Rehab May 2021 – Apr 29, 2021",Virtual Community Meeting - Denton Street Rehab May 2021,,denton-tx-public-info-meetings,Public Information Meetings,Plausible family match; confirm exact event-to-recording binding before feed activation.,Exact source/body family in the 680-row worksheet; one city feed combines public briefings/info/input.
3b7588310856,7d0bddd56ab35efe,122247,"Virtual Community Meeting - Naming Requests – May 26, 2021",Virtual Community Meeting - Naming Requests,,denton-tx-public-info-meetings,Public Information Meetings,Plausible family match; confirm exact event-to-recording binding before feed activation.,Exact source/body family in the 680-row worksheet; one city feed combines public briefings/info/input.
3b7588310856,8015f6d76b786690,150795,"Denton Virtual Community Meeting -  Water Metering and Billing Overview – Dec 16, 2021",Denton Virtual Community Meeting -  Water Metering and Billing Overview,,denton-tx-public-info-meetings,Public Information Meetings,Plausible family match; confirm exact event-to-recording binding before feed activation.,Exact source/body family in the 680-row worksheet; one city feed combines public briefings/info/input.
3b7588310856,80221221d259727d,107557,"Denton Virtual Community Meeting - Southwest Park Master Plan Community Meeting – Nov 19, 2020",Denton Virtual Community Meeting - Southwest Park Master Plan Community Meeting,,denton-tx-public-info-meetings,Public Information Meetings,Plausible family match; confirm exact event-to-recording binding before feed activation.,Exact source/body family in the 680-row worksheet; one city feed combines public briefings/info/input.
3b7588310856,8ac3bc80af16399c,141780,"Virtual Community Meeting - Downtown Denton Community Update – Oct 14, 2021",Virtual Community Meeting - Downtown Denton Community Update,,denton-tx-public-info-meetings,Public Information Meetings,Plausible family match; confirm exact event-to-recording binding before feed activation.,Exact source/body family in the 680-row worksheet; one city feed combines public briefings/info/input.
3b7588310856,8ba048a8a558eb40,337637,"Developer Town Hall – Mar 05, 2025",Developer Town Hall,,denton-tx-public-info-meetings,Public Information Meetings,Plausible family match; confirm exact event-to-recording binding before feed activation.,Exact source/body family in the 680-row worksheet; one city feed combines public briefings/info/input.
3b7588310856,8cd972e68f72c7a6,136061,"Virtual Community Meeting - Recycle Right – Aug 12, 2021",Virtual Community Meeting - Recycle Right,,denton-tx-public-info-meetings,Public Information Meetings,Plausible family match; confirm exact event-to-recording binding before feed activation.,Exact source/body family in the 680-row worksheet; one city feed combines public briefings/info/input.
3b7588310856,9679ef24137976be,118652,"Virtual Community Meeting - Intersection Improvement Project – Apr 08, 2021",Virtual Community Meeting - Intersection Improvement Project,,denton-tx-public-info-meetings,Public Information Meetings,Plausible family match; confirm exact event-to-recording binding before feed activation.,Exact source/body family in the 680-row worksheet; one city feed combines public briefings/info/input.
3b7588310856,96ab1790e344e63e,327311,"Special Event Permitting – Jan 30, 2025",Special Event Permitting,,denton-tx-public-info-meetings,Public Information Meetings,Plausible family match; confirm exact event-to-recording binding before feed activation.,Exact source/body family in the 680-row worksheet; one city feed combines public briefings/info/input.
3b7588310856,9744e58061455c67,107883,"Denton Virtual Community Meeting - Bonnie Brae Phase 3 – Dec 03, 2020",Denton Virtual Community Meeting - Bonnie Brae Phase 3,,denton-tx-public-info-meetings,Public Information Meetings,Plausible family match; confirm exact event-to-recording binding before feed activation.,Exact source/body family in the 680-row worksheet; one city feed combines public briefings/info/input.
3b7588310856,9837d67bd9c7dccb,87637,"Virtual Community Meeting - Denton Police Department Community Conversation – Oct 23, 2020",Virtual Community Meeting - Denton Police Department Community Conversation,,denton-tx-public-info-meetings,Public Information Meetings,Plausible family match; confirm exact event-to-recording binding before feed activation.,Exact source/body family in the 680-row worksheet; one city feed combines public briefings/info/input.
3b7588310856,98f86121ddc37207,307192,"2019 Street Reconstruction Bond Program Neighborhood 2 & 6 – May 30, 2024",2019 Street Reconstruction Bond Program Neighborhood 2 & 6,,denton-tx-public-info-meetings,Public Information Meetings,Plausible family match; confirm exact event-to-recording binding before feed activation.,Exact source/body family in the 680-row worksheet; one city feed combines public briefings/info/input.
3b7588310856,9f53c0702517b9c5,309918,"Denton Westgate Drive Improvement Project – Jun 12, 2024",Denton Westgate Drive Improvement Project,,denton-tx-public-info-meetings,Public Information Meetings,Plausible family match; confirm exact event-to-recording binding before feed activation.,Exact source/body family in the 680-row worksheet; one city feed combines public briefings/info/input.
3b7588310856,a0545c832a1b1a20,130123,"Virtual Community Meeting - Naming Requests – May 26, 2021",Virtual Community Meeting - Naming Requests,,denton-tx-public-info-meetings,Public Information Meetings,Plausible family match; confirm exact event-to-recording binding before feed activation.,Exact source/body family in the 680-row worksheet; one city feed combines public briefings/info/input.
3b7588310856,ae1e9678eff8bc6b,114243,"Virtual Community Meeting - 2019 Street Rehabilitation Program Phase 3 – Mar 04, 2021",Virtual Community Meeting - 2019 Street Rehabilitation Program Phase 3,,denton-tx-public-info-meetings,Public Information Meetings,Plausible family match; confirm exact event-to-recording binding before feed activation.,Exact source/body family in the 680-row worksheet; one city feed combines public briefings/info/input.
3b7588310856,bb02faa21b30fe48,118772,"Virtual Community Meeting - 2020 Street Reconstruction Bundle – Apr 15, 2021",Virtual Community Meeting - 2020 Street Reconstruction Bundle,,denton-tx-public-info-meetings,Public Information Meetings,Plausible family match; confirm exact event-to-recording binding before feed activation.,Exact source/body family in the 680-row worksheet; one city feed combines public briefings/info/input.
3b7588310856,bc589ba502a79bac,306313,"Virtual Community Meeting - Roadway Micro-surfacing – May 24, 2024",Virtual Community Meeting - Roadway Micro-surfacing,,denton-tx-public-info-meetings,Public Information Meetings,Plausible family match; confirm exact event-to-recording binding before feed activation.,Exact source/body family in the 680-row worksheet; one city feed combines public briefings/info/input.
3b7588310856,bf8a19e05a89e852,114323,"Virtual Community Meeting - Community Needs Workshop – Mar 10, 2021",Virtual Community Meeting - Community Needs Workshop,,denton-tx-public-info-meetings,Public Information Meetings,Plausible family match; confirm exact event-to-recording binding before feed activation.,Exact source/body family in the 680-row worksheet; one city feed combines public briefings/info/input.
3b7588310856,c2795b32b9e9c47c,121995,"Virtual Community Meeting – Westgate Improvements – May 20, 2021",Virtual Community Meeting – Westgate Improvements,,denton-tx-public-info-meetings,Public Information Meetings,Plausible family match; confirm exact event-to-recording binding before feed activation.,Exact source/body family in the 680-row worksheet; one city feed combines public briefings/info/input.
3b7588310856,c445d05b03d6ee38,123087,"Virtual Community Meeting - Jim Christal Road Rezoning – Jun 06, 2021",Virtual Community Meeting - Jim Christal Road Rezoning,,denton-tx-public-info-meetings,Public Information Meetings,Plausible family match; confirm exact event-to-recording binding before feed activation.,Exact source/body family in the 680-row worksheet; one city feed combines public briefings/info/input.
3b7588310856,c76119c8fd7f630d,122415,"Virtual Community Meeting - DPD Community Conversation – May 27, 2021",Virtual Community Meeting - DPD Community Conversation,,denton-tx-public-info-meetings,Public Information Meetings,Plausible family match; confirm exact event-to-recording binding before feed activation.,Exact source/body family in the 680-row worksheet; one city feed combines public briefings/info/input.
3b7588310856,c86831585750249f,344685,"Denton Safe Route to School – May 01, 2025",Denton Safe Route to School,,denton-tx-public-info-meetings,Public Information Meetings,Plausible family match; confirm exact event-to-recording binding before feed activation.,Exact source/body family in the 680-row worksheet; one city feed combines public briefings/info/input.
3b7588310856,c8e9d35c26ae44ac,114376,"Virtual Community Meeting - Country Lakes North Planned Development Amendment – Mar 11, 2021",Virtual Community Meeting - Country Lakes North Planned Development Amendment,,denton-tx-public-info-meetings,Public Information Meetings,Plausible family match; confirm exact event-to-recording binding before feed activation.,Exact source/body family in the 680-row worksheet; one city feed combines public briefings/info/input.
3b7588310856,cb7ed9b94b6dc08a,120060,"Virtual Community Meeting - All Way Crosswalk 11am – Apr 22, 2021",Virtual Community Meeting - All Way Crosswalk 11am,,denton-tx-public-info-meetings,Public Information Meetings,Plausible family match; confirm exact event-to-recording binding before feed activation.,Exact source/body family in the 680-row worksheet; one city feed combines public briefings/info/input.
3b7588310856,cd67862df9efdb67,129400,"Virtual Community Meeting - Naming Requests – Jul 21, 2021",Virtual Community Meeting - Naming Requests,,denton-tx-public-info-meetings,Public Information Meetings,Plausible family match; confirm exact event-to-recording binding before feed activation.,Exact source/body family in the 680-row worksheet; one city feed combines public briefings/info/input.
3b7588310856,ce74d091aaa118dc,186633,"Developer Town Hall – Oct 13, 2022",Developer Town Hall,,denton-tx-public-info-meetings,Public Information Meetings,Plausible family match; confirm exact event-to-recording binding before feed activation.,Exact source/body family in the 680-row worksheet; one city feed combines public briefings/info/input.
3b7588310856,ced39b3021ff5cc5,187916,"Virtual Community Meeting - Roadway Micro-surfacing – Nov 03, 2022",Virtual Community Meeting - Roadway Micro-surfacing,,denton-tx-public-info-meetings,Public Information Meetings,Plausible family match; confirm exact event-to-recording binding before feed activation.,Exact source/body family in the 680-row worksheet; one city feed combines public briefings/info/input.
3b7588310856,d4ec523dd9965c27,136794,"Virtual Community Meeting - LOFT CIP – Sep 09, 2021",Virtual Community Meeting - LOFT CIP,,denton-tx-public-info-meetings,Public Information Meetings,Plausible family match; confirm exact event-to-recording binding before feed activation.,Exact source/body family in the 680-row worksheet; one city feed combines public briefings/info/input.
3b7588310856,de899efbaef70c2c,112003,"Virtual Community Meeting - Bonnie Brae Ph 3 – Jan 14, 2021",Virtual Community Meeting - Bonnie Brae Ph 3,,denton-tx-public-info-meetings,Public Information Meetings,Plausible family match; confirm exact event-to-recording binding before feed activation.,Exact source/body family in the 680-row worksheet; one city feed combines public briefings/info/input.
3b7588310856,dfd6f1c2a3323201,141009,"Virtual Community Meeting - Naming Requests – Sep 29, 2021",Virtual Community Meeting - Naming Requests,,denton-tx-public-info-meetings,Public Information Meetings,Plausible family match; confirm exact event-to-recording binding before feed activation.,Exact source/body family in the 680-row worksheet; one city feed combines public briefings/info/input.
3b7588310856,e1b2e426f66fd4f7,316718,"Robinwood Reconstruction – Sep 26, 2024",Robinwood Reconstruction,,denton-tx-public-info-meetings,Public Information Meetings,Plausible family match; confirm exact event-to-recording binding before feed activation.,Exact source/body family in the 680-row worksheet; one city feed combines public briefings/info/input.
3b7588310856,e39c2bfd806af54d,87636,"Virtual Community Meeting - Farris Road Sewer Project – Oct 22, 2020",Virtual Community Meeting - Farris Road Sewer Project,,denton-tx-public-info-meetings,Public Information Meetings,Plausible family match; confirm exact event-to-recording binding before feed activation.,Exact source/body family in the 680-row worksheet; one city feed combines public briefings/info/input.
3b7588310856,e4cb59ef20891e9f,118701,"Virtual Community Meeting - Villages at Carmel Property – Apr 08, 2021",Virtual Community Meeting - Villages at Carmel Property,,denton-tx-public-info-meetings,Public Information Meetings,Plausible family match; confirm exact event-to-recording binding before feed activation.,Exact source/body family in the 680-row worksheet; one city feed combines public briefings/info/input.
3b7588310856,e65f3f8060d6009a,142412,"Developer Town Hall – Oct 21, 2021",Developer Town Hall,,denton-tx-public-info-meetings,Public Information Meetings,Plausible family match; confirm exact event-to-recording binding before feed activation.,Exact source/body family in the 680-row worksheet; one city feed combines public briefings/info/input.
3b7588310856,ed37a2872c3e7e5a,101881,"Denton Virtual Community Meeting - Developer Town Hall – Nov 11, 2020",Denton Virtual Community Meeting - Developer Town Hall,,denton-tx-public-info-meetings,Public Information Meetings,Plausible family match; confirm exact event-to-recording binding before feed activation.,Exact source/body family in the 680-row worksheet; one city feed combines public briefings/info/input.
3b7588310856,f0079dfa92c4420e,87260,"Virtual Community Meeting - Trails Master Plan – Oct 01, 2020",Virtual Community Meeting - Trails Master Plan,,denton-tx-public-info-meetings,Public Information Meetings,Plausible family match; confirm exact event-to-recording binding before feed activation.,Exact source/body family in the 680-row worksheet; one city feed combines public briefings/info/input.
3b7588310856,f2266a88d0264182,175349,"Virtual Community Meeting - Parks and Trails Naming – Jun 01, 2022",Virtual Community Meeting - Parks and Trails Naming,,denton-tx-public-info-meetings,Public Information Meetings,Plausible family match; confirm exact event-to-recording binding before feed activation.,Exact source/body family in the 680-row worksheet; one city feed combines public briefings/info/input.
3b7588310856,f727d7f192b0954a,326712,"Denton Bonnie Brae Phase 6 – Jan 16, 2025",Denton Bonnie Brae Phase 6,,denton-tx-public-info-meetings,Public Information Meetings,Plausible family match; confirm exact event-to-recording binding before feed activation.,Exact source/body family in the 680-row worksheet; one city feed combines public briefings/info/input.
3b7588310856,f8bd15836fdd0a82,89938,"Virtual Community Meeting - North Denton Neighborhood Association – Oct 29, 2020",Virtual Community Meeting - North Denton Neighborhood Association,,denton-tx-public-info-meetings,Public Information Meetings,Plausible family match; confirm exact event-to-recording binding before feed activation.,Exact source/body family in the 680-row worksheet; one city feed combines public briefings/info/input.
6540eef2dc2e,0040a504309fd3c4,https://fortworthgov.granicus.com/MediaPlayer.php?view_id=10&clip_id=3615,COVID-19 Community Update (English) COVID-19 Community Update (English),COVID-19 Community Update (English) COVID-19 Community Update (English),,fort-worth-tx-public-info-meetings,Public Information Meetings,Plausible family match; confirm exact event-to-recording binding before feed activation.,Exact source/body family in the 680-row worksheet; one city feed combines public briefings/info/input.
6540eef2dc2e,004804673d9e09c3,https://fortworthgov.granicus.com/MediaPlayer.php?view_id=10&clip_id=1809,Bond Public Input Meeting Bond Public Input Meeting,Bond Public Input Meeting Bond Public Input Meeting,,fort-worth-tx-public-info-meetings,Public Information Meetings,Strong title-level candidate; confirm event date and recording link before activating the rule.,"City/source-scoped public-input, town-hall, or listening-session title. Preserve any legitimate existing body owner as a second participant only when the event is truly joint."
6540eef2dc2e,005f74fe9223aca2,https://fortworthgov.granicus.com/MediaPlayer.php?view_id=12&clip_id=754,"Tracks to Future - 12 Steps to Transportation Success in Charlotte, NC. Tracks to Future - 12 Steps to Transportation Success in Charlotte, NC.","Tracks to Future - 12 Steps to Transportation Success in Charlotte, NC. Tracks to Future - 12 Steps to Transportation Success in Charlotte, NC.",,fort-worth-tx-public-info-meetings,Public Information Meetings,Plausible family match; confirm exact event-to-recording binding before feed activation.,Exact source/body family in the 680-row worksheet; one city feed combines public briefings/info/input.
6540eef2dc2e,00873cbe9ca54abf,https://fortworthgov.granicus.com/MediaPlayer.php?view_id=12&clip_id=4308,Virtual Webex Design Meeting For Lake Worth Water And Sewer Improvements Part 2 Virtual Webex Design Meeting For Lake Worth Water And Sewer Improvements Part 2,Virtual Webex Design Meeting For Lake Worth Water And Sewer Improvements Part 2 Virtual Webex Design Meeting For Lake Worth Water And Sewer Improvements Part 2,,fort-worth-tx-public-info-meetings,Public Information Meetings,Plausible family match; confirm exact event-to-recording binding before feed activation.,Exact source/body family in the 680-row worksheet; one city feed combines public briefings/info/input.
6540eef2dc2e,009a29dbf5f065b2,https://fortworthgov.granicus.com/MediaPlayer.php?view_id=12&clip_id=1721,Virtual Worshop on Water Education Virtual Worshop on Water Education,Virtual Worshop on Water Education Virtual Worshop on Water Education,,fort-worth-tx-public-info-meetings,Public Information Meetings,Plausible family match; confirm exact event-to-recording binding before feed activation.,Exact source/body family in the 680-row worksheet; one city feed combines public briefings/info/input.
6540eef2dc2e,01c278da19122169,https://fortworthgov.granicus.com/MediaPlayer.php?view_id=12&clip_id=753,Track to Future - Next Steps: Finance and Government Track to Future - Next Steps: Finance and Government,Track to Future - Next Steps: Finance and Government Track to Future - Next Steps: Finance and Government,,fort-worth-tx-public-info-meetings,Public Information Meetings,Plausible family match; confirm exact event-to-recording binding before feed activation.,Exact source/body family in the 680-row worksheet; one city feed combines public briefings/info/input.
6540eef2dc2e,02a7b61d480c5006,https://fortworthgov.granicus.com/MediaPlayer.php?view_id=12&clip_id=3720,Press Conference Press Conference,Press Conference Press Conference,,fort-worth-tx-public-info-meetings,Public Information Meetings,Plausible family match; confirm exact event-to-recording binding before feed activation.,Exact source/body family in the 680-row worksheet; one city feed combines public briefings/info/input.
6540eef2dc2e,043773e671666d36,https://fortworthgov.granicus.com/MediaPlayer.php?view_id=12&clip_id=2638,"Practical Tips for Successful Meetings Neighborhood Workshop - January 7, 2017 Practical Tips for Successful Meetings Neighborhood Workshop - January 7, 2017","Practical Tips for Successful Meetings Neighborhood Workshop - January 7, 2017 Practical Tips for Successful Meetings Neighborhood Workshop",,fort-worth-tx-public-info-meetings,Public Information Meetings,Plausible family match; confirm exact event-to-recording binding before feed activation.,Exact source/body family in the 680-row worksheet; one city feed combines public briefings/info/input.
6540eef2dc2e,04c76f1079995e49,https://fortworthgov.granicus.com/MediaPlayer.php?view_id=11&clip_id=3552,COVID-19 Community Update (Spanish) COVID-19 Community Update (Spanish),COVID-19 Community Update (Spanish) COVID-19 Community Update (Spanish),,fort-worth-tx-public-info-meetings,Public Information Meetings,Plausible family match; confirm exact event-to-recording binding before feed activation.,Exact source/body family in the 680-row worksheet; one city feed combines public briefings/info/input.
6540eef2dc2e,05399e4e73587847,https://fortworthgov.granicus.com/MediaPlayer.php?view_id=5&clip_id=6398,Northwest Fort Worth Town Hall Northwest Fort Worth Town Hall,Northwest Fort Worth Town Hall Northwest Fort Worth Town Hall,,fort-worth-tx-public-info-meetings,Public Information Meetings,Strong title-level candidate; confirm event date and recording link before activating the rule.,"City/source-scoped public-input, town-hall, or listening-session title. Preserve any legitimate existing body owner as a second participant only when the event is truly joint."
6540eef2dc2e,07c87f50a195ddcd,https://fortworthgov.granicus.com/MediaPlayer.php?view_id=10&clip_id=3624,COVID-19 Community Update (Spanish) COVID-19 Community Update (Spanish),COVID-19 Community Update (Spanish) COVID-19 Community Update (Spanish),,fort-worth-tx-public-info-meetings,Public Information Meetings,Plausible family match; confirm exact event-to-recording binding before feed activation.,Exact source/body family in the 680-row worksheet; one city feed combines public briefings/info/input.
6540eef2dc2e,08b41a4c03d10b45,https://fortworthgov.granicus.com/MediaPlayer.php?view_id=12&clip_id=1356,Salt Water Disposal Public Meeting Salt Water Disposal Public Meeting,Salt Water Disposal Public Meeting Salt Water Disposal Public Meeting,,fort-worth-tx-public-info-meetings,Public Information Meetings,Plausible family match; confirm exact event-to-recording binding before feed activation.,Exact source/body family in the 680-row worksheet; one city feed combines public briefings/info/input.
6540eef2dc2e,0bc06d0d9ce67ed8,https://fortworthgov.granicus.com/MediaPlayer.php?view_id=10&clip_id=4615,OPOM Community Conversation OPOM Community Conversation,OPOM Community Conversation OPOM Community Conversation,,fort-worth-tx-public-info-meetings,Public Information Meetings,Plausible family match; confirm exact event-to-recording binding before feed activation.,Exact source/body family in the 680-row worksheet; one city feed combines public briefings/info/input.
6540eef2dc2e,0cf14c8effa311ad,https://fortworthgov.granicus.com/MediaPlayer.php?view_id=12&clip_id=5471,Police Oversight Community Meeting Police Oversight Community Meeting,Police Oversight Community Meeting Police Oversight Community Meeting,,fort-worth-tx-public-info-meetings,Public Information Meetings,Plausible family match; confirm exact event-to-recording binding before feed activation.,Exact source/body family in the 680-row worksheet; one city feed combines public briefings/info/input.
6540eef2dc2e,0e9bb04b62e31397,https://fortworthgov.granicus.com/MediaPlayer.php?view_id=12&clip_id=6398,Northwest Fort Worth Town Hall Northwest Fort Worth Town Hall,Northwest Fort Worth Town Hall Northwest Fort Worth Town Hall,,fort-worth-tx-public-info-meetings,Public Information Meetings,Strong title-level candidate; confirm event date and recording link before activating the rule.,"City/source-scoped public-input, town-hall, or listening-session title. Preserve any legitimate existing body owner as a second participant only when the event is truly joint."
6540eef2dc2e,11978c6b12aaf133,https://fortworthgov.granicus.com/MediaPlayer.php?view_id=12&clip_id=5019,"District 5 Leadership Meeting of December 17, 2022 District 5 Leadership Meeting of December 17, 2022","District 5 Leadership Meeting of December 17, 2022 District 5 Leadership Meeting of December 17, 2022",,fort-worth-tx-public-info-meetings,Public Information Meetings,Plausible family match; confirm exact event-to-recording binding before feed activation.,Exact source/body family in the 680-row worksheet; one city feed combines public briefings/info/input.
6540eef2dc2e,11a8eb7e001e5a00,https://fortworthgov.granicus.com/MediaPlayer.php?view_id=10&clip_id=3565,COVID-19 Community Update (Spanish) COVID-19 Community Update (Spanish),COVID-19 Community Update (Spanish) COVID-19 Community Update (Spanish),,fort-worth-tx-public-info-meetings,Public Information Meetings,Plausible family match; confirm exact event-to-recording binding before feed activation.,Exact source/body family in the 680-row worksheet; one city feed combines public briefings/info/input.
6540eef2dc2e,11f9a5659f46d820,https://fortworthgov.granicus.com/MediaPlayer.php?view_id=12&clip_id=1809,Bond Public Input Meeting Bond Public Input Meeting,Bond Public Input Meeting Bond Public Input Meeting,,fort-worth-tx-public-info-meetings,Public Information Meetings,Strong title-level candidate; confirm event date and recording link before activating the rule.,"City/source-scoped public-input, town-hall, or listening-session title. Preserve any legitimate existing body owner as a second participant only when the event is truly joint."
6540eef2dc2e,151db19c95efdc33,https://fortworthgov.granicus.com/MediaPlayer.php?view_id=12&clip_id=892,ECONOMIC FORUM ECONOMIC FORUM,ECONOMIC FORUM ECONOMIC FORUM,,fort-worth-tx-public-info-meetings,Public Information Meetings,Plausible family match; confirm exact event-to-recording binding before feed activation.,Exact source/body family in the 680-row worksheet; one city feed combines public briefings/info/input.
6540eef2dc2e,15cb19ffea627d14,https://fortworthgov.granicus.com/MediaPlayer.php?view_id=12&clip_id=972,Air Quality Monitors in Barnett Shale Press Conference Air Quality Monitors in Barnett Shale Press Conference,Air Quality Monitors in Barnett Shale Press Conference Air Quality Monitors in Barnett Shale Press Conference,,fort-worth-tx-public-info-meetings,Public Information Meetings,Plausible family match; confirm exact event-to-recording binding before feed activation.,Exact source/body family in the 680-row worksheet; one city feed combines public briefings/info/input.
6540eef2dc2e,1882a7340b80e33a,https://fortworthgov.granicus.com/MediaPlayer.php?view_id=10&clip_id=3907,District 6 Town Hall District 6 Town Hall,District 6 Town Hall District 6 Town Hall,,fort-worth-tx-public-info-meetings,Public Information Meetings,Plausible family match; confirm exact event-to-recording binding before feed activation.,Exact source/body family in the 680-row worksheet; one city feed combines public briefings/info/input.
6540eef2dc2e,192ce23e5bbe59da,https://fortworthgov.granicus.com/MediaPlayer.php?view_id=10&clip_id=3625,COVID-19 Community Update (English) COVID-19 Community Update (English),COVID-19 Community Update (English) COVID-19 Community Update (English),,fort-worth-tx-public-info-meetings,Public Information Meetings,Plausible family match; confirm exact event-to-recording binding before feed activation.,Exact source/body family in the 680-row worksheet; one city feed combines public briefings/info/input.
6540eef2dc2e,195bd7ef75ab3a39,https://fortworthgov.granicus.com/MediaPlayer.php?view_id=10&clip_id=3608,COVID-19 Community Update (Spanish) COVID-19 Community Update (Spanish),COVID-19 Community Update (Spanish) COVID-19 Community Update (Spanish),,fort-worth-tx-public-info-meetings,Public Information Meetings,Plausible family match; confirm exact event-to-recording binding before feed activation.,Exact source/body family in the 680-row worksheet; one city feed combines public briefings/info/input.
6540eef2dc2e,196661cf0912536c,https://fortworthgov.granicus.com/MediaPlayer.php?view_id=11&clip_id=3616,COVID-19 Community Update (Spanish) COVID-19 Community Update (Spanish),COVID-19 Community Update (Spanish) COVID-19 Community Update (Spanish),,fort-worth-tx-public-info-meetings,Public Information Meetings,Plausible family match; confirm exact event-to-recording binding before feed activation.,Exact source/body family in the 680-row worksheet; one city feed combines public briefings/info/input.
6540eef2dc2e,1970b50cf1baed90,https://fortworthgov.granicus.com/MediaPlayer.php?view_id=12&clip_id=4124,Community Meeting For East 4Th Streeteast 1St Street Striping And Bicycle Trail Improvements Community Meeting For East 4Th Streeteast 1St Street Striping And Bicycle Trail Improvements,Community Meeting For East 4Th Streeteast 1St Street Striping And Bicycle Trail Improvements Community Meeting For East 4Th Streeteast 1St Street Striping And Bicycle Trail Improvements,,fort-worth-tx-public-info-meetings,Public Information Meetings,Plausible family match; confirm exact event-to-recording binding before feed activation.,Exact source/body family in the 680-row worksheet; one city feed combines public briefings/info/input.
6540eef2dc2e,1990287c08769c1a,https://fortworthgov.granicus.com/MediaPlayer.php?view_id=10&clip_id=4564,OPOM Community Conversation OPOM Community Conversation,OPOM Community Conversation OPOM Community Conversation,,fort-worth-tx-public-info-meetings,Public Information Meetings,Plausible family match; confirm exact event-to-recording binding before feed activation.,Exact source/body family in the 680-row worksheet; one city feed combines public briefings/info/input.
6540eef2dc2e,19952af8529f1c9e,https://fortworthgov.granicus.com/MediaPlayer.php?view_id=11&clip_id=3591,COVID-19 Community Update COVID-19 Community Update,COVID-19 Community Update COVID-19 Community Update,,fort-worth-tx-public-info-meetings,Public Information Meetings,Plausible family match; confirm exact event-to-recording binding before feed activation.,Exact source/body family in the 680-row worksheet; one city feed combines public briefings/info/input.
6540eef2dc2e,1a8598c067771284,https://fortworthgov.granicus.com/MediaPlayer.php?view_id=10&clip_id=3567,COVID-19 Community Update (English) COVID-19 Community Update (English),COVID-19 Community Update (English) COVID-19 Community Update (English),,fort-worth-tx-public-info-meetings,Public Information Meetings,Plausible family match; confirm exact event-to-recording binding before feed activation.,Exact source/body family in the 680-row worksheet; one city feed combines public briefings/info/input.
6540eef2dc2e,1b83f54ac25739e0,https://fortworthgov.granicus.com/MediaPlayer.php?view_id=10&clip_id=3876,District 2 Town Hall District 2 Town Hall,District 2 Town Hall District 2 Town Hall,fort-worth-tx-city-council,fort-worth-tx-public-info-meetings,Public Information Meetings,Strong title-level candidate; confirm event date and recording link before activating the rule.,"City/source-scoped public-input, town-hall, or listening-session title. Preserve any legitimate existing body owner as a second participant only when the event is truly joint."
6540eef2dc2e,1b89cfb3a7071a0d,https://fortworthgov.granicus.com/MediaPlayer.php?view_id=11&clip_id=3550,COVID-19 Community Update (English) COVID-19 Community Update (English),COVID-19 Community Update (English) COVID-19 Community Update (English),,fort-worth-tx-public-info-meetings,Public Information Meetings,Plausible family match; confirm exact event-to-recording binding before feed activation.,Exact source/body family in the 680-row worksheet; one city feed combines public briefings/info/input.
6540eef2dc2e,1d268da9ac345e12,https://fortworthgov.granicus.com/MediaPlayer.php?view_id=12&clip_id=5055,"City of Fort Worth Winter Weather Update January 31, 2023 City of Fort Worth Winter Weather Update January 31, 2023","City of Fort Worth Winter Weather Update January 31, 2023 City of Fort Worth Winter Weather Update January 31, 2023",,fort-worth-tx-public-info-meetings,Public Information Meetings,Plausible family match; confirm exact event-to-recording binding before feed activation.,Exact source/body family in the 680-row worksheet; one city feed combines public briefings/info/input.
6540eef2dc2e,1d72f25c466aa552,https://fortworthgov.granicus.com/MediaPlayer.php?view_id=10&clip_id=5646,District 8 Town Hall District 8 Town Hall,District 8 Town Hall District 8 Town Hall,fort-worth-tx-city-council,fort-worth-tx-public-info-meetings,Public Information Meetings,Strong title-level candidate; confirm event date and recording link before activating the rule.,"City/source-scoped public-input, town-hall, or listening-session title. Preserve any legitimate existing body owner as a second participant only when the event is truly joint."
6540eef2dc2e,1da3c705cf38ab71,https://fortworthgov.granicus.com/MediaPlayer.php?view_id=10&clip_id=2003,JAVA - A Caffeinated Town Hall with Mayor Betsy Price and Councilmember Sal Espino JAVA - A Caffeinated Town Hall with Mayor Betsy Price and Councilmember Sal Espino,JAVA - A Caffeinated Town Hall with Mayor Betsy Price and Councilmember Sal Espino JAVA - A Caffeinated Town Hall with Mayor Betsy Price and Councilmember Sal Espino,,fort-worth-tx-public-info-meetings,Public Information Meetings,Plausible family match; confirm exact event-to-recording binding before feed activation.,Exact source/body family in the 680-row worksheet; one city feed combines public briefings/info/input.
6540eef2dc2e,1e33983ed2c9fdcf,https://fortworthgov.granicus.com/MediaPlayer.php?view_id=12&clip_id=5231,Stop Six Neighborhood Hub Community Meeting Stop Six Neighborhood Hub Community Meeting,Stop Six Neighborhood Hub Community Meeting Stop Six Neighborhood Hub Community Meeting,,fort-worth-tx-public-info-meetings,Public Information Meetings,Plausible family match; confirm exact event-to-recording binding before feed activation.,Exact source/body family in the 680-row worksheet; one city feed combines public briefings/info/input.
6540eef2dc2e,1e516839248610f6,https://fortworthgov.granicus.com/MediaPlayer.php?view_id=11&clip_id=3627,COVID-19 Community Update (Spanish) COVID-19 Community Update (Spanish),COVID-19 Community Update (Spanish) COVID-19 Community Update (Spanish),,fort-worth-tx-public-info-meetings,Public Information Meetings,Plausible family match; confirm exact event-to-recording binding before feed activation.,Exact source/body family in the 680-row worksheet; one city feed combines public briefings/info/input.
6540eef2dc2e,1f1a3415ae0e2243,https://fortworthgov.granicus.com/MediaPlayer.php?view_id=10&clip_id=5471,Police Oversight Community Meeting Police Oversight Community Meeting,Police Oversight Community Meeting Police Oversight Community Meeting,,fort-worth-tx-public-info-meetings,Public Information Meetings,Plausible family match; confirm exact event-to-recording binding before feed activation.,Exact source/body family in the 680-row worksheet; one city feed combines public briefings/info/input.
6540eef2dc2e,1fa6c32fbebf52ba,https://fortworthgov.granicus.com/MediaPlayer.php?view_id=12&clip_id=5971,Future Downtown Library Community Report Future Downtown Library Community Report,Future Downtown Library Community Report Future Downtown Library Community Report,,fort-worth-tx-public-info-meetings,Public Information Meetings,Plausible family match; confirm exact event-to-recording binding before feed activation.,Exact source/body family in the 680-row worksheet; one city feed combines public briefings/info/input.
6540eef2dc2e,1fe68b40c95be1c7,https://fortworthgov.granicus.com/MediaPlayer.php?view_id=11&clip_id=3608,COVID-19 Community Update (Spanish) COVID-19 Community Update (Spanish),COVID-19 Community Update (Spanish) COVID-19 Community Update (Spanish),,fort-worth-tx-public-info-meetings,Public Information Meetings,Plausible family match; confirm exact event-to-recording binding before feed activation.,Exact source/body family in the 680-row worksheet; one city feed combines public briefings/info/input.
6540eef2dc2e,20167c94cf4cb823,https://fortworthgov.granicus.com/MediaPlayer.php?view_id=11&clip_id=3586,COVID-19 Community Update (English) COVID-19 Community Update (English),COVID-19 Community Update (English) COVID-19 Community Update (English),,fort-worth-tx-public-info-meetings,Public Information Meetings,Plausible family match; confirm exact event-to-recording binding before feed activation.,Exact source/body family in the 680-row worksheet; one city feed combines public briefings/info/input.
6540eef2dc2e,206d3277cb53aa87,https://fortworthgov.granicus.com/MediaPlayer.php?view_id=12&clip_id=3996,Community Meeting For Shoreview Culvert Improvements Community Meeting For Shoreview Culvert Improvements,Community Meeting For Shoreview Culvert Improvements Community Meeting For Shoreview Culvert Improvements,,fort-worth-tx-public-info-meetings,Public Information Meetings,Plausible family match; confirm exact event-to-recording binding before feed activation.,Exact source/body family in the 680-row worksheet; one city feed combines public briefings/info/input.
6540eef2dc2e,209d914fecb42577,https://fortworthgov.granicus.com/MediaPlayer.php?view_id=12&clip_id=921,CITY MANAGER’S INFORMATIONAL OPEN HOUSE AND PUBLIC INPUT MEETING CITY MANAGER’S INFORMATIONAL OPEN HOUSE AND PUBLIC INPUT MEETING,CITY MANAGER’S INFORMATIONAL OPEN HOUSE AND PUBLIC INPUT MEETING CITY MANAGER’S INFORMATIONAL OPEN HOUSE AND PUBLIC INPUT MEETING,,fort-worth-tx-public-info-meetings,Public Information Meetings,Plausible family match; confirm exact event-to-recording binding before feed activation.,Exact source/body family in the 680-row worksheet; one city feed combines public briefings/info/input.
6540eef2dc2e,2114e555d274377d,https://fortworthgov.granicus.com/MediaPlayer.php?view_id=10&clip_id=2879,Economic Development Strategic Plan Workshop Economic Development Strategic Plan Workshop,Economic Development Strategic Plan Workshop Economic Development Strategic Plan Workshop,,fort-worth-tx-public-info-meetings,Public Information Meetings,Plausible family match; confirm exact event-to-recording binding before feed activation.,Exact source/body family in the 680-row worksheet; one city feed combines public briefings/info/input.
6540eef2dc2e,239b951fdc6a00f0,https://fortworthgov.granicus.com/MediaPlayer.php?view_id=10&clip_id=3580,COVID-19 Community Update (English) COVID-19 Community Update (English),COVID-19 Community Update (English) COVID-19 Community Update (English),,fort-worth-tx-public-info-meetings,Public Information Meetings,Plausible family match; confirm exact event-to-recording binding before feed activation.,Exact source/body family in the 680-row worksheet; one city feed combines public briefings/info/input.
6540eef2dc2e,241b5a21d89085a5,https://fortworthgov.granicus.com/MediaPlayer.php?view_id=10&clip_id=4036,Community Meeting For University Drive Community Meeting For University Drive,Community Meeting For University Drive Community Meeting For University Drive,,fort-worth-tx-public-info-meetings,Public Information Meetings,Plausible family match; confirm exact event-to-recording binding before feed activation.,Exact source/body family in the 680-row worksheet; one city feed combines public briefings/info/input.
6540eef2dc2e,261031244752ab1a,https://fortworthgov.granicus.com/MediaPlayer.php?view_id=12&clip_id=5121,District 6 Open House District 6 Open House,District 6 Open House District 6 Open House,,fort-worth-tx-public-info-meetings,Public Information Meetings,Plausible family match; confirm exact event-to-recording binding before feed activation.,Exact source/body family in the 680-row worksheet; one city feed combines public briefings/info/input.
6540eef2dc2e,265b3fba7649b04c,https://fortworthgov.granicus.com/MediaPlayer.php?view_id=12&clip_id=3443,Police Monitor Public Forum Police Monitor Public Forum,Police Monitor Public Forum Police Monitor Public Forum,,fort-worth-tx-public-info-meetings,Public Information Meetings,Plausible family match; confirm exact event-to-recording binding before feed activation.,Exact source/body family in the 680-row worksheet; one city feed combines public briefings/info/input.
6540eef2dc2e,274734390e7421c6,https://fortworthgov.granicus.com/MediaPlayer.php?view_id=10&clip_id=3602,COVID-19 Community Update (English) COVID-19 Community Update (English),COVID-19 Community Update (English) COVID-19 Community Update (English),,fort-worth-tx-public-info-meetings,Public Information Meetings,Plausible family match; confirm exact event-to-recording binding before feed activation.,Exact source/body family in the 680-row worksheet; one city feed combines public briefings/info/input.
6540eef2dc2e,276de54a24cfd597,https://fortworthgov.granicus.com/MediaPlayer.php?view_id=12&clip_id=3897,Sunset Heights Sidewalk Improvements Sunset Heights Sidewalk Improvements,Sunset Heights Sidewalk Improvements Sunset Heights Sidewalk Improvements,,fort-worth-tx-public-info-meetings,Public Information Meetings,Plausible family match; confirm exact event-to-recording binding before feed activation.,Exact source/body family in the 680-row worksheet; one city feed combines public briefings/info/input.
6540eef2dc2e,29758d918e255c5e,https://fortworthgov.granicus.com/MediaPlayer.php?view_id=12&clip_id=4529,District 9 Town Hall Meeting District 9 Town Hall Meeting,District 9 Town Hall Meeting District 9 Town Hall Meeting,,fort-worth-tx-public-info-meetings,Public Information Meetings,Plausible family match; confirm exact event-to-recording binding before feed activation.,Exact source/body family in the 680-row worksheet; one city feed combines public briefings/info/input.
6540eef2dc2e,29f672d4b9cd99e8,https://fortworthgov.granicus.com/MediaPlayer.php?view_id=12&clip_id=5410,"Evans & Rosedale Community Meeting of February 7, 2024 Evans & Rosedale Community Meeting of February 7, 2024","Evans & Rosedale Community Meeting of February 7, 2024 Evans & Rosedale Community Meeting of February 7, 2024",,fort-worth-tx-public-info-meetings,Public Information Meetings,Plausible family match; confirm exact event-to-recording binding before feed activation.,Exact source/body family in the 680-row worksheet; one city feed combines public briefings/info/input.
6540eef2dc2e,2a05853184741130,https://fortworthgov.granicus.com/MediaPlayer.php?view_id=11&clip_id=3562,COVID-19 Press Conference COVID-19 Press Conference,COVID-19 Press Conference COVID-19 Press Conference,,fort-worth-tx-public-info-meetings,Public Information Meetings,Plausible family match; confirm exact event-to-recording binding before feed activation.,Exact source/body family in the 680-row worksheet; one city feed combines public briefings/info/input.
6540eef2dc2e,2a2319b75772fc94,https://fortworthgov.granicus.com/MediaPlayer.php?view_id=11&clip_id=3610,COVID-19 Community Update (Spanish) COVID-19 Community Update (Spanish),COVID-19 Community Update (Spanish) COVID-19 Community Update (Spanish),,fort-worth-tx-public-info-meetings,Public Information Meetings,Plausible family match; confirm exact event-to-recording binding before feed activation.,Exact source/body family in the 680-row worksheet; one city feed combines public briefings/info/input.
6540eef2dc2e,2c4485921e2a56ae,https://fortworthgov.granicus.com/MediaPlayer.php?view_id=11&clip_id=3560,COVID-19 Community Update (English) COVID-19 Community Update (English),COVID-19 Community Update (English) COVID-19 Community Update (English),,fort-worth-tx-public-info-meetings,Public Information Meetings,Plausible family match; confirm exact event-to-recording binding before feed activation.,Exact source/body family in the 680-row worksheet; one city feed combines public briefings/info/input.
6540eef2dc2e,2c4eab815e8e0173,https://fortworthgov.granicus.com/MediaPlayer.php?view_id=10&clip_id=5187,"City of Fort Worth summer heat messaging overview of June 22, 2023 City of Fort Worth summer heat messaging overview of June 22, 2023","City of Fort Worth summer heat messaging overview of June 22, 2023 City of Fort Worth summer heat messaging overview of June 22, 2023",,fort-worth-tx-public-info-meetings,Public Information Meetings,Plausible family match; confirm exact event-to-recording binding before feed activation.,Exact source/body family in the 680-row worksheet; one city feed combines public briefings/info/input.
6540eef2dc2e,2ceec4bed4fca5fd,https://fortworthgov.granicus.com/MediaPlayer.php?view_id=11&clip_id=3636,COVID-19 Community Update (English) COVID-19 Community Update (English),COVID-19 Community Update (English) COVID-19 Community Update (English),,fort-worth-tx-public-info-meetings,Public Information Meetings,Plausible family match; confirm exact event-to-recording binding before feed activation.,Exact source/body family in the 680-row worksheet; one city feed combines public briefings/info/input.
6540eef2dc2e,304f707b9dd63255,https://fortworthgov.granicus.com/MediaPlayer.php?view_id=12&clip_id=3907,District 6 Town Hall District 6 Town Hall,District 6 Town Hall District 6 Town Hall,,fort-worth-tx-public-info-meetings,Public Information Meetings,Plausible family match; confirm exact event-to-recording binding before feed activation.,Exact source/body family in the 680-row worksheet; one city feed combines public briefings/info/input.
6540eef2dc2e,3251246633d4c889,https://fortworthgov.granicus.com/MediaPlayer.php?view_id=10&clip_id=3603,COVID-19 Community Update (Spanish) COVID-19 Community Update (Spanish),COVID-19 Community Update (Spanish) COVID-19 Community Update (Spanish),,fort-worth-tx-public-info-meetings,Public Information Meetings,Plausible family match; confirm exact event-to-recording binding before feed activation.,Exact source/body family in the 680-row worksheet; one city feed combines public briefings/info/input.
6540eef2dc2e,33301be9674469e0,https://fortworthgov.granicus.com/MediaPlayer.php?view_id=12&clip_id=5046,"Progress Update - Evans & Rosedale Project meeting of January 19, 2023 Progress Update - Evans & Rosedale Project meeting of January 19, 2023","Progress Update - Evans & Rosedale Project meeting of January 19, 2023 Progress Update - Evans & Rosedale Project meeting of January 19, 2023",,fort-worth-tx-public-info-meetings,Public Information Meetings,Plausible family match; confirm exact event-to-recording binding before feed activation.,Exact source/body family in the 680-row worksheet; one city feed combines public briefings/info/input.
6540eef2dc2e,3343914078036ea4,https://fortworthgov.granicus.com/MediaPlayer.php?view_id=11&clip_id=3602,COVID-19 Community Update (English) COVID-19 Community Update (English),COVID-19 Community Update (English) COVID-19 Community Update (English),,fort-worth-tx-public-info-meetings,Public Information Meetings,Plausible family match; confirm exact event-to-recording binding before feed activation.,Exact source/body family in the 680-row worksheet; one city feed combines public briefings/info/input.
6540eef2dc2e,346b09de10e3c5e5,https://fortworthgov.granicus.com/MediaPlayer.php?view_id=11&clip_id=3614,COVID-19 Community Update (English) COVID-19 Community Update (English),COVID-19 Community Update (English) COVID-19 Community Update (English),,fort-worth-tx-public-info-meetings,Public Information Meetings,Plausible family match; confirm exact event-to-recording binding before feed activation.,Exact source/body family in the 680-row worksheet; one city feed combines public briefings/info/input.
6540eef2dc2e,356e26453902b423,https://fortworthgov.granicus.com/MediaPlayer.php?view_id=10&clip_id=4544,"Tax Foreclosed Property meeting, September 18, 2021 Tax Foreclosed Property meeting, September 18, 2021","Tax Foreclosed Property meeting, September 18, 2021 Tax Foreclosed Property meeting, September 18, 2021",,fort-worth-tx-public-info-meetings,Public Information Meetings,Plausible family match; confirm exact event-to-recording binding before feed activation.,Exact source/body family in the 680-row worksheet; one city feed combines public briefings/info/input.
6540eef2dc2e,363dd8d62d82f14c,https://fortworthgov.granicus.com/MediaPlayer.php?view_id=12&clip_id=4530,District 3 Town Hall Meeting District 3 Town Hall Meeting,District 3 Town Hall Meeting District 3 Town Hall Meeting,,fort-worth-tx-public-info-meetings,Public Information Meetings,Plausible family match; confirm exact event-to-recording binding before feed activation.,Exact source/body family in the 680-row worksheet; one city feed combines public briefings/info/input.
6540eef2dc2e,378e9eac11d89b4d,https://fortworthgov.granicus.com/MediaPlayer.php?view_id=11&clip_id=3594,COVID-19 Community Update (English) COVID-19 Community Update (English),COVID-19 Community Update (English) COVID-19 Community Update (English),,fort-worth-tx-public-info-meetings,Public Information Meetings,Plausible family match; confirm exact event-to-recording binding before feed activation.,Exact source/body family in the 680-row worksheet; one city feed combines public briefings/info/input.
6540eef2dc2e,3a3ff477ec35f844,https://fortworthgov.granicus.com/MediaPlayer.php?view_id=12&clip_id=3868,District 8 Town Hall - 2021 Budget District 8 Town Hall - 2021 Budget,District 8 Town Hall - 2021 Budget District 8 Town Hall - 2021 Budget,fort-worth-tx-city-council,fort-worth-tx-public-info-meetings,Public Information Meetings,Strong title-level candidate; confirm event date and recording link before activating the rule.,"City/source-scoped public-input, town-hall, or listening-session title. Preserve any legitimate existing body owner as a second participant only when the event is truly joint."
6540eef2dc2e,3af36383897d3c27,https://fortworthgov.granicus.com/MediaPlayer.php?view_id=12&clip_id=5924,"Police Chief Press Conference | August 22, 2025 Police Chief Press Conference | August 22, 2025","Police Chief Press Conference | August 22, 2025 Police Chief Press Conference | August 22, 2025",,fort-worth-tx-public-info-meetings,Public Information Meetings,Plausible family match; confirm exact event-to-recording binding before feed activation.,Exact source/body family in the 680-row worksheet; one city feed combines public briefings/info/input.
6540eef2dc2e,3b4478e780d2d6ab,https://fortworthgov.granicus.com/MediaPlayer.php?view_id=10&clip_id=6398,Northwest Fort Worth Town Hall Northwest Fort Worth Town Hall,Northwest Fort Worth Town Hall Northwest Fort Worth Town Hall,,fort-worth-tx-public-info-meetings,Public Information Meetings,Strong title-level candidate; confirm event date and recording link before activating the rule.,"City/source-scoped public-input, town-hall, or listening-session title. Preserve any legitimate existing body owner as a second participant only when the event is truly joint."
6540eef2dc2e,3c331a743aa196a7,https://fortworthgov.granicus.com/MediaPlayer.php?view_id=11&clip_id=3595,COVID-19 Community Update (Spanish) COVID-19 Community Update (Spanish),COVID-19 Community Update (Spanish) COVID-19 Community Update (Spanish),,fort-worth-tx-public-info-meetings,Public Information Meetings,Plausible family match; confirm exact event-to-recording binding before feed activation.,Exact source/body family in the 680-row worksheet; one city feed combines public briefings/info/input.
6540eef2dc2e,3c70d13a9cd32b41,https://fortworthgov.granicus.com/MediaPlayer.php?view_id=12&clip_id=4532,District 2 Town Hall Meeting District 2 Town Hall Meeting,District 2 Town Hall Meeting District 2 Town Hall Meeting,,fort-worth-tx-public-info-meetings,Public Information Meetings,Plausible family match; confirm exact event-to-recording binding before feed activation.,Exact source/body family in the 680-row worksheet; one city feed combines public briefings/info/input.
6540eef2dc2e,3c91718f428ba2ab,https://fortworthgov.granicus.com/MediaPlayer.php?view_id=10&clip_id=3380,"Public Forum: Candidates for Diversity and Inclusion Director of October 28, 2019 Public Forum: Candidates for Diversity and Inclusion Director of October 28, 2019","Public Forum: Candidates for Diversity and Inclusion Director of October 28, 2019 Public Forum: Candidates for Diversity and Inclusion Director of October 28, 2019",,fort-worth-tx-public-info-meetings,Public Information Meetings,Plausible family match; confirm exact event-to-recording binding before feed activation.,Exact source/body family in the 680-row worksheet; one city feed combines public briefings/info/input.
6540eef2dc2e,3d347d95a1ada2a9,https://fortworthgov.granicus.com/MediaPlayer.php?view_id=12&clip_id=5237,"Convention Center District Expansion Town Hall Meeting of August 9, 2023 Convention Center District Expansion Town Hall Meeting of August 9, 2023","Convention Center District Expansion Town Hall Meeting of August 9, 2023 Convention Center District Expansion Town Hall Meeting of August 9, 2023",,fort-worth-tx-public-info-meetings,Public Information Meetings,Plausible family match; confirm exact event-to-recording binding before feed activation.,Exact source/body family in the 680-row worksheet; one city feed combines public briefings/info/input.
6540eef2dc2e,3f0007c600ee0ec7,https://fortworthgov.granicus.com/MediaPlayer.php?view_id=12&clip_id=4162,"Virtual Community Construction Meeting - Rosemont, Shaw Clarke & Worth Heights Area Lead Replacement And Infras Virtual Community Construction Meeting - Rosemont, Shaw Clarke & Worth Heights Area Lead Replacement And Infras","Virtual Community Construction Meeting - Rosemont, Shaw Clarke & Worth Heights Area Lead Replacement And Infras Virtual Community Construction Meeting - Rosemont, Shaw Clarke & Worth Heights Area Lead Replacement And Infras",,fort-worth-tx-public-info-meetings,Public Information Meetings,Plausible family match; confirm exact event-to-recording binding before feed activation.,Exact source/body family in the 680-row worksheet; one city feed combines public briefings/info/input.
6540eef2dc2e,3f555d7d1b99cd11,https://fortworthgov.granicus.com/MediaPlayer.php?view_id=10&clip_id=4475,COVID-19 Community Update COVID-19 Community Update,COVID-19 Community Update COVID-19 Community Update,,fort-worth-tx-public-info-meetings,Public Information Meetings,Plausible family match; confirm exact event-to-recording binding before feed activation.,Exact source/body family in the 680-row worksheet; one city feed combines public briefings/info/input.
6540eef2dc2e,3f6b963e51efb55a,https://fortworthgov.granicus.com/MediaPlayer.php?view_id=12&clip_id=4624,Listening Circle with Dr. J: Public Safety Listening Circle with Dr. J: Public Safety,Listening Circle with Dr. J: Public Safety Listening Circle with Dr. J: Public Safety,,fort-worth-tx-public-info-meetings,Public Information Meetings,Plausible family match; confirm exact event-to-recording binding before feed activation.,Exact source/body family in the 680-row worksheet; one city feed combines public briefings/info/input.
6540eef2dc2e,420c71adbf7c6f22,https://fortworthgov.granicus.com/MediaPlayer.php?view_id=10&clip_id=5305,Redevelopment Of Community Arts Center at 1300 Gendy Street - Public Meeting Redevelopment Of Community Arts Center at 1300 Gendy Street - Public Meeting,Redevelopment Of Community Arts Center at 1300 Gendy Street - Public Meeting Redevelopment Of Community Arts Center at 1300 Gendy Street - Public Meeting,,fort-worth-tx-public-info-meetings,Public Information Meetings,Plausible family match; confirm exact event-to-recording binding before feed activation.,Exact source/body family in the 680-row worksheet; one city feed combines public briefings/info/input.
6540eef2dc2e,438740893e584ee6,https://fortworthgov.granicus.com/MediaPlayer.php?view_id=10&clip_id=4287,District 8 Town Hall District 8 Town Hall,District 8 Town Hall District 8 Town Hall,fort-worth-tx-city-council,fort-worth-tx-public-info-meetings,Public Information Meetings,Strong title-level candidate; confirm event date and recording link before activating the rule.,"City/source-scoped public-input, town-hall, or listening-session title. Preserve any legitimate existing body owner as a second participant only when the event is truly joint."
6540eef2dc2e,453ce1771c9805bb,https://fortworthgov.granicus.com/MediaPlayer.php?view_id=12&clip_id=4189,Press Conference Press Conference,Press Conference Press Conference,,fort-worth-tx-public-info-meetings,Public Information Meetings,Plausible family match; confirm exact event-to-recording binding before feed activation.,Exact source/body family in the 680-row worksheet; one city feed combines public briefings/info/input.
6540eef2dc2e,466d4c8e3a262323,https://fortworthgov.granicus.com/MediaPlayer.php?view_id=11&clip_id=3589,COVID-19 Community Update COVID-19 Community Update,COVID-19 Community Update COVID-19 Community Update,,fort-worth-tx-public-info-meetings,Public Information Meetings,Plausible family match; confirm exact event-to-recording binding before feed activation.,Exact source/body family in the 680-row worksheet; one city feed combines public briefings/info/input.
6540eef2dc2e,467c1e55f41518b7,https://fortworthgov.granicus.com/MediaPlayer.php?view_id=11&clip_id=3558,COVID-19 Community Update (Spanish) COVID-19 Community Update (Spanish),COVID-19 Community Update (Spanish) COVID-19 Community Update (Spanish),,fort-worth-tx-public-info-meetings,Public Information Meetings,Plausible family match; confirm exact event-to-recording binding before feed activation.,Exact source/body family in the 680-row worksheet; one city feed combines public briefings/info/input.
6540eef2dc2e,46dd83771634882f,https://fortworthgov.granicus.com/MediaPlayer.php?view_id=10&clip_id=5108,1300 Gendy Task Force Public Meeting 1300 Gendy Task Force Public Meeting,1300 Gendy Task Force Public Meeting 1300 Gendy Task Force Public Meeting,,fort-worth-tx-public-info-meetings,Public Information Meetings,Plausible family match; confirm exact event-to-recording binding before feed activation.,Exact source/body family in the 680-row worksheet; one city feed combines public briefings/info/input.
6540eef2dc2e,47507407cae3e67b,https://fortworthgov.granicus.com/MediaPlayer.php?view_id=12&clip_id=2184,Caffeinated Town Hall from WJ Turner Elementary School Caffeinated Town Hall from WJ Turner Elementary School,Caffeinated Town Hall from WJ Turner Elementary School Caffeinated Town Hall from WJ Turner Elementary School,fort-worth-tx,fort-worth-tx-public-info-meetings,Public Information Meetings,Strong title-level candidate; confirm event date and recording link before activating the rule.,"City/source-scoped public-input, town-hall, or listening-session title. Preserve any legitimate existing body owner as a second participant only when the event is truly joint."
6540eef2dc2e,48c0a1c97ea898fd,https://fortworthgov.granicus.com/MediaPlayer.php?view_id=12&clip_id=3971,Community Meeting For University Drive Community Meeting For University Drive,Community Meeting For University Drive Community Meeting For University Drive,,fort-worth-tx-public-info-meetings,Public Information Meetings,Plausible family match; confirm exact event-to-recording binding before feed activation.,Exact source/body family in the 680-row worksheet; one city feed combines public briefings/info/input.
6540eef2dc2e,49009f046b58ccd7,https://fortworthgov.granicus.com/MediaPlayer.php?view_id=12&clip_id=4113,Community Meeting - Handley Area And Central Meadowbrook Area Street Improvements Community Meeting - Handley Area And Central Meadowbrook Area Street Improvements,Community Meeting - Handley Area And Central Meadowbrook Area Street Improvements Community Meeting - Handley Area And Central Meadowbrook Area Street Improvements,,fort-worth-tx-public-info-meetings,Public Information Meetings,Plausible family match; confirm exact event-to-recording binding before feed activation.,Exact source/body family in the 680-row worksheet; one city feed combines public briefings/info/input.
6540eef2dc2e,4946b9fce978673b,https://fortworthgov.granicus.com/MediaPlayer.php?view_id=10&clip_id=4596,Listening Circle with Dr. J: Traffic Infrastructure Listening Circle with Dr. J: Traffic Infrastructure,Listening Circle with Dr. J: Traffic Infrastructure Listening Circle with Dr. J: Traffic Infrastructure,,fort-worth-tx-public-info-meetings,Public Information Meetings,Plausible family match; confirm exact event-to-recording binding before feed activation.,Exact source/body family in the 680-row worksheet; one city feed combines public briefings/info/input.
6540eef2dc2e,49748d7a8cbce050,https://fortworthgov.granicus.com/MediaPlayer.php?view_id=10&clip_id=3971,Community Meeting For University Drive Community Meeting For University Drive,Community Meeting For University Drive Community Meeting For University Drive,,fort-worth-tx-public-info-meetings,Public Information Meetings,Plausible family match; confirm exact event-to-recording binding before feed activation.,Exact source/body family in the 680-row worksheet; one city feed combines public briefings/info/input.
6540eef2dc2e,4a3c91d7437dd85a,https://fortworthgov.granicus.com/MediaPlayer.php?view_id=12&clip_id=4564,OPOM Community Conversation OPOM Community Conversation,OPOM Community Conversation OPOM Community Conversation,,fort-worth-tx-public-info-meetings,Public Information Meetings,Plausible family match; confirm exact event-to-recording binding before feed activation.,Exact source/body family in the 680-row worksheet; one city feed combines public briefings/info/input.
6540eef2dc2e,4a687157002c442a,https://fortworthgov.granicus.com/MediaPlayer.php?view_id=10&clip_id=2017,"Caffeinated Town Hall - the Bastion - September 6, 2014 Caffeinated Town Hall - the Bastion - September 6, 2014","Caffeinated Town Hall - the Bastion - September 6, 2014 Caffeinated Town Hall - the Bastion",fort-worth-tx,fort-worth-tx-public-info-meetings,Public Information Meetings,Strong title-level candidate; confirm event date and recording link before activating the rule.,"City/source-scoped public-input, town-hall, or listening-session title. Preserve any legitimate existing body owner as a second participant only when the event is truly joint."
6540eef2dc2e,4b40a967598c5f24,https://fortworthgov.granicus.com/MediaPlayer.php?view_id=11&clip_id=3567,COVID-19 Community Update (English) COVID-19 Community Update (English),COVID-19 Community Update (English) COVID-19 Community Update (English),,fort-worth-tx-public-info-meetings,Public Information Meetings,Plausible family match; confirm exact event-to-recording binding before feed activation.,Exact source/body family in the 680-row worksheet; one city feed combines public briefings/info/input.
6540eef2dc2e,4c2d37bda8f1f82f,https://fortworthgov.granicus.com/MediaPlayer.php?view_id=11&clip_id=3581,COVID-19 Community Update (Spanish) COVID-19 Community Update (Spanish),COVID-19 Community Update (Spanish) COVID-19 Community Update (Spanish),,fort-worth-tx-public-info-meetings,Public Information Meetings,Plausible family match; confirm exact event-to-recording binding before feed activation.,Exact source/body family in the 680-row worksheet; one city feed combines public briefings/info/input.
6540eef2dc2e,4ccafa420384df7f,https://fortworthgov.granicus.com/MediaPlayer.php?view_id=10&clip_id=2267,"Caffeinated Town Hall - City Life Center, August 1, 2015 Caffeinated Town Hall - City Life Center, August 1, 2015","Caffeinated Town Hall - City Life Center, August 1, 2015 Caffeinated Town Hall - City Life Center, August 1, 2015",fort-worth-tx,fort-worth-tx-public-info-meetings,Public Information Meetings,Strong title-level candidate; confirm event date and recording link before activating the rule.,"City/source-scoped public-input, town-hall, or listening-session title. Preserve any legitimate existing body owner as a second participant only when the event is truly joint."
6540eef2dc2e,4d2d437afc6fe9cb,https://fortworthgov.granicus.com/MediaPlayer.php?view_id=10&clip_id=5246,Neighborhood Conservation Plan & Housing Affordability Strategy Meeting Neighborhood Conservation Plan & Housing Affordability Strategy Meeting,Neighborhood Conservation Plan & Housing Affordability Strategy Meeting Neighborhood Conservation Plan & Housing Affordability Strategy Meeting,,fort-worth-tx-public-info-meetings,Public Information Meetings,Plausible family match; confirm exact event-to-recording binding before feed activation.,Exact source/body family in the 680-row worksheet; one city feed combines public briefings/info/input.
6540eef2dc2e,4d6fd10ca9726ed7,https://fortworthgov.granicus.com/MediaPlayer.php?view_id=10&clip_id=3560,COVID-19 Community Update (English) COVID-19 Community Update (English),COVID-19 Community Update (English) COVID-19 Community Update (English),,fort-worth-tx-public-info-meetings,Public Information Meetings,Plausible family match; confirm exact event-to-recording binding before feed activation.,Exact source/body family in the 680-row worksheet; one city feed combines public briefings/info/input.
6540eef2dc2e,4d9d536f72418712,https://fortworthgov.granicus.com/MediaPlayer.php?view_id=12&clip_id=3933,District 3 Town Hall District 3 Town Hall,District 3 Town Hall District 3 Town Hall,,fort-worth-tx-public-info-meetings,Public Information Meetings,Plausible family match; confirm exact event-to-recording binding before feed activation.,Exact source/body family in the 680-row worksheet; one city feed combines public briefings/info/input.
6540eef2dc2e,559c9d5abdefcfe0,https://fortworthgov.granicus.com/MediaPlayer.php?view_id=11&clip_id=3564,COVID-19 Community Update (English) COVID-19 Community Update (English),COVID-19 Community Update (English) COVID-19 Community Update (English),,fort-worth-tx-public-info-meetings,Public Information Meetings,Plausible family match; confirm exact event-to-recording binding before feed activation.,Exact source/body family in the 680-row worksheet; one city feed combines public briefings/info/input.
6540eef2dc2e,55f082d53e2b98f9,https://fortworthgov.granicus.com/MediaPlayer.php?view_id=10&clip_id=4530,District 3 Town Hall Meeting District 3 Town Hall Meeting,District 3 Town Hall Meeting District 3 Town Hall Meeting,,fort-worth-tx-public-info-meetings,Public Information Meetings,Plausible family match; confirm exact event-to-recording binding before feed activation.,Exact source/body family in the 680-row worksheet; one city feed combines public briefings/info/input.
6540eef2dc2e,57f734a8c9bfb489,https://fortworthgov.granicus.com/MediaPlayer.php?view_id=12&clip_id=3780,District Two Town Hall District Two Town Hall,District Two Town Hall District Two Town Hall,fort-worth-tx-city-council,fort-worth-tx-public-info-meetings,Public Information Meetings,Strong title-level candidate; confirm event date and recording link before activating the rule.,"City/source-scoped public-input, town-hall, or listening-session title. Preserve any legitimate existing body owner as a second participant only when the event is truly joint."
6540eef2dc2e,5819751c76ed5dd8,https://fortworthgov.granicus.com/MediaPlayer.php?view_id=11&clip_id=3548,COVID-19 Community Update (Spanish) COVID-19 Community Update (Spanish),COVID-19 Community Update (Spanish) COVID-19 Community Update (Spanish),,fort-worth-tx-public-info-meetings,Public Information Meetings,Plausible family match; confirm exact event-to-recording binding before feed activation.,Exact source/body family in the 680-row worksheet; one city feed combines public briefings/info/input.
6540eef2dc2e,58d009d05cf7734c,https://fortworthgov.granicus.com/MediaPlayer.php?view_id=10&clip_id=3552,COVID-19 Community Update (Spanish) COVID-19 Community Update (Spanish),COVID-19 Community Update (Spanish) COVID-19 Community Update (Spanish),,fort-worth-tx-public-info-meetings,Public Information Meetings,Plausible family match; confirm exact event-to-recording binding before feed activation.,Exact source/body family in the 680-row worksheet; one city feed combines public briefings/info/input.
6540eef2dc2e,58e27408df3b8824,https://fortworthgov.granicus.com/MediaPlayer.php?view_id=10&clip_id=5238,"Ray White Road Widening Improvements meeting of August 10, 2023 Ray White Road Widening Improvements meeting of August 10, 2023","Ray White Road Widening Improvements meeting of August 10, 2023 Ray White Road Widening Improvements meeting of August 10, 2023",,fort-worth-tx-public-info-meetings,Public Information Meetings,Plausible family match; confirm exact event-to-recording binding before feed activation.,Exact source/body family in the 680-row worksheet; one city feed combines public briefings/info/input.
6540eef2dc2e,597c0a293ecf96c2,https://fortworthgov.granicus.com/MediaPlayer.php?view_id=10&clip_id=5019,"District 5 Leadership Meeting of December 17, 2022 District 5 Leadership Meeting of December 17, 2022","District 5 Leadership Meeting of December 17, 2022 District 5 Leadership Meeting of December 17, 2022",,fort-worth-tx-public-info-meetings,Public Information Meetings,Plausible family match; confirm exact event-to-recording binding before feed activation.,Exact source/body family in the 680-row worksheet; one city feed combines public briefings/info/input.
6540eef2dc2e,59e20dedd2bea28c,https://fortworthgov.granicus.com/MediaPlayer.php?view_id=12&clip_id=2891,"Neighborhood Workshop: Tarrant County Services - January 20, 2018 Neighborhood Workshop: Tarrant County Services - January 20, 2018","Neighborhood Workshop: Tarrant County Services - January 20, 2018 Neighborhood Workshop: Tarrant County Services",,fort-worth-tx-public-info-meetings,Public Information Meetings,Plausible family match; confirm exact event-to-recording binding before feed activation.,Exact source/body family in the 680-row worksheet; one city feed combines public briefings/info/input.
6540eef2dc2e,5ae09c272212898e,https://fortworthgov.granicus.com/MediaPlayer.php?view_id=12&clip_id=2921,Race and Culture Task Force Townhall Race and Culture Task Force Townhall,Race and Culture Task Force Townhall Race and Culture Task Force Townhall,,fort-worth-tx-public-info-meetings,Public Information Meetings,Plausible family match; confirm exact event-to-recording binding before feed activation.,Exact source/body family in the 680-row worksheet; one city feed combines public briefings/info/input.
6540eef2dc2e,5b8a7e939c6a7af4,https://fortworthgov.granicus.com/MediaPlayer.php?view_id=10&clip_id=3780,District Two Town Hall District Two Town Hall,District Two Town Hall District Two Town Hall,fort-worth-tx-city-council,fort-worth-tx-public-info-meetings,Public Information Meetings,Strong title-level candidate; confirm event date and recording link before activating the rule.,"City/source-scoped public-input, town-hall, or listening-session title. Preserve any legitimate existing body owner as a second participant only when the event is truly joint."
6540eef2dc2e,5c8fad3b3da25d7d,https://fortworthgov.granicus.com/MediaPlayer.php?view_id=10&clip_id=4624,Listening Circle with Dr. J: Public Safety Listening Circle with Dr. J: Public Safety,Listening Circle with Dr. J: Public Safety Listening Circle with Dr. J: Public Safety,,fort-worth-tx-public-info-meetings,Public Information Meetings,Plausible family match; confirm exact event-to-recording binding before feed activation.,Exact source/body family in the 680-row worksheet; one city feed combines public briefings/info/input.
6540eef2dc2e,5d14ecbe88d19c06,https://fortworthgov.granicus.com/MediaPlayer.php?view_id=10&clip_id=3997,Bellaire Drive South Bike Lane Virtual Community Meeting Bellaire Drive South Bike Lane Virtual Community Meeting,Bellaire Drive South Bike Lane Virtual Community Meeting Bellaire Drive South Bike Lane Virtual Community Meeting,,fort-worth-tx-public-info-meetings,Public Information Meetings,Plausible family match; confirm exact event-to-recording binding before feed activation.,Exact source/body family in the 680-row worksheet; one city feed combines public briefings/info/input.
6540eef2dc2e,5da2e40a28818699,https://fortworthgov.granicus.com/MediaPlayer.php?view_id=11&clip_id=3580,COVID-19 Community Update (English) COVID-19 Community Update (English),COVID-19 Community Update (English) COVID-19 Community Update (English),,fort-worth-tx-public-info-meetings,Public Information Meetings,Plausible family match; confirm exact event-to-recording binding before feed activation.,Exact source/body family in the 680-row worksheet; one city feed combines public briefings/info/input.
6540eef2dc2e,5e28dbea9ff1808e,https://fortworthgov.granicus.com/MediaPlayer.php?view_id=11&clip_id=3597,COVID-19 Community Update (English) COVID-19 Community Update (English),COVID-19 Community Update (English) COVID-19 Community Update (English),,fort-worth-tx-public-info-meetings,Public Information Meetings,Plausible family match; confirm exact event-to-recording binding before feed activation.,Exact source/body family in the 680-row worksheet; one city feed combines public briefings/info/input.
6540eef2dc2e,5fa8d9ef0641fbc2,https://fortworthgov.granicus.com/MediaPlayer.php?view_id=10&clip_id=4533,District 5 Town Hall Meeting District 5 Town Hall Meeting,District 5 Town Hall Meeting District 5 Town Hall Meeting,,fort-worth-tx-public-info-meetings,Public Information Meetings,Plausible family match; confirm exact event-to-recording binding before feed activation.,Exact source/body family in the 680-row worksheet; one city feed combines public briefings/info/input.
6540eef2dc2e,60a87b885150e55c,9c0142c1-7f7a-11f0-a766-005056a89546,"Police Chief Press Conference | August 22, 2025 - Aug 22, 2025","Police Chief Press Conference | August 22, 2025",,fort-worth-tx-public-info-meetings,Public Information Meetings,Plausible family match; confirm exact event-to-recording binding before feed activation.,Exact source/body family in the 680-row worksheet; one city feed combines public briefings/info/input.
6540eef2dc2e,61ba19a678724dc0,https://fortworthgov.granicus.com/MediaPlayer.php?view_id=12&clip_id=5190,"Press Conference of June 24, 2023 Press Conference of June 24, 2023","Press Conference of June 24, 2023 Press Conference of June 24, 2023",,fort-worth-tx-public-info-meetings,Public Information Meetings,Plausible family match; confirm exact event-to-recording binding before feed activation.,Exact source/body family in the 680-row worksheet; one city feed combines public briefings/info/input.
6540eef2dc2e,62454f6b5126592d,https://fortworthgov.granicus.com/MediaPlayer.php?view_id=10&clip_id=4113,Community Meeting - Handley Area And Central Meadowbrook Area Street Improvements Community Meeting - Handley Area And Central Meadowbrook Area Street Improvements,Community Meeting - Handley Area And Central Meadowbrook Area Street Improvements Community Meeting - Handley Area And Central Meadowbrook Area Street Improvements,,fort-worth-tx-public-info-meetings,Public Information Meetings,Plausible family match; confirm exact event-to-recording binding before feed activation.,Exact source/body family in the 680-row worksheet; one city feed combines public briefings/info/input.
6540eef2dc2e,6494b2049952f629,https://fortworthgov.granicus.com/MediaPlayer.php?view_id=12&clip_id=1385,Salt Water Disposal Well Public Meeting Salt Water Disposal Well Public Meeting,Salt Water Disposal Well Public Meeting Salt Water Disposal Well Public Meeting,,fort-worth-tx-public-info-meetings,Public Information Meetings,Plausible family match; confirm exact event-to-recording binding before feed activation.,Exact source/body family in the 680-row worksheet; one city feed combines public briefings/info/input.
6540eef2dc2e,6530dc5c2ddb7567,https://fortworthgov.granicus.com/MediaPlayer.php?view_id=10&clip_id=3557,COVID-19 Community Update (Spanish) COVID-19 Community Update (Spanish),COVID-19 Community Update (Spanish) COVID-19 Community Update (Spanish),,fort-worth-tx-public-info-meetings,Public Information Meetings,Plausible family match; confirm exact event-to-recording binding before feed activation.,Exact source/body family in the 680-row worksheet; one city feed combines public briefings/info/input.
6540eef2dc2e,65fa89f1de561bf1,https://fortworthgov.granicus.com/MediaPlayer.php?view_id=10&clip_id=3581,COVID-19 Community Update (Spanish) COVID-19 Community Update (Spanish),COVID-19 Community Update (Spanish) COVID-19 Community Update (Spanish),,fort-worth-tx-public-info-meetings,Public Information Meetings,Plausible family match; confirm exact event-to-recording binding before feed activation.,Exact source/body family in the 680-row worksheet; one city feed combines public briefings/info/input.
6540eef2dc2e,67ccce2c986e77b1,https://fortworthgov.granicus.com/MediaPlayer.php?view_id=12&clip_id=333,Southwest Parkway Project Workshop Southwest Parkway Project Workshop,Southwest Parkway Project Workshop Southwest Parkway Project Workshop,,fort-worth-tx-public-info-meetings,Public Information Meetings,Plausible family match; confirm exact event-to-recording binding before feed activation.,Exact source/body family in the 680-row worksheet; one city feed combines public briefings/info/input.
6540eef2dc2e,68630d297a8b5c07,https://fortworthgov.granicus.com/MediaPlayer.php?view_id=12&clip_id=5108,1300 Gendy Task Force Public Meeting 1300 Gendy Task Force Public Meeting,1300 Gendy Task Force Public Meeting 1300 Gendy Task Force Public Meeting,,fort-worth-tx-public-info-meetings,Public Information Meetings,Plausible family match; confirm exact event-to-recording binding before feed activation.,Exact source/body family in the 680-row worksheet; one city feed combines public briefings/info/input.
6540eef2dc2e,6874d6d6791b53ad,https://fortworthgov.granicus.com/MediaPlayer.php?view_id=10&clip_id=3622,COVID-19 Community Update (English) COVID-19 Community Update (English),COVID-19 Community Update (English) COVID-19 Community Update (English),,fort-worth-tx-public-info-meetings,Public Information Meetings,Plausible family match; confirm exact event-to-recording binding before feed activation.,Exact source/body family in the 680-row worksheet; one city feed combines public briefings/info/input.
6540eef2dc2e,68b0f03b7c42df7c,https://fortworthgov.granicus.com/MediaPlayer.php?view_id=10&clip_id=4553,District 8 Town Hall Meeting District 8 Town Hall Meeting,District 8 Town Hall Meeting District 8 Town Hall Meeting,,fort-worth-tx-public-info-meetings,Public Information Meetings,Plausible family match; confirm exact event-to-recording binding before feed activation.,Exact source/body family in the 680-row worksheet; one city feed combines public briefings/info/input.
6540eef2dc2e,6a8930ffd99d690c,https://fortworthgov.granicus.com/MediaPlayer.php?view_id=10&clip_id=4176,Police Chief Candidate Public Forum Police Chief Candidate Public Forum,Police Chief Candidate Public Forum Police Chief Candidate Public Forum,,fort-worth-tx-public-info-meetings,Public Information Meetings,Plausible family match; confirm exact event-to-recording binding before feed activation.,Exact source/body family in the 680-row worksheet; one city feed combines public briefings/info/input.
6540eef2dc2e,6b92f1bc7c148642,https://fortworthgov.granicus.com/MediaPlayer.php?view_id=12&clip_id=3876,District 2 Town Hall District 2 Town Hall,District 2 Town Hall District 2 Town Hall,fort-worth-tx-city-council,fort-worth-tx-public-info-meetings,Public Information Meetings,Strong title-level candidate; confirm event date and recording link before activating the rule.,"City/source-scoped public-input, town-hall, or listening-session title. Preserve any legitimate existing body owner as a second participant only when the event is truly joint."
6540eef2dc2e,6baf1bf5f92c0937,https://fortworthgov.granicus.com/MediaPlayer.php?view_id=10&clip_id=3614,COVID-19 Community Update (English) COVID-19 Community Update (English),COVID-19 Community Update (English) COVID-19 Community Update (English),,fort-worth-tx-public-info-meetings,Public Information Meetings,Plausible family match; confirm exact event-to-recording binding before feed activation.,Exact source/body family in the 680-row worksheet; one city feed combines public briefings/info/input.
6540eef2dc2e,6c685985ba987223,https://fortworthgov.granicus.com/MediaPlayer.php?view_id=10&clip_id=4916,Budget Engagement Meeting - City Manager's presentation Budget Engagement Meeting - City Manager's presentation,Budget Engagement Meeting - City Manager's presentation Budget Engagement Meeting - City Manager's presentation,,fort-worth-tx-public-info-meetings,Public Information Meetings,Plausible family match; confirm exact event-to-recording binding before feed activation.,Exact source/body family in the 680-row worksheet; one city feed combines public briefings/info/input.
6540eef2dc2e,6d136cc29d2823db,https://fortworthgov.granicus.com/MediaPlayer.php?view_id=10&clip_id=3609,COVID-19 Community Update (English) COVID-19 Community Update (English),COVID-19 Community Update (English) COVID-19 Community Update (English),,fort-worth-tx-public-info-meetings,Public Information Meetings,Plausible family match; confirm exact event-to-recording binding before feed activation.,Exact source/body family in the 680-row worksheet; one city feed combines public briefings/info/input.
6540eef2dc2e,726c034363b39573,https://fortworthgov.granicus.com/MediaPlayer.php?view_id=10&clip_id=3556,COVID-19 Community Update (Spanish) COVID-19 Community Update (Spanish),COVID-19 Community Update (Spanish) COVID-19 Community Update (Spanish),,fort-worth-tx-public-info-meetings,Public Information Meetings,Plausible family match; confirm exact event-to-recording binding before feed activation.,Exact source/body family in the 680-row worksheet; one city feed combines public briefings/info/input.
6540eef2dc2e,72898ec0a6aa8169,https://fortworthgov.granicus.com/MediaPlayer.php?view_id=10&clip_id=3562,COVID-19 Press Conference COVID-19 Press Conference,COVID-19 Press Conference COVID-19 Press Conference,,fort-worth-tx-public-info-meetings,Public Information Meetings,Plausible family match; confirm exact event-to-recording binding before feed activation.,Exact source/body family in the 680-row worksheet; one city feed combines public briefings/info/input.
6540eef2dc2e,72abb8d0b739aa96,https://fortworthgov.granicus.com/MediaPlayer.php?view_id=10&clip_id=2638,"Practical Tips for Successful Meetings Neighborhood Workshop - January 7, 2017 Practical Tips for Successful Meetings Neighborhood Workshop - January 7, 2017","Practical Tips for Successful Meetings Neighborhood Workshop - January 7, 2017 Practical Tips for Successful Meetings Neighborhood Workshop",,fort-worth-tx-public-info-meetings,Public Information Meetings,Plausible family match; confirm exact event-to-recording binding before feed activation.,Exact source/body family in the 680-row worksheet; one city feed combines public briefings/info/input.
6540eef2dc2e,72ce4840fd8e2963,https://fortworthgov.granicus.com/MediaPlayer.php?view_id=11&clip_id=3632,COVID-19 Community Update (English) COVID-19 Community Update (English),COVID-19 Community Update (English) COVID-19 Community Update (English),,fort-worth-tx-public-info-meetings,Public Information Meetings,Plausible family match; confirm exact event-to-recording binding before feed activation.,Exact source/body family in the 680-row worksheet; one city feed combines public briefings/info/input.
6540eef2dc2e,72e4111ebf259a8f,https://fortworthgov.granicus.com/MediaPlayer.php?view_id=10&clip_id=2894,"Neighborhood Workshop: Helping The Homeless - January 20, 2018 Neighborhood Workshop: Helping The Homeless - January 20, 2018","Neighborhood Workshop: Helping The Homeless - January 20, 2018 Neighborhood Workshop: Helping The Homeless",,fort-worth-tx-public-info-meetings,Public Information Meetings,Plausible family match; confirm exact event-to-recording binding before feed activation.,Exact source/body family in the 680-row worksheet; one city feed combines public briefings/info/input.
6540eef2dc2e,73024c8e57f9324b,https://fortworthgov.granicus.com/MediaPlayer.php?view_id=10&clip_id=4356,"Community Design Meeting For The New York, Main, Morningside, Capps, Page And Alley Infrastructure Improvement Community Design Meeting For The New York, Main, Morningside, Capps, Page And Alley Infrastructure Improvement","Community Design Meeting For The New York, Main, Morningside, Capps, Page And Alley Infrastructure Improvement Community Design Meeting For The New York, Main, Morningside, Capps, Page And Alley Infrastructure Improvement",,fort-worth-tx-public-info-meetings,Public Information Meetings,Plausible family match; confirm exact event-to-recording binding before feed activation.,Exact source/body family in the 680-row worksheet; one city feed combines public briefings/info/input.
6540eef2dc2e,73e4e18b708b0911,https://fortworthgov.granicus.com/MediaPlayer.php?view_id=11&clip_id=3622,COVID-19 Community Update (English) COVID-19 Community Update (English),COVID-19 Community Update (English) COVID-19 Community Update (English),,fort-worth-tx-public-info-meetings,Public Information Meetings,Plausible family match; confirm exact event-to-recording binding before feed activation.,Exact source/body family in the 680-row worksheet; one city feed combines public briefings/info/input.
6540eef2dc2e,745837fecf0dee9b,https://fortworthgov.granicus.com/MediaPlayer.php?view_id=11&clip_id=3572,COVID-19 Community Update (English) COVID-19 Community Update (English),COVID-19 Community Update (English) COVID-19 Community Update (English),,fort-worth-tx-public-info-meetings,Public Information Meetings,Plausible family match; confirm exact event-to-recording binding before feed activation.,Exact source/body family in the 680-row worksheet; one city feed combines public briefings/info/input.
6540eef2dc2e,7548aba7ad4ae119,https://fortworthgov.granicus.com/MediaPlayer.php?view_id=10&clip_id=2170,Public Input Meeting for CCPD FY2016 Budget Public Input Meeting for CCPD FY2016 Budget,Public Input Meeting for CCPD FY2016 Budget Public Input Meeting for CCPD FY2016 Budget,fort-worth-tx-crime-control-and-prevention-district,fort-worth-tx-public-info-meetings,Public Information Meetings,Strong title-level candidate; confirm event date and recording link before activating the rule.,"City/source-scoped public-input, town-hall, or listening-session title. Preserve any legitimate existing body owner as a second participant only when the event is truly joint."
6540eef2dc2e,762e3eb0682f26e3,https://fortworthgov.granicus.com/MediaPlayer.php?view_id=12&clip_id=2088,"Caffeinated Town Hall - Frank Kent Honda - December 6, 2014 Caffeinated Town Hall - Frank Kent Honda - December 6, 2014","Caffeinated Town Hall - Frank Kent Honda - December 6, 2014 Caffeinated Town Hall - Frank Kent Honda",fort-worth-tx,fort-worth-tx-public-info-meetings,Public Information Meetings,Strong title-level candidate; confirm event date and recording link before activating the rule.,"City/source-scoped public-input, town-hall, or listening-session title. Preserve any legitimate existing body owner as a second participant only when the event is truly joint."
6540eef2dc2e,76b0ac529639fe11,https://fortworthgov.granicus.com/MediaPlayer.php?view_id=10&clip_id=5055,"City of Fort Worth Winter Weather Update January 31, 2023 City of Fort Worth Winter Weather Update January 31, 2023","City of Fort Worth Winter Weather Update January 31, 2023 City of Fort Worth Winter Weather Update January 31, 2023",,fort-worth-tx-public-info-meetings,Public Information Meetings,Plausible family match; confirm exact event-to-recording binding before feed activation.,Exact source/body family in the 680-row worksheet; one city feed combines public briefings/info/input.
6540eef2dc2e,788f07fee2320fee,https://fortworthgov.granicus.com/MediaPlayer.php?view_id=10&clip_id=1385,Salt Water Disposal Well Public Meeting Salt Water Disposal Well Public Meeting,Salt Water Disposal Well Public Meeting Salt Water Disposal Well Public Meeting,,fort-worth-tx-public-info-meetings,Public Information Meetings,Plausible family match; confirm exact event-to-recording binding before feed activation.,Exact source/body family in the 680-row worksheet; one city feed combines public briefings/info/input.
6540eef2dc2e,7a80b4676dfdeda5,https://fortworthgov.granicus.com/MediaPlayer.php?view_id=10&clip_id=3597,COVID-19 Community Update (English) COVID-19 Community Update (English),COVID-19 Community Update (English) COVID-19 Community Update (English),,fort-worth-tx-public-info-meetings,Public Information Meetings,Plausible family match; confirm exact event-to-recording binding before feed activation.,Exact source/body family in the 680-row worksheet; one city feed combines public briefings/info/input.
6540eef2dc2e,7abe2061c825b071,https://fortworthgov.granicus.com/MediaPlayer.php?view_id=10&clip_id=2088,"Caffeinated Town Hall - Frank Kent Honda - December 6, 2014 Caffeinated Town Hall - Frank Kent Honda - December 6, 2014","Caffeinated Town Hall - Frank Kent Honda - December 6, 2014 Caffeinated Town Hall - Frank Kent Honda",fort-worth-tx,fort-worth-tx-public-info-meetings,Public Information Meetings,Strong title-level candidate; confirm event date and recording link before activating the rule.,"City/source-scoped public-input, town-hall, or listening-session title. Preserve any legitimate existing body owner as a second participant only when the event is truly joint."
6540eef2dc2e,7c1c073b9566220f,https://fortworthgov.granicus.com/MediaPlayer.php?view_id=10&clip_id=4994,7th Annual Business Fair Panel Discussion 7th Annual Business Fair Panel Discussion,7th Annual Business Fair Panel Discussion 7th Annual Business Fair Panel Discussion,,fort-worth-tx-public-info-meetings,Public Information Meetings,Plausible family match; confirm exact event-to-recording binding before feed activation.,Exact source/body family in the 680-row worksheet; one city feed combines public briefings/info/input.
6540eef2dc2e,7dbb339358a59fe1,https://fortworthgov.granicus.com/MediaPlayer.php?view_id=10&clip_id=4077,Community Meeting - Handley Area And Central Meadowbrook Area Street Improvements Community Meeting - Handley Area And Central Meadowbrook Area Street Improvements,Community Meeting - Handley Area And Central Meadowbrook Area Street Improvements Community Meeting - Handley Area And Central Meadowbrook Area Street Improvements,,fort-worth-tx-public-info-meetings,Public Information Meetings,Plausible family match; confirm exact event-to-recording binding before feed activation.,Exact source/body family in the 680-row worksheet; one city feed combines public briefings/info/input.
6540eef2dc2e,7fd5958f9cf8674f,https://fortworthgov.granicus.com/MediaPlayer.php?view_id=10&clip_id=3864,Risinger At I35 Improvements Risinger At I35 Improvements,Risinger At I35 Improvements Risinger At I35 Improvements,,fort-worth-tx-public-info-meetings,Public Information Meetings,Plausible family match; confirm exact event-to-recording binding before feed activation.,Exact source/body family in the 680-row worksheet; one city feed combines public briefings/info/input.
6540eef2dc2e,7fff0072b7cd2e52,https://fortworthgov.granicus.com/MediaPlayer.php?view_id=11&clip_id=3628,COVID-19 Community Update (English) COVID-19 Community Update (English),COVID-19 Community Update (English) COVID-19 Community Update (English),,fort-worth-tx-public-info-meetings,Public Information Meetings,Plausible family match; confirm exact event-to-recording binding before feed activation.,Exact source/body family in the 680-row worksheet; one city feed combines public briefings/info/input.
6540eef2dc2e,80dad5cca7f65616,https://fortworthgov.granicus.com/MediaPlayer.php?view_id=10&clip_id=4124,Community Meeting For East 4Th Streeteast 1St Street Striping And Bicycle Trail Improvements Community Meeting For East 4Th Streeteast 1St Street Striping And Bicycle Trail Improvements,Community Meeting For East 4Th Streeteast 1St Street Striping And Bicycle Trail Improvements Community Meeting For East 4Th Streeteast 1St Street Striping And Bicycle Trail Improvements,,fort-worth-tx-public-info-meetings,Public Information Meetings,Plausible family match; confirm exact event-to-recording binding before feed activation.,Exact source/body family in the 680-row worksheet; one city feed combines public briefings/info/input.
6540eef2dc2e,83c9b49411efdc67,https://fortworthgov.granicus.com/MediaPlayer.php?view_id=12&clip_id=4525,District 6 Town Hall Meeting District 6 Town Hall Meeting,District 6 Town Hall Meeting District 6 Town Hall Meeting,,fort-worth-tx-public-info-meetings,Public Information Meetings,Plausible family match; confirm exact event-to-recording binding before feed activation.,Exact source/body family in the 680-row worksheet; one city feed combines public briefings/info/input.
6540eef2dc2e,8560372df8a701f2,https://fortworthgov.granicus.com/MediaPlayer.php?view_id=10&clip_id=3548,COVID-19 Community Update (Spanish) COVID-19 Community Update (Spanish),COVID-19 Community Update (Spanish) COVID-19 Community Update (Spanish),,fort-worth-tx-public-info-meetings,Public Information Meetings,Plausible family match; confirm exact event-to-recording binding before feed activation.,Exact source/body family in the 680-row worksheet; one city feed combines public briefings/info/input.
6540eef2dc2e,85925878cc450260,https://fortworthgov.granicus.com/MediaPlayer.php?view_id=10&clip_id=3933,District 3 Town Hall District 3 Town Hall,District 3 Town Hall District 3 Town Hall,,fort-worth-tx-public-info-meetings,Public Information Meetings,Plausible family match; confirm exact event-to-recording binding before feed activation.,Exact source/body family in the 680-row worksheet; one city feed combines public briefings/info/input.
6540eef2dc2e,883eed50d9fb426f,https://fortworthgov.granicus.com/MediaPlayer.php?view_id=12&clip_id=4287,District 8 Town Hall District 8 Town Hall,District 8 Town Hall District 8 Town Hall,fort-worth-tx-city-council,fort-worth-tx-public-info-meetings,Public Information Meetings,Strong title-level candidate; confirm event date and recording link before activating the rule.,"City/source-scoped public-input, town-hall, or listening-session title. Preserve any legitimate existing body owner as a second participant only when the event is truly joint."
6540eef2dc2e,887c4c9446d92aa4,https://fortworthgov.granicus.com/MediaPlayer.php?view_id=12&clip_id=5010,Altamesa/McCart Safe Community Collaboration Altamesa/McCart Safe Community Collaboration,Altamesa/McCart Safe Community Collaboration Altamesa/McCart Safe Community Collaboration,,fort-worth-tx-public-info-meetings,Public Information Meetings,Plausible family match; confirm exact event-to-recording binding before feed activation.,Exact source/body family in the 680-row worksheet; one city feed combines public briefings/info/input.
6540eef2dc2e,898259470626a36d,https://fortworthgov.granicus.com/MediaPlayer.php?view_id=11&clip_id=3617,COVID-19 Community Update (Spanish) COVID-19 Community Update (Spanish),COVID-19 Community Update (Spanish) COVID-19 Community Update (Spanish),,fort-worth-tx-public-info-meetings,Public Information Meetings,Plausible family match; confirm exact event-to-recording binding before feed activation.,Exact source/body family in the 680-row worksheet; one city feed combines public briefings/info/input.
6540eef2dc2e,8a0770d064e33520,https://fortworthgov.granicus.com/MediaPlayer.php?view_id=12&clip_id=1074,Modern Streetcar Town Hall Meeting Modern Streetcar Town Hall Meeting,Modern Streetcar Town Hall Meeting Modern Streetcar Town Hall Meeting,,fort-worth-tx-public-info-meetings,Public Information Meetings,Plausible family match; confirm exact event-to-recording binding before feed activation.,Exact source/body family in the 680-row worksheet; one city feed combines public briefings/info/input.
6540eef2dc2e,8a4bac93749edea5,https://fortworthgov.granicus.com/MediaPlayer.php?view_id=12&clip_id=4544,"Tax Foreclosed Property meeting, September 18, 2021 Tax Foreclosed Property meeting, September 18, 2021","Tax Foreclosed Property meeting, September 18, 2021 Tax Foreclosed Property meeting, September 18, 2021",,fort-worth-tx-public-info-meetings,Public Information Meetings,Plausible family match; confirm exact event-to-recording binding before feed activation.,Exact source/body family in the 680-row worksheet; one city feed combines public briefings/info/input.
6540eef2dc2e,8ad4bb2f8ee24f92,https://fortworthgov.granicus.com/MediaPlayer.php?view_id=11&clip_id=3615,COVID-19 Community Update (English) COVID-19 Community Update (English),COVID-19 Community Update (English) COVID-19 Community Update (English),,fort-worth-tx-public-info-meetings,Public Information Meetings,Plausible family match; confirm exact event-to-recording binding before feed activation.,Exact source/body family in the 680-row worksheet; one city feed combines public briefings/info/input.
6540eef2dc2e,8b53abd982eef1cc,https://fortworthgov.granicus.com/MediaPlayer.php?view_id=12&clip_id=4533,District 5 Town Hall Meeting District 5 Town Hall Meeting,District 5 Town Hall Meeting District 5 Town Hall Meeting,,fort-worth-tx-public-info-meetings,Public Information Meetings,Plausible family match; confirm exact event-to-recording binding before feed activation.,Exact source/body family in the 680-row worksheet; one city feed combines public briefings/info/input.
6540eef2dc2e,8b8da067a8ca7e6b,https://fortworthgov.granicus.com/MediaPlayer.php?view_id=10&clip_id=3558,COVID-19 Community Update (Spanish) COVID-19 Community Update (Spanish),COVID-19 Community Update (Spanish) COVID-19 Community Update (Spanish),,fort-worth-tx-public-info-meetings,Public Information Meetings,Plausible family match; confirm exact event-to-recording binding before feed activation.,Exact source/body family in the 680-row worksheet; one city feed combines public briefings/info/input.
6540eef2dc2e,8b965c806e611137,https://fortworthgov.granicus.com/MediaPlayer.php?view_id=12&clip_id=5305,Redevelopment Of Community Arts Center at 1300 Gendy Street - Public Meeting Redevelopment Of Community Arts Center at 1300 Gendy Street - Public Meeting,Redevelopment Of Community Arts Center at 1300 Gendy Street - Public Meeting Redevelopment Of Community Arts Center at 1300 Gendy Street - Public Meeting,,fort-worth-tx-public-info-meetings,Public Information Meetings,Plausible family match; confirm exact event-to-recording binding before feed activation.,Exact source/body family in the 680-row worksheet; one city feed combines public briefings/info/input.
6540eef2dc2e,8bad9cd37fba5085,https://fortworthgov.granicus.com/MediaPlayer.php?view_id=11&clip_id=3569,COVID-19 Community Update (Spanish) COVID-19 Community Update (Spanish),COVID-19 Community Update (Spanish) COVID-19 Community Update (Spanish),,fort-worth-tx-public-info-meetings,Public Information Meetings,Plausible family match; confirm exact event-to-recording binding before feed activation.,Exact source/body family in the 680-row worksheet; one city feed combines public briefings/info/input.
6540eef2dc2e,8c5ed31ec5d2b3e0,https://fortworthgov.granicus.com/MediaPlayer.php?view_id=12&clip_id=5182,"Echo Heights Public Meeting of June 12, 2023 Echo Heights Public Meeting of June 12, 2023","Echo Heights Public Meeting of June 12, 2023 Echo Heights Public Meeting of June 12, 2023",,fort-worth-tx-public-info-meetings,Public Information Meetings,Plausible family match; confirm exact event-to-recording binding before feed activation.,Exact source/body family in the 680-row worksheet; one city feed combines public briefings/info/input.
6540eef2dc2e,8da984d4124a7df8,https://fortworthgov.granicus.com/MediaPlayer.php?view_id=12&clip_id=4599,Fall 2021 Virtual OPOM Community Conversations Fall 2021 Virtual OPOM Community Conversations,Fall 2021 Virtual OPOM Community Conversations Fall 2021 Virtual OPOM Community Conversations,,fort-worth-tx-public-info-meetings,Public Information Meetings,Plausible family match; confirm exact event-to-recording binding before feed activation.,Exact source/body family in the 680-row worksheet; one city feed combines public briefings/info/input.
6540eef2dc2e,8e07bc98263da32f,https://fortworthgov.granicus.com/MediaPlayer.php?view_id=12&clip_id=2624,"Keep Fort Worth Beautiful Neighborhood Workshop - January 7, 2017 Keep Fort Worth Beautiful Neighborhood Workshop - January 7, 2017","Keep Fort Worth Beautiful Neighborhood Workshop - January 7, 2017 Keep Fort Worth Beautiful Neighborhood Workshop",,fort-worth-tx-public-info-meetings,Public Information Meetings,Plausible family match; confirm exact event-to-recording binding before feed activation.,Exact source/body family in the 680-row worksheet; one city feed combines public briefings/info/input.
6540eef2dc2e,8f7acbc9ec755952,https://fortworthgov.granicus.com/MediaPlayer.php?view_id=10&clip_id=3995,Community Meeting For Riverside Area Street Reconstruction Community Meeting For Riverside Area Street Reconstruction,Community Meeting For Riverside Area Street Reconstruction Community Meeting For Riverside Area Street Reconstruction,,fort-worth-tx-public-info-meetings,Public Information Meetings,Plausible family match; confirm exact event-to-recording binding before feed activation.,Exact source/body family in the 680-row worksheet; one city feed combines public briefings/info/input.
6540eef2dc2e,903bbc60990a34fa,https://fortworthgov.granicus.com/MediaPlayer.php?view_id=10&clip_id=3589,COVID-19 Community Update COVID-19 Community Update,COVID-19 Community Update COVID-19 Community Update,,fort-worth-tx-public-info-meetings,Public Information Meetings,Plausible family match; confirm exact event-to-recording binding before feed activation.,Exact source/body family in the 680-row worksheet; one city feed combines public briefings/info/input.
6540eef2dc2e,90a2b795eeccac50,https://fortworthgov.granicus.com/MediaPlayer.php?view_id=10&clip_id=5231,Stop Six Neighborhood Hub Community Meeting Stop Six Neighborhood Hub Community Meeting,Stop Six Neighborhood Hub Community Meeting Stop Six Neighborhood Hub Community Meeting,,fort-worth-tx-public-info-meetings,Public Information Meetings,Plausible family match; confirm exact event-to-recording binding before feed activation.,Exact source/body family in the 680-row worksheet; one city feed combines public briefings/info/input.
6540eef2dc2e,924eb4b5080b34cb,https://fortworthgov.granicus.com/MediaPlayer.php?view_id=12&clip_id=4356,"Community Design Meeting For The New York, Main, Morningside, Capps, Page And Alley Infrastructure Improvement Community Design Meeting For The New York, Main, Morningside, Capps, Page And Alley Infrastructure Improvement","Community Design Meeting For The New York, Main, Morningside, Capps, Page And Alley Infrastructure Improvement Community Design Meeting For The New York, Main, Morningside, Capps, Page And Alley Infrastructure Improvement",,fort-worth-tx-public-info-meetings,Public Information Meetings,Plausible family match; confirm exact event-to-recording binding before feed activation.,Exact source/body family in the 680-row worksheet; one city feed combines public briefings/info/input.
6540eef2dc2e,92fd89e03fac650f,https://fortworthgov.granicus.com/MediaPlayer.php?view_id=10&clip_id=3616,COVID-19 Community Update (Spanish) COVID-19 Community Update (Spanish),COVID-19 Community Update (Spanish) COVID-19 Community Update (Spanish),,fort-worth-tx-public-info-meetings,Public Information Meetings,Plausible family match; confirm exact event-to-recording binding before feed activation.,Exact source/body family in the 680-row worksheet; one city feed combines public briefings/info/input.
6540eef2dc2e,951b0360c8a8f954,https://fortworthgov.granicus.com/MediaPlayer.php?view_id=11&clip_id=3633,COVID-19 Community Update (Spanish) COVID-19 Community Update (Spanish),COVID-19 Community Update (Spanish) COVID-19 Community Update (Spanish),,fort-worth-tx-public-info-meetings,Public Information Meetings,Plausible family match; confirm exact event-to-recording binding before feed activation.,Exact source/body family in the 680-row worksheet; one city feed combines public briefings/info/input.
6540eef2dc2e,956f04f13974c049,https://fortworthgov.granicus.com/MediaPlayer.php?view_id=10&clip_id=3868,District 8 Town Hall - 2021 Budget District 8 Town Hall - 2021 Budget,District 8 Town Hall - 2021 Budget District 8 Town Hall - 2021 Budget,fort-worth-tx-city-council,fort-worth-tx-public-info-meetings,Public Information Meetings,Strong title-level candidate; confirm event date and recording link before activating the rule.,"City/source-scoped public-input, town-hall, or listening-session title. Preserve any legitimate existing body owner as a second participant only when the event is truly joint."
6540eef2dc2e,96bf16524c3e7a94,https://fortworthgov.granicus.com/MediaPlayer.php?view_id=11&clip_id=3555,COVID-19 Community Update (English) COVID-19 Community Update (English),COVID-19 Community Update (English) COVID-19 Community Update (English),,fort-worth-tx-public-info-meetings,Public Information Meetings,Plausible family match; confirm exact event-to-recording binding before feed activation.,Exact source/body family in the 680-row worksheet; one city feed combines public briefings/info/input.
6540eef2dc2e,9768aa86fe4f4962,https://fortworthgov.granicus.com/MediaPlayer.php?view_id=10&clip_id=4306,Transportation & Public Works Community Meeting Transportation & Public Works Community Meeting,Transportation & Public Works Community Meeting Transportation & Public Works Community Meeting,,fort-worth-tx-public-info-meetings,Public Information Meetings,Plausible family match; confirm exact event-to-recording binding before feed activation.,Exact source/body family in the 680-row worksheet; one city feed combines public briefings/info/input.
6540eef2dc2e,981c9fc22af8558b,https://fortworthgov.granicus.com/MediaPlayer.php?view_id=11&clip_id=4475,COVID-19 Community Update COVID-19 Community Update,COVID-19 Community Update COVID-19 Community Update,,fort-worth-tx-public-info-meetings,Public Information Meetings,Plausible family match; confirm exact event-to-recording binding before feed activation.,Exact source/body family in the 680-row worksheet; one city feed combines public briefings/info/input.
6540eef2dc2e,98231c4c454fb2b8,https://fortworthgov.granicus.com/MediaPlayer.php?view_id=12&clip_id=3864,Risinger At I35 Improvements Risinger At I35 Improvements,Risinger At I35 Improvements Risinger At I35 Improvements,,fort-worth-tx-public-info-meetings,Public Information Meetings,Plausible family match; confirm exact event-to-recording binding before feed activation.,Exact source/body family in the 680-row worksheet; one city feed combines public briefings/info/input.
6540eef2dc2e,986a4ae0386a6b14,https://fortworthgov.granicus.com/MediaPlayer.php?view_id=10&clip_id=5164,Public Forum for Police Oversight Monitor Candidates Public Forum for Police Oversight Monitor Candidates,Public Forum for Police Oversight Monitor Candidates Public Forum for Police Oversight Monitor Candidates,,fort-worth-tx-public-info-meetings,Public Information Meetings,Plausible family match; confirm exact event-to-recording binding before feed activation.,Exact source/body family in the 680-row worksheet; one city feed combines public briefings/info/input.
6540eef2dc2e,99ab227f2a38f9ad,https://fortworthgov.granicus.com/MediaPlayer.php?view_id=10&clip_id=4599,Fall 2021 Virtual OPOM Community Conversations Fall 2021 Virtual OPOM Community Conversations,Fall 2021 Virtual OPOM Community Conversations Fall 2021 Virtual OPOM Community Conversations,,fort-worth-tx-public-info-meetings,Public Information Meetings,Plausible family match; confirm exact event-to-recording binding before feed activation.,Exact source/body family in the 680-row worksheet; one city feed combines public briefings/info/input.
6540eef2dc2e,9b2d893088e84d35,https://fortworthgov.granicus.com/MediaPlayer.php?view_id=10&clip_id=4296,Transportation & Public Works Community Meeting Transportation & Public Works Community Meeting,Transportation & Public Works Community Meeting Transportation & Public Works Community Meeting,,fort-worth-tx-public-info-meetings,Public Information Meetings,Plausible family match; confirm exact event-to-recording binding before feed activation.,Exact source/body family in the 680-row worksheet; one city feed combines public briefings/info/input.
6540eef2dc2e,9b5856ee0c119314,https://fortworthgov.granicus.com/MediaPlayer.php?view_id=10&clip_id=5971,Future Downtown Library Community Report Future Downtown Library Community Report,Future Downtown Library Community Report Future Downtown Library Community Report,,fort-worth-tx-public-info-meetings,Public Information Meetings,Plausible family match; confirm exact event-to-recording binding before feed activation.,Exact source/body family in the 680-row worksheet; one city feed combines public briefings/info/input.
6540eef2dc2e,9bb80fb1540716b7,https://fortworthgov.granicus.com/MediaPlayer.php?view_id=10&clip_id=3720,Press Conference Press Conference,Press Conference Press Conference,,fort-worth-tx-public-info-meetings,Public Information Meetings,Plausible family match; confirm exact event-to-recording binding before feed activation.,Exact source/body family in the 680-row worksheet; one city feed combines public briefings/info/input.
6540eef2dc2e,9c63774e29fefc85,https://fortworthgov.granicus.com/MediaPlayer.php?view_id=10&clip_id=1303,Digital Town Hall Digital Town Hall,Digital Town Hall Digital Town Hall,fort-worth-tx,fort-worth-tx-public-info-meetings,Public Information Meetings,Strong title-level candidate; confirm event date and recording link before activating the rule.,"City/source-scoped public-input, town-hall, or listening-session title. Preserve any legitimate existing body owner as a second participant only when the event is truly joint."
6540eef2dc2e,9fadf0f4db4352b2,https://fortworthgov.granicus.com/MediaPlayer.php?view_id=12&clip_id=4524,District 4 Town Hall Meeting District 4 Town Hall Meeting,District 4 Town Hall Meeting District 4 Town Hall Meeting,,fort-worth-tx-public-info-meetings,Public Information Meetings,Plausible family match; confirm exact event-to-recording binding before feed activation.,Exact source/body family in the 680-row worksheet; one city feed combines public briefings/info/input.
6540eef2dc2e,9fc18f65eec69ebb,https://fortworthgov.granicus.com/MediaPlayer.php?view_id=12&clip_id=4077,Community Meeting - Handley Area And Central Meadowbrook Area Street Improvements Community Meeting - Handley Area And Central Meadowbrook Area Street Improvements,Community Meeting - Handley Area And Central Meadowbrook Area Street Improvements Community Meeting - Handley Area And Central Meadowbrook Area Street Improvements,,fort-worth-tx-public-info-meetings,Public Information Meetings,Plausible family match; confirm exact event-to-recording binding before feed activation.,Exact source/body family in the 680-row worksheet; one city feed combines public briefings/info/input.
6540eef2dc2e,a43019951fd3ae60,https://fortworthgov.granicus.com/MediaPlayer.php?view_id=12&clip_id=2893,"Neighborhood Workshop: Race & Culture - January 20, 2018 Neighborhood Workshop: Race & Culture - January 20, 2018","Neighborhood Workshop: Race & Culture - January 20, 2018 Neighborhood Workshop: Race & Culture",,fort-worth-tx-public-info-meetings,Public Information Meetings,Plausible family match; confirm exact event-to-recording binding before feed activation.,Exact source/body family in the 680-row worksheet; one city feed combines public briefings/info/input.
6540eef2dc2e,a51cf7268580ccba,https://fortworthgov.granicus.com/MediaPlayer.php?view_id=10&clip_id=3578,COVID-19 Community Update (Spanish) COVID-19 Community Update (Spanish),COVID-19 Community Update (Spanish) COVID-19 Community Update (Spanish),,fort-worth-tx-public-info-meetings,Public Information Meetings,Plausible family match; confirm exact event-to-recording binding before feed activation.,Exact source/body family in the 680-row worksheet; one city feed combines public briefings/info/input.
6540eef2dc2e,a5f1efc4f2f5cc9a,https://fortworthgov.granicus.com/MediaPlayer.php?view_id=12&clip_id=702,Rainbow Lounge Investigation Report Rainbow Lounge Investigation Report,Rainbow Lounge Investigation Report Rainbow Lounge Investigation Report,,fort-worth-tx-public-info-meetings,Public Information Meetings,Plausible family match; confirm exact event-to-recording binding before feed activation.,Exact source/body family in the 680-row worksheet; one city feed combines public briefings/info/input.
6540eef2dc2e,a7362b8ca9cb050c,https://fortworthgov.granicus.com/MediaPlayer.php?view_id=12&clip_id=2267,"Caffeinated Town Hall - City Life Center, August 1, 2015 Caffeinated Town Hall - City Life Center, August 1, 2015","Caffeinated Town Hall - City Life Center, August 1, 2015 Caffeinated Town Hall - City Life Center, August 1, 2015",fort-worth-tx,fort-worth-tx-public-info-meetings,Public Information Meetings,Strong title-level candidate; confirm event date and recording link before activating the rule.,"City/source-scoped public-input, town-hall, or listening-session title. Preserve any legitimate existing body owner as a second participant only when the event is truly joint."
6540eef2dc2e,a7bb979c403457b4,https://fortworthgov.granicus.com/MediaPlayer.php?view_id=11&clip_id=3609,COVID-19 Community Update (English) COVID-19 Community Update (English),COVID-19 Community Update (English) COVID-19 Community Update (English),,fort-worth-tx-public-info-meetings,Public Information Meetings,Plausible family match; confirm exact event-to-recording binding before feed activation.,Exact source/body family in the 680-row worksheet; one city feed combines public briefings/info/input.
6540eef2dc2e,a7cf5de62989f1d4,https://fortworthgov.granicus.com/MediaPlayer.php?view_id=10&clip_id=4189,Press Conference Press Conference,Press Conference Press Conference,,fort-worth-tx-public-info-meetings,Public Information Meetings,Plausible family match; confirm exact event-to-recording binding before feed activation.,Exact source/body family in the 680-row worksheet; one city feed combines public briefings/info/input.
6540eef2dc2e,a810578c990dc84e,https://fortworthgov.granicus.com/MediaPlayer.php?view_id=12&clip_id=2003,JAVA - A Caffeinated Town Hall with Mayor Betsy Price and Councilmember Sal Espino JAVA - A Caffeinated Town Hall with Mayor Betsy Price and Councilmember Sal Espino,JAVA - A Caffeinated Town Hall with Mayor Betsy Price and Councilmember Sal Espino JAVA - A Caffeinated Town Hall with Mayor Betsy Price and Councilmember Sal Espino,,fort-worth-tx-public-info-meetings,Public Information Meetings,Plausible family match; confirm exact event-to-recording binding before feed activation.,Exact source/body family in the 680-row worksheet; one city feed combines public briefings/info/input.
6540eef2dc2e,a85a339645e94700,https://fortworthgov.granicus.com/MediaPlayer.php?view_id=11&clip_id=3598,COVID-19 Community Update (Spanish) COVID-19 Community Update (Spanish),COVID-19 Community Update (Spanish) COVID-19 Community Update (Spanish),,fort-worth-tx-public-info-meetings,Public Information Meetings,Plausible family match; confirm exact event-to-recording binding before feed activation.,Exact source/body family in the 680-row worksheet; one city feed combines public briefings/info/input.
6540eef2dc2e,a94673ce58e70a6b,https://fortworthgov.granicus.com/MediaPlayer.php?view_id=10&clip_id=2184,Caffeinated Town Hall from WJ Turner Elementary School Caffeinated Town Hall from WJ Turner Elementary School,Caffeinated Town Hall from WJ Turner Elementary School Caffeinated Town Hall from WJ Turner Elementary School,fort-worth-tx,fort-worth-tx-public-info-meetings,Public Information Meetings,Strong title-level candidate; confirm event date and recording link before activating the rule.,"City/source-scoped public-input, town-hall, or listening-session title. Preserve any legitimate existing body owner as a second participant only when the event is truly joint."
6540eef2dc2e,a9d7336c0bf433b9,https://fortworthgov.granicus.com/MediaPlayer.php?view_id=12&clip_id=2708,"Affordable Housing 101 Forum of May 13, 2017 Affordable Housing 101 Forum of May 13, 2017","Affordable Housing 101 Forum of May 13, 2017 Affordable Housing 101 Forum of May 13, 2017",,fort-worth-tx-public-info-meetings,Public Information Meetings,Plausible family match; confirm exact event-to-recording binding before feed activation.,Exact source/body family in the 680-row worksheet; one city feed combines public briefings/info/input.
6540eef2dc2e,a9fc96ab9e5bdf40,https://fortworthgov.granicus.com/MediaPlayer.php?view_id=10&clip_id=3594,COVID-19 Community Update (English) COVID-19 Community Update (English),COVID-19 Community Update (English) COVID-19 Community Update (English),,fort-worth-tx-public-info-meetings,Public Information Meetings,Plausible family match; confirm exact event-to-recording binding before feed activation.,Exact source/body family in the 680-row worksheet; one city feed combines public briefings/info/input.
6540eef2dc2e,aaa637ed67ac39bc,https://fortworthgov.granicus.com/MediaPlayer.php?view_id=12&clip_id=5246,Neighborhood Conservation Plan & Housing Affordability Strategy Meeting Neighborhood Conservation Plan & Housing Affordability Strategy Meeting,Neighborhood Conservation Plan & Housing Affordability Strategy Meeting Neighborhood Conservation Plan & Housing Affordability Strategy Meeting,,fort-worth-tx-public-info-meetings,Public Information Meetings,Plausible family match; confirm exact event-to-recording binding before feed activation.,Exact source/body family in the 680-row worksheet; one city feed combines public briefings/info/input.
6540eef2dc2e,ab0cd00fc9930cb4,https://fortworthgov.granicus.com/MediaPlayer.php?view_id=10&clip_id=3587,COVID-19 Community Update (Spanish) COVID-19 Community Update (Spanish),COVID-19 Community Update (Spanish) COVID-19 Community Update (Spanish),,fort-worth-tx-public-info-meetings,Public Information Meetings,Plausible family match; confirm exact event-to-recording binding before feed activation.,Exact source/body family in the 680-row worksheet; one city feed combines public briefings/info/input.
6540eef2dc2e,ab1af845eec7805a,https://fortworthgov.granicus.com/MediaPlayer.php?view_id=12&clip_id=4176,Police Chief Candidate Public Forum Police Chief Candidate Public Forum,Police Chief Candidate Public Forum Police Chief Candidate Public Forum,,fort-worth-tx-public-info-meetings,Public Information Meetings,Plausible family match; confirm exact event-to-recording binding before feed activation.,Exact source/body family in the 680-row worksheet; one city feed combines public briefings/info/input.
6540eef2dc2e,ab6f57837297dec3,https://fortworthgov.granicus.com/MediaPlayer.php?view_id=12&clip_id=5646,District 8 Town Hall District 8 Town Hall,District 8 Town Hall District 8 Town Hall,fort-worth-tx-city-council,fort-worth-tx-public-info-meetings,Public Information Meetings,Strong title-level candidate; confirm event date and recording link before activating the rule.,"City/source-scoped public-input, town-hall, or listening-session title. Preserve any legitimate existing body owner as a second participant only when the event is truly joint."
6540eef2dc2e,ac3b6f2db4cbe5ec,https://fortworthgov.granicus.com/MediaPlayer.php?view_id=10&clip_id=3636,COVID-19 Community Update (English) COVID-19 Community Update (English),COVID-19 Community Update (English) COVID-19 Community Update (English),,fort-worth-tx-public-info-meetings,Public Information Meetings,Plausible family match; confirm exact event-to-recording binding before feed activation.,Exact source/body family in the 680-row worksheet; one city feed combines public briefings/info/input.
6540eef2dc2e,ac3ba8ebb9bb9ecb,https://fortworthgov.granicus.com/MediaPlayer.php?view_id=12&clip_id=4596,Listening Circle with Dr. J: Traffic Infrastructure Listening Circle with Dr. J: Traffic Infrastructure,Listening Circle with Dr. J: Traffic Infrastructure Listening Circle with Dr. J: Traffic Infrastructure,,fort-worth-tx-public-info-meetings,Public Information Meetings,Plausible family match; confirm exact event-to-recording binding before feed activation.,Exact source/body family in the 680-row worksheet; one city feed combines public briefings/info/input.
6540eef2dc2e,ac46661bb776a079,https://fortworthgov.granicus.com/MediaPlayer.php?view_id=11&clip_id=3542,COVID-19 Community Update (English) COVID-19 Community Update (English),COVID-19 Community Update (English) COVID-19 Community Update (English),,fort-worth-tx-public-info-meetings,Public Information Meetings,Plausible family match; confirm exact event-to-recording binding before feed activation.,Exact source/body family in the 680-row worksheet; one city feed combines public briefings/info/input.
6540eef2dc2e,acfe33e47c38b212,https://fortworthgov.granicus.com/MediaPlayer.php?view_id=10&clip_id=3617,COVID-19 Community Update (Spanish) COVID-19 Community Update (Spanish),COVID-19 Community Update (Spanish) COVID-19 Community Update (Spanish),,fort-worth-tx-public-info-meetings,Public Information Meetings,Plausible family match; confirm exact event-to-recording binding before feed activation.,Exact source/body family in the 680-row worksheet; one city feed combines public briefings/info/input.
6540eef2dc2e,ad2369e5760d7cbc,https://fortworthgov.granicus.com/MediaPlayer.php?view_id=10&clip_id=3628,COVID-19 Community Update (English) COVID-19 Community Update (English),COVID-19 Community Update (English) COVID-19 Community Update (English),,fort-worth-tx-public-info-meetings,Public Information Meetings,Plausible family match; confirm exact event-to-recording binding before feed activation.,Exact source/body family in the 680-row worksheet; one city feed combines public briefings/info/input.
6540eef2dc2e,ad9ae684c442fd0c,https://fortworthgov.granicus.com/MediaPlayer.php?view_id=10&clip_id=3591,COVID-19 Community Update COVID-19 Community Update,COVID-19 Community Update COVID-19 Community Update,,fort-worth-tx-public-info-meetings,Public Information Meetings,Plausible family match; confirm exact event-to-recording binding before feed activation.,Exact source/body family in the 680-row worksheet; one city feed combines public briefings/info/input.
6540eef2dc2e,ae00b0819693f772,https://fortworthgov.granicus.com/MediaPlayer.php?view_id=10&clip_id=3564,COVID-19 Community Update (English) COVID-19 Community Update (English),COVID-19 Community Update (English) COVID-19 Community Update (English),,fort-worth-tx-public-info-meetings,Public Information Meetings,Plausible family match; confirm exact event-to-recording binding before feed activation.,Exact source/body family in the 680-row worksheet; one city feed combines public briefings/info/input.
6540eef2dc2e,af1001a271004cf5,https://fortworthgov.granicus.com/MediaPlayer.php?view_id=10&clip_id=3550,COVID-19 Community Update (English) COVID-19 Community Update (English),COVID-19 Community Update (English) COVID-19 Community Update (English),,fort-worth-tx-public-info-meetings,Public Information Meetings,Plausible family match; confirm exact event-to-recording binding before feed activation.,Exact source/body family in the 680-row worksheet; one city feed combines public briefings/info/input.
6540eef2dc2e,af4854571025c559,https://fortworthgov.granicus.com/MediaPlayer.php?view_id=12&clip_id=1074,Modern Streetcar Town Hall Meeting Modern Streetcar Town Hall Meeting,Modern Streetcar Town Hall Meeting Modern Streetcar Town Hall Meeting,,fort-worth-tx-public-info-meetings,Public Information Meetings,Plausible family match; confirm exact event-to-recording binding before feed activation.,Exact source/body family in the 680-row worksheet; one city feed combines public briefings/info/input.
6540eef2dc2e,afad3e5d5c77a876,https://fortworthgov.granicus.com/MediaPlayer.php?view_id=11&clip_id=3603,COVID-19 Community Update (Spanish) COVID-19 Community Update (Spanish),COVID-19 Community Update (Spanish) COVID-19 Community Update (Spanish),,fort-worth-tx-public-info-meetings,Public Information Meetings,Plausible family match; confirm exact event-to-recording binding before feed activation.,Exact source/body family in the 680-row worksheet; one city feed combines public briefings/info/input.
6540eef2dc2e,b03c7e4cf88ff354,https://fortworthgov.granicus.com/MediaPlayer.php?view_id=10&clip_id=4529,District 9 Town Hall Meeting District 9 Town Hall Meeting,District 9 Town Hall Meeting District 9 Town Hall Meeting,,fort-worth-tx-public-info-meetings,Public Information Meetings,Plausible family match; confirm exact event-to-recording binding before feed activation.,Exact source/body family in the 680-row worksheet; one city feed combines public briefings/info/input.
6540eef2dc2e,b0808fc968ee47de,https://fortworthgov.granicus.com/MediaPlayer.php?view_id=10&clip_id=2624,"Keep Fort Worth Beautiful Neighborhood Workshop - January 7, 2017 Keep Fort Worth Beautiful Neighborhood Workshop - January 7, 2017","Keep Fort Worth Beautiful Neighborhood Workshop - January 7, 2017 Keep Fort Worth Beautiful Neighborhood Workshop",,fort-worth-tx-public-info-meetings,Public Information Meetings,Plausible family match; confirm exact event-to-recording binding before feed activation.,Exact source/body family in the 680-row worksheet; one city feed combines public briefings/info/input.
6540eef2dc2e,b102f9395e5adeeb,https://fortworthgov.granicus.com/MediaPlayer.php?view_id=12&clip_id=5187,"City of Fort Worth summer heat messaging overview of June 22, 2023 City of Fort Worth summer heat messaging overview of June 22, 2023","City of Fort Worth summer heat messaging overview of June 22, 2023 City of Fort Worth summer heat messaging overview of June 22, 2023",,fort-worth-tx-public-info-meetings,Public Information Meetings,Plausible family match; confirm exact event-to-recording binding before feed activation.,Exact source/body family in the 680-row worksheet; one city feed combines public briefings/info/input.
6540eef2dc2e,b1653e3b87a5f69a,https://fortworthgov.granicus.com/MediaPlayer.php?view_id=12&clip_id=4296,Transportation & Public Works Community Meeting Transportation & Public Works Community Meeting,Transportation & Public Works Community Meeting Transportation & Public Works Community Meeting,,fort-worth-tx-public-info-meetings,Public Information Meetings,Plausible family match; confirm exact event-to-recording binding before feed activation.,Exact source/body family in the 680-row worksheet; one city feed combines public briefings/info/input.
6540eef2dc2e,b1fe4ec4cdd564cd,https://fortworthgov.granicus.com/MediaPlayer.php?view_id=12&clip_id=4036,Community Meeting For University Drive Community Meeting For University Drive,Community Meeting For University Drive Community Meeting For University Drive,,fort-worth-tx-public-info-meetings,Public Information Meetings,Plausible family match; confirm exact event-to-recording binding before feed activation.,Exact source/body family in the 680-row worksheet; one city feed combines public briefings/info/input.
6540eef2dc2e,b3ffad3d21aff7f5,https://fortworthgov.granicus.com/MediaPlayer.php?view_id=10&clip_id=3572,COVID-19 Community Update (English) COVID-19 Community Update (English),COVID-19 Community Update (English) COVID-19 Community Update (English),,fort-worth-tx-public-info-meetings,Public Information Meetings,Plausible family match; confirm exact event-to-recording binding before feed activation.,Exact source/body family in the 680-row worksheet; one city feed combines public briefings/info/input.
6540eef2dc2e,b4f3e9d843985a62,https://fortworthgov.granicus.com/MediaPlayer.php?view_id=10&clip_id=2730,Juneteenth 2017: A Conversation With Opal Lee Juneteenth 2017: A Conversation With Opal Lee,Juneteenth 2017: A Conversation With Opal Lee Juneteenth 2017: A Conversation With Opal Lee,,fort-worth-tx-public-info-meetings,Public Information Meetings,Plausible family match; confirm exact event-to-recording binding before feed activation.,Exact source/body family in the 680-row worksheet; one city feed combines public briefings/info/input.
6540eef2dc2e,b5aad4cc4a785050,https://fortworthgov.granicus.com/MediaPlayer.php?view_id=10&clip_id=3573,COVID-19 Community Update (Spanish) COVID-19 Community Update (Spanish),COVID-19 Community Update (Spanish) COVID-19 Community Update (Spanish),,fort-worth-tx-public-info-meetings,Public Information Meetings,Plausible family match; confirm exact event-to-recording binding before feed activation.,Exact source/body family in the 680-row worksheet; one city feed combines public briefings/info/input.
6540eef2dc2e,b5bf2fab987867e9,https://fortworthgov.granicus.com/MediaPlayer.php?view_id=11&clip_id=3565,COVID-19 Community Update (Spanish) COVID-19 Community Update (Spanish),COVID-19 Community Update (Spanish) COVID-19 Community Update (Spanish),,fort-worth-tx-public-info-meetings,Public Information Meetings,Plausible family match; confirm exact event-to-recording binding before feed activation.,Exact source/body family in the 680-row worksheet; one city feed combines public briefings/info/input.
6540eef2dc2e,b6258f63ea8707f2,https://fortworthgov.granicus.com/MediaPlayer.php?view_id=10&clip_id=2151,Caffeineted Town Hall from Chisolm Trail Community Center Caffeineted Town Hall from Chisolm Trail Community Center,Caffeineted Town Hall from Chisolm Trail Community Center Caffeineted Town Hall from Chisolm Trail Community Center,fort-worth-tx,fort-worth-tx-public-info-meetings,Public Information Meetings,Strong title-level candidate; confirm event date and recording link before activating the rule.,"City/source-scoped public-input, town-hall, or listening-session title. Preserve any legitimate existing body owner as a second participant only when the event is truly joint."
6540eef2dc2e,b6a6051dbadd907c,https://fortworthgov.granicus.com/MediaPlayer.php?view_id=10&clip_id=3627,COVID-19 Community Update (Spanish) COVID-19 Community Update (Spanish),COVID-19 Community Update (Spanish) COVID-19 Community Update (Spanish),,fort-worth-tx-public-info-meetings,Public Information Meetings,Plausible family match; confirm exact event-to-recording binding before feed activation.,Exact source/body family in the 680-row worksheet; one city feed combines public briefings/info/input.
6540eef2dc2e,b75c7f05164e2725,https://fortworthgov.granicus.com/MediaPlayer.php?view_id=10&clip_id=3542,COVID-19 Community Update (English) COVID-19 Community Update (English),COVID-19 Community Update (English) COVID-19 Community Update (English),,fort-worth-tx-public-info-meetings,Public Information Meetings,Plausible family match; confirm exact event-to-recording binding before feed activation.,Exact source/body family in the 680-row worksheet; one city feed combines public briefings/info/input.
6540eef2dc2e,bafd178e3442ab1c,https://fortworthgov.granicus.com/MediaPlayer.php?view_id=11&clip_id=3625,COVID-19 Community Update (English) COVID-19 Community Update (English),COVID-19 Community Update (English) COVID-19 Community Update (English),,fort-worth-tx-public-info-meetings,Public Information Meetings,Plausible family match; confirm exact event-to-recording binding before feed activation.,Exact source/body family in the 680-row worksheet; one city feed combines public briefings/info/input.
6540eef2dc2e,bde03cfadfe1098b,https://fortworthgov.granicus.com/MediaPlayer.php?view_id=12&clip_id=3997,Bellaire Drive South Bike Lane Virtual Community Meeting Bellaire Drive South Bike Lane Virtual Community Meeting,Bellaire Drive South Bike Lane Virtual Community Meeting Bellaire Drive South Bike Lane Virtual Community Meeting,,fort-worth-tx-public-info-meetings,Public Information Meetings,Plausible family match; confirm exact event-to-recording binding before feed activation.,Exact source/body family in the 680-row worksheet; one city feed combines public briefings/info/input.
6540eef2dc2e,beaba94b1abfed70,https://fortworthgov.granicus.com/MediaPlayer.php?view_id=12&clip_id=5488,District 6 Open House District 6 Open House,District 6 Open House District 6 Open House,,fort-worth-tx-public-info-meetings,Public Information Meetings,Plausible family match; confirm exact event-to-recording binding before feed activation.,Exact source/body family in the 680-row worksheet; one city feed combines public briefings/info/input.
6540eef2dc2e,bec86b3ac89e9633,https://fortworthgov.granicus.com/MediaPlayer.php?view_id=10&clip_id=3996,Community Meeting For Shoreview Culvert Improvements Community Meeting For Shoreview Culvert Improvements,Community Meeting For Shoreview Culvert Improvements Community Meeting For Shoreview Culvert Improvements,,fort-worth-tx-public-info-meetings,Public Information Meetings,Plausible family match; confirm exact event-to-recording binding before feed activation.,Exact source/body family in the 680-row worksheet; one city feed combines public briefings/info/input.
6540eef2dc2e,bf0a43d1937096e0,https://fortworthgov.granicus.com/MediaPlayer.php?view_id=12&clip_id=1988,Caffeinated Town Hall from Villages of Woodland Springs Caffeinated Town Hall from Villages of Woodland Springs,Caffeinated Town Hall from Villages of Woodland Springs Caffeinated Town Hall from Villages of Woodland Springs,,fort-worth-tx-public-info-meetings,Public Information Meetings,Plausible family match; confirm exact event-to-recording binding before feed activation.,Exact source/body family in the 680-row worksheet; one city feed combines public briefings/info/input.
6540eef2dc2e,bfadd2d6e46ec593,https://fortworthgov.granicus.com/MediaPlayer.php?view_id=12&clip_id=2151,Caffeineted Town Hall from Chisolm Trail Community Center Caffeineted Town Hall from Chisolm Trail Community Center,Caffeineted Town Hall from Chisolm Trail Community Center Caffeineted Town Hall from Chisolm Trail Community Center,fort-worth-tx,fort-worth-tx-public-info-meetings,Public Information Meetings,Strong title-level candidate; confirm event date and recording link before activating the rule.,"City/source-scoped public-input, town-hall, or listening-session title. Preserve any legitimate existing body owner as a second participant only when the event is truly joint."
6540eef2dc2e,c0a60fbaba2af33c,https://fortworthgov.granicus.com/MediaPlayer.php?view_id=11&clip_id=3637,COVID-19 Community Update (Spanish) COVID-19 Community Update (Spanish),COVID-19 Community Update (Spanish) COVID-19 Community Update (Spanish),,fort-worth-tx-public-info-meetings,Public Information Meetings,Plausible family match; confirm exact event-to-recording binding before feed activation.,Exact source/body family in the 680-row worksheet; one city feed combines public briefings/info/input.
6540eef2dc2e,c135d06bf4c7952e,https://fortworthgov.granicus.com/MediaPlayer.php?view_id=12&clip_id=3857,District 9 Budget Town Hall District 9 Budget Town Hall,District 9 Budget Town Hall District 9 Budget Town Hall,fort-worth-tx-city-council,fort-worth-tx-public-info-meetings,Public Information Meetings,Strong title-level candidate; confirm event date and recording link before activating the rule.,"City/source-scoped public-input, town-hall, or listening-session title. Preserve any legitimate existing body owner as a second participant only when the event is truly joint."
6540eef2dc2e,c1fb82e73dbf9238,https://fortworthgov.granicus.com/MediaPlayer.php?view_id=10&clip_id=2921,Race and Culture Task Force Townhall Race and Culture Task Force Townhall,Race and Culture Task Force Townhall Race and Culture Task Force Townhall,,fort-worth-tx-public-info-meetings,Public Information Meetings,Plausible family match; confirm exact event-to-recording binding before feed activation.,Exact source/body family in the 680-row worksheet; one city feed combines public briefings/info/input.
6540eef2dc2e,c22b59215b1a17f3,https://fortworthgov.granicus.com/MediaPlayer.php?view_id=12&clip_id=4553,District 8 Town Hall Meeting District 8 Town Hall Meeting,District 8 Town Hall Meeting District 8 Town Hall Meeting,,fort-worth-tx-public-info-meetings,Public Information Meetings,Plausible family match; confirm exact event-to-recording binding before feed activation.,Exact source/body family in the 680-row worksheet; one city feed combines public briefings/info/input.
6540eef2dc2e,c2baf04cea2da951,https://fortworthgov.granicus.com/MediaPlayer.php?view_id=10&clip_id=3549,COVID-19 Community Update (English) COVID-19 Community Update (English),COVID-19 Community Update (English) COVID-19 Community Update (English),,fort-worth-tx-public-info-meetings,Public Information Meetings,Plausible family match; confirm exact event-to-recording binding before feed activation.,Exact source/body family in the 680-row worksheet; one city feed combines public briefings/info/input.
6540eef2dc2e,c32bedecce08ca22,https://fortworthgov.granicus.com/MediaPlayer.php?view_id=12&clip_id=4916,Budget Engagement Meeting - City Manager's presentation Budget Engagement Meeting - City Manager's presentation,Budget Engagement Meeting - City Manager's presentation Budget Engagement Meeting - City Manager's presentation,,fort-worth-tx-public-info-meetings,Public Information Meetings,Plausible family match; confirm exact event-to-recording binding before feed activation.,Exact source/body family in the 680-row worksheet; one city feed combines public briefings/info/input.
6540eef2dc2e,c372fb159b219cb7,https://fortworthgov.granicus.com/MediaPlayer.php?view_id=10&clip_id=3879,District 5 Town Hall Meeting District 5 Town Hall Meeting,District 5 Town Hall Meeting District 5 Town Hall Meeting,,fort-worth-tx-public-info-meetings,Public Information Meetings,Plausible family match; confirm exact event-to-recording binding before feed activation.,Exact source/body family in the 680-row worksheet; one city feed combines public briefings/info/input.
6540eef2dc2e,c424df4499d2d3b5,https://fortworthgov.granicus.com/MediaPlayer.php?view_id=10&clip_id=2893,"Neighborhood Workshop: Race & Culture - January 20, 2018 Neighborhood Workshop: Race & Culture - January 20, 2018","Neighborhood Workshop: Race & Culture - January 20, 2018 Neighborhood Workshop: Race & Culture",,fort-worth-tx-public-info-meetings,Public Information Meetings,Plausible family match; confirm exact event-to-recording binding before feed activation.,Exact source/body family in the 680-row worksheet; one city feed combines public briefings/info/input.
6540eef2dc2e,c4cb0560fe6e836a,https://fortworthgov.granicus.com/MediaPlayer.php?view_id=10&clip_id=3633,COVID-19 Community Update (Spanish) COVID-19 Community Update (Spanish),COVID-19 Community Update (Spanish) COVID-19 Community Update (Spanish),,fort-worth-tx-public-info-meetings,Public Information Meetings,Plausible family match; confirm exact event-to-recording binding before feed activation.,Exact source/body family in the 680-row worksheet; one city feed combines public briefings/info/input.
6540eef2dc2e,c4df492dc637019d,https://fortworthgov.granicus.com/MediaPlayer.php?view_id=10&clip_id=3577,COVID-19 Community Update (English) COVID-19 Community Update (English),COVID-19 Community Update (English) COVID-19 Community Update (English),,fort-worth-tx-public-info-meetings,Public Information Meetings,Plausible family match; confirm exact event-to-recording binding before feed activation.,Exact source/body family in the 680-row worksheet; one city feed combines public briefings/info/input.
6540eef2dc2e,c5d7ffdd747467a5,https://fortworthgov.granicus.com/MediaPlayer.php?view_id=12&clip_id=4915,"FY2023 Budget Conversation - August 25, 2022 FY2023 Budget Conversation - August 25, 2022","FY2023 Budget Conversation - August 25, 2022 FY2023 Budget Conversation",,fort-worth-tx-public-info-meetings,Public Information Meetings,Plausible family match; confirm exact event-to-recording binding before feed activation.,Exact source/body family in the 680-row worksheet; one city feed combines public briefings/info/input.
6540eef2dc2e,c6888605830c0fe3,https://fortworthgov.granicus.com/MediaPlayer.php?view_id=10&clip_id=5924,"Police Chief Press Conference | August 22, 2025 Police Chief Press Conference | August 22, 2025","Police Chief Press Conference | August 22, 2025 Police Chief Press Conference | August 22, 2025",,fort-worth-tx-public-info-meetings,Public Information Meetings,Plausible family match; confirm exact event-to-recording binding before feed activation.,Exact source/body family in the 680-row worksheet; one city feed combines public briefings/info/input.
6540eef2dc2e,c71c707211ac0b94,9b87b7e5-0584-42b9-9626-2bce6af785f6,"Future Downtown Library Community Report  - Oct 01, 2025",Future Downtown Library Community Report,,fort-worth-tx-public-info-meetings,Public Information Meetings,Plausible family match; confirm exact event-to-recording binding before feed activation.,Exact source/body family in the 680-row worksheet; one city feed combines public briefings/info/input.
6540eef2dc2e,c79f21e8bd3d93a9,https://fortworthgov.granicus.com/MediaPlayer.php?view_id=10&clip_id=4915,"FY2023 Budget Conversation - August 25, 2022 FY2023 Budget Conversation - August 25, 2022","FY2023 Budget Conversation - August 25, 2022 FY2023 Budget Conversation",,fort-worth-tx-public-info-meetings,Public Information Meetings,Plausible family match; confirm exact event-to-recording binding before feed activation.,Exact source/body family in the 680-row worksheet; one city feed combines public briefings/info/input.
6540eef2dc2e,c865cf14db550d08,https://fortworthgov.granicus.com/MediaPlayer.php?view_id=10&clip_id=3586,COVID-19 Community Update (English) COVID-19 Community Update (English),COVID-19 Community Update (English) COVID-19 Community Update (English),,fort-worth-tx-public-info-meetings,Public Information Meetings,Plausible family match; confirm exact event-to-recording binding before feed activation.,Exact source/body family in the 680-row worksheet; one city feed combines public briefings/info/input.
6540eef2dc2e,c8c3ea54ebdca849,https://fortworthgov.granicus.com/MediaPlayer.php?view_id=12&clip_id=4306,Transportation & Public Works Community Meeting Transportation & Public Works Community Meeting,Transportation & Public Works Community Meeting Transportation & Public Works Community Meeting,,fort-worth-tx-public-info-meetings,Public Information Meetings,Plausible family match; confirm exact event-to-recording binding before feed activation.,Exact source/body family in the 680-row worksheet; one city feed combines public briefings/info/input.
6540eef2dc2e,cb9d598a0cbd72cd,https://fortworthgov.granicus.com/MediaPlayer.php?view_id=10&clip_id=3637,COVID-19 Community Update (Spanish) COVID-19 Community Update (Spanish),COVID-19 Community Update (Spanish) COVID-19 Community Update (Spanish),,fort-worth-tx-public-info-meetings,Public Information Meetings,Plausible family match; confirm exact event-to-recording binding before feed activation.,Exact source/body family in the 680-row worksheet; one city feed combines public briefings/info/input.
6540eef2dc2e,cba4daea72b2d415,https://fortworthgov.granicus.com/MediaPlayer.php?view_id=10&clip_id=5410,"Evans & Rosedale Community Meeting of February 7, 2024 Evans & Rosedale Community Meeting of February 7, 2024","Evans & Rosedale Community Meeting of February 7, 2024 Evans & Rosedale Community Meeting of February 7, 2024",,fort-worth-tx-public-info-meetings,Public Information Meetings,Plausible family match; confirm exact event-to-recording binding before feed activation.,Exact source/body family in the 680-row worksheet; one city feed combines public briefings/info/input.
6540eef2dc2e,cc40834db20d06e3,https://fortworthgov.granicus.com/MediaPlayer.php?view_id=12&clip_id=3380,"Public Forum: Candidates for Diversity and Inclusion Director of October 28, 2019 Public Forum: Candidates for Diversity and Inclusion Director of October 28, 2019","Public Forum: Candidates for Diversity and Inclusion Director of October 28, 2019 Public Forum: Candidates for Diversity and Inclusion Director of October 28, 2019",,fort-worth-tx-public-info-meetings,Public Information Meetings,Plausible family match; confirm exact event-to-recording binding before feed activation.,Exact source/body family in the 680-row worksheet; one city feed combines public briefings/info/input.
6540eef2dc2e,cc450ec566c5c016,https://fortworthgov.granicus.com/MediaPlayer.php?view_id=12&clip_id=4575,Listening Circle with Dr. J: A Discussion on Water Listening Circle with Dr. J: A Discussion on Water,Listening Circle with Dr. J: A Discussion on Water Listening Circle with Dr. J: A Discussion on Water,,fort-worth-tx-public-info-meetings,Public Information Meetings,Plausible family match; confirm exact event-to-recording binding before feed activation.,Exact source/body family in the 680-row worksheet; one city feed combines public briefings/info/input.
6540eef2dc2e,ccc7759038246c02,https://fortworthgov.granicus.com/MediaPlayer.php?view_id=12&clip_id=1303,Digital Town Hall Digital Town Hall,Digital Town Hall Digital Town Hall,fort-worth-tx,fort-worth-tx-public-info-meetings,Public Information Meetings,Strong title-level candidate; confirm event date and recording link before activating the rule.,"City/source-scoped public-input, town-hall, or listening-session title. Preserve any legitimate existing body owner as a second participant only when the event is truly joint."
6540eef2dc2e,ce8c8d367581d1e2,https://fortworthgov.granicus.com/MediaPlayer.php?view_id=10&clip_id=4575,Listening Circle with Dr. J: A Discussion on Water Listening Circle with Dr. J: A Discussion on Water,Listening Circle with Dr. J: A Discussion on Water Listening Circle with Dr. J: A Discussion on Water,,fort-worth-tx-public-info-meetings,Public Information Meetings,Plausible family match; confirm exact event-to-recording binding before feed activation.,Exact source/body family in the 680-row worksheet; one city feed combines public briefings/info/input.
6540eef2dc2e,cfe125c41d748131,https://fortworthgov.granicus.com/MediaPlayer.php?view_id=10&clip_id=5121,District 6 Open House District 6 Open House,District 6 Open House District 6 Open House,,fort-worth-tx-public-info-meetings,Public Information Meetings,Plausible family match; confirm exact event-to-recording binding before feed activation.,Exact source/body family in the 680-row worksheet; one city feed combines public briefings/info/input.
6540eef2dc2e,d0cdcdce69516024,https://fortworthgov.granicus.com/MediaPlayer.php?view_id=10&clip_id=4524,District 4 Town Hall Meeting District 4 Town Hall Meeting,District 4 Town Hall Meeting District 4 Town Hall Meeting,,fort-worth-tx-public-info-meetings,Public Information Meetings,Plausible family match; confirm exact event-to-recording binding before feed activation.,Exact source/body family in the 680-row worksheet; one city feed combines public briefings/info/input.
6540eef2dc2e,d169930470cd293e,https://fortworthgov.granicus.com/MediaPlayer.php?view_id=11&clip_id=3624,COVID-19 Community Update (Spanish) COVID-19 Community Update (Spanish),COVID-19 Community Update (Spanish) COVID-19 Community Update (Spanish),,fort-worth-tx-public-info-meetings,Public Information Meetings,Plausible family match; confirm exact event-to-recording binding before feed activation.,Exact source/body family in the 680-row worksheet; one city feed combines public briefings/info/input.
6540eef2dc2e,d383cb88dcdcf043,https://fortworthgov.granicus.com/MediaPlayer.php?view_id=10&clip_id=4532,District 2 Town Hall Meeting District 2 Town Hall Meeting,District 2 Town Hall Meeting District 2 Town Hall Meeting,,fort-worth-tx-public-info-meetings,Public Information Meetings,Plausible family match; confirm exact event-to-recording binding before feed activation.,Exact source/body family in the 680-row worksheet; one city feed combines public briefings/info/input.
6540eef2dc2e,d3a638adafe6d37b,https://fortworthgov.granicus.com/MediaPlayer.php?view_id=10&clip_id=5046,"Progress Update - Evans & Rosedale Project meeting of January 19, 2023 Progress Update - Evans & Rosedale Project meeting of January 19, 2023","Progress Update - Evans & Rosedale Project meeting of January 19, 2023 Progress Update - Evans & Rosedale Project meeting of January 19, 2023",,fort-worth-tx-public-info-meetings,Public Information Meetings,Plausible family match; confirm exact event-to-recording binding before feed activation.,Exact source/body family in the 680-row worksheet; one city feed combines public briefings/info/input.
6540eef2dc2e,d43f7d7e72948cec,https://fortworthgov.granicus.com/MediaPlayer.php?view_id=12&clip_id=2894,"Neighborhood Workshop: Helping The Homeless - January 20, 2018 Neighborhood Workshop: Helping The Homeless - January 20, 2018","Neighborhood Workshop: Helping The Homeless - January 20, 2018 Neighborhood Workshop: Helping The Homeless",,fort-worth-tx-public-info-meetings,Public Information Meetings,Plausible family match; confirm exact event-to-recording binding before feed activation.,Exact source/body family in the 680-row worksheet; one city feed combines public briefings/info/input.
6540eef2dc2e,d496bfc146e33bc6,https://fortworthgov.granicus.com/MediaPlayer.php?view_id=10&clip_id=5237,"Convention Center District Expansion Town Hall Meeting of August 9, 2023 Convention Center District Expansion Town Hall Meeting of August 9, 2023","Convention Center District Expansion Town Hall Meeting of August 9, 2023 Convention Center District Expansion Town Hall Meeting of August 9, 2023",,fort-worth-tx-public-info-meetings,Public Information Meetings,Plausible family match; confirm exact event-to-recording binding before feed activation.,Exact source/body family in the 680-row worksheet; one city feed combines public briefings/info/input.
6540eef2dc2e,d6e4c2b07ff23bd8,https://fortworthgov.granicus.com/MediaPlayer.php?view_id=10&clip_id=1988,Caffeinated Town Hall from Villages of Woodland Springs Caffeinated Town Hall from Villages of Woodland Springs,Caffeinated Town Hall from Villages of Woodland Springs Caffeinated Town Hall from Villages of Woodland Springs,,fort-worth-tx-public-info-meetings,Public Information Meetings,Plausible family match; confirm exact event-to-recording binding before feed activation.,Exact source/body family in the 680-row worksheet; one city feed combines public briefings/info/input.
6540eef2dc2e,d7449f0572366012,https://fortworthgov.granicus.com/MediaPlayer.php?view_id=10&clip_id=1357,Salt Water Disposal Public Meeting Salt Water Disposal Public Meeting,Salt Water Disposal Public Meeting Salt Water Disposal Public Meeting,,fort-worth-tx-public-info-meetings,Public Information Meetings,Plausible family match; confirm exact event-to-recording binding before feed activation.,Exact source/body family in the 680-row worksheet; one city feed combines public briefings/info/input.
6540eef2dc2e,d757969f5df2cfe7,https://fortworthgov.granicus.com/MediaPlayer.php?view_id=11&clip_id=3577,COVID-19 Community Update (English) COVID-19 Community Update (English),COVID-19 Community Update (English) COVID-19 Community Update (English),,fort-worth-tx-public-info-meetings,Public Information Meetings,Plausible family match; confirm exact event-to-recording binding before feed activation.,Exact source/body family in the 680-row worksheet; one city feed combines public briefings/info/input.
6540eef2dc2e,d920d6b731f54a2f,https://fortworthgov.granicus.com/MediaPlayer.php?view_id=12&clip_id=3879,District 5 Town Hall Meeting District 5 Town Hall Meeting,District 5 Town Hall Meeting District 5 Town Hall Meeting,,fort-worth-tx-public-info-meetings,Public Information Meetings,Plausible family match; confirm exact event-to-recording binding before feed activation.,Exact source/body family in the 680-row worksheet; one city feed combines public briefings/info/input.
6540eef2dc2e,da010410d655f4c4,https://fortworthgov.granicus.com/MediaPlayer.php?view_id=11&clip_id=3573,COVID-19 Community Update (Spanish) COVID-19 Community Update (Spanish),COVID-19 Community Update (Spanish) COVID-19 Community Update (Spanish),,fort-worth-tx-public-info-meetings,Public Information Meetings,Plausible family match; confirm exact event-to-recording binding before feed activation.,Exact source/body family in the 680-row worksheet; one city feed combines public briefings/info/input.
6540eef2dc2e,dc440d5a1b7e797a,https://fortworthgov.granicus.com/MediaPlayer.php?view_id=10&clip_id=4162,"Virtual Community Construction Meeting - Rosemont, Shaw Clarke & Worth Heights Area Lead Replacement And Infras Virtual Community Construction Meeting - Rosemont, Shaw Clarke & Worth Heights Area Lead Replacement And Infras","Virtual Community Construction Meeting - Rosemont, Shaw Clarke & Worth Heights Area Lead Replacement And Infras Virtual Community Construction Meeting - Rosemont, Shaw Clarke & Worth Heights Area Lead Replacement And Infras",,fort-worth-tx-public-info-meetings,Public Information Meetings,Plausible family match; confirm exact event-to-recording binding before feed activation.,Exact source/body family in the 680-row worksheet; one city feed combines public briefings/info/input.
6540eef2dc2e,dc56d9425c0de0bc,https://fortworthgov.granicus.com/MediaPlayer.php?view_id=10&clip_id=3569,COVID-19 Community Update (Spanish) COVID-19 Community Update (Spanish),COVID-19 Community Update (Spanish) COVID-19 Community Update (Spanish),,fort-worth-tx-public-info-meetings,Public Information Meetings,Plausible family match; confirm exact event-to-recording binding before feed activation.,Exact source/body family in the 680-row worksheet; one city feed combines public briefings/info/input.
6540eef2dc2e,dc96740f87605a2c,https://fortworthgov.granicus.com/MediaPlayer.php?view_id=10&clip_id=4308,Virtual Webex Design Meeting For Lake Worth Water And Sewer Improvements Part 2 Virtual Webex Design Meeting For Lake Worth Water And Sewer Improvements Part 2,Virtual Webex Design Meeting For Lake Worth Water And Sewer Improvements Part 2 Virtual Webex Design Meeting For Lake Worth Water And Sewer Improvements Part 2,,fort-worth-tx-public-info-meetings,Public Information Meetings,Plausible family match; confirm exact event-to-recording binding before feed activation.,Exact source/body family in the 680-row worksheet; one city feed combines public briefings/info/input.
6540eef2dc2e,dd79879b2448fb27,https://fortworthgov.granicus.com/MediaPlayer.php?view_id=12&clip_id=1357,Salt Water Disposal Public Meeting Salt Water Disposal Public Meeting,Salt Water Disposal Public Meeting Salt Water Disposal Public Meeting,,fort-worth-tx-public-info-meetings,Public Information Meetings,Plausible family match; confirm exact event-to-recording binding before feed activation.,Exact source/body family in the 680-row worksheet; one city feed combines public briefings/info/input.
6540eef2dc2e,ddf2dc8a21f2ca2b,https://fortworthgov.granicus.com/MediaPlayer.php?view_id=12&clip_id=756,Tracks to the Future - Next Steps: Communications and Coalitions Tracks to the Future - Next Steps: Communications and Coalitions,Tracks to the Future - Next Steps: Communications and Coalitions Tracks to the Future - Next Steps: Communications and Coalitions,,fort-worth-tx-public-info-meetings,Public Information Meetings,Plausible family match; confirm exact event-to-recording binding before feed activation.,Exact source/body family in the 680-row worksheet; one city feed combines public briefings/info/input.
6540eef2dc2e,de7e98be69e0c01b,https://fortworthgov.granicus.com/MediaPlayer.php?view_id=12&clip_id=4994,7th Annual Business Fair Panel Discussion 7th Annual Business Fair Panel Discussion,7th Annual Business Fair Panel Discussion 7th Annual Business Fair Panel Discussion,,fort-worth-tx-public-info-meetings,Public Information Meetings,Plausible family match; confirm exact event-to-recording binding before feed activation.,Exact source/body family in the 680-row worksheet; one city feed combines public briefings/info/input.
6540eef2dc2e,e12bc24e9c3a6ebf,https://fortworthgov.granicus.com/MediaPlayer.php?view_id=10&clip_id=3555,COVID-19 Community Update (English) COVID-19 Community Update (English),COVID-19 Community Update (English) COVID-19 Community Update (English),,fort-worth-tx-public-info-meetings,Public Information Meetings,Plausible family match; confirm exact event-to-recording binding before feed activation.,Exact source/body family in the 680-row worksheet; one city feed combines public briefings/info/input.
6540eef2dc2e,e14f0415a2a24c88,https://fortworthgov.granicus.com/MediaPlayer.php?view_id=10&clip_id=3632,COVID-19 Community Update (English) COVID-19 Community Update (English),COVID-19 Community Update (English) COVID-19 Community Update (English),,fort-worth-tx-public-info-meetings,Public Information Meetings,Plausible family match; confirm exact event-to-recording binding before feed activation.,Exact source/body family in the 680-row worksheet; one city feed combines public briefings/info/input.
6540eef2dc2e,e24a6dc987adde18,https://fortworthgov.granicus.com/MediaPlayer.php?view_id=10&clip_id=3610,COVID-19 Community Update (Spanish) COVID-19 Community Update (Spanish),COVID-19 Community Update (Spanish) COVID-19 Community Update (Spanish),,fort-worth-tx-public-info-meetings,Public Information Meetings,Plausible family match; confirm exact event-to-recording binding before feed activation.,Exact source/body family in the 680-row worksheet; one city feed combines public briefings/info/input.
6540eef2dc2e,e437486f665cd359,https://fortworthgov.granicus.com/MediaPlayer.php?view_id=12&clip_id=752,Tracks to the Future - Street Car Impact on Regional Transit Tracks to the Future - Street Car Impact on Regional Transit,Tracks to the Future - Street Car Impact on Regional Transit Tracks to the Future - Street Car Impact on Regional Transit,,fort-worth-tx-public-info-meetings,Public Information Meetings,Plausible family match; confirm exact event-to-recording binding before feed activation.,Exact source/body family in the 680-row worksheet; one city feed combines public briefings/info/input.
6540eef2dc2e,e465510b5c34d063,https://fortworthgov.granicus.com/MediaPlayer.php?view_id=12&clip_id=1056,Air Quality Study Air Quality Study,Air Quality Study Air Quality Study,,fort-worth-tx-public-info-meetings,Public Information Meetings,Plausible family match; confirm exact event-to-recording binding before feed activation.,Exact source/body family in the 680-row worksheet; one city feed combines public briefings/info/input.
6540eef2dc2e,e512e1d1c780bb3b,https://fortworthgov.granicus.com/MediaPlayer.php?view_id=10&clip_id=5190,"Press Conference of June 24, 2023 Press Conference of June 24, 2023","Press Conference of June 24, 2023 Press Conference of June 24, 2023",,fort-worth-tx-public-info-meetings,Public Information Meetings,Plausible family match; confirm exact event-to-recording binding before feed activation.,Exact source/body family in the 680-row worksheet; one city feed combines public briefings/info/input.
6540eef2dc2e,e5bd38ff3c96819b,https://fortworthgov.granicus.com/MediaPlayer.php?view_id=10&clip_id=5010,Altamesa/McCart Safe Community Collaboration Altamesa/McCart Safe Community Collaboration,Altamesa/McCart Safe Community Collaboration Altamesa/McCart Safe Community Collaboration,,fort-worth-tx-public-info-meetings,Public Information Meetings,Plausible family match; confirm exact event-to-recording binding before feed activation.,Exact source/body family in the 680-row worksheet; one city feed combines public briefings/info/input.
6540eef2dc2e,e65372113ae065f1,https://fortworthgov.granicus.com/MediaPlayer.php?view_id=11&clip_id=3557,COVID-19 Community Update (Spanish) COVID-19 Community Update (Spanish),COVID-19 Community Update (Spanish) COVID-19 Community Update (Spanish),,fort-worth-tx-public-info-meetings,Public Information Meetings,Plausible family match; confirm exact event-to-recording binding before feed activation.,Exact source/body family in the 680-row worksheet; one city feed combines public briefings/info/input.
6540eef2dc2e,e6fb1f01dbcc74ea,https://fortworthgov.granicus.com/MediaPlayer.php?view_id=10&clip_id=5488,District 6 Open House District 6 Open House,District 6 Open House District 6 Open House,,fort-worth-tx-public-info-meetings,Public Information Meetings,Plausible family match; confirm exact event-to-recording binding before feed activation.,Exact source/body family in the 680-row worksheet; one city feed combines public briefings/info/input.
6540eef2dc2e,e776cf56c2ecae4f,https://fortworthgov.granicus.com/MediaPlayer.php?view_id=12&clip_id=2879,Economic Development Strategic Plan Workshop Economic Development Strategic Plan Workshop,Economic Development Strategic Plan Workshop Economic Development Strategic Plan Workshop,,fort-worth-tx-public-info-meetings,Public Information Meetings,Plausible family match; confirm exact event-to-recording binding before feed activation.,Exact source/body family in the 680-row worksheet; one city feed combines public briefings/info/input.
6540eef2dc2e,e7787d103f0e72fd,https://fortworthgov.granicus.com/MediaPlayer.php?view_id=12&clip_id=5164,Public Forum for Police Oversight Monitor Candidates Public Forum for Police Oversight Monitor Candidates,Public Forum for Police Oversight Monitor Candidates Public Forum for Police Oversight Monitor Candidates,,fort-worth-tx-public-info-meetings,Public Information Meetings,Plausible family match; confirm exact event-to-recording binding before feed activation.,Exact source/body family in the 680-row worksheet; one city feed combines public briefings/info/input.
6540eef2dc2e,e7adf3fc74e93271,https://fortworthgov.granicus.com/MediaPlayer.php?view_id=10&clip_id=3595,COVID-19 Community Update (Spanish) COVID-19 Community Update (Spanish),COVID-19 Community Update (Spanish) COVID-19 Community Update (Spanish),,fort-worth-tx-public-info-meetings,Public Information Meetings,Plausible family match; confirm exact event-to-recording binding before feed activation.,Exact source/body family in the 680-row worksheet; one city feed combines public briefings/info/input.
6540eef2dc2e,eaa3a32f043508e2,https://fortworthgov.granicus.com/MediaPlayer.php?view_id=10&clip_id=3621,COVID-19 Community Update (Spanish) COVID-19 Community Update (Spanish),COVID-19 Community Update (Spanish) COVID-19 Community Update (Spanish),,fort-worth-tx-public-info-meetings,Public Information Meetings,Plausible family match; confirm exact event-to-recording binding before feed activation.,Exact source/body family in the 680-row worksheet; one city feed combines public briefings/info/input.
6540eef2dc2e,eadab1b79f413948,https://fortworthgov.granicus.com/MediaPlayer.php?view_id=11&clip_id=3578,COVID-19 Community Update (Spanish) COVID-19 Community Update (Spanish),COVID-19 Community Update (Spanish) COVID-19 Community Update (Spanish),,fort-worth-tx-public-info-meetings,Public Information Meetings,Plausible family match; confirm exact event-to-recording binding before feed activation.,Exact source/body family in the 680-row worksheet; one city feed combines public briefings/info/input.
6540eef2dc2e,ecac3f488d3b5e56,https://fortworthgov.granicus.com/MediaPlayer.php?view_id=12&clip_id=5238,"Ray White Road Widening Improvements meeting of August 10, 2023 Ray White Road Widening Improvements meeting of August 10, 2023","Ray White Road Widening Improvements meeting of August 10, 2023 Ray White Road Widening Improvements meeting of August 10, 2023",,fort-worth-tx-public-info-meetings,Public Information Meetings,Plausible family match; confirm exact event-to-recording binding before feed activation.,Exact source/body family in the 680-row worksheet; one city feed combines public briefings/info/input.
6540eef2dc2e,ed651f44f65b49d6,https://fortworthgov.granicus.com/MediaPlayer.php?view_id=10&clip_id=1721,Virtual Worshop on Water Education Virtual Worshop on Water Education,Virtual Worshop on Water Education Virtual Worshop on Water Education,,fort-worth-tx-public-info-meetings,Public Information Meetings,Plausible family match; confirm exact event-to-recording binding before feed activation.,Exact source/body family in the 680-row worksheet; one city feed combines public briefings/info/input.
6540eef2dc2e,ee2d85388e86ae50,https://fortworthgov.granicus.com/MediaPlayer.php?view_id=10&clip_id=2891,"Neighborhood Workshop: Tarrant County Services - January 20, 2018 Neighborhood Workshop: Tarrant County Services - January 20, 2018","Neighborhood Workshop: Tarrant County Services - January 20, 2018 Neighborhood Workshop: Tarrant County Services",,fort-worth-tx-public-info-meetings,Public Information Meetings,Plausible family match; confirm exact event-to-recording binding before feed activation.,Exact source/body family in the 680-row worksheet; one city feed combines public briefings/info/input.
6540eef2dc2e,ee421829fc0691d4,https://fortworthgov.granicus.com/MediaPlayer.php?view_id=10&clip_id=4525,District 6 Town Hall Meeting District 6 Town Hall Meeting,District 6 Town Hall Meeting District 6 Town Hall Meeting,,fort-worth-tx-public-info-meetings,Public Information Meetings,Plausible family match; confirm exact event-to-recording binding before feed activation.,Exact source/body family in the 680-row worksheet; one city feed combines public briefings/info/input.
6540eef2dc2e,eeddb1ed93c96a8b,https://fortworthgov.granicus.com/MediaPlayer.php?view_id=10&clip_id=2708,"Affordable Housing 101 Forum of May 13, 2017 Affordable Housing 101 Forum of May 13, 2017","Affordable Housing 101 Forum of May 13, 2017 Affordable Housing 101 Forum of May 13, 2017",,fort-worth-tx-public-info-meetings,Public Information Meetings,Plausible family match; confirm exact event-to-recording binding before feed activation.,Exact source/body family in the 680-row worksheet; one city feed combines public briefings/info/input.
6540eef2dc2e,eefd6afc0f474d8d,https://fortworthgov.granicus.com/MediaPlayer.php?view_id=12&clip_id=4615,OPOM Community Conversation OPOM Community Conversation,OPOM Community Conversation OPOM Community Conversation,,fort-worth-tx-public-info-meetings,Public Information Meetings,Plausible family match; confirm exact event-to-recording binding before feed activation.,Exact source/body family in the 680-row worksheet; one city feed combines public briefings/info/input.
6540eef2dc2e,f076de2074d70095,https://fortworthgov.granicus.com/MediaPlayer.php?view_id=12&clip_id=1022,Air Quality Study Presentation Air Quality Study Presentation,Air Quality Study Presentation Air Quality Study Presentation,,fort-worth-tx-public-info-meetings,Public Information Meetings,Plausible family match; confirm exact event-to-recording binding before feed activation.,Exact source/body family in the 680-row worksheet; one city feed combines public briefings/info/input.
6540eef2dc2e,f0b17e47f3d56527,https://fortworthgov.granicus.com/MediaPlayer.php?view_id=12&clip_id=3995,Community Meeting For Riverside Area Street Reconstruction Community Meeting For Riverside Area Street Reconstruction,Community Meeting For Riverside Area Street Reconstruction Community Meeting For Riverside Area Street Reconstruction,,fort-worth-tx-public-info-meetings,Public Information Meetings,Plausible family match; confirm exact event-to-recording binding before feed activation.,Exact source/body family in the 680-row worksheet; one city feed combines public briefings/info/input.
6540eef2dc2e,f14a89b3e7431087,https://fortworthgov.granicus.com/MediaPlayer.php?view_id=10&clip_id=3857,District 9 Budget Town Hall District 9 Budget Town Hall,District 9 Budget Town Hall District 9 Budget Town Hall,fort-worth-tx-city-council,fort-worth-tx-public-info-meetings,Public Information Meetings,Strong title-level candidate; confirm event date and recording link before activating the rule.,"City/source-scoped public-input, town-hall, or listening-session title. Preserve any legitimate existing body owner as a second participant only when the event is truly joint."
6540eef2dc2e,f2eeb5454e5161e9,https://fortworthgov.granicus.com/MediaPlayer.php?view_id=11&clip_id=3607,COVID-19 Community Update (English) COVID-19 Community Update (English),COVID-19 Community Update (English) COVID-19 Community Update (English),,fort-worth-tx-public-info-meetings,Public Information Meetings,Plausible family match; confirm exact event-to-recording binding before feed activation.,Exact source/body family in the 680-row worksheet; one city feed combines public briefings/info/input.
6540eef2dc2e,f343d1460cdb2791,https://fortworthgov.granicus.com/MediaPlayer.php?view_id=10&clip_id=5182,"Echo Heights Public Meeting of June 12, 2023 Echo Heights Public Meeting of June 12, 2023","Echo Heights Public Meeting of June 12, 2023 Echo Heights Public Meeting of June 12, 2023",,fort-worth-tx-public-info-meetings,Public Information Meetings,Plausible family match; confirm exact event-to-recording binding before feed activation.,Exact source/body family in the 680-row worksheet; one city feed combines public briefings/info/input.
6540eef2dc2e,f36b2399dfd0abc5,https://fortworthgov.granicus.com/MediaPlayer.php?view_id=11&clip_id=2170,Public Input Meeting for CCPD FY2016 Budget Public Input Meeting for CCPD FY2016 Budget,Public Input Meeting for CCPD FY2016 Budget Public Input Meeting for CCPD FY2016 Budget,fort-worth-tx-crime-control-and-prevention-district,fort-worth-tx-public-info-meetings,Public Information Meetings,Strong title-level candidate; confirm event date and recording link before activating the rule.,"City/source-scoped public-input, town-hall, or listening-session title. Preserve any legitimate existing body owner as a second participant only when the event is truly joint."
6540eef2dc2e,f4b7a60631c479e8,https://fortworthgov.granicus.com/MediaPlayer.php?view_id=11&clip_id=3556,COVID-19 Community Update (Spanish) COVID-19 Community Update (Spanish),COVID-19 Community Update (Spanish) COVID-19 Community Update (Spanish),,fort-worth-tx-public-info-meetings,Public Information Meetings,Plausible family match; confirm exact event-to-recording binding before feed activation.,Exact source/body family in the 680-row worksheet; one city feed combines public briefings/info/input.
6540eef2dc2e,f55d3d5b70bac03e,https://fortworthgov.granicus.com/MediaPlayer.php?view_id=12&clip_id=755,Tracks to the Future - Business as Usual or a New Direction? Tracks to the Future - Business as Usual or a New Direction?,Tracks to the Future - Business as Usual or a New Direction? Tracks to the Future - Business as Usual or a New Direction?,,fort-worth-tx-public-info-meetings,Public Information Meetings,Plausible family match; confirm exact event-to-recording binding before feed activation.,Exact source/body family in the 680-row worksheet; one city feed combines public briefings/info/input.
6540eef2dc2e,f60917136c91c4ed,https://fortworthgov.granicus.com/MediaPlayer.php?view_id=11&clip_id=3549,COVID-19 Community Update (English) COVID-19 Community Update (English),COVID-19 Community Update (English) COVID-19 Community Update (English),,fort-worth-tx-public-info-meetings,Public Information Meetings,Plausible family match; confirm exact event-to-recording binding before feed activation.,Exact source/body family in the 680-row worksheet; one city feed combines public briefings/info/input.
6540eef2dc2e,f7fde6e6eb6a8390,https://fortworthgov.granicus.com/MediaPlayer.php?view_id=12&clip_id=2017,"Caffeinated Town Hall - the Bastion - September 6, 2014 Caffeinated Town Hall - the Bastion - September 6, 2014","Caffeinated Town Hall - the Bastion - September 6, 2014 Caffeinated Town Hall - the Bastion",fort-worth-tx,fort-worth-tx-public-info-meetings,Public Information Meetings,Strong title-level candidate; confirm event date and recording link before activating the rule.,"City/source-scoped public-input, town-hall, or listening-session title. Preserve any legitimate existing body owner as a second participant only when the event is truly joint."
6540eef2dc2e,f805548b88e41fbd,https://fortworthgov.granicus.com/MediaPlayer.php?view_id=10&clip_id=3443,Police Monitor Public Forum Police Monitor Public Forum,Police Monitor Public Forum Police Monitor Public Forum,,fort-worth-tx-public-info-meetings,Public Information Meetings,Plausible family match; confirm exact event-to-recording binding before feed activation.,Exact source/body family in the 680-row worksheet; one city feed combines public briefings/info/input.
6540eef2dc2e,fbfd9c87fc829edd,https://fortworthgov.granicus.com/MediaPlayer.php?view_id=11&clip_id=3621,COVID-19 Community Update (Spanish) COVID-19 Community Update (Spanish),COVID-19 Community Update (Spanish) COVID-19 Community Update (Spanish),,fort-worth-tx-public-info-meetings,Public Information Meetings,Plausible family match; confirm exact event-to-recording binding before feed activation.,Exact source/body family in the 680-row worksheet; one city feed combines public briefings/info/input.
6540eef2dc2e,fc79fc6d281b3a00,https://fortworthgov.granicus.com/MediaPlayer.php?view_id=10&clip_id=1356,Salt Water Disposal Public Meeting Salt Water Disposal Public Meeting,Salt Water Disposal Public Meeting Salt Water Disposal Public Meeting,,fort-worth-tx-public-info-meetings,Public Information Meetings,Plausible family match; confirm exact event-to-recording binding before feed activation.,Exact source/body family in the 680-row worksheet; one city feed combines public briefings/info/input.
6540eef2dc2e,fd40213bc762321a,https://fortworthgov.granicus.com/MediaPlayer.php?view_id=11&clip_id=3587,COVID-19 Community Update (Spanish) COVID-19 Community Update (Spanish),COVID-19 Community Update (Spanish) COVID-19 Community Update (Spanish),,fort-worth-tx-public-info-meetings,Public Information Meetings,Plausible family match; confirm exact event-to-recording binding before feed activation.,Exact source/body family in the 680-row worksheet; one city feed combines public briefings/info/input.
6540eef2dc2e,fd70aa7ad675e73e,https://fortworthgov.granicus.com/MediaPlayer.php?view_id=10&clip_id=3897,Sunset Heights Sidewalk Improvements Sunset Heights Sidewalk Improvements,Sunset Heights Sidewalk Improvements Sunset Heights Sidewalk Improvements,,fort-worth-tx-public-info-meetings,Public Information Meetings,Plausible family match; confirm exact event-to-recording binding before feed activation.,Exact source/body family in the 680-row worksheet; one city feed combines public briefings/info/input.
6540eef2dc2e,fde1d09c7108109f,https://fortworthgov.granicus.com/MediaPlayer.php?view_id=10&clip_id=3607,COVID-19 Community Update (English) COVID-19 Community Update (English),COVID-19 Community Update (English) COVID-19 Community Update (English),,fort-worth-tx-public-info-meetings,Public Information Meetings,Plausible family match; confirm exact event-to-recording binding before feed activation.,Exact source/body family in the 680-row worksheet; one city feed combines public briefings/info/input.
6540eef2dc2e,fde65dd13c5d1440,https://fortworthgov.granicus.com/MediaPlayer.php?view_id=10&clip_id=3598,COVID-19 Community Update (Spanish) COVID-19 Community Update (Spanish),COVID-19 Community Update (Spanish) COVID-19 Community Update (Spanish),,fort-worth-tx-public-info-meetings,Public Information Meetings,Plausible family match; confirm exact event-to-recording binding before feed activation.,Exact source/body family in the 680-row worksheet; one city feed combines public briefings/info/input.
6540eef2dc2e,ffd3a141bedb0ba5,https://fortworthgov.granicus.com/MediaPlayer.php?view_id=12&clip_id=1056,Air Quality Study Air Quality Study,Air Quality Study Air Quality Study,,fort-worth-tx-public-info-meetings,Public Information Meetings,Plausible family match; confirm exact event-to-recording binding before feed activation.,Exact source/body family in the 680-row worksheet; one city feed combines public briefings/info/input.
76869ed1994f,004da2b397ac892f,203163,"Budget Virtual Town Hall Meeting – Sep 03, 2015",Budget Virtual Town Hall Meeting,,dallas-tx-public-info-meetings,Public Information Meetings,Plausible family match; confirm exact event-to-recording binding before feed activation.,Exact source/body family in the 680-row worksheet; one city feed combines public briefings/info/input.
76869ed1994f,004ff61ee6604d7f,205576,"State of City Address – Nov 17, 2021",State of City Address,,dallas-tx-public-info-meetings,Public Information Meetings,Plausible family match; confirm exact event-to-recording binding before feed activation.,Exact source/body family in the 680-row worksheet; one city feed combines public briefings/info/input.
76869ed1994f,0145d259b2446636,205548,"District 4's Dallas 365 Safe Press Conference – May 28, 2020",District 4's Dallas 365 Safe Press Conference,,dallas-tx-public-info-meetings,Public Information Meetings,Plausible family match; confirm exact event-to-recording binding before feed activation.,Exact source/body family in the 680-row worksheet; one city feed combines public briefings/info/input.
76869ed1994f,01d76e2644a09d4d,203168,"Virtual Town Hall Meetings – Aug 22, 2016",Virtual Town Hall Meetings,,dallas-tx-public-info-meetings,Public Information Meetings,Plausible family match; confirm exact event-to-recording binding before feed activation.,Exact source/body family in the 680-row worksheet; one city feed combines public briefings/info/input.
76869ed1994f,069f15172f20801e,205571,"News Conference – Jun 28, 2021",News Conference,,dallas-tx-public-info-meetings,Public Information Meetings,Plausible family match; confirm exact event-to-recording binding before feed activation.,Exact source/body family in the 680-row worksheet; one city feed combines public briefings/info/input.
76869ed1994f,071a355e8c286a88,202450,"District 4 OHS Budget Listening Sessions – Jun 27, 2022",District 4 OHS Budget Listening Sessions,,dallas-tx-public-info-meetings,Public Information Meetings,Plausible family match; confirm exact event-to-recording binding before feed activation.,Exact source/body family in the 680-row worksheet; one city feed combines public briefings/info/input.
76869ed1994f,08132e2ae841efd8,205545,"Small Business Resource Virtual Town Hall Meeting – Mar 26, 2020",Small Business Resource Virtual Town Hall Meeting,dallas-tx-economic-development,dallas-tx-public-info-meetings,Public Information Meetings,Strong title-level candidate; confirm event date and recording link before activating the rule.,"City/source-scoped public-input, town-hall, or listening-session title. Preserve any legitimate existing body owner as a second participant only when the event is truly joint."
76869ed1994f,0844b0ddb99a7012,201677,"District 7 Tele-Budget Town Hall Meeting – Aug 14, 2021",District 7 Tele-Budget Town Hall Meeting,dallas-tx-city-council,dallas-tx-public-info-meetings,Public Information Meetings,Strong title-level candidate; confirm event date and recording link before activating the rule.,"City/source-scoped public-input, town-hall, or listening-session title. Preserve any legitimate existing body owner as a second participant only when the event is truly joint."
76869ed1994f,0a90bd247c5e279c,203182,"Virtual Town Hall Meetings – Aug 28, 2018",Virtual Town Hall Meetings,,dallas-tx-public-info-meetings,Public Information Meetings,Plausible family match; confirm exact event-to-recording binding before feed activation.,Exact source/body family in the 680-row worksheet; one city feed combines public briefings/info/input.
76869ed1994f,0b7a14aefee1559a,232885,"City of Dallas Scooter Press Conference – May 31, 2023",City of Dallas Scooter Press Conference,,dallas-tx-public-info-meetings,Public Information Meetings,Plausible family match; confirm exact event-to-recording binding before feed activation.,Exact source/body family in the 680-row worksheet; one city feed combines public briefings/info/input.
76869ed1994f,0ba8bcad6ccca984,229483,"Fentanyl Awareness Day Proclamation Press Conference – May 09, 2023",Fentanyl Awareness Day Proclamation Press Conference,,dallas-tx-public-info-meetings,Public Information Meetings,Plausible family match; confirm exact event-to-recording binding before feed activation.,Exact source/body family in the 680-row worksheet; one city feed combines public briefings/info/input.
76869ed1994f,1065dfbaca67a679,205581,"Office of Homeless Solutions Budget Listening Session – Jun 14, 2022",Office of Homeless Solutions Budget Listening Session,dallas-tx-housing-and-homelessness-solutions,dallas-tx-public-info-meetings,Public Information Meetings,Strong title-level candidate; confirm event date and recording link before activating the rule.,"City/source-scoped public-input, town-hall, or listening-session title. Preserve any legitimate existing body owner as a second participant only when the event is truly joint."
76869ed1994f,110b80c54128ab07,205560,"Dallas Police Chief Forum – Dec 16, 2020",Dallas Police Chief Forum,,dallas-tx-public-info-meetings,Public Information Meetings,Plausible family match; confirm exact event-to-recording binding before feed activation.,Exact source/body family in the 680-row worksheet; one city feed combines public briefings/info/input.
76869ed1994f,1393bdc3ef38d3f6,203159,"Budget Virtual Town Hall Meeting – Aug 24, 2015",Budget Virtual Town Hall Meeting,,dallas-tx-public-info-meetings,Public Information Meetings,Plausible family match; confirm exact event-to-recording binding before feed activation.,Exact source/body family in the 680-row worksheet; one city feed combines public briefings/info/input.
76869ed1994f,1859e031abd8ec91,203176,"Virtual Town Hall Meetings – Aug 23, 2017",Virtual Town Hall Meetings,,dallas-tx-public-info-meetings,Public Information Meetings,Plausible family match; confirm exact event-to-recording binding before feed activation.,Exact source/body family in the 680-row worksheet; one city feed combines public briefings/info/input.
76869ed1994f,191a8aa809998600,205526,"Housing Policy Public Input Virtual Meeting Topic 4 of 4 – Feb 23, 2018",Housing Policy Public Input Virtual Meeting Topic 4 of 4,dallas-tx-housing-and-homelessness-solutions,dallas-tx-public-info-meetings,Public Information Meetings,Strong title-level candidate; confirm event date and recording link before activating the rule.,"City/source-scoped public-input, town-hall, or listening-session title. Preserve any legitimate existing body owner as a second participant only when the event is truly joint."
76869ed1994f,198eb99782d5bf54,203187,"Virtual Town Hall Meetings – Aug 19, 2019",Virtual Town Hall Meetings,,dallas-tx-public-info-meetings,Public Information Meetings,Plausible family match; confirm exact event-to-recording binding before feed activation.,Exact source/body family in the 680-row worksheet; one city feed combines public briefings/info/input.
76869ed1994f,1f1f14cb45227996,203155,"Budget Virtual Town Hall Meeting – Aug 13, 2015",Budget Virtual Town Hall Meeting,,dallas-tx-public-info-meetings,Public Information Meetings,Plausible family match; confirm exact event-to-recording binding before feed activation.,Exact source/body family in the 680-row worksheet; one city feed combines public briefings/info/input.
76869ed1994f,201b45a16dd415e5,201684,"TELE Town Hall Meetings District 9 – Aug 23, 2022",TELE Town Hall Meetings District 9,,dallas-tx-public-info-meetings,Public Information Meetings,Plausible family match; confirm exact event-to-recording binding before feed activation.,Exact source/body family in the 680-row worksheet; one city feed combines public briefings/info/input.
76869ed1994f,2208bbc7f509d599,203147,"Virtual Town Hall Meeting - District 4 – Aug 18, 2014",Virtual Town Hall Meeting - District 4,dallas-tx-city-council,dallas-tx-public-info-meetings,Public Information Meetings,Strong title-level candidate; confirm event date and recording link before activating the rule.,"City/source-scoped public-input, town-hall, or listening-session title. Preserve any legitimate existing body owner as a second participant only when the event is truly joint."
76869ed1994f,233479aed6308cbe,201683,"TELE Town Hall Meetings District 8 – Aug 18, 2022",TELE Town Hall Meetings District 8,,dallas-tx-public-info-meetings,Public Information Meetings,Plausible family match; confirm exact event-to-recording binding before feed activation.,Exact source/body family in the 680-row worksheet; one city feed combines public briefings/info/input.
76869ed1994f,25a330239c9b7b1c,203167,"Budget Virtual Town Hall Meeting – Aug 18, 2016",Budget Virtual Town Hall Meeting,,dallas-tx-public-info-meetings,Public Information Meetings,Plausible family match; confirm exact event-to-recording binding before feed activation.,Exact source/body family in the 680-row worksheet; one city feed combines public briefings/info/input.
76869ed1994f,284c357f6ff6ab5b,203193,"District 8 Virtual Town Hall Meetings – Aug 13, 2020",District 8 Virtual Town Hall Meetings,,dallas-tx-public-info-meetings,Public Information Meetings,Plausible family match; confirm exact event-to-recording binding before feed activation.,Exact source/body family in the 680-row worksheet; one city feed combines public briefings/info/input.
76869ed1994f,2d70fdbaa7f47a88,203191,"Virtual Town Hall Meetings – Aug 28, 2019",Virtual Town Hall Meetings,,dallas-tx-public-info-meetings,Public Information Meetings,Plausible family match; confirm exact event-to-recording binding before feed activation.,Exact source/body family in the 680-row worksheet; one city feed combines public briefings/info/input.
76869ed1994f,33ce1619210b1599,203154,"Budget Virtual Town Hall Meeting – Aug 11, 2015",Budget Virtual Town Hall Meeting,,dallas-tx-public-info-meetings,Public Information Meetings,Plausible family match; confirm exact event-to-recording binding before feed activation.,Exact source/body family in the 680-row worksheet; one city feed combines public briefings/info/input.
76869ed1994f,34db3c03c73fffff,203160,"Budget Virtual Town Hall Meeting – Aug 25, 2015",Budget Virtual Town Hall Meeting,,dallas-tx-public-info-meetings,Public Information Meetings,Plausible family match; confirm exact event-to-recording binding before feed activation.,Exact source/body family in the 680-row worksheet; one city feed combines public briefings/info/input.
76869ed1994f,3502064f89eb5105,205523,"Housing Policy Public Input Virtual Meeting Topic 3 of 4 – Feb 15, 2018",Housing Policy Public Input Virtual Meeting Topic 3 of 4,dallas-tx-housing-and-homelessness-solutions,dallas-tx-public-info-meetings,Public Information Meetings,Strong title-level candidate; confirm event date and recording link before activating the rule.,"City/source-scoped public-input, town-hall, or listening-session title. Preserve any legitimate existing body owner as a second participant only when the event is truly joint."
76869ed1994f,3731fee42cc7f297,205555,"Mayor's Press Conference – Sep 16, 2020",Mayor's Press Conference,,dallas-tx-public-info-meetings,Public Information Meetings,Plausible family match; confirm exact event-to-recording binding before feed activation.,Exact source/body family in the 680-row worksheet; one city feed combines public briefings/info/input.
76869ed1994f,385eaa4b1a73fda4,203149,"Dallas Virtual Town Hall Meeting - District 4 – Aug 20, 2014",Dallas Virtual Town Hall Meeting - District 4,dallas-tx-city-council,dallas-tx-public-info-meetings,Public Information Meetings,Strong title-level candidate; confirm event date and recording link before activating the rule.,"City/source-scoped public-input, town-hall, or listening-session title. Preserve any legitimate existing body owner as a second participant only when the event is truly joint."
76869ed1994f,3a337b9f8539b988,205558,"State of City Address – Dec 08, 2020",State of City Address,,dallas-tx-public-info-meetings,Public Information Meetings,Plausible family match; confirm exact event-to-recording binding before feed activation.,Exact source/body family in the 680-row worksheet; one city feed combines public briefings/info/input.
76869ed1994f,405cdc7bae901827,203199,"District 3 Virtual Town Hall Meetings – Aug 25, 2020",District 3 Virtual Town Hall Meetings,,dallas-tx-public-info-meetings,Public Information Meetings,Plausible family match; confirm exact event-to-recording binding before feed activation.,Exact source/body family in the 680-row worksheet; one city feed combines public briefings/info/input.
76869ed1994f,414bc1d7e907166f,205497,"Joint Dallas Ebola Update News Conference – Oct 02, 2014",Joint Dallas Ebola Update News Conference,,dallas-tx-public-info-meetings,Public Information Meetings,Plausible family match; confirm exact event-to-recording binding before feed activation.,Exact source/body family in the 680-row worksheet; one city feed combines public briefings/info/input.
76869ed1994f,4a6488cbd9d20e1f,205572,"Forward Dallas Neighborhood Summit Press Conference – Aug 28, 2021",Forward Dallas Neighborhood Summit Press Conference,,dallas-tx-public-info-meetings,Public Information Meetings,Plausible family match; confirm exact event-to-recording binding before feed activation.,Exact source/body family in the 680-row worksheet; one city feed combines public briefings/info/input.
76869ed1994f,4bac8c58b0911f2e,205490,"Conversations About Race – Sep 21, 2013",Conversations About Race,,dallas-tx-public-info-meetings,Public Information Meetings,Plausible family match; confirm exact event-to-recording binding before feed activation.,Exact source/body family in the 680-row worksheet; one city feed combines public briefings/info/input.
76869ed1994f,4e63f073a539c02d,203194,"Districts 2 and 6 Virtual Town Hall Meetings – Aug 17, 2020",Districts 2 and 6 Virtual Town Hall Meetings,,dallas-tx-public-info-meetings,Public Information Meetings,Plausible family match; confirm exact event-to-recording binding before feed activation.,Exact source/body family in the 680-row worksheet; one city feed combines public briefings/info/input.
76869ed1994f,4f803ee5d8db3d70,203178,"Virtual Town Hall Meetings – Aug 18, 2018",Virtual Town Hall Meetings,,dallas-tx-public-info-meetings,Public Information Meetings,Plausible family match; confirm exact event-to-recording binding before feed activation.,Exact source/body family in the 680-row worksheet; one city feed combines public briefings/info/input.
76869ed1994f,4f9bf6331fce5d6a,205565,"Neighborhood Public Meeting for FY 2021-22 Consolidated Plan Budget – Jan 07, 2021",Neighborhood Public Meeting for FY 2021-22 Consolidated Plan Budget,,dallas-tx-public-info-meetings,Public Information Meetings,Plausible family match; confirm exact event-to-recording binding before feed activation.,Exact source/body family in the 680-row worksheet; one city feed combines public briefings/info/input.
76869ed1994f,51be5d231bb36c86,205562,"News Conference – Dec 28, 2020",News Conference,,dallas-tx-public-info-meetings,Public Information Meetings,Plausible family match; confirm exact event-to-recording binding before feed activation.,Exact source/body family in the 680-row worksheet; one city feed combines public briefings/info/input.
76869ed1994f,548d205e7577074e,203145,"Virtual Town Hall Meeting – Aug 27, 2013",Virtual Town Hall Meeting,,dallas-tx-public-info-meetings,Public Information Meetings,Plausible family match; confirm exact event-to-recording binding before feed activation.,Exact source/body family in the 680-row worksheet; one city feed combines public briefings/info/input.
76869ed1994f,59909f0f6d3dfb92,205550,"CM West News Conference – Aug 06, 2020",CM West News Conference,,dallas-tx-public-info-meetings,Public Information Meetings,Plausible family match; confirm exact event-to-recording binding before feed activation.,Exact source/body family in the 680-row worksheet; one city feed combines public briefings/info/input.
76869ed1994f,5a18297c795b0061,205525,"City Manager T.C. Broadnax Presentation – Feb 22, 2018",City Manager T.C. Broadnax Presentation,,dallas-tx-public-info-meetings,Public Information Meetings,Plausible family match; confirm exact event-to-recording binding before feed activation.,Exact source/body family in the 680-row worksheet; one city feed combines public briefings/info/input.
76869ed1994f,6066622d6cc2267e,203162,"Budget Virtual Town Hall Meeting – Aug 31, 2015",Budget Virtual Town Hall Meeting,,dallas-tx-public-info-meetings,Public Information Meetings,Plausible family match; confirm exact event-to-recording binding before feed activation.,Exact source/body family in the 680-row worksheet; one city feed combines public briefings/info/input.
76869ed1994f,640ca8d3d02eea23,203181,"Virtual Town Hall Meetings – Aug 27, 2018",Virtual Town Hall Meetings,,dallas-tx-public-info-meetings,Public Information Meetings,Plausible family match; confirm exact event-to-recording binding before feed activation.,Exact source/body family in the 680-row worksheet; one city feed combines public briefings/info/input.
76869ed1994f,678f2942788d6666,203197,"District 7 Virtual Town Hall Meetings – Aug 22, 2020",District 7 Virtual Town Hall Meetings,,dallas-tx-public-info-meetings,Public Information Meetings,Plausible family match; confirm exact event-to-recording binding before feed activation.,Exact source/body family in the 680-row worksheet; one city feed combines public briefings/info/input.
76869ed1994f,67d84eedbd0ea2f6,203166,"Budget Virtual Town Hall Meeting – Aug 17, 2016",Budget Virtual Town Hall Meeting,,dallas-tx-public-info-meetings,Public Information Meetings,Plausible family match; confirm exact event-to-recording binding before feed activation.,Exact source/body family in the 680-row worksheet; one city feed combines public briefings/info/input.
76869ed1994f,6a684fdba539fb1f,203203,"District 4 Tele-Budget Town Hall Meeting – Aug 26, 2021",District 4 Tele-Budget Town Hall Meeting,dallas-tx-city-council,dallas-tx-public-info-meetings,Public Information Meetings,Strong title-level candidate; confirm event date and recording link before activating the rule.,"City/source-scoped public-input, town-hall, or listening-session title. Preserve any legitimate existing body owner as a second participant only when the event is truly joint."
76869ed1994f,6bc9f544fcd319bc,203165,"Budget Virtual Town Hall Meeting – Aug 16, 2016",Budget Virtual Town Hall Meeting,,dallas-tx-public-info-meetings,Public Information Meetings,Plausible family match; confirm exact event-to-recording binding before feed activation.,Exact source/body family in the 680-row worksheet; one city feed combines public briefings/info/input.
76869ed1994f,710a0bca54c99b2b,205534,"Virtual Town Hall Meeting Citizen Homelessness Commission - Public Input – Jan 23, 2019",Virtual Town Hall Meeting Citizen Homelessness Commission - Public Input,dallas-tx-citizen-homelessness-commission;dallas-tx-housing-and-homelessness-solutions,dallas-tx-public-info-meetings,Public Information Meetings,Strong title-level candidate; confirm event date and recording link before activating the rule.,"City/source-scoped public-input, town-hall, or listening-session title. Preserve any legitimate existing body owner as a second participant only when the event is truly joint."
76869ed1994f,72c404b9ae2b4a71,203142,"Virtual Town Hall Meeting – Aug 14, 2013",Virtual Town Hall Meeting,,dallas-tx-public-info-meetings,Public Information Meetings,Plausible family match; confirm exact event-to-recording binding before feed activation.,Exact source/body family in the 680-row worksheet; one city feed combines public briefings/info/input.
76869ed1994f,7546c400a4673f73,205491,"Mayor's Press Conference – Oct 23, 2013",Mayor's Press Conference,,dallas-tx-public-info-meetings,Public Information Meetings,Plausible family match; confirm exact event-to-recording binding before feed activation.,Exact source/body family in the 680-row worksheet; one city feed combines public briefings/info/input.
76869ed1994f,760a429ae99206f8,203172,"Virtual Town Hall Meetings – Aug 15, 2017",Virtual Town Hall Meetings,,dallas-tx-public-info-meetings,Public Information Meetings,Plausible family match; confirm exact event-to-recording binding before feed activation.,Exact source/body family in the 680-row worksheet; one city feed combines public briefings/info/input.
76869ed1994f,78f31ffbbc1dd876,247908,"Mayor Back to School Press Conference – Jun 22, 2023",Mayor Back to School Press Conference,,dallas-tx-public-info-meetings,Public Information Meetings,Plausible family match; confirm exact event-to-recording binding before feed activation.,Exact source/body family in the 680-row worksheet; one city feed combines public briefings/info/input.
76869ed1994f,7d3c883e69600528,348820,"Zoning Reform Meeting – Jun 26, 2025",Zoning Reform Meeting,,dallas-tx-public-info-meetings,Public Information Meetings,Plausible family match; confirm exact event-to-recording binding before feed activation.,Exact source/body family in the 680-row worksheet; one city feed combines public briefings/info/input.
76869ed1994f,7e99cc20d536e10c,205488,"Proposed Annual Budget for Fiscal Year 2013-2014 – Aug 12, 2013",Proposed Annual Budget for Fiscal Year 2013-2014,,dallas-tx-public-info-meetings,Public Information Meetings,Plausible family match; confirm exact event-to-recording binding before feed activation.,Exact source/body family in the 680-row worksheet; one city feed combines public briefings/info/input.
76869ed1994f,80160facdab51d28,205553,"Mayor's Press Conference – Sep 02, 2020",Mayor's Press Conference,,dallas-tx-public-info-meetings,Public Information Meetings,Plausible family match; confirm exact event-to-recording binding before feed activation.,Exact source/body family in the 680-row worksheet; one city feed combines public briefings/info/input.
76869ed1994f,8245b3b974aa56a9,201679,"District 8 Tele-Budget Town Hall Meeting – Aug 19, 2021",District 8 Tele-Budget Town Hall Meeting,dallas-tx-city-council,dallas-tx-public-info-meetings,Public Information Meetings,Strong title-level candidate; confirm event date and recording link before activating the rule.,"City/source-scoped public-input, town-hall, or listening-session title. Preserve any legitimate existing body owner as a second participant only when the event is truly joint."
76869ed1994f,834f197eb779bbf8,201682,"TELE Town Hall Meetings District 1 & 6 – Aug 16, 2022",TELE Town Hall Meetings District 1 & 6,,dallas-tx-public-info-meetings,Public Information Meetings,Plausible family match; confirm exact event-to-recording binding before feed activation.,Exact source/body family in the 680-row worksheet; one city feed combines public briefings/info/input.
76869ed1994f,8bb8d2d793574cf8,203170,"Budget Virtual Town Hall Meeting – Sep 08, 2016",Budget Virtual Town Hall Meeting,,dallas-tx-public-info-meetings,Public Information Meetings,Plausible family match; confirm exact event-to-recording binding before feed activation.,Exact source/body family in the 680-row worksheet; one city feed combines public briefings/info/input.
76869ed1994f,8cba9a49f14540d0,203143,"Virtual Town Hall Meeting – Aug 15, 2013",Virtual Town Hall Meeting,,dallas-tx-public-info-meetings,Public Information Meetings,Plausible family match; confirm exact event-to-recording binding before feed activation.,Exact source/body family in the 680-row worksheet; one city feed combines public briefings/info/input.
76869ed1994f,8e3ac21afcdd5b9f,205520,"Virtual Neighborhood Public Hearing – Jan 18, 2018",Virtual Neighborhood Public Hearing,,dallas-tx-public-info-meetings,Public Information Meetings,Plausible family match; confirm exact event-to-recording binding before feed activation.,Exact source/body family in the 680-row worksheet; one city feed combines public briefings/info/input.
76869ed1994f,8ea9ab06a3aa3fd1,203169,"Virtual Town Hall Meetings – Aug 23, 2016",Virtual Town Hall Meetings,,dallas-tx-public-info-meetings,Public Information Meetings,Plausible family match; confirm exact event-to-recording binding before feed activation.,Exact source/body family in the 680-row worksheet; one city feed combines public briefings/info/input.
76869ed1994f,90ac8d9f814702d2,205522,"Housing Policy Public Input Virtual Meeting Topic 2 of 4 – Jan 31, 2018",Housing Policy Public Input Virtual Meeting Topic 2 of 4,dallas-tx-housing-and-homelessness-solutions,dallas-tx-public-info-meetings,Public Information Meetings,Strong title-level candidate; confirm event date and recording link before activating the rule.,"City/source-scoped public-input, town-hall, or listening-session title. Preserve any legitimate existing body owner as a second participant only when the event is truly joint."
76869ed1994f,91a51580e047d791,202449,"D1, D3, & OHS Budget Listening Session – Jun 21, 2022","D1, D3, & OHS Budget Listening Session",,dallas-tx-public-info-meetings,Public Information Meetings,Plausible family match; confirm exact event-to-recording binding before feed activation.,Exact source/body family in the 680-row worksheet; one city feed combines public briefings/info/input.
76869ed1994f,93d8b5b9135357b8,203174,"Virtual Town Hall Meetings – Aug 21, 2017",Virtual Town Hall Meetings,,dallas-tx-public-info-meetings,Public Information Meetings,Plausible family match; confirm exact event-to-recording binding before feed activation.,Exact source/body family in the 680-row worksheet; one city feed combines public briefings/info/input.
76869ed1994f,93f5b36bb7dbabe9,204507,"Redistricting Town Hall – Dec 16, 2021",Redistricting Town Hall,dallas-tx-city-council,dallas-tx-public-info-meetings,Public Information Meetings,Strong title-level candidate; confirm event date and recording link before activating the rule.,"City/source-scoped public-input, town-hall, or listening-session title. Preserve any legitimate existing body owner as a second participant only when the event is truly joint."
76869ed1994f,94174e752580ca6b,205584,"Home for the Holidays News Conference – Nov 29, 2022",Home for the Holidays News Conference,,dallas-tx-public-info-meetings,Public Information Meetings,Plausible family match; confirm exact event-to-recording binding before feed activation.,Exact source/body family in the 680-row worksheet; one city feed combines public briefings/info/input.
76869ed1994f,981793e1bf22a71a,205552,"Mayor Back to School Press Conference – Aug 13, 2020",Mayor Back to School Press Conference,,dallas-tx-public-info-meetings,Public Information Meetings,Plausible family match; confirm exact event-to-recording binding before feed activation.,Exact source/body family in the 680-row worksheet; one city feed combines public briefings/info/input.
76869ed1994f,98e0bf9c423cc801,205563,"News Conference (Spanish) – Dec 28, 2020",News Conference (Spanish),,dallas-tx-public-info-meetings,Public Information Meetings,Plausible family match; confirm exact event-to-recording binding before feed activation.,Exact source/body family in the 680-row worksheet; one city feed combines public briefings/info/input.
76869ed1994f,9aef2d0caf5fc97a,203192,"Virtual Town Hall Meetings – Jan 16, 2020",Virtual Town Hall Meetings,,dallas-tx-public-info-meetings,Public Information Meetings,Plausible family match; confirm exact event-to-recording binding before feed activation.,Exact source/body family in the 680-row worksheet; one city feed combines public briefings/info/input.
76869ed1994f,a1c9a272847dd9ff,201678,"District 10 Tele-Budget Town Hall Meeting – Aug 19, 2021",District 10 Tele-Budget Town Hall Meeting,dallas-tx-city-council,dallas-tx-public-info-meetings,Public Information Meetings,Strong title-level candidate; confirm event date and recording link before activating the rule.,"City/source-scoped public-input, town-hall, or listening-session title. Preserve any legitimate existing body owner as a second participant only when the event is truly joint."
76869ed1994f,a25119e9f0d9877a,203161,"Budget Virtual Town Hall Meeting – Aug 27, 2015",Budget Virtual Town Hall Meeting,,dallas-tx-public-info-meetings,Public Information Meetings,Plausible family match; confirm exact event-to-recording binding before feed activation.,Exact source/body family in the 680-row worksheet; one city feed combines public briefings/info/input.
76869ed1994f,a3d0176baf347f82,203150,"Virtual Town Hall Meeting – Aug 22, 2013",Virtual Town Hall Meeting,,dallas-tx-public-info-meetings,Public Information Meetings,Plausible family match; confirm exact event-to-recording binding before feed activation.,Exact source/body family in the 680-row worksheet; one city feed combines public briefings/info/input.
76869ed1994f,a415df65bb2eb4c8,203173,"Virtual Town Hall Meetings – Aug 17, 2017",Virtual Town Hall Meetings,,dallas-tx-public-info-meetings,Public Information Meetings,Plausible family match; confirm exact event-to-recording binding before feed activation.,Exact source/body family in the 680-row worksheet; one city feed combines public briefings/info/input.
76869ed1994f,a71320f8b0eae366,203177,"Virtual Town Hall Meetings – Aug 29, 2017",Virtual Town Hall Meetings,,dallas-tx-public-info-meetings,Public Information Meetings,Plausible family match; confirm exact event-to-recording binding before feed activation.,Exact source/body family in the 680-row worksheet; one city feed combines public briefings/info/input.
76869ed1994f,a7da37894372290f,203189,"Virtual Town Hall Meetings – Aug 26, 2019",Virtual Town Hall Meetings,,dallas-tx-public-info-meetings,Public Information Meetings,Plausible family match; confirm exact event-to-recording binding before feed activation.,Exact source/body family in the 680-row worksheet; one city feed combines public briefings/info/input.
76869ed1994f,a96a4907719a66b1,203179,"Virtual Town Hall Meetings – Aug 22, 2018",Virtual Town Hall Meetings,,dallas-tx-public-info-meetings,Public Information Meetings,Plausible family match; confirm exact event-to-recording binding before feed activation.,Exact source/body family in the 680-row worksheet; one city feed combines public briefings/info/input.
76869ed1994f,ab44ac95bed9df92,295804,"City of Dallas Neighborhood Public Meeting – Jan 05, 2024",City of Dallas Neighborhood Public Meeting,,dallas-tx-public-info-meetings,Public Information Meetings,Plausible family match; confirm exact event-to-recording binding before feed activation.,Exact source/body family in the 680-row worksheet; one city feed combines public briefings/info/input.
76869ed1994f,abd31dfed87bbc27,203151,"Dallas Virtual Town Hall Meeting - District 8 – Aug 25, 2014",Dallas Virtual Town Hall Meeting - District 8,dallas-tx-city-council,dallas-tx-public-info-meetings,Public Information Meetings,Strong title-level candidate; confirm event date and recording link before activating the rule.,"City/source-scoped public-input, town-hall, or listening-session title. Preserve any legitimate existing body owner as a second participant only when the event is truly joint."
76869ed1994f,af103da3f0a9e757,269277,"District 4 Telephone Town Hall Meeting – Aug 15, 2023",District 4 Telephone Town Hall Meeting,,dallas-tx-public-info-meetings,Public Information Meetings,Plausible family match; confirm exact event-to-recording binding before feed activation.,Exact source/body family in the 680-row worksheet; one city feed combines public briefings/info/input.
76869ed1994f,b019c63c017b55d8,203184,"Virtual Town Hall Meetings – Jan 17, 2019",Virtual Town Hall Meetings,,dallas-tx-public-info-meetings,Public Information Meetings,Plausible family match; confirm exact event-to-recording binding before feed activation.,Exact source/body family in the 680-row worksheet; one city feed combines public briefings/info/input.
76869ed1994f,b3073ded2274cd2e,205566,"Spanish Forum on COVID-19 Vaccination – Jan 28, 2021",Spanish Forum on COVID-19 Vaccination,,dallas-tx-public-info-meetings,Public Information Meetings,Plausible family match; confirm exact event-to-recording binding before feed activation.,Exact source/body family in the 680-row worksheet; one city feed combines public briefings/info/input.
76869ed1994f,b331e0b983bbad52,203152,"Dallas Virtual Town Hall Meeting - Districts 13 & 14 – Aug 26, 2014",Dallas Virtual Town Hall Meeting - Districts 13 & 14,dallas-tx-city-council,dallas-tx-public-info-meetings,Public Information Meetings,Strong title-level candidate; confirm event date and recording link before activating the rule.,"City/source-scoped public-input, town-hall, or listening-session title. Preserve any legitimate existing body owner as a second participant only when the event is truly joint."
76869ed1994f,b45c75cf0cea9ae9,203304,"Art Community Meeting – Aug 09, 2016",Art Community Meeting,,dallas-tx-public-info-meetings,Public Information Meetings,Plausible family match; confirm exact event-to-recording binding before feed activation.,Exact source/body family in the 680-row worksheet; one city feed combines public briefings/info/input.
76869ed1994f,b4e2d9846919fe83,205498,"Dallas Ebola Case News Conference – Oct 03, 2014",Dallas Ebola Case News Conference,,dallas-tx-public-info-meetings,Public Information Meetings,Plausible family match; confirm exact event-to-recording binding before feed activation.,Exact source/body family in the 680-row worksheet; one city feed combines public briefings/info/input.
76869ed1994f,b7948a1443246062,203148,"Dallas Virtual Town Hall Meeting - District 11 – Aug 19, 2014",Dallas Virtual Town Hall Meeting - District 11,dallas-tx-city-council,dallas-tx-public-info-meetings,Public Information Meetings,Strong title-level candidate; confirm event date and recording link before activating the rule.,"City/source-scoped public-input, town-hall, or listening-session title. Preserve any legitimate existing body owner as a second participant only when the event is truly joint."
76869ed1994f,b93c9da0304f0de5,205574,"Mayor's Press Conference – Sep 27, 2021",Mayor's Press Conference,,dallas-tx-public-info-meetings,Public Information Meetings,Plausible family match; confirm exact event-to-recording binding before feed activation.,Exact source/body family in the 680-row worksheet; one city feed combines public briefings/info/input.
76869ed1994f,ba7eb12eab7e991e,203175,"Virtual Town Hall Meetings – Aug 22, 2017",Virtual Town Hall Meetings,,dallas-tx-public-info-meetings,Public Information Meetings,Plausible family match; confirm exact event-to-recording binding before feed activation.,Exact source/body family in the 680-row worksheet; one city feed combines public briefings/info/input.
76869ed1994f,bb4f3fd024fef6b9,203157,"Budget Virtual Town Hall Meeting – Aug 19, 2015",Budget Virtual Town Hall Meeting,,dallas-tx-public-info-meetings,Public Information Meetings,Plausible family match; confirm exact event-to-recording binding before feed activation.,Exact source/body family in the 680-row worksheet; one city feed combines public briefings/info/input.
76869ed1994f,bfdb32d94b55abf9,203185,"Virtual Town Hall Meetings – Feb 05, 2019",Virtual Town Hall Meetings,,dallas-tx-public-info-meetings,Public Information Meetings,Plausible family match; confirm exact event-to-recording binding before feed activation.,Exact source/body family in the 680-row worksheet; one city feed combines public briefings/info/input.
76869ed1994f,c57766c0116071f9,203164,"Budget Virtual Town Hall Meeting – Aug 15, 2016",Budget Virtual Town Hall Meeting,,dallas-tx-public-info-meetings,Public Information Meetings,Plausible family match; confirm exact event-to-recording binding before feed activation.,Exact source/body family in the 680-row worksheet; one city feed combines public briefings/info/input.
76869ed1994f,c692203e926d4f7d,203190,"Virtual Town Hall Meetings – Aug 27, 2019",Virtual Town Hall Meetings,,dallas-tx-public-info-meetings,Public Information Meetings,Plausible family match; confirm exact event-to-recording binding before feed activation.,Exact source/body family in the 680-row worksheet; one city feed combines public briefings/info/input.
76869ed1994f,c7a74df247aa421f,203144,"Virtual Town Hall Meeting – Aug 21, 2013",Virtual Town Hall Meeting,,dallas-tx-public-info-meetings,Public Information Meetings,Plausible family match; confirm exact event-to-recording binding before feed activation.,Exact source/body family in the 680-row worksheet; one city feed combines public briefings/info/input.
76869ed1994f,c869da0dade25780,205493,"Conversations About Race – Feb 22, 2014",Conversations About Race,,dallas-tx-public-info-meetings,Public Information Meetings,Plausible family match; confirm exact event-to-recording binding before feed activation.,Exact source/body family in the 680-row worksheet; one city feed combines public briefings/info/input.
76869ed1994f,cc20294751ed222b,203183,"Virtual Town Hall Meetings – Aug 29, 2018",Virtual Town Hall Meetings,,dallas-tx-public-info-meetings,Public Information Meetings,Plausible family match; confirm exact event-to-recording binding before feed activation.,Exact source/body family in the 680-row worksheet; one city feed combines public briefings/info/input.
76869ed1994f,ccd75108c2e2d1dd,205578,"Racial Equity Audit Report – Jan 18, 2022",Racial Equity Audit Report,,dallas-tx-public-info-meetings,Public Information Meetings,Plausible family match; confirm exact event-to-recording binding before feed activation.,Exact source/body family in the 680-row worksheet; one city feed combines public briefings/info/input.
76869ed1994f,d5e2a0cd1a282172,205509,"Fair Park Foundation Press Conference – Aug 01, 2016",Fair Park Foundation Press Conference,,dallas-tx-public-info-meetings,Public Information Meetings,Plausible family match; confirm exact event-to-recording binding before feed activation.,Exact source/body family in the 680-row worksheet; one city feed combines public briefings/info/input.
76869ed1994f,d6d651f99414ad30,203196,"Districts 11 and 13 Virtual Town Hall Meetings – Aug 20, 2020",Districts 11 and 13 Virtual Town Hall Meetings,,dallas-tx-public-info-meetings,Public Information Meetings,Plausible family match; confirm exact event-to-recording binding before feed activation.,Exact source/body family in the 680-row worksheet; one city feed combines public briefings/info/input.
76869ed1994f,d75589a00e9ad1e0,203156,"Budget Virtual Town Hall Meeting – Aug 17, 2015",Budget Virtual Town Hall Meeting,,dallas-tx-public-info-meetings,Public Information Meetings,Plausible family match; confirm exact event-to-recording binding before feed activation.,Exact source/body family in the 680-row worksheet; one city feed combines public briefings/info/input.
76869ed1994f,dab30c87e46125d4,203158,"Budget Virtual Town Hall Meeting – Aug 20, 2015",Budget Virtual Town Hall Meeting,,dallas-tx-public-info-meetings,Public Information Meetings,Plausible family match; confirm exact event-to-recording binding before feed activation.,Exact source/body family in the 680-row worksheet; one city feed combines public briefings/info/input.
76869ed1994f,dbf151b017f84d3b,201676,"District 13 Tele-Budget Town Hall Meeting – Aug 16, 2021",District 13 Tele-Budget Town Hall Meeting,dallas-tx-city-council,dallas-tx-public-info-meetings,Public Information Meetings,Strong title-level candidate; confirm event date and recording link before activating the rule.,"City/source-scoped public-input, town-hall, or listening-session title. Preserve any legitimate existing body owner as a second participant only when the event is truly joint."
76869ed1994f,dceffdd6b0546015,202448,"Budget Listening Session for D11, D12, and D13 – Jun 14, 2022","Budget Listening Session for D11, D12, and D13",,dallas-tx-public-info-meetings,Public Information Meetings,Plausible family match; confirm exact event-to-recording binding before feed activation.,Exact source/body family in the 680-row worksheet; one city feed combines public briefings/info/input.
76869ed1994f,dd1b008965a225a3,205529,"Grow South Annual Reports – May 24, 2018",Grow South Annual Reports,,dallas-tx-public-info-meetings,Public Information Meetings,Plausible family match; confirm exact event-to-recording binding before feed activation.,Exact source/body family in the 680-row worksheet; one city feed combines public briefings/info/input.
76869ed1994f,dddd96dd977f6fd1,205521,"Housing Policy Public Input Virtual Meeting Topic 1 of 4 – Jan 29, 2018",Housing Policy Public Input Virtual Meeting Topic 1 of 4,dallas-tx-housing-and-homelessness-solutions,dallas-tx-public-info-meetings,Public Information Meetings,Strong title-level candidate; confirm event date and recording link before activating the rule.,"City/source-scoped public-input, town-hall, or listening-session title. Preserve any legitimate existing body owner as a second participant only when the event is truly joint."
76869ed1994f,df11ee0a73e96508,203180,"Virtual Town Hall Meetings – Aug 23, 2018",Virtual Town Hall Meetings,,dallas-tx-public-info-meetings,Public Information Meetings,Plausible family match; confirm exact event-to-recording binding before feed activation.,Exact source/body family in the 680-row worksheet; one city feed combines public briefings/info/input.
76869ed1994f,e02b238dff94ba16,321892,"State of the Address – Dec 05, 2024",State of the Address,,dallas-tx-public-info-meetings,Public Information Meetings,Plausible family match; confirm exact event-to-recording binding before feed activation.,Exact source/body family in the 680-row worksheet; one city feed combines public briefings/info/input.
76869ed1994f,e155953c8e5d8067,203198,"Districts 1 and 6 Virtual Town Hall Meetings – Aug 24, 2020",Districts 1 and 6 Virtual Town Hall Meetings,,dallas-tx-public-info-meetings,Public Information Meetings,Plausible family match; confirm exact event-to-recording binding before feed activation.,Exact source/body family in the 680-row worksheet; one city feed combines public briefings/info/input.
76869ed1994f,e36f0b32bbfbcc27,203153,"Dallas Virtual Town Hall Meeting - District 5 – Aug 28, 2014",Dallas Virtual Town Hall Meeting - District 5,dallas-tx-city-council,dallas-tx-public-info-meetings,Public Information Meetings,Strong title-level candidate; confirm event date and recording link before activating the rule.,"City/source-scoped public-input, town-hall, or listening-session title. Preserve any legitimate existing body owner as a second participant only when the event is truly joint."
76869ed1994f,e4a11027edddac66,203171,"Virtual Town Hall Meetings – Oct 10, 2016",Virtual Town Hall Meetings,,dallas-tx-public-info-meetings,Public Information Meetings,Plausible family match; confirm exact event-to-recording binding before feed activation.,Exact source/body family in the 680-row worksheet; one city feed combines public briefings/info/input.
76869ed1994f,e4e547234e8a9a55,204142,"Neighborhood Public Meeting for FY 2022-23 HUD Grant Funds – Jan 06, 2022",Neighborhood Public Meeting for FY 2022-23 HUD Grant Funds,,dallas-tx-public-info-meetings,Public Information Meetings,Plausible family match; confirm exact event-to-recording binding before feed activation.,Exact source/body family in the 680-row worksheet; one city feed combines public briefings/info/input.
76869ed1994f,e5017b067760f4bd,203200,"District 5 Tele-Budget Town Hall Meeting – Aug 12, 2021",District 5 Tele-Budget Town Hall Meeting,dallas-tx-city-council,dallas-tx-public-info-meetings,Public Information Meetings,Strong title-level candidate; confirm event date and recording link before activating the rule.,"City/source-scoped public-input, town-hall, or listening-session title. Preserve any legitimate existing body owner as a second participant only when the event is truly joint."
76869ed1994f,e7820770370af54c,203201,"District 1 Tele-Budget Town Hall Meeting – Aug 12, 2021",District 1 Tele-Budget Town Hall Meeting,dallas-tx-city-council,dallas-tx-public-info-meetings,Public Information Meetings,Strong title-level candidate; confirm event date and recording link before activating the rule.,"City/source-scoped public-input, town-hall, or listening-session title. Preserve any legitimate existing body owner as a second participant only when the event is truly joint."
76869ed1994f,e9529d346e57f446,205556,"Mayor's Press Conference – Oct 23, 2020",Mayor's Press Conference,,dallas-tx-public-info-meetings,Public Information Meetings,Plausible family match; confirm exact event-to-recording binding before feed activation.,Exact source/body family in the 680-row worksheet; one city feed combines public briefings/info/input.
76869ed1994f,ecd33329855267ed,205564,"COVID Focus Group – Jan 07, 2021",COVID Focus Group,,dallas-tx-public-info-meetings,Public Information Meetings,Plausible family match; confirm exact event-to-recording binding before feed activation.,Exact source/body family in the 680-row worksheet; one city feed combines public briefings/info/input.
76869ed1994f,edae586dd64d4dd0,203146,"Virtual Town Hall Meeting - Districts 9 & 10 – Aug 12, 2014",Virtual Town Hall Meeting - Districts 9 & 10,dallas-tx-city-council,dallas-tx-public-info-meetings,Public Information Meetings,Strong title-level candidate; confirm event date and recording link before activating the rule.,"City/source-scoped public-input, town-hall, or listening-session title. Preserve any legitimate existing body owner as a second participant only when the event is truly joint."
76869ed1994f,f1d5227ee31ed383,205549,"City of Dallas FY-2020-21 Budget Press Conference – Aug 07, 2020",City of Dallas FY-2020-21 Budget Press Conference,,dallas-tx-public-info-meetings,Public Information Meetings,Plausible family match; confirm exact event-to-recording binding before feed activation.,Exact source/body family in the 680-row worksheet; one city feed combines public briefings/info/input.
76869ed1994f,f223c702f99d39d5,205579,"News Conference – Feb 02, 2022",News Conference,,dallas-tx-public-info-meetings,Public Information Meetings,Plausible family match; confirm exact event-to-recording binding before feed activation.,Exact source/body family in the 680-row worksheet; one city feed combines public briefings/info/input.
76869ed1994f,f77370ab3a87a78c,205559,"Dallas Police Chief Forum (Spanish) – Dec 16, 2020",Dallas Police Chief Forum (Spanish),,dallas-tx-public-info-meetings,Public Information Meetings,Plausible family match; confirm exact event-to-recording binding before feed activation.,Exact source/body family in the 680-row worksheet; one city feed combines public briefings/info/input.
76869ed1994f,f7822d26dde28def,203195,"District 10 Virtual Town Hall Meetings – Aug 18, 2020",District 10 Virtual Town Hall Meetings,,dallas-tx-public-info-meetings,Public Information Meetings,Plausible family match; confirm exact event-to-recording binding before feed activation.,Exact source/body family in the 680-row worksheet; one city feed combines public briefings/info/input.
76869ed1994f,f7bb5e407813a068,205554,"News Conference – Sep 09, 2020",News Conference,,dallas-tx-public-info-meetings,Public Information Meetings,Plausible family match; confirm exact event-to-recording binding before feed activation.,Exact source/body family in the 680-row worksheet; one city feed combines public briefings/info/input.
76869ed1994f,f8a6c3ecabf9408b,226897,"I-345 Panel and Public Discussion – May 08, 2023",I-345 Panel and Public Discussion,,dallas-tx-public-info-meetings,Public Information Meetings,Plausible family match; confirm exact event-to-recording binding before feed activation.,Exact source/body family in the 680-row worksheet; one city feed combines public briefings/info/input.
76869ed1994f,f8d67fc5260d827c,205561,"Press conference on COVID Vaccine – Dec 23, 2020",Press conference on COVID Vaccine,,dallas-tx-public-info-meetings,Public Information Meetings,Plausible family match; confirm exact event-to-recording binding before feed activation.,Exact source/body family in the 680-row worksheet; one city feed combines public briefings/info/input.
76869ed1994f,f9a508f643d23cf9,204508,"Redistricting Town Hall – Jan 06, 2022",Redistricting Town Hall,dallas-tx-city-council,dallas-tx-public-info-meetings,Public Information Meetings,Strong title-level candidate; confirm event date and recording link before activating the rule.,"City/source-scoped public-input, town-hall, or listening-session title. Preserve any legitimate existing body owner as a second participant only when the event is truly joint."
76869ed1994f,f9cf14f8e59d3706,205577,"Racial Equity Audit Report – Jan 17, 2022",Racial Equity Audit Report,,dallas-tx-public-info-meetings,Public Information Meetings,Plausible family match; confirm exact event-to-recording binding before feed activation.,Exact source/body family in the 680-row worksheet; one city feed combines public briefings/info/input.
76869ed1994f,fabea3cb03fa4d5a,203188,"Virtual Town Hall Meetings – Aug 22, 2019",Virtual Town Hall Meetings,,dallas-tx-public-info-meetings,Public Information Meetings,Plausible family match; confirm exact event-to-recording binding before feed activation.,Exact source/body family in the 680-row worksheet; one city feed combines public briefings/info/input.
76869ed1994f,fb7767ccdbf08ea3,203186,"Virtual Town Hall Meetings – Aug 15, 2019",Virtual Town Hall Meetings,,dallas-tx-public-info-meetings,Public Information Meetings,Plausible family match; confirm exact event-to-recording binding before feed activation.,Exact source/body family in the 680-row worksheet; one city feed combines public briefings/info/input.
abbf5e25e078,0697745ca347f99d,301644,"Town Hall Meeting – Apr 02, 2024",Town Hall Meeting,addison-tx-town-meetings,addison-tx-public-info-meetings,Public Information Meetings,Strong title-level candidate; confirm event date and recording link before activating the rule.,"City/source-scoped public-input, town-hall, or listening-session title. Preserve any legitimate existing body owner as a second participant only when the event is truly joint."
abbf5e25e078,1fdded785f676ef7,56057,"Town Hall Meeting – Oct 14, 2019",Town Hall Meeting,addison-tx-town-meetings,addison-tx-public-info-meetings,Public Information Meetings,Strong title-level candidate; confirm event date and recording link before activating the rule.,"City/source-scoped public-input, town-hall, or listening-session title. Preserve any legitimate existing body owner as a second participant only when the event is truly joint."
abbf5e25e078,205cbb3f88ad39dc,56048,"Town Hall Meeting – Mar 23, 2015",Town Hall Meeting,addison-tx-town-meetings,addison-tx-public-info-meetings,Public Information Meetings,Strong title-level candidate; confirm event date and recording link before activating the rule.,"City/source-scoped public-input, town-hall, or listening-session title. Preserve any legitimate existing body owner as a second participant only when the event is truly joint."
abbf5e25e078,36415bafff30348d,360892,"Town Hall Meeting – Nov 13, 2025",Town Hall Meeting,addison-tx-town-meetings,addison-tx-public-info-meetings,Public Information Meetings,Strong title-level candidate; confirm event date and recording link before activating the rule.,"City/source-scoped public-input, town-hall, or listening-session title. Preserve any legitimate existing body owner as a second participant only when the event is truly joint."
abbf5e25e078,38e8a3c0f67d25c6,277795,"Town Hall Meeting – Oct 30, 2023",Town Hall Meeting,addison-tx-town-meetings,addison-tx-public-info-meetings,Public Information Meetings,Strong title-level candidate; confirm event date and recording link before activating the rule.,"City/source-scoped public-input, town-hall, or listening-session title. Preserve any legitimate existing body owner as a second participant only when the event is truly joint."
abbf5e25e078,5e9e3ff689cd19bc,56054,"Town Hall Meeting – Apr 16, 2018",Town Hall Meeting,addison-tx-town-meetings,addison-tx-public-info-meetings,Public Information Meetings,Strong title-level candidate; confirm event date and recording link before activating the rule.,"City/source-scoped public-input, town-hall, or listening-session title. Preserve any legitimate existing body owner as a second participant only when the event is truly joint."
abbf5e25e078,67cf889506b98863,167507,"Town Hall Meeting – Apr 14, 2022",Town Hall Meeting,addison-tx-town-meetings,addison-tx-public-info-meetings,Public Information Meetings,Strong title-level candidate; confirm event date and recording link before activating the rule.,"City/source-scoped public-input, town-hall, or listening-session title. Preserve any legitimate existing body owner as a second participant only when the event is truly joint."
abbf5e25e078,6a09a4a99364e76f,338993,"Town Hall Meeting – Apr 01, 2025",Town Hall Meeting,addison-tx-town-meetings,addison-tx-public-info-meetings,Public Information Meetings,Strong title-level candidate; confirm event date and recording link before activating the rule.,"City/source-scoped public-input, town-hall, or listening-session title. Preserve any legitimate existing body owner as a second participant only when the event is truly joint."
abbf5e25e078,7f1fa3d40c9d5007,376982,"Town Hall Meeting – Mar 03, 2026",Town Hall Meeting,addison-tx-town-meetings,addison-tx-public-info-meetings,Public Information Meetings,Strong title-level candidate; confirm event date and recording link before activating the rule.,"City/source-scoped public-input, town-hall, or listening-session title. Preserve any legitimate existing body owner as a second participant only when the event is truly joint."
abbf5e25e078,922f988019939f4d,56051,"Town Hall Meeting – Oct 23, 2016",Town Hall Meeting,addison-tx-town-meetings,addison-tx-public-info-meetings,Public Information Meetings,Strong title-level candidate; confirm event date and recording link before activating the rule.,"City/source-scoped public-input, town-hall, or listening-session title. Preserve any legitimate existing body owner as a second participant only when the event is truly joint."
abbf5e25e078,996edebd995f2534,187135,"Town Hall Meeting – Oct 20, 2022",Town Hall Meeting,addison-tx-town-meetings,addison-tx-public-info-meetings,Public Information Meetings,Strong title-level candidate; confirm event date and recording link before activating the rule.,"City/source-scoped public-input, town-hall, or listening-session title. Preserve any legitimate existing body owner as a second participant only when the event is truly joint."
abbf5e25e078,9ec481f094238c30,141861,"Town Hall Meeting – Oct 18, 2021",Town Hall Meeting,addison-tx-town-meetings,addison-tx-public-info-meetings,Public Information Meetings,Strong title-level candidate; confirm event date and recording link before activating the rule.,"City/source-scoped public-input, town-hall, or listening-session title. Preserve any legitimate existing body owner as a second participant only when the event is truly joint."
abbf5e25e078,a470042bcf3cdb81,56055,"Town Hall Meeting – Oct 29, 2018",Town Hall Meeting,addison-tx-town-meetings,addison-tx-public-info-meetings,Public Information Meetings,Strong title-level candidate; confirm event date and recording link before activating the rule.,"City/source-scoped public-input, town-hall, or listening-session title. Preserve any legitimate existing body owner as a second participant only when the event is truly joint."
abbf5e25e078,b6f6c3adb160e039,56050,"Town Hall Meeting – Apr 11, 2016",Town Hall Meeting,addison-tx-town-meetings,addison-tx-public-info-meetings,Public Information Meetings,Strong title-level candidate; confirm event date and recording link before activating the rule.,"City/source-scoped public-input, town-hall, or listening-session title. Preserve any legitimate existing body owner as a second participant only when the event is truly joint."
abbf5e25e078,c1e3e3fdf9ba1673,223248,"Town Hall Meeting – Apr 03, 2023",Town Hall Meeting,addison-tx-town-meetings,addison-tx-public-info-meetings,Public Information Meetings,Strong title-level candidate; confirm event date and recording link before activating the rule.,"City/source-scoped public-input, town-hall, or listening-session title. Preserve any legitimate existing body owner as a second participant only when the event is truly joint."
abbf5e25e078,ca71c856f8f29b5d,56053,"Town Hall Meeting – Oct 30, 2017",Town Hall Meeting,addison-tx-town-meetings,addison-tx-public-info-meetings,Public Information Meetings,Strong title-level candidate; confirm event date and recording link before activating the rule.,"City/source-scoped public-input, town-hall, or listening-session title. Preserve any legitimate existing body owner as a second participant only when the event is truly joint."
abbf5e25e078,cd8c6f21f578c659,56052,"Town Hall Meeting – Apr 03, 2017",Town Hall Meeting,addison-tx-town-meetings,addison-tx-public-info-meetings,Public Information Meetings,Strong title-level candidate; confirm event date and recording link before activating the rule.,"City/source-scoped public-input, town-hall, or listening-session title. Preserve any legitimate existing body owner as a second participant only when the event is truly joint."
abbf5e25e078,d2afdb1430f6d9b8,56047,"Town Hall Meeting – Oct 20, 2014",Town Hall Meeting,addison-tx-town-meetings,addison-tx-public-info-meetings,Public Information Meetings,Strong title-level candidate; confirm event date and recording link before activating the rule.,"City/source-scoped public-input, town-hall, or listening-session title. Preserve any legitimate existing body owner as a second participant only when the event is truly joint."
abbf5e25e078,dd451dbedaac22d4,117252,"Town Hall Meeting – Apr 05, 2021",Town Hall Meeting,addison-tx-town-meetings,addison-tx-public-info-meetings,Public Information Meetings,Strong title-level candidate; confirm event date and recording link before activating the rule.,"City/source-scoped public-input, town-hall, or listening-session title. Preserve any legitimate existing body owner as a second participant only when the event is truly joint."
abbf5e25e078,e3b98539559deca7,318986,"Town Hall Meeting – Oct 29, 2024",Town Hall Meeting,addison-tx-town-meetings,addison-tx-public-info-meetings,Public Information Meetings,Strong title-level candidate; confirm event date and recording link before activating the rule.,"City/source-scoped public-input, town-hall, or listening-session title. Preserve any legitimate existing body owner as a second participant only when the event is truly joint."
abbf5e25e078,efe9426d5edefaa5,56049,"Town Hall Meeting – Oct 19, 2015",Town Hall Meeting,addison-tx-town-meetings,addison-tx-public-info-meetings,Public Information Meetings,Strong title-level candidate; confirm event date and recording link before activating the rule.,"City/source-scoped public-input, town-hall, or listening-session title. Preserve any legitimate existing body owner as a second participant only when the event is truly joint."
abbf5e25e078,fc22008dfac7c6a2,56056,"Town Hall Meeting – Apr 15, 2019",Town Hall Meeting,addison-tx-town-meetings,addison-tx-public-info-meetings,Public Information Meetings,Strong title-level candidate; confirm event date and recording link before activating the rule.,"City/source-scoped public-input, town-hall, or listening-session title. Preserve any legitimate existing body owner as a second participant only when the event is truly joint."
3b7588310856,22cc7f582be72d19,208162,"Virtual Community Meeting - Roberts Addition – Nov 29, 2022",Virtual Community Meeting - Roberts Addition,denton-tx-city-council,denton-tx-public-info-meetings,Public Information Meetings (review candidate),Plausible project/community information-session candidate; verify the official notice or recording shows a public-facing session. Generic wording alone is not enough for auto-routing.,"City/source-scoped community/project meeting phrase. Keep formal named-body proceedings, internal meetings, and external events out unless event evidence shows a public session."
3b7588310856,32713434a5ef58d0,179856,"Virtual Community Meeting - Briercliff Park Master Plan – Sep 01, 2022",Virtual Community Meeting - Briercliff Park Master Plan,denton-tx-city-council,denton-tx-public-info-meetings,Public Information Meetings (review candidate),Plausible project/community information-session candidate; verify the official notice or recording shows a public-facing session. Generic wording alone is not enough for auto-routing.,"City/source-scoped community/project meeting phrase. Keep formal named-body proceedings, internal meetings, and external events out unless event evidence shows a public session."
3b7588310856,3a2073e08ec17bab,208163,"Virtual Community Meeting - All-Way Crossings – Jan 19, 2023",Virtual Community Meeting - All-Way Crossings,denton-tx-mobility-committee,denton-tx-public-info-meetings,Public Information Meetings (review candidate),Plausible project/community information-session candidate; verify the official notice or recording shows a public-facing session. Generic wording alone is not enough for auto-routing.,"City/source-scoped community/project meeting phrase. Keep formal named-body proceedings, internal meetings, and external events out unless event evidence shows a public session."
3b7588310856,44c970fdf4397d85,177600,"Virtual Community Meeting - Old North Road - Public Meeting – Jun 09, 2022",Virtual Community Meeting - Old North Road - Public Meeting,denton-tx-mobility-committee,denton-tx-public-info-meetings,Public Information Meetings (review candidate),Plausible project/community information-session candidate; verify the official notice or recording shows a public-facing session. Generic wording alone is not enough for auto-routing.,"City/source-scoped community/project meeting phrase. Keep formal named-body proceedings, internal meetings, and external events out unless event evidence shows a public session."
3b7588310856,4b57a9d28843b651,177599,"Virtual Community Meeting - Hickory Creek Road Phase 3 Project – Jul 07, 2022",Virtual Community Meeting - Hickory Creek Road Phase 3 Project,denton-tx-mobility-committee,denton-tx-public-info-meetings,Public Information Meetings (review candidate),Plausible project/community information-session candidate; verify the official notice or recording shows a public-facing session. Generic wording alone is not enough for auto-routing.,"City/source-scoped community/project meeting phrase. Keep formal named-body proceedings, internal meetings, and external events out unless event evidence shows a public session."
3b7588310856,64d3c9ac4dda04b1,86888,"Virtual Community Meeting - Mobility Plan Eastern Area – Sep 17, 2020",Virtual Community Meeting - Mobility Plan Eastern Area,denton-tx-mobility-committee,denton-tx-public-info-meetings,Public Information Meetings (review candidate),Plausible project/community information-session candidate; verify the official notice or recording shows a public-facing session. Generic wording alone is not enough for auto-routing.,"City/source-scoped community/project meeting phrase. Keep formal named-body proceedings, internal meetings, and external events out unless event evidence shows a public session."
3b7588310856,66f698eab1432cf2,187169,"Virtual Community Meeting - NTX Blvd Widening – Oct 24, 2022",Virtual Community Meeting - NTX Blvd Widening,denton-tx-mobility-committee,denton-tx-public-info-meetings,Public Information Meetings (review candidate),Plausible project/community information-session candidate; verify the official notice or recording shows a public-facing session. Generic wording alone is not enough for auto-routing.,"City/source-scoped community/project meeting phrase. Keep formal named-body proceedings, internal meetings, and external events out unless event evidence shows a public session."
3b7588310856,745cb538eba3c5ec,86900,"Virtual Community Meeting - Hickory Creek Detention Facility – Sep 16, 2020",Virtual Community Meeting - Hickory Creek Detention Facility,denton-tx-mobility-committee,denton-tx-public-info-meetings,Public Information Meetings (review candidate),Plausible project/community information-session candidate; verify the official notice or recording shows a public-facing session. Generic wording alone is not enough for auto-routing.,"City/source-scoped community/project meeting phrase. Keep formal named-body proceedings, internal meetings, and external events out unless event evidence shows a public session."
3b7588310856,782ef3548d630822,179855,"Virtual Community Meeting - Pecan Creek Linear Trail Master Plan – Aug 30, 2022",Virtual Community Meeting - Pecan Creek Linear Trail Master Plan,denton-tx-mobility-committee,denton-tx-public-info-meetings,Public Information Meetings (review candidate),Plausible project/community information-session candidate; verify the official notice or recording shows a public-facing session. Generic wording alone is not enough for auto-routing.,"City/source-scoped community/project meeting phrase. Keep formal named-body proceedings, internal meetings, and external events out unless event evidence shows a public session."
3b7588310856,7bd9ad954191a3d8,86914,"Virtual Community Meeting - Mobility Plan Western Area – Sep 14, 2020",Virtual Community Meeting - Mobility Plan Western Area,denton-tx-mobility-committee,denton-tx-public-info-meetings,Public Information Meetings (review candidate),Plausible project/community information-session candidate; verify the official notice or recording shows a public-facing session. Generic wording alone is not enough for auto-routing.,"City/source-scoped community/project meeting phrase. Keep formal named-body proceedings, internal meetings, and external events out unless event evidence shows a public session."
3b7588310856,98658506d84eb0ba,86887,"Virtual Community Meeting - Mobility Plan Southern Area – Sep 24, 2020",Virtual Community Meeting - Mobility Plan Southern Area,denton-tx-mobility-committee,denton-tx-public-info-meetings,Public Information Meetings (review candidate),Plausible project/community information-session candidate; verify the official notice or recording shows a public-facing session. Generic wording alone is not enough for auto-routing.,"City/source-scoped community/project meeting phrase. Keep formal named-body proceedings, internal meetings, and external events out unless event evidence shows a public session."
3b7588310856,a081013835a4fcff,209439,"Virtual Community Meeting - Neighborhood 7A – Feb 23, 2023",Virtual Community Meeting - Neighborhood 7A,denton-tx-city-council,denton-tx-public-info-meetings,Public Information Meetings (review candidate),Plausible project/community information-session candidate; verify the official notice or recording shows a public-facing session. Generic wording alone is not enough for auto-routing.,"City/source-scoped community/project meeting phrase. Keep formal named-body proceedings, internal meetings, and external events out unless event evidence shows a public session."
3b7588310856,a2d5bcfd4df865f7,86886,"Virtual Community Meeting - 2020 Mobility Plan Update – Oct 06, 2020",Virtual Community Meeting - 2020 Mobility Plan Update,denton-tx-mobility-committee,denton-tx-public-info-meetings,Public Information Meetings (review candidate),Plausible project/community information-session candidate; verify the official notice or recording shows a public-facing session. Generic wording alone is not enough for auto-routing.,"City/source-scoped community/project meeting phrase. Keep formal named-body proceedings, internal meetings, and external events out unless event evidence shows a public session."
3b7588310856,deac623a66894309,86913,"Virtual Community Meeting - Meadows at Hickory Creek – Sep 16, 2020",Virtual Community Meeting - Meadows at Hickory Creek,denton-tx-mobility-committee,denton-tx-public-info-meetings,Public Information Meetings (review candidate),Plausible project/community information-session candidate; verify the official notice or recording shows a public-facing session. Generic wording alone is not enough for auto-routing.,"City/source-scoped community/project meeting phrase. Keep formal named-body proceedings, internal meetings, and external events out unless event evidence shows a public session."
3b7588310856,f32ecc3d299524d4,271071,"Virtual Community Meeting - Aquatic Master Plan – Aug 31, 2023",Virtual Community Meeting - Aquatic Master Plan,denton-tx-city-council,denton-tx-public-info-meetings,Public Information Meetings (review candidate),Plausible project/community information-session candidate; verify the official notice or recording shows a public-facing session. Generic wording alone is not enough for auto-routing.,"City/source-scoped community/project meeting phrase. Keep formal named-body proceedings, internal meetings, and external events out unless event evidence shows a public session."
3b7588310856,fa05fa9bb4821d27,208158,"Virtual Community Meeting - Parkway On-Street Multi-Use Path – Jan 12, 2023",Virtual Community Meeting - Parkway On-Street Multi-Use Path,denton-tx-mobility-committee,denton-tx-public-info-meetings,Public Information Meetings (review candidate),Plausible project/community information-session candidate; verify the official notice or recording shows a public-facing session. Generic wording alone is not enough for auto-routing.,"City/source-scoped community/project meeting phrase. Keep formal named-body proceedings, internal meetings, and external events out unless event evidence shows a public session."
6540eef2dc2e,0b5843a7355dc59d,https://fortworthgov.granicus.com/MediaPlayer.php?view_id=12&clip_id=4033,Community Meeting For Alemeda Hrom Community Meeting For Alemeda Hrom,Community Meeting For Alemeda Hrom Community Meeting For Alemeda Hrom,fort-worth-tx,fort-worth-tx-public-info-meetings,Public Information Meetings (review candidate),Plausible project/community information-session candidate; verify the official notice or recording shows a public-facing session. Generic wording alone is not enough for auto-routing.,"City/source-scoped community/project meeting phrase. Keep formal named-body proceedings, internal meetings, and external events out unless event evidence shows a public session."
6540eef2dc2e,14349fcb005c5b41,https://fortworthgov.granicus.com/MediaPlayer.php?view_id=10&clip_id=4054,Community Meeting For Sendera Ranch And Diamondback Lane Traffic Signal Community Meeting For Sendera Ranch And Diamondback Lane Traffic Signal,Community Meeting For Sendera Ranch And Diamondback Lane Traffic Signal Community Meeting For Sendera Ranch And Diamondback Lane Traffic Signal,fort-worth-tx,fort-worth-tx-public-info-meetings,Public Information Meetings (review candidate),Plausible project/community information-session candidate; verify the official notice or recording shows a public-facing session. Generic wording alone is not enough for auto-routing.,"City/source-scoped community/project meeting phrase. Keep formal named-body proceedings, internal meetings, and external events out unless event evidence shows a public session."
6540eef2dc2e,189f985406a07b72,https://fortworthgov.granicus.com/MediaPlayer.php?view_id=10&clip_id=4037,Community Meeting For The Museum Way Realignment Community Meeting For The Museum Way Realignment,Community Meeting For The Museum Way Realignment Community Meeting For The Museum Way Realignment,fort-worth-tx,fort-worth-tx-public-info-meetings,Public Information Meetings (review candidate),Plausible project/community information-session candidate; verify the official notice or recording shows a public-facing session. Generic wording alone is not enough for auto-routing.,"City/source-scoped community/project meeting phrase. Keep formal named-body proceedings, internal meetings, and external events out unless event evidence shows a public session."
6540eef2dc2e,3432da634351660e,https://fortworthgov.granicus.com/MediaPlayer.php?view_id=10&clip_id=4076,Community Meeting For Greater Northside Infrastructure Improvements Community Meeting For Greater Northside Infrastructure Improvements,Community Meeting For Greater Northside Infrastructure Improvements Community Meeting For Greater Northside Infrastructure Improvements,fort-worth-tx,fort-worth-tx-public-info-meetings,Public Information Meetings (review candidate),Plausible project/community information-session candidate; verify the official notice or recording shows a public-facing session. Generic wording alone is not enough for auto-routing.,"City/source-scoped community/project meeting phrase. Keep formal named-body proceedings, internal meetings, and external events out unless event evidence shows a public session."
6540eef2dc2e,a9af805418a9165d,https://fortworthgov.granicus.com/MediaPlayer.php?view_id=12&clip_id=4083,Community Meeting For Bomber Heights And Overton Park Street Improvements Community Meeting For Bomber Heights And Overton Park Street Improvements,Community Meeting For Bomber Heights And Overton Park Street Improvements Community Meeting For Bomber Heights And Overton Park Street Improvements,fort-worth-tx,fort-worth-tx-public-info-meetings,Public Information Meetings (review candidate),Plausible project/community information-session candidate; verify the official notice or recording shows a public-facing session. Generic wording alone is not enough for auto-routing.,"City/source-scoped community/project meeting phrase. Keep formal named-body proceedings, internal meetings, and external events out unless event evidence shows a public session."
6540eef2dc2e,c0f383053a22077a,https://fortworthgov.granicus.com/MediaPlayer.php?view_id=12&clip_id=4053,Community Meeting For Lebow Channel At 28th Street Community Meeting For Lebow Channel At 28th Street,Community Meeting For Lebow Channel At 28th Street Community Meeting For Lebow Channel At 28th Street,fort-worth-tx,fort-worth-tx-public-info-meetings,Public Information Meetings (review candidate),Plausible project/community information-session candidate; verify the official notice or recording shows a public-facing session. Generic wording alone is not enough for auto-routing.,"City/source-scoped community/project meeting phrase. Keep formal named-body proceedings, internal meetings, and external events out unless event evidence shows a public session."
6540eef2dc2e,cad6762d2b0171a0,https://fortworthgov.granicus.com/MediaPlayer.php?view_id=10&clip_id=4083,Community Meeting For Bomber Heights And Overton Park Street Improvements Community Meeting For Bomber Heights And Overton Park Street Improvements,Community Meeting For Bomber Heights And Overton Park Street Improvements Community Meeting For Bomber Heights And Overton Park Street Improvements,fort-worth-tx,fort-worth-tx-public-info-meetings,Public Information Meetings (review candidate),Plausible project/community information-session candidate; verify the official notice or recording shows a public-facing session. Generic wording alone is not enough for auto-routing.,"City/source-scoped community/project meeting phrase. Keep formal named-body proceedings, internal meetings, and external events out unless event evidence shows a public session."
6540eef2dc2e,d617743e036df959,https://fortworthgov.granicus.com/MediaPlayer.php?view_id=12&clip_id=4076,Community Meeting For Greater Northside Infrastructure Improvements Community Meeting For Greater Northside Infrastructure Improvements,Community Meeting For Greater Northside Infrastructure Improvements Community Meeting For Greater Northside Infrastructure Improvements,fort-worth-tx,fort-worth-tx-public-info-meetings,Public Information Meetings (review candidate),Plausible project/community information-session candidate; verify the official notice or recording shows a public-facing session. Generic wording alone is not enough for auto-routing.,"City/source-scoped community/project meeting phrase. Keep formal named-body proceedings, internal meetings, and external events out unless event evidence shows a public session."
6540eef2dc2e,dcdc1db8280d4bb9,https://fortworthgov.granicus.com/MediaPlayer.php?view_id=10&clip_id=4053,Community Meeting For Lebow Channel At 28th Street Community Meeting For Lebow Channel At 28th Street,Community Meeting For Lebow Channel At 28th Street Community Meeting For Lebow Channel At 28th Street,fort-worth-tx,fort-worth-tx-public-info-meetings,Public Information Meetings (review candidate),Plausible project/community information-session candidate; verify the official notice or recording shows a public-facing session. Generic wording alone is not enough for auto-routing.,"City/source-scoped community/project meeting phrase. Keep formal named-body proceedings, internal meetings, and external events out unless event evidence shows a public session."
6540eef2dc2e,e9265b3ef180ba88,https://fortworthgov.granicus.com/MediaPlayer.php?view_id=12&clip_id=4037,Community Meeting For The Museum Way Realignment Community Meeting For The Museum Way Realignment,Community Meeting For The Museum Way Realignment Community Meeting For The Museum Way Realignment,fort-worth-tx,fort-worth-tx-public-info-meetings,Public Information Meetings (review candidate),Plausible project/community information-session candidate; verify the official notice or recording shows a public-facing session. Generic wording alone is not enough for auto-routing.,"City/source-scoped community/project meeting phrase. Keep formal named-body proceedings, internal meetings, and external events out unless event evidence shows a public session."
6540eef2dc2e,fa6a9de6fdb35ba2,https://fortworthgov.granicus.com/MediaPlayer.php?view_id=12&clip_id=4054,Community Meeting For Sendera Ranch And Diamondback Lane Traffic Signal Community Meeting For Sendera Ranch And Diamondback Lane Traffic Signal,Community Meeting For Sendera Ranch And Diamondback Lane Traffic Signal Community Meeting For Sendera Ranch And Diamondback Lane Traffic Signal,fort-worth-tx,fort-worth-tx-public-info-meetings,Public Information Meetings (review candidate),Plausible project/community information-session candidate; verify the official notice or recording shows a public-facing session. Generic wording alone is not enough for auto-routing.,"City/source-scoped community/project meeting phrase. Keep formal named-body proceedings, internal meetings, and external events out unless event evidence shows a public session."
6540eef2dc2e,fb9ab719ee2775dc,https://fortworthgov.granicus.com/MediaPlayer.php?view_id=10&clip_id=4033,Community Meeting For Alemeda Hrom Community Meeting For Alemeda Hrom,Community Meeting For Alemeda Hrom Community Meeting For Alemeda Hrom,fort-worth-tx,fort-worth-tx-public-info-meetings,Public Information Meetings (review candidate),Plausible project/community information-session candidate; verify the official notice or recording shows a public-facing session. Generic wording alone is not enough for auto-routing.,"City/source-scoped community/project meeting phrase. Keep formal named-body proceedings, internal meetings, and external events out unless event evidence shows a public session."
76869ed1994f,1e774395fae13b66,203624,"Charter Review Commission: Community Meeting – Feb 15, 2014",Charter Review Commission: Community Meeting,,dallas-tx-public-info-meetings,Public Information Meetings (review candidate),"Plausible public-information candidate, but verify the dated notice: a named Commission meeting must not be duplicated into the aggregate unless it is a separately hosted public session.","Title says “Community Meeting,” but also names the Charter Review Commission. Keep this as a review candidate, not an automatic substring rule."
76869ed1994f,9f9c6ffc35e1a806,203630,"Charter Review Commission: Community Meeting – Mar 25, 2014",Charter Review Commission: Community Meeting,,dallas-tx-public-info-meetings,Public Information Meetings (review candidate),"Plausible public-information candidate, but verify the dated notice: a named Commission meeting must not be duplicated into the aggregate unless it is a separately hosted public session.","Title says “Community Meeting,” but also names the Charter Review Commission. Keep this as a review candidate, not an automatic substring rule."
76869ed1994f,a7f16e7e67e12e4d,203625,"Charter Review Commission: Community Meeting – Feb 25, 2014",Charter Review Commission: Community Meeting,,dallas-tx-public-info-meetings,Public Information Meetings (review candidate),"Plausible public-information candidate, but verify the dated notice: a named Commission meeting must not be duplicated into the aggregate unless it is a separately hosted public session.","Title says “Community Meeting,” but also names the Charter Review Commission. Keep this as a review candidate, not an automatic substring rule."
abbf5e25e078,427cce8d0703fff2,309011,"Community Meeting #3 – Jun 26, 2024",Community Meeting #3,addison-tx-town-meetings,addison-tx-public-info-meetings,Public Information Meetings (review candidate),Plausible project/community information-session candidate; verify the official notice or recording shows a public-facing session. Generic wording alone is not enough for auto-routing.,"City/source-scoped community/project meeting phrase. Keep formal named-body proceedings, internal meetings, and external events out unless event evidence shows a public session."
abbf5e25e078,4e6c6c9632cd9dd4,296062,"Community Meeting #2 – Jan 25, 2024",Community Meeting #2,addison-tx-town-meetings,addison-tx-public-info-meetings,Public Information Meetings (review candidate),Plausible project/community information-session candidate; verify the official notice or recording shows a public-facing session. Generic wording alone is not enough for auto-routing.,"City/source-scoped community/project meeting phrase. Keep formal named-body proceedings, internal meetings, and external events out unless event evidence shows a public session."
abbf5e25e078,867b091feed2bee3,277096,"Community Meeting #1 – Oct 18, 2023",Community Meeting #1,addison-tx-town-meetings,addison-tx-public-info-meetings,Public Information Meetings (review candidate),Plausible project/community information-session candidate; verify the official notice or recording shows a public-facing session. Generic wording alone is not enough for auto-routing.,"City/source-scoped community/project meeting phrase. Keep formal named-body proceedings, internal meetings, and external events out unless event evidence shows a public session."
abbf5e25e078,ec9218e0aa55d13d,208554,"Special Community Meeting – Feb 15, 2023",Special Community Meeting,addison-tx-town-meetings,addison-tx-public-info-meetings,Public Information Meetings (review candidate),Plausible project/community information-session candidate; verify the official notice or recording shows a public-facing session. Generic wording alone is not enough for auto-routing.,"City/source-scoped community/project meeting phrase. Keep formal named-body proceedings, internal meetings, and external events out unless event evidence shows a public session."
