id,city,source_key,body,cached_source_uid_records,cached_audio_artifact_records,cached_media_available_records,cached_confirmed_empty_records,cached_suspected_empty_records,cached_media_marked_missing_records,maintainer_final_action,maintainer_final_destination,maintainer_final_rule_or_reason,target_candidate,current_selector_status,reviewed_disposition
003226f40328,fort-worth-tx,6540eef2dc2e,District 3 Town Hall Meeting District 3 Town Hall Meeting,2,2,2,0,0,0,selected-public-information,fort-worth-tx-public-info-meetings,"One city feed for public briefings, information sessions, and public-input sessions. Keep the actual title; verify each old recording against its event before live routing.",fort-worth-tx-public-info-meetings,no selector match,"Proposed destination: fort-worth-tx Public Information Meetings. This city feed combines public briefings, public information sessions, and public-input meetings. Keep the title-specific event purpose in each episode. This row’s evidence status and exact recording/source match remain as stated in its review status; do not route by title words alone."
0150614443ad,fort-worth-tx,6540eef2dc2e,Race and Culture Task Force Townhall Race and Culture Task Force Townhall,2,2,2,0,0,0,selected-public-information,fort-worth-tx-public-info-meetings,"One city feed for public briefings, information sessions, and public-input sessions. Keep the actual title; verify each old recording against its event before live routing.",fort-worth-tx-public-info-meetings,no selector match,"Proposed destination: fort-worth-tx Public Information Meetings. This city feed combines public briefings, public information sessions, and public-input meetings. Keep the title-specific event purpose in each episode. This row’s evidence status and exact recording/source match remain as stated in its review status; do not route by title words alone."
02cb575c1b9a,fort-worth-tx,6540eef2dc2e,"Community Design Meeting For The New York, Main, Morningside, Capps, Page And Alley Infrastructure Improvement Community Design Meeting For The New York, Main, Morningside, Capps, Page And Alley Infrastructure Improvement",2,2,2,0,0,0,selected-public-information,fort-worth-tx-public-info-meetings,"One city feed for public briefings, information sessions, and public-input sessions. Keep the actual title; verify each old recording against its event before live routing.",fort-worth-tx-public-info-meetings,no selector match,"Proposed destination: fort-worth-tx Public Information Meetings. This city feed combines public briefings, public information sessions, and public-input meetings. Keep the title-specific event purpose in each episode. This row’s evidence status and exact recording/source match remain as stated in its review status; do not route by title words alone."
04e7154744f5,fort-worth-tx,6540eef2dc2e,District 4 Town Hall Meeting District 4 Town Hall Meeting,2,2,2,0,0,0,selected-public-information,fort-worth-tx-public-info-meetings,"One city feed for public briefings, information sessions, and public-input sessions. Keep the actual title; verify each old recording against its event before live routing.",fort-worth-tx-public-info-meetings,no selector match,"Proposed destination: fort-worth-tx Public Information Meetings. This city feed combines public briefings, public information sessions, and public-input meetings. Keep the title-specific event purpose in each episode. This row’s evidence status and exact recording/source match remain as stated in its review status; do not route by title words alone."
07107f2b2f69,fort-worth-tx,6540eef2dc2e,Risinger At I35 Improvements Risinger At I35 Improvements,2,2,2,0,0,0,selected-public-information,fort-worth-tx-public-info-meetings,"One city feed for public briefings, information sessions, and public-input sessions. Keep the actual title; verify each old recording against its event before live routing.",fort-worth-tx-public-info-meetings,no selector match,"Proposed destination: fort-worth-tx Public Information Meetings. This city feed combines public briefings, public information sessions, and public-input meetings. Keep the title-specific event purpose in each episode. This row’s evidence status and exact recording/source match remain as stated in its review status; do not route by title words alone."
0729523fcb9c,fort-worth-tx,6540eef2dc2e,Community Meeting For Riverside Area Street Reconstruction Community Meeting For Riverside Area Street Reconstruction,2,2,2,0,0,0,selected-public-information,fort-worth-tx-public-info-meetings,"One city feed for public briefings, information sessions, and public-input sessions. Keep the actual title; verify each old recording against its event before live routing.",fort-worth-tx-public-info-meetings,no selector match,"Proposed destination: fort-worth-tx Public Information Meetings. This city feed combines public briefings, public information sessions, and public-input meetings. Keep the title-specific event purpose in each episode. This row’s evidence status and exact recording/source match remain as stated in its review status; do not route by title words alone."
0bcc3fd78c89,fort-worth-tx,6540eef2dc2e,Salt Water Disposal Public Meeting Salt Water Disposal Public Meeting,4,4,4,0,0,0,selected-public-information,fort-worth-tx-public-info-meetings,"One city feed for public briefings, information sessions, and public-input sessions. Keep the actual title; verify each old recording against its event before live routing.",fort-worth-tx-public-info-meetings,no selector match,"Proposed destination: fort-worth-tx Public Information Meetings. This city feed combines public briefings, public information sessions, and public-input meetings. Keep the title-specific event purpose in each episode. This row’s evidence status and exact recording/source match remain as stated in its review status; do not route by title words alone."
17e60ec89200,fort-worth-tx,6540eef2dc2e,"Neighborhood Quality And Revitalization of August 9, 2022 Neighborhood Quality And Revitalization of August 9, 2022",2,2,2,0,0,0,approved-new-body-rule-local,fort-worth-tx-neighborhood-quality-and-revitalization-committee,Added or retained a reusable source/body rule in local config fort-worth-tx-neighborhood-quality-and-revitalization-committee; no UID-only inclusion. Historical recording/event and live deployment checks remain separate.,fort-worth-tx-neighborhood-quality-and-revitalization-committee,local rule added; pending full replay and deployment,"Neighborhood Quality and Revitalization Committee; named public-body proceeding, not general Community Public Input."
1c8b2f8328b1,fort-worth-tx,6540eef2dc2e,Tracks to the Future - Business as Usual or a New Direction? Tracks to the Future - Business as Usual or a New Direction?,1,1,1,0,0,0,selected-public-information,fort-worth-tx-public-info-meetings,"One city feed for public briefings, information sessions, and public-input sessions. Keep the actual title; verify each old recording against its event before live routing.",fort-worth-tx-public-info-meetings,no selector match,"Proposed destination: fort-worth-tx Public Information Meetings. This city feed combines public briefings, public information sessions, and public-input meetings. Keep the title-specific event purpose in each episode. This row’s evidence status and exact recording/source match remain as stated in its review status; do not route by title words alone."
2baca898fa76,fort-worth-tx,6540eef2dc2e,"Convention Center District Expansion Town Hall Meeting of August 9, 2023 Convention Center District Expansion Town Hall Meeting of August 9, 2023",2,2,2,0,0,0,selected-public-information,fort-worth-tx-public-info-meetings,"One city feed for public briefings, information sessions, and public-input sessions. Keep the actual title; verify each old recording against its event before live routing.",fort-worth-tx-public-info-meetings,no selector match,"Proposed destination: fort-worth-tx Public Information Meetings. This city feed combines public briefings, public information sessions, and public-input meetings. Keep the title-specific event purpose in each episode. This row’s evidence status and exact recording/source match remain as stated in its review status; do not route by title words alone."
2fa228af273c,fort-worth-tx,6540eef2dc2e,District 6 Town Hall Meeting District 6 Town Hall Meeting,2,2,2,0,0,0,selected-public-information,fort-worth-tx-public-info-meetings,"One city feed for public briefings, information sessions, and public-input sessions. Keep the actual title; verify each old recording against its event before live routing.",fort-worth-tx-public-info-meetings,no selector match,"Proposed destination: fort-worth-tx Public Information Meetings. This city feed combines public briefings, public information sessions, and public-input meetings. Keep the title-specific event purpose in each episode. This row’s evidence status and exact recording/source match remain as stated in its review status; do not route by title words alone."
2fec601344c9,fort-worth-tx,6540eef2dc2e,Tracks to the Future - Street Car Impact on Regional Transit Tracks to the Future - Street Car Impact on Regional Transit,1,1,1,0,0,0,selected-public-information,fort-worth-tx-public-info-meetings,"One city feed for public briefings, information sessions, and public-input sessions. Keep the actual title; verify each old recording against its event before live routing.",fort-worth-tx-public-info-meetings,no selector match,"Proposed destination: fort-worth-tx Public Information Meetings. This city feed combines public briefings, public information sessions, and public-input meetings. Keep the title-specific event purpose in each episode. This row’s evidence status and exact recording/source match remain as stated in its review status; do not route by title words alone."
318442212ea1,fort-worth-tx,6540eef2dc2e,ECONOMIC FORUM ECONOMIC FORUM,1,1,1,0,0,0,selected-public-information,fort-worth-tx-public-info-meetings,"One city feed for public briefings, information sessions, and public-input sessions. Keep the actual title; verify each old recording against its event before live routing.",fort-worth-tx-public-info-meetings,no selector match,"Proposed destination: fort-worth-tx Public Information Meetings. This city feed combines public briefings, public information sessions, and public-input meetings. Keep the title-specific event purpose in each episode. This row’s evidence status and exact recording/source match remain as stated in its review status; do not route by title words alone."
32d1d76c5a55,fort-worth-tx,6540eef2dc2e,Community Meeting For University Drive Community Meeting For University Drive,4,4,4,0,0,0,selected-public-information,fort-worth-tx-public-info-meetings,"One city feed for public briefings, information sessions, and public-input sessions. Keep the actual title; verify each old recording against its event before live routing.",fort-worth-tx-public-info-meetings,no selector match,"Proposed destination: fort-worth-tx Public Information Meetings. This city feed combines public briefings, public information sessions, and public-input meetings. Keep the title-specific event purpose in each episode. This row’s evidence status and exact recording/source match remain as stated in its review status; do not route by title words alone."
3a516f8a39e9,fort-worth-tx,6540eef2dc2e,District 8 Town Hall Meeting District 8 Town Hall Meeting,2,2,2,0,0,0,selected-public-information,fort-worth-tx-public-info-meetings,"One city feed for public briefings, information sessions, and public-input sessions. Keep the actual title; verify each old recording against its event before live routing.",fort-worth-tx-public-info-meetings,no selector match,"Proposed destination: fort-worth-tx Public Information Meetings. This city feed combines public briefings, public information sessions, and public-input meetings. Keep the title-specific event purpose in each episode. This row’s evidence status and exact recording/source match remain as stated in its review status; do not route by title words alone."
3ef06440a247,fort-worth-tx,6540eef2dc2e,"Echo Heights Public Meeting of June 12, 2023 Echo Heights Public Meeting of June 12, 2023",2,2,2,0,0,0,selected-public-information,fort-worth-tx-public-info-meetings,"One city feed for public briefings, information sessions, and public-input sessions. Keep the actual title; verify each old recording against its event before live routing.",fort-worth-tx-public-info-meetings,no selector match,"Proposed destination: fort-worth-tx Public Information Meetings. This city feed combines public briefings, public information sessions, and public-input meetings. Keep the title-specific event purpose in each episode. This row’s evidence status and exact recording/source match remain as stated in its review status; do not route by title words alone."
45418d88423b,fort-worth-tx,6540eef2dc2e,JAVA - A Caffeinated Town Hall with Mayor Betsy Price and Councilmember Sal Espino JAVA - A Caffeinated Town Hall with Mayor Betsy Price and Councilmember Sal Espino,2,2,2,0,0,0,selected-public-information,fort-worth-tx-public-info-meetings,"One city feed for public briefings, information sessions, and public-input sessions. Keep the actual title; verify each old recording against its event before live routing.",fort-worth-tx-public-info-meetings,no selector match,"Proposed destination: fort-worth-tx Public Information Meetings. This city feed combines public briefings, public information sessions, and public-input meetings. Keep the title-specific event purpose in each episode. This row’s evidence status and exact recording/source match remain as stated in its review status; do not route by title words alone."
4abe4832108d,fort-worth-tx,6540eef2dc2e,"Public Forum: Candidates for Diversity and Inclusion Director of October 28, 2019 Public Forum: Candidates for Diversity and Inclusion Director of October 28, 2019",2,2,2,0,0,0,selected-public-information,fort-worth-tx-public-info-meetings,"One city feed for public briefings, information sessions, and public-input sessions. Keep the actual title; verify each old recording against its event before live routing.",fort-worth-tx-public-info-meetings,no selector match,"Proposed destination: fort-worth-tx Public Information Meetings. This city feed combines public briefings, public information sessions, and public-input meetings. Keep the title-specific event purpose in each episode. This row’s evidence status and exact recording/source match remain as stated in its review status; do not route by title words alone."
524c6cfbb93b,fort-worth-tx,6540eef2dc2e,Economic Development Strategic Plan Workshop Economic Development Strategic Plan Workshop,2,2,2,0,0,0,selected-public-information,fort-worth-tx-public-info-meetings,"One city feed for public briefings, information sessions, and public-input sessions. Keep the actual title; verify each old recording against its event before live routing.",fort-worth-tx-public-info-meetings,no selector match,"Proposed destination: fort-worth-tx Public Information Meetings. This city feed combines public briefings, public information sessions, and public-input meetings. Keep the title-specific event purpose in each episode. This row’s evidence status and exact recording/source match remain as stated in its review status; do not route by title words alone."
56645ec31348,fort-worth-tx,6540eef2dc2e,Listening Circle with Dr. J: Traffic Infrastructure Listening Circle with Dr. J: Traffic Infrastructure,2,2,2,0,0,0,selected-public-information,fort-worth-tx-public-info-meetings,"One city feed for public briefings, information sessions, and public-input sessions. Keep the actual title; verify each old recording against its event before live routing.",fort-worth-tx-public-info-meetings,no selector match,"Proposed destination: fort-worth-tx Public Information Meetings. This city feed combines public briefings, public information sessions, and public-input meetings. Keep the title-specific event purpose in each episode. This row’s evidence status and exact recording/source match remain as stated in its review status; do not route by title words alone."
59a667aab30c,fort-worth-tx,6540eef2dc2e,Southwest Parkway Project Workshop Southwest Parkway Project Workshop,1,1,1,0,0,0,selected-public-information,fort-worth-tx-public-info-meetings,"One city feed for public briefings, information sessions, and public-input sessions. Keep the actual title; verify each old recording against its event before live routing.",fort-worth-tx-public-info-meetings,no selector match,"Proposed destination: fort-worth-tx Public Information Meetings. This city feed combines public briefings, public information sessions, and public-input meetings. Keep the title-specific event purpose in each episode. This row’s evidence status and exact recording/source match remain as stated in its review status; do not route by title words alone."
616961b17fa8,fort-worth-tx,6540eef2dc2e,CITY MANAGER’S INFORMATIONAL OPEN HOUSE AND PUBLIC INPUT MEETING CITY MANAGER’S INFORMATIONAL OPEN HOUSE AND PUBLIC INPUT MEETING,1,1,1,0,0,0,selected-public-information,fort-worth-tx-public-info-meetings,"One city feed for public briefings, information sessions, and public-input sessions. Keep the actual title; verify each old recording against its event before live routing.",fort-worth-tx-public-info-meetings,no selector match,"Proposed destination: fort-worth-tx Public Information Meetings. This city feed combines public briefings, public information sessions, and public-input meetings. Keep the title-specific event purpose in each episode. This row’s evidence status and exact recording/source match remain as stated in its review status; do not route by title words alone."
68dfebf0540c,fort-worth-tx,6540eef2dc2e,7th Annual Business Fair Panel Discussion 7th Annual Business Fair Panel Discussion,2,2,2,0,0,0,selected-public-information,fort-worth-tx-public-info-meetings,"One city feed for public briefings, information sessions, and public-input sessions. Keep the actual title; verify each old recording against its event before live routing.",fort-worth-tx-public-info-meetings,no selector match,"Proposed destination: fort-worth-tx Public Information Meetings. This city feed combines public briefings, public information sessions, and public-input meetings. Keep the title-specific event purpose in each episode. This row’s evidence status and exact recording/source match remain as stated in its review status; do not route by title words alone."
68feb7bd20e4,fort-worth-tx,6540eef2dc2e,"District 5 Leadership Meeting of December 17, 2022 District 5 Leadership Meeting of December 17, 2022",2,2,2,0,0,0,selected-public-information,fort-worth-tx-public-info-meetings,"One city feed for public briefings, information sessions, and public-input sessions. Keep the actual title; verify each old recording against its event before live routing.",fort-worth-tx-public-info-meetings,no selector match,"Proposed destination: fort-worth-tx Public Information Meetings. This city feed combines public briefings, public information sessions, and public-input meetings. Keep the title-specific event purpose in each episode. This row’s evidence status and exact recording/source match remain as stated in its review status; do not route by title words alone."
6a1b91909422,fort-worth-tx,6540eef2dc2e,District 6 Town Hall District 6 Town Hall,2,2,2,0,0,0,selected-public-information,fort-worth-tx-public-info-meetings,"One city feed for public briefings, information sessions, and public-input sessions. Keep the actual title; verify each old recording against its event before live routing.",fort-worth-tx-public-info-meetings,no selector match,"Proposed destination: fort-worth-tx Public Information Meetings. This city feed combines public briefings, public information sessions, and public-input meetings. Keep the title-specific event purpose in each episode. This row’s evidence status and exact recording/source match remain as stated in its review status; do not route by title words alone."
7319e3473151,fort-worth-tx,6540eef2dc2e,"FY2023 Budget Conversation - August 25, 2022 FY2023 Budget Conversation",2,2,2,0,0,0,selected-public-information,fort-worth-tx-public-info-meetings,"One city feed for public briefings, information sessions, and public-input sessions. Keep the actual title; verify each old recording against its event before live routing.",fort-worth-tx-public-info-meetings,no selector match,"Proposed destination: fort-worth-tx Public Information Meetings. This city feed combines public briefings, public information sessions, and public-input meetings. Keep the title-specific event purpose in each episode. This row’s evidence status and exact recording/source match remain as stated in its review status; do not route by title words alone."
73a3e59dc73b,fort-worth-tx,6540eef2dc2e,Altamesa/McCart Safe Community Collaboration Altamesa/McCart Safe Community Collaboration,2,2,2,0,0,0,selected-public-information,fort-worth-tx-public-info-meetings,"One city feed for public briefings, information sessions, and public-input sessions. Keep the actual title; verify each old recording against its event before live routing.",fort-worth-tx-public-info-meetings,no selector match,"Proposed destination: fort-worth-tx Public Information Meetings. This city feed combines public briefings, public information sessions, and public-input meetings. Keep the title-specific event purpose in each episode. This row’s evidence status and exact recording/source match remain as stated in its review status; do not route by title words alone."
775caa3889e1,fort-worth-tx,6540eef2dc2e,Modern Streetcar Town Hall Meeting Modern Streetcar Town Hall Meeting,2,2,2,0,0,0,selected-public-information,fort-worth-tx-public-info-meetings,"One city feed for public briefings, information sessions, and public-input sessions. Keep the actual title; verify each old recording against its event before live routing.",fort-worth-tx-public-info-meetings,no selector match,"Proposed destination: fort-worth-tx Public Information Meetings. This city feed combines public briefings, public information sessions, and public-input meetings. Keep the title-specific event purpose in each episode. This row’s evidence status and exact recording/source match remain as stated in its review status; do not route by title words alone."
78c246a27c3e,fort-worth-tx,6540eef2dc2e,Community Meeting For East 4Th Streeteast 1St Street Striping And Bicycle Trail Improvements Community Meeting For East 4Th Streeteast 1St Street Striping And Bicycle Trail Improvements,2,2,2,0,0,0,selected-public-information,fort-worth-tx-public-info-meetings,"One city feed for public briefings, information sessions, and public-input sessions. Keep the actual title; verify each old recording against its event before live routing.",fort-worth-tx-public-info-meetings,no selector match,"Proposed destination: fort-worth-tx Public Information Meetings. This city feed combines public briefings, public information sessions, and public-input meetings. Keep the title-specific event purpose in each episode. This row’s evidence status and exact recording/source match remain as stated in its review status; do not route by title words alone."
7d0241bfe5d3,fort-worth-tx,6540eef2dc2e,Salt Water Disposal Well Public Meeting Salt Water Disposal Well Public Meeting,2,2,2,0,0,0,selected-public-information,fort-worth-tx-public-info-meetings,"One city feed for public briefings, information sessions, and public-input sessions. Keep the actual title; verify each old recording against its event before live routing.",fort-worth-tx-public-info-meetings,no selector match,"Proposed destination: fort-worth-tx Public Information Meetings. This city feed combines public briefings, public information sessions, and public-input meetings. Keep the title-specific event purpose in each episode. This row’s evidence status and exact recording/source match remain as stated in its review status; do not route by title words alone."
7f249071b740,fort-worth-tx,6540eef2dc2e,"Neighborhood Workshop: Race & Culture - January 20, 2018 Neighborhood Workshop: Race & Culture",2,2,2,0,0,0,selected-public-information,fort-worth-tx-public-info-meetings,"One city feed for public briefings, information sessions, and public-input sessions. Keep the actual title; verify each old recording against its event before live routing.",fort-worth-tx-public-info-meetings,no selector match,"Proposed destination: fort-worth-tx Public Information Meetings. This city feed combines public briefings, public information sessions, and public-input meetings. Keep the title-specific event purpose in each episode. This row’s evidence status and exact recording/source match remain as stated in its review status; do not route by title words alone."
8736ddf8e996,fort-worth-tx,6540eef2dc2e,"Evans & Rosedale Community Meeting of February 7, 2024 Evans & Rosedale Community Meeting of February 7, 2024",2,2,2,0,0,0,selected-public-information,fort-worth-tx-public-info-meetings,"One city feed for public briefings, information sessions, and public-input sessions. Keep the actual title; verify each old recording against its event before live routing.",fort-worth-tx-public-info-meetings,no selector match,"Proposed destination: fort-worth-tx Public Information Meetings. This city feed combines public briefings, public information sessions, and public-input meetings. Keep the title-specific event purpose in each episode. This row’s evidence status and exact recording/source match remain as stated in its review status; do not route by title words alone."
88b5781712bb,fort-worth-tx,6540eef2dc2e,District 3 Town Hall District 3 Town Hall,2,2,2,0,0,0,selected-public-information,fort-worth-tx-public-info-meetings,"One city feed for public briefings, information sessions, and public-input sessions. Keep the actual title; verify each old recording against its event before live routing.",fort-worth-tx-public-info-meetings,no selector match,"Proposed destination: fort-worth-tx Public Information Meetings. This city feed combines public briefings, public information sessions, and public-input meetings. Keep the title-specific event purpose in each episode. This row’s evidence status and exact recording/source match remain as stated in its review status; do not route by title words alone."
88ce4758c3f0,fort-worth-tx,6540eef2dc2e,Caffeinated Town Hall from Villages of Woodland Springs Caffeinated Town Hall from Villages of Woodland Springs,2,2,2,0,0,0,selected-public-information,fort-worth-tx-public-info-meetings,"One city feed for public briefings, information sessions, and public-input sessions. Keep the actual title; verify each old recording against its event before live routing.",fort-worth-tx-public-info-meetings,no selector match,"Proposed destination: fort-worth-tx Public Information Meetings. This city feed combines public briefings, public information sessions, and public-input meetings. Keep the title-specific event purpose in each episode. This row’s evidence status and exact recording/source match remain as stated in its review status; do not route by title words alone."
8ca6c12245d3,fort-worth-tx,6540eef2dc2e,Community Meeting - Handley Area And Central Meadowbrook Area Street Improvements Community Meeting - Handley Area And Central Meadowbrook Area Street Improvements,4,4,4,0,0,0,selected-public-information,fort-worth-tx-public-info-meetings,"One city feed for public briefings, information sessions, and public-input sessions. Keep the actual title; verify each old recording against its event before live routing.",fort-worth-tx-public-info-meetings,no selector match,"Proposed destination: fort-worth-tx Public Information Meetings. This city feed combines public briefings, public information sessions, and public-input meetings. Keep the title-specific event purpose in each episode. This row’s evidence status and exact recording/source match remain as stated in its review status; do not route by title words alone."
8f88fd0d468c,fort-worth-tx,6540eef2dc2e,Transportation & Public Works Community Meeting Transportation & Public Works Community Meeting,4,4,4,0,0,0,selected-public-information,fort-worth-tx-public-info-meetings,"One city feed for public briefings, information sessions, and public-input sessions. Keep the actual title; verify each old recording against its event before live routing.",fort-worth-tx-public-info-meetings,no selector match,"Proposed destination: fort-worth-tx Public Information Meetings. This city feed combines public briefings, public information sessions, and public-input meetings. Keep the title-specific event purpose in each episode. This row’s evidence status and exact recording/source match remain as stated in its review status; do not route by title words alone."
8f92b0adba7e,fort-worth-tx,6540eef2dc2e,District 9 Town Hall Meeting District 9 Town Hall Meeting,2,2,2,0,0,0,selected-public-information,fort-worth-tx-public-info-meetings,"One city feed for public briefings, information sessions, and public-input sessions. Keep the actual title; verify each old recording against its event before live routing.",fort-worth-tx-public-info-meetings,no selector match,"Proposed destination: fort-worth-tx Public Information Meetings. This city feed combines public briefings, public information sessions, and public-input meetings. Keep the title-specific event purpose in each episode. This row’s evidence status and exact recording/source match remain as stated in its review status; do not route by title words alone."
93d789ac40db,fort-worth-tx,6540eef2dc2e,Sunset Heights Sidewalk Improvements Sunset Heights Sidewalk Improvements,2,2,2,0,0,0,selected-public-information,fort-worth-tx-public-info-meetings,"One city feed for public briefings, information sessions, and public-input sessions. Keep the actual title; verify each old recording against its event before live routing.",fort-worth-tx-public-info-meetings,no selector match,"Proposed destination: fort-worth-tx Public Information Meetings. This city feed combines public briefings, public information sessions, and public-input meetings. Keep the title-specific event purpose in each episode. This row’s evidence status and exact recording/source match remain as stated in its review status; do not route by title words alone."
966e1beca15f,fort-worth-tx,6540eef2dc2e,Community Meeting For Shoreview Culvert Improvements Community Meeting For Shoreview Culvert Improvements,2,2,2,0,0,0,selected-public-information,fort-worth-tx-public-info-meetings,"One city feed for public briefings, information sessions, and public-input sessions. Keep the actual title; verify each old recording against its event before live routing.",fort-worth-tx-public-info-meetings,no selector match,"Proposed destination: fort-worth-tx Public Information Meetings. This city feed combines public briefings, public information sessions, and public-input meetings. Keep the title-specific event purpose in each episode. This row’s evidence status and exact recording/source match remain as stated in its review status; do not route by title words alone."
9bf4141a9d6d,fort-worth-tx,6540eef2dc2e,Fall 2021 Virtual OPOM Community Conversations Fall 2021 Virtual OPOM Community Conversations,2,2,2,0,0,0,selected-public-information,fort-worth-tx-public-info-meetings,"One city feed for public briefings, information sessions, and public-input sessions. Keep the actual title; verify each old recording against its event before live routing.",fort-worth-tx-public-info-meetings,no selector match,"Proposed destination: fort-worth-tx Public Information Meetings. This city feed combines public briefings, public information sessions, and public-input meetings. Keep the title-specific event purpose in each episode. This row’s evidence status and exact recording/source match remain as stated in its review status; do not route by title words alone."
a3dd848e9eae,fort-worth-tx,6540eef2dc2e,Track to Future - Next Steps: Finance and Government Track to Future - Next Steps: Finance and Government,1,1,1,0,0,0,selected-public-information,fort-worth-tx-public-info-meetings,"One city feed for public briefings, information sessions, and public-input sessions. Keep the actual title; verify each old recording against its event before live routing.",fort-worth-tx-public-info-meetings,no selector match,"Proposed destination: fort-worth-tx Public Information Meetings. This city feed combines public briefings, public information sessions, and public-input meetings. Keep the title-specific event purpose in each episode. This row’s evidence status and exact recording/source match remain as stated in its review status; do not route by title words alone."
a89c6807e620,fort-worth-tx,6540eef2dc2e,1300 Gendy Task Force Public Meeting 1300 Gendy Task Force Public Meeting,2,2,2,0,0,0,selected-public-information,fort-worth-tx-public-info-meetings,"One city feed for public briefings, information sessions, and public-input sessions. Keep the actual title; verify each old recording against its event before live routing.",fort-worth-tx-public-info-meetings,no selector match,"Proposed destination: fort-worth-tx Public Information Meetings. This city feed combines public briefings, public information sessions, and public-input meetings. Keep the title-specific event purpose in each episode. This row’s evidence status and exact recording/source match remain as stated in its review status; do not route by title words alone."
aec30ce9b892,fort-worth-tx,6540eef2dc2e,"Affordable Housing 101 Forum of May 13, 2017 Affordable Housing 101 Forum of May 13, 2017",2,2,2,0,0,0,selected-public-information,fort-worth-tx-public-info-meetings,"One city feed for public briefings, information sessions, and public-input sessions. Keep the actual title; verify each old recording against its event before live routing.",fort-worth-tx-public-info-meetings,no selector match,"Proposed destination: fort-worth-tx Public Information Meetings. This city feed combines public briefings, public information sessions, and public-input meetings. Keep the title-specific event purpose in each episode. This row’s evidence status and exact recording/source match remain as stated in its review status; do not route by title words alone."
af8334f67fc0,fort-worth-tx,6540eef2dc2e,"Ray White Road Widening Improvements meeting of August 10, 2023 Ray White Road Widening Improvements meeting of August 10, 2023",2,2,2,0,0,0,selected-public-information,fort-worth-tx-public-info-meetings,"One city feed for public briefings, information sessions, and public-input sessions. Keep the actual title; verify each old recording against its event before live routing.",fort-worth-tx-public-info-meetings,no selector match,"Proposed destination: fort-worth-tx Public Information Meetings. This city feed combines public briefings, public information sessions, and public-input meetings. Keep the title-specific event purpose in each episode. This row’s evidence status and exact recording/source match remain as stated in its review status; do not route by title words alone."
af85f2bec1b5,fort-worth-tx,6540eef2dc2e,"Virtual Community Construction Meeting - Rosemont, Shaw Clarke & Worth Heights Area Lead Replacement And Infras Virtual Community Construction Meeting - Rosemont, Shaw Clarke & Worth Heights Area Lead Replacement And Infras",2,2,2,0,0,0,selected-public-information,fort-worth-tx-public-info-meetings,"One city feed for public briefings, information sessions, and public-input sessions. Keep the actual title; verify each old recording against its event before live routing.",fort-worth-tx-public-info-meetings,no selector match,"Proposed destination: fort-worth-tx Public Information Meetings. This city feed combines public briefings, public information sessions, and public-input meetings. Keep the title-specific event purpose in each episode. This row’s evidence status and exact recording/source match remain as stated in its review status; do not route by title words alone."
afd808c0a50d,fort-worth-tx,6540eef2dc2e,Neighborhood Conservation Plan & Housing Affordability Strategy Meeting Neighborhood Conservation Plan & Housing Affordability Strategy Meeting,2,2,2,0,0,0,selected-public-information,fort-worth-tx-public-info-meetings,"One city feed for public briefings, information sessions, and public-input sessions. Keep the actual title; verify each old recording against its event before live routing.",fort-worth-tx-public-info-meetings,no selector match,"Proposed destination: fort-worth-tx Public Information Meetings. This city feed combines public briefings, public information sessions, and public-input meetings. Keep the title-specific event purpose in each episode. This row’s evidence status and exact recording/source match remain as stated in its review status; do not route by title words alone."
b7981a68b531,fort-worth-tx,6540eef2dc2e,Virtual Worshop on Water Education Virtual Worshop on Water Education,2,2,2,0,0,0,selected-public-information,fort-worth-tx-public-info-meetings,"One city feed for public briefings, information sessions, and public-input sessions. Keep the actual title; verify each old recording against its event before live routing.",fort-worth-tx-public-info-meetings,no selector match,"Proposed destination: fort-worth-tx Public Information Meetings. This city feed combines public briefings, public information sessions, and public-input meetings. Keep the title-specific event purpose in each episode. This row’s evidence status and exact recording/source match remain as stated in its review status; do not route by title words alone."
b7fd9641ea4f,fort-worth-tx,6540eef2dc2e,Redevelopment Of Community Arts Center at 1300 Gendy Street - Public Meeting Redevelopment Of Community Arts Center at 1300 Gendy Street - Public Meeting,2,2,2,0,0,0,selected-public-information,fort-worth-tx-public-info-meetings,"One city feed for public briefings, information sessions, and public-input sessions. Keep the actual title; verify each old recording against its event before live routing.",fort-worth-tx-public-info-meetings,no selector match,"Proposed destination: fort-worth-tx Public Information Meetings. This city feed combines public briefings, public information sessions, and public-input meetings. Keep the title-specific event purpose in each episode. This row’s evidence status and exact recording/source match remain as stated in its review status; do not route by title words alone."
b945a615d760,fort-worth-tx,6540eef2dc2e,Future Downtown Library Community Report Future Downtown Library Community Report,2,2,2,0,0,0,selected-public-information,fort-worth-tx-public-info-meetings,"One city feed for public briefings, information sessions, and public-input sessions. Keep the actual title; verify each old recording against its event before live routing.",fort-worth-tx-public-info-meetings,no selector match,"Proposed destination: fort-worth-tx Public Information Meetings. This city feed combines public briefings, public information sessions, and public-input meetings. Keep the title-specific event purpose in each episode. This row’s evidence status and exact recording/source match remain as stated in its review status; do not route by title words alone."
b9be669415d7,fort-worth-tx,6540eef2dc2e,"Progress Update - Evans & Rosedale Project meeting of January 19, 2023 Progress Update - Evans & Rosedale Project meeting of January 19, 2023",2,2,2,0,0,0,selected-public-information,fort-worth-tx-public-info-meetings,"One city feed for public briefings, information sessions, and public-input sessions. Keep the actual title; verify each old recording against its event before live routing.",fort-worth-tx-public-info-meetings,no selector match,"Proposed destination: fort-worth-tx Public Information Meetings. This city feed combines public briefings, public information sessions, and public-input meetings. Keep the title-specific event purpose in each episode. This row’s evidence status and exact recording/source match remain as stated in its review status; do not route by title words alone."
ba8e88865f37,fort-worth-tx,6540eef2dc2e,Juneteenth 2017: A Conversation With Opal Lee Juneteenth 2017: A Conversation With Opal Lee,1,1,1,0,0,0,selected-public-information,fort-worth-tx-public-info-meetings,"One city feed for public briefings, information sessions, and public-input sessions. Keep the actual title; verify each old recording against its event before live routing.",fort-worth-tx-public-info-meetings,no selector match,"Proposed destination: fort-worth-tx Public Information Meetings. This city feed combines public briefings, public information sessions, and public-input meetings. Keep the title-specific event purpose in each episode. This row’s evidence status and exact recording/source match remain as stated in its review status; do not route by title words alone."
bc68cb6cce28,fort-worth-tx,6540eef2dc2e,Listening Circle with Dr. J: Public Safety Listening Circle with Dr. J: Public Safety,2,2,2,0,0,0,selected-public-information,fort-worth-tx-public-info-meetings,"One city feed for public briefings, information sessions, and public-input sessions. Keep the actual title; verify each old recording against its event before live routing.",fort-worth-tx-public-info-meetings,no selector match,"Proposed destination: fort-worth-tx Public Information Meetings. This city feed combines public briefings, public information sessions, and public-input meetings. Keep the title-specific event purpose in each episode. This row’s evidence status and exact recording/source match remain as stated in its review status; do not route by title words alone."
bcfb126598c6,fort-worth-tx,6540eef2dc2e,Listening Circle with Dr. J: A Discussion on Water Listening Circle with Dr. J: A Discussion on Water,2,2,2,0,0,0,selected-public-information,fort-worth-tx-public-info-meetings,"One city feed for public briefings, information sessions, and public-input sessions. Keep the actual title; verify each old recording against its event before live routing.",fort-worth-tx-public-info-meetings,no selector match,"Proposed destination: fort-worth-tx Public Information Meetings. This city feed combines public briefings, public information sessions, and public-input meetings. Keep the title-specific event purpose in each episode. This row’s evidence status and exact recording/source match remain as stated in its review status; do not route by title words alone."
c1128727d567,fort-worth-tx,6540eef2dc2e,Police Oversight Community Meeting Police Oversight Community Meeting,2,2,2,0,0,0,selected-public-information,fort-worth-tx-public-info-meetings,"One city feed for public briefings, information sessions, and public-input sessions. Keep the actual title; verify each old recording against its event before live routing.",fort-worth-tx-public-info-meetings,no selector match,"Proposed destination: fort-worth-tx Public Information Meetings. This city feed combines public briefings, public information sessions, and public-input meetings. Keep the title-specific event purpose in each episode. This row’s evidence status and exact recording/source match remain as stated in its review status; do not route by title words alone."
c18ce8bdc3ea,fort-worth-tx,6540eef2dc2e,Police Monitor Public Forum Police Monitor Public Forum,2,2,2,0,0,0,selected-public-information,fort-worth-tx-public-info-meetings,"One city feed for public briefings, information sessions, and public-input sessions. Keep the actual title; verify each old recording against its event before live routing.",fort-worth-tx-public-info-meetings,no selector match,"Proposed destination: fort-worth-tx Public Information Meetings. This city feed combines public briefings, public information sessions, and public-input meetings. Keep the title-specific event purpose in each episode. This row’s evidence status and exact recording/source match remain as stated in its review status; do not route by title words alone."
c6170e54cace,fort-worth-tx,6540eef2dc2e,Bellaire Drive South Bike Lane Virtual Community Meeting Bellaire Drive South Bike Lane Virtual Community Meeting,2,2,2,0,0,0,selected-public-information,fort-worth-tx-public-info-meetings,"One city feed for public briefings, information sessions, and public-input sessions. Keep the actual title; verify each old recording against its event before live routing.",fort-worth-tx-public-info-meetings,no selector match,"Proposed destination: fort-worth-tx Public Information Meetings. This city feed combines public briefings, public information sessions, and public-input meetings. Keep the title-specific event purpose in each episode. This row’s evidence status and exact recording/source match remain as stated in its review status; do not route by title words alone."
c764b45fe9cb,fort-worth-tx,6540eef2dc2e,"Tracks to Future - 12 Steps to Transportation Success in Charlotte, NC. Tracks to Future - 12 Steps to Transportation Success in Charlotte, NC.",1,1,1,0,0,0,selected-public-information,fort-worth-tx-public-info-meetings,"One city feed for public briefings, information sessions, and public-input sessions. Keep the actual title; verify each old recording against its event before live routing.",fort-worth-tx-public-info-meetings,no selector match,"Proposed destination: fort-worth-tx Public Information Meetings. This city feed combines public briefings, public information sessions, and public-input meetings. Keep the title-specific event purpose in each episode. This row’s evidence status and exact recording/source match remain as stated in its review status; do not route by title words alone."
c81c2b49564e,fort-worth-tx,6540eef2dc2e,"Tax Foreclosed Property meeting, September 18, 2021 Tax Foreclosed Property meeting, September 18, 2021",2,2,2,0,0,0,selected-public-information,fort-worth-tx-public-info-meetings,"One city feed for public briefings, information sessions, and public-input sessions. Keep the actual title; verify each old recording against its event before live routing.",fort-worth-tx-public-info-meetings,no selector match,"Proposed destination: fort-worth-tx Public Information Meetings. This city feed combines public briefings, public information sessions, and public-input meetings. Keep the title-specific event purpose in each episode. This row’s evidence status and exact recording/source match remain as stated in its review status; do not route by title words alone."
c8b47b8041bf,fort-worth-tx,6540eef2dc2e,District 6 Open House District 6 Open House,4,4,4,0,0,0,selected-public-information,fort-worth-tx-public-info-meetings,"One city feed for public briefings, information sessions, and public-input sessions. Keep the actual title; verify each old recording against its event before live routing.",fort-worth-tx-public-info-meetings,no selector match,"Proposed destination: fort-worth-tx Public Information Meetings. This city feed combines public briefings, public information sessions, and public-input meetings. Keep the title-specific event purpose in each episode. This row’s evidence status and exact recording/source match remain as stated in its review status; do not route by title words alone."
d010c0835c65,fort-worth-tx,6540eef2dc2e,District 5 Town Hall Meeting District 5 Town Hall Meeting,4,4,4,0,0,0,selected-public-information,fort-worth-tx-public-info-meetings,"One city feed for public briefings, information sessions, and public-input sessions. Keep the actual title; verify each old recording against its event before live routing.",fort-worth-tx-public-info-meetings,no selector match,"Proposed destination: fort-worth-tx Public Information Meetings. This city feed combines public briefings, public information sessions, and public-input meetings. Keep the title-specific event purpose in each episode. This row’s evidence status and exact recording/source match remain as stated in its review status; do not route by title words alone."
d10b75dabc4a,fort-worth-tx,6540eef2dc2e,Tracks to the Future - Next Steps: Communications and Coalitions Tracks to the Future - Next Steps: Communications and Coalitions,1,1,1,0,0,0,selected-public-information,fort-worth-tx-public-info-meetings,"One city feed for public briefings, information sessions, and public-input sessions. Keep the actual title; verify each old recording against its event before live routing.",fort-worth-tx-public-info-meetings,no selector match,"Proposed destination: fort-worth-tx Public Information Meetings. This city feed combines public briefings, public information sessions, and public-input meetings. Keep the title-specific event purpose in each episode. This row’s evidence status and exact recording/source match remain as stated in its review status; do not route by title words alone."
d2275eab3bd3,fort-worth-tx,6540eef2dc2e,Virtual Webex Design Meeting For Lake Worth Water And Sewer Improvements Part 2 Virtual Webex Design Meeting For Lake Worth Water And Sewer Improvements Part 2,2,2,2,0,0,0,selected-public-information,fort-worth-tx-public-info-meetings,"One city feed for public briefings, information sessions, and public-input sessions. Keep the actual title; verify each old recording against its event before live routing.",fort-worth-tx-public-info-meetings,no selector match,"Proposed destination: fort-worth-tx Public Information Meetings. This city feed combines public briefings, public information sessions, and public-input meetings. Keep the title-specific event purpose in each episode. This row’s evidence status and exact recording/source match remain as stated in its review status; do not route by title words alone."
d3357cfe5c72,fort-worth-tx,6540eef2dc2e,"Neighborhood Workshop: Tarrant County Services - January 20, 2018 Neighborhood Workshop: Tarrant County Services",2,2,2,0,0,0,selected-public-information,fort-worth-tx-public-info-meetings,"One city feed for public briefings, information sessions, and public-input sessions. Keep the actual title; verify each old recording against its event before live routing.",fort-worth-tx-public-info-meetings,no selector match,"Proposed destination: fort-worth-tx Public Information Meetings. This city feed combines public briefings, public information sessions, and public-input meetings. Keep the title-specific event purpose in each episode. This row’s evidence status and exact recording/source match remain as stated in its review status; do not route by title words alone."
d8cb2f9e3746,fort-worth-tx,6540eef2dc2e,"Neighborhood Workshop: Helping The Homeless - January 20, 2018 Neighborhood Workshop: Helping The Homeless",2,2,2,0,0,0,selected-public-information,fort-worth-tx-public-info-meetings,"One city feed for public briefings, information sessions, and public-input sessions. Keep the actual title; verify each old recording against its event before live routing.",fort-worth-tx-public-info-meetings,no selector match,"Proposed destination: fort-worth-tx Public Information Meetings. This city feed combines public briefings, public information sessions, and public-input meetings. Keep the title-specific event purpose in each episode. This row’s evidence status and exact recording/source match remain as stated in its review status; do not route by title words alone."
dbea00edc7c7,fort-worth-tx,6540eef2dc2e,Stop Six Neighborhood Hub Community Meeting Stop Six Neighborhood Hub Community Meeting,2,2,2,0,0,0,selected-public-information,fort-worth-tx-public-info-meetings,"One city feed for public briefings, information sessions, and public-input sessions. Keep the actual title; verify each old recording against its event before live routing.",fort-worth-tx-public-info-meetings,no selector match,"Proposed destination: fort-worth-tx Public Information Meetings. This city feed combines public briefings, public information sessions, and public-input meetings. Keep the title-specific event purpose in each episode. This row’s evidence status and exact recording/source match remain as stated in its review status; do not route by title words alone."
de16204463f3,fort-worth-tx,6540eef2dc2e,"Practical Tips for Successful Meetings Neighborhood Workshop - January 7, 2017 Practical Tips for Successful Meetings Neighborhood Workshop",2,2,2,0,0,0,selected-public-information,fort-worth-tx-public-info-meetings,"One city feed for public briefings, information sessions, and public-input sessions. Keep the actual title; verify each old recording against its event before live routing.",fort-worth-tx-public-info-meetings,no selector match,"Proposed destination: fort-worth-tx Public Information Meetings. This city feed combines public briefings, public information sessions, and public-input meetings. Keep the title-specific event purpose in each episode. This row’s evidence status and exact recording/source match remain as stated in its review status; do not route by title words alone."
eb7b98d7f2e2,fort-worth-tx,6540eef2dc2e,Public Forum for Police Oversight Monitor Candidates Public Forum for Police Oversight Monitor Candidates,2,2,2,0,0,0,selected-public-information,fort-worth-tx-public-info-meetings,"One city feed for public briefings, information sessions, and public-input sessions. Keep the actual title; verify each old recording against its event before live routing.",fort-worth-tx-public-info-meetings,no selector match,"Proposed destination: fort-worth-tx Public Information Meetings. This city feed combines public briefings, public information sessions, and public-input meetings. Keep the title-specific event purpose in each episode. This row’s evidence status and exact recording/source match remain as stated in its review status; do not route by title words alone."
f05338173d19,fort-worth-tx,6540eef2dc2e,District 2 Town Hall Meeting District 2 Town Hall Meeting,2,2,2,0,0,0,selected-public-information,fort-worth-tx-public-info-meetings,"One city feed for public briefings, information sessions, and public-input sessions. Keep the actual title; verify each old recording against its event before live routing.",fort-worth-tx-public-info-meetings,no selector match,"Proposed destination: fort-worth-tx Public Information Meetings. This city feed combines public briefings, public information sessions, and public-input meetings. Keep the title-specific event purpose in each episode. This row’s evidence status and exact recording/source match remain as stated in its review status; do not route by title words alone."
f56137a31f3a,fort-worth-tx,6540eef2dc2e,Police Chief Candidate Public Forum Police Chief Candidate Public Forum,2,2,2,0,0,0,selected-public-information,fort-worth-tx-public-info-meetings,"One city feed for public briefings, information sessions, and public-input sessions. Keep the actual title; verify each old recording against its event before live routing.",fort-worth-tx-public-info-meetings,no selector match,"Proposed destination: fort-worth-tx Public Information Meetings. This city feed combines public briefings, public information sessions, and public-input meetings. Keep the title-specific event purpose in each episode. This row’s evidence status and exact recording/source match remain as stated in its review status; do not route by title words alone."
f86a770593e5,fort-worth-tx,6540eef2dc2e,OPOM Community Conversation OPOM Community Conversation,4,4,4,0,0,0,selected-public-information,fort-worth-tx-public-info-meetings,"One city feed for public briefings, information sessions, and public-input sessions. Keep the actual title; verify each old recording against its event before live routing.",fort-worth-tx-public-info-meetings,no selector match,"Proposed destination: fort-worth-tx Public Information Meetings. This city feed combines public briefings, public information sessions, and public-input meetings. Keep the title-specific event purpose in each episode. This row’s evidence status and exact recording/source match remain as stated in its review status; do not route by title words alone."
fa81927136a8,fort-worth-tx,6540eef2dc2e,"Keep Fort Worth Beautiful Neighborhood Workshop - January 7, 2017 Keep Fort Worth Beautiful Neighborhood Workshop",2,2,2,0,0,0,selected-public-information,fort-worth-tx-public-info-meetings,"One city feed for public briefings, information sessions, and public-input sessions. Keep the actual title; verify each old recording against its event before live routing.",fort-worth-tx-public-info-meetings,no selector match,"Proposed destination: fort-worth-tx Public Information Meetings. This city feed combines public briefings, public information sessions, and public-input meetings. Keep the title-specific event purpose in each episode. This row’s evidence status and exact recording/source match remain as stated in its review status; do not route by title words alone."
fe0e8ee0a4fe,fort-worth-tx,6540eef2dc2e,TCEQ Public Meeting on Proposed Concrete Batch Plant TCEQ Public Meeting on Proposed Concrete Batch Plant,2,2,2,0,0,0,not-to-pursue-maintainer-directed,not-to-pursue,"No feed assignment pursued under the maintainer-approved body/family cutoff; preserve the source record, UID, title, namespace, and audio. Ordinary no-recording flow handles unavailable recordings.",,no selector match,"No feed assignment pursued under the maintainer-approved body/family cutoff; preserve the source record, UID, title, namespace, and audio. Ordinary no-recording flow handles unavailable recordings."
009e0ee5e35c,denton-tx,3b7588310856,Virtual Community Meeting - All Way Crosswalk 11am,1,1,1,0,0,0,selected-public-information,denton-tx-public-info-meetings,"One city feed for public briefings, information sessions, and public-input sessions. Keep the actual title; verify each old recording against its event before live routing.",denton-tx-public-info-meetings,no selector match,"Proposed destination: denton-tx Public Information Meetings. This city feed combines public briefings, public information sessions, and public-input meetings. Keep the title-specific event purpose in each episode. This row’s evidence status and exact recording/source match remain as stated in its review status; do not route by title words alone."
01d89d43b1e6,denton-tx,3b7588310856,Virtual Community Meeting - Farris Road Sewer Project,1,1,1,0,0,0,selected-public-information,denton-tx-public-info-meetings,"One city feed for public briefings, information sessions, and public-input sessions. Keep the actual title; verify each old recording against its event before live routing.",denton-tx-public-info-meetings,no selector match,"Proposed destination: denton-tx Public Information Meetings. This city feed combines public briefings, public information sessions, and public-input meetings. Keep the title-specific event purpose in each episode. This row’s evidence status and exact recording/source match remain as stated in its review status; do not route by title words alone."
01e5271c1e34,denton-tx,3b7588310856,The League of Women Voters Candidate Forum,3,3,3,0,0,0,not-to-pursue-maintainer-directed,not-to-pursue,"No feed assignment pursued under the maintainer-approved body/family cutoff; preserve the source record, UID, title, namespace, and audio. Ordinary no-recording flow handles unavailable recordings.",denton-tx-archive-only-lwv-candidate-forums,no selector match,"No feed assignment pursued under the maintainer-approved body/family cutoff; preserve the source record, UID, title, namespace, and audio. Ordinary no-recording flow handles unavailable recordings."
05f285ece1ab,denton-tx,3b7588310856,Virtual Community Meeting - Naming Requests,4,4,4,0,0,0,selected-public-information,denton-tx-public-info-meetings,"One city feed for public briefings, information sessions, and public-input sessions. Keep the actual title; verify each old recording against its event before live routing.",denton-tx-public-info-meetings,no selector match,"Proposed destination: denton-tx Public Information Meetings. This city feed combines public briefings, public information sessions, and public-input meetings. Keep the title-specific event purpose in each episode. This row’s evidence status and exact recording/source match remain as stated in its review status; do not route by title words alone."
093105ca266b,denton-tx,3b7588310856,Virtual Community Meeting - Bonnie Brae Ph 3,1,1,1,0,0,0,selected-public-information,denton-tx-public-info-meetings,"One city feed for public briefings, information sessions, and public-input sessions. Keep the actual title; verify each old recording against its event before live routing.",denton-tx-public-info-meetings,no selector match,"Proposed destination: denton-tx Public Information Meetings. This city feed combines public briefings, public information sessions, and public-input meetings. Keep the title-specific event purpose in each episode. This row’s evidence status and exact recording/source match remain as stated in its review status; do not route by title words alone."
1e1af810b8d6,denton-tx,3b7588310856,Virtual Community Meeting - Roadway Micro-surfacing,2,2,2,0,0,0,selected-public-information,denton-tx-public-info-meetings,"One city feed for public briefings, information sessions, and public-input sessions. Keep the actual title; verify each old recording against its event before live routing.",denton-tx-public-info-meetings,no selector match,"Proposed destination: denton-tx Public Information Meetings. This city feed combines public briefings, public information sessions, and public-input meetings. Keep the title-specific event purpose in each episode. This row’s evidence status and exact recording/source match remain as stated in its review status; do not route by title words alone."
1e529c902394,denton-tx,3b7588310856,Denton Virtual Community Meeting - Bonnie Brae Phase 3,1,1,1,0,0,0,selected-public-information,denton-tx-public-info-meetings,"One city feed for public briefings, information sessions, and public-input sessions. Keep the actual title; verify each old recording against its event before live routing.",denton-tx-public-info-meetings,no selector match,"Proposed destination: denton-tx Public Information Meetings. This city feed combines public briefings, public information sessions, and public-input meetings. Keep the title-specific event purpose in each episode. This row’s evidence status and exact recording/source match remain as stated in its review status; do not route by title words alone."
2a72991659d3,denton-tx,3b7588310856,Avondale Park Streambank Restoration,1,1,1,0,0,0,selected-public-information,denton-tx-public-info-meetings,"One city feed for public briefings, information sessions, and public-input sessions. Keep the actual title; verify each old recording against its event before live routing.",denton-tx-public-info-meetings,no selector match,"Proposed destination: denton-tx Public Information Meetings. This city feed combines public briefings, public information sessions, and public-input meetings. Keep the title-specific event purpose in each episode. This row’s evidence status and exact recording/source match remain as stated in its review status; do not route by title words alone."
2b39acfbf573,denton-tx,3b7588310856,Virtual Community Meeting - 2019 Street Rehabilitation Program Phase 3,1,1,1,0,0,0,selected-public-information,denton-tx-public-info-meetings,"One city feed for public briefings, information sessions, and public-input sessions. Keep the actual title; verify each old recording against its event before live routing.",denton-tx-public-info-meetings,no selector match,"Proposed destination: denton-tx Public Information Meetings. This city feed combines public briefings, public information sessions, and public-input meetings. Keep the title-specific event purpose in each episode. This row’s evidence status and exact recording/source match remain as stated in its review status; do not route by title words alone."
2ba0f2aa980c,denton-tx,3b7588310856,Virtual Community Meeting - Parks Master Plan,1,1,1,0,0,0,selected-public-information,denton-tx-public-info-meetings,"One city feed for public briefings, information sessions, and public-input sessions. Keep the actual title; verify each old recording against its event before live routing.",denton-tx-public-info-meetings,no selector match,"Proposed destination: denton-tx Public Information Meetings. This city feed combines public briefings, public information sessions, and public-input meetings. Keep the title-specific event purpose in each episode. This row’s evidence status and exact recording/source match remain as stated in its review status; do not route by title words alone."
2f246013f5ed,denton-tx,3b7588310856,Robinwood Reconstruction,1,1,1,0,0,0,selected-public-information,denton-tx-public-info-meetings,"One city feed for public briefings, information sessions, and public-input sessions. Keep the actual title; verify each old recording against its event before live routing.",denton-tx-public-info-meetings,no selector match,"Proposed destination: denton-tx Public Information Meetings. This city feed combines public briefings, public information sessions, and public-input meetings. Keep the title-specific event purpose in each episode. This row’s evidence status and exact recording/source match remain as stated in its review status; do not route by title words alone."
317b781eb1de,denton-tx,3b7588310856,Virtual Community Meeting – Westgate Improvements,1,1,1,0,0,0,selected-public-information,denton-tx-public-info-meetings,"One city feed for public briefings, information sessions, and public-input sessions. Keep the actual title; verify each old recording against its event before live routing.",denton-tx-public-info-meetings,no selector match,"Proposed destination: denton-tx Public Information Meetings. This city feed combines public briefings, public information sessions, and public-input meetings. Keep the title-specific event purpose in each episode. This row’s evidence status and exact recording/source match remain as stated in its review status; do not route by title words alone."
343fe579bb13,denton-tx,3b7588310856,Denton Virtual Community Meeting -  Water Metering and Billing Overview,1,1,1,0,0,0,selected-public-information,denton-tx-public-info-meetings,"One city feed for public briefings, information sessions, and public-input sessions. Keep the actual title; verify each old recording against its event before live routing.",denton-tx-public-info-meetings,no selector match,"Proposed destination: denton-tx Public Information Meetings. This city feed combines public briefings, public information sessions, and public-input meetings. Keep the title-specific event purpose in each episode. This row’s evidence status and exact recording/source match remain as stated in its review status; do not route by title words alone."
3481710eab4a,denton-tx,3b7588310856,Virtual Community Meeting - Oak Hickory Driveway Ownership,1,1,1,0,0,0,selected-public-information,denton-tx-public-info-meetings,"One city feed for public briefings, information sessions, and public-input sessions. Keep the actual title; verify each old recording against its event before live routing.",denton-tx-public-info-meetings,no selector match,"Proposed destination: denton-tx Public Information Meetings. This city feed combines public briefings, public information sessions, and public-input meetings. Keep the title-specific event purpose in each episode. This row’s evidence status and exact recording/source match remain as stated in its review status; do not route by title words alone."
36cd99178da8,denton-tx,3b7588310856,Virtual Community Meeting - Community Needs Workshop,1,1,1,0,0,0,selected-public-information,denton-tx-public-info-meetings,"One city feed for public briefings, information sessions, and public-input sessions. Keep the actual title; verify each old recording against its event before live routing.",denton-tx-public-info-meetings,no selector match,"Proposed destination: denton-tx Public Information Meetings. This city feed combines public briefings, public information sessions, and public-input meetings. Keep the title-specific event purpose in each episode. This row’s evidence status and exact recording/source match remain as stated in its review status; do not route by title words alone."
3863e74fbfe6,denton-tx,3b7588310856,Virtual Community Meeting - North Denton Neighborhood Association,1,1,1,0,0,0,selected-public-information,denton-tx-public-info-meetings,"One city feed for public briefings, information sessions, and public-input sessions. Keep the actual title; verify each old recording against its event before live routing.",denton-tx-public-info-meetings,no selector match,"Proposed destination: denton-tx Public Information Meetings. This city feed combines public briefings, public information sessions, and public-input meetings. Keep the title-specific event purpose in each episode. This row’s evidence status and exact recording/source match remain as stated in its review status; do not route by title words alone."
3d150334d435,denton-tx,3b7588310856,Westgate Drive Reconstruction Project Phase 1,1,1,1,0,0,0,selected-public-information,denton-tx-public-info-meetings,"One city feed for public briefings, information sessions, and public-input sessions. Keep the actual title; verify each old recording against its event before live routing.",denton-tx-public-info-meetings,no selector match,"Proposed destination: denton-tx Public Information Meetings. This city feed combines public briefings, public information sessions, and public-input meetings. Keep the title-specific event purpose in each episode. This row’s evidence status and exact recording/source match remain as stated in its review status; do not route by title words alone."
3d4864a975b5,denton-tx,3b7588310856,Virtual Community Meeting - Northwest Booster Pump Station,1,1,1,0,0,0,selected-public-information,denton-tx-public-info-meetings,"One city feed for public briefings, information sessions, and public-input sessions. Keep the actual title; verify each old recording against its event before live routing.",denton-tx-public-info-meetings,no selector match,"Proposed destination: denton-tx Public Information Meetings. This city feed combines public briefings, public information sessions, and public-input meetings. Keep the title-specific event purpose in each episode. This row’s evidence status and exact recording/source match remain as stated in its review status; do not route by title words alone."
4474904206b4,denton-tx,3b7588310856,Virtual Community Meeting - Bonnie Brae Ph 6,1,1,1,0,0,0,selected-public-information,denton-tx-public-info-meetings,"One city feed for public briefings, information sessions, and public-input sessions. Keep the actual title; verify each old recording against its event before live routing.",denton-tx-public-info-meetings,no selector match,"Proposed destination: denton-tx Public Information Meetings. This city feed combines public briefings, public information sessions, and public-input meetings. Keep the title-specific event purpose in each episode. This row’s evidence status and exact recording/source match remain as stated in its review status; do not route by title words alone."
4924b97fe4a8,denton-tx,3b7588310856,Grants Management Workshop,1,1,1,0,0,0,selected-public-information,denton-tx-public-info-meetings,"One city feed for public briefings, information sessions, and public-input sessions. Keep the actual title; verify each old recording against its event before live routing.",denton-tx-public-info-meetings,no selector match,"Proposed destination: denton-tx Public Information Meetings. This city feed combines public briefings, public information sessions, and public-input meetings. Keep the title-specific event purpose in each episode. This row’s evidence status and exact recording/source match remain as stated in its review status; do not route by title words alone."
4990eb35902e,denton-tx,3b7588310856,Virtual Community Meeting - DPD Community Conversation,1,1,1,0,0,0,selected-public-information,denton-tx-public-info-meetings,"One city feed for public briefings, information sessions, and public-input sessions. Keep the actual title; verify each old recording against its event before live routing.",denton-tx-public-info-meetings,no selector match,"Proposed destination: denton-tx Public Information Meetings. This city feed combines public briefings, public information sessions, and public-input meetings. Keep the title-specific event purpose in each episode. This row’s evidence status and exact recording/source match remain as stated in its review status; do not route by title words alone."
4f6b45c5144c,denton-tx,3b7588310856,Denton Bonnie Brae Phase 6,1,1,1,0,0,0,selected-public-information,denton-tx-public-info-meetings,"One city feed for public briefings, information sessions, and public-input sessions. Keep the actual title; verify each old recording against its event before live routing.",denton-tx-public-info-meetings,no selector match,"Proposed destination: denton-tx Public Information Meetings. This city feed combines public briefings, public information sessions, and public-input meetings. Keep the title-specific event purpose in each episode. This row’s evidence status and exact recording/source match remain as stated in its review status; do not route by title words alone."
55d271b8031d,denton-tx,3b7588310856,Virtual Community Meeting - Warschun Road Traffic Safety Improvements,1,1,1,0,0,0,selected-public-information,denton-tx-public-info-meetings,"One city feed for public briefings, information sessions, and public-input sessions. Keep the actual title; verify each old recording against its event before live routing.",denton-tx-public-info-meetings,no selector match,"Proposed destination: denton-tx Public Information Meetings. This city feed combines public briefings, public information sessions, and public-input meetings. Keep the title-specific event purpose in each episode. This row’s evidence status and exact recording/source match remain as stated in its review status; do not route by title words alone."
598f24d33d45,denton-tx,3b7588310856,Morse Street,1,1,1,0,0,0,selected-public-information,denton-tx-public-info-meetings,"One city feed for public briefings, information sessions, and public-input sessions. Keep the actual title; verify each old recording against its event before live routing.",denton-tx-public-info-meetings,no selector match,"Proposed destination: denton-tx Public Information Meetings. This city feed combines public briefings, public information sessions, and public-input meetings. Keep the title-specific event purpose in each episode. This row’s evidence status and exact recording/source match remain as stated in its review status; do not route by title words alone."
603a8e1f6abe,denton-tx,3b7588310856,Virtual Community Meeting - Denton Police Department Community Conversation,1,1,1,0,0,0,selected-public-information,denton-tx-public-info-meetings,"One city feed for public briefings, information sessions, and public-input sessions. Keep the actual title; verify each old recording against its event before live routing.",denton-tx-public-info-meetings,no selector match,"Proposed destination: denton-tx Public Information Meetings. This city feed combines public briefings, public information sessions, and public-input meetings. Keep the title-specific event purpose in each episode. This row’s evidence status and exact recording/source match remain as stated in its review status; do not route by title words alone."
635b7ff00d5c,denton-tx,3b7588310856,Denton Virtual Community Meeting - 2020 Street Bundle Sector III Construction Kickoff,1,1,1,0,0,0,selected-public-information,denton-tx-public-info-meetings,"One city feed for public briefings, information sessions, and public-input sessions. Keep the actual title; verify each old recording against its event before live routing.",denton-tx-public-info-meetings,no selector match,"Proposed destination: denton-tx Public Information Meetings. This city feed combines public briefings, public information sessions, and public-input meetings. Keep the title-specific event purpose in each episode. This row’s evidence status and exact recording/source match remain as stated in its review status; do not route by title words alone."
64d032449d70,denton-tx,3b7588310856,Denton Virtual Community Meeting - Developer Town Hall,1,1,1,0,0,0,selected-public-information,denton-tx-public-info-meetings,"One city feed for public briefings, information sessions, and public-input sessions. Keep the actual title; verify each old recording against its event before live routing.",denton-tx-public-info-meetings,no selector match,"Proposed destination: denton-tx Public Information Meetings. This city feed combines public briefings, public information sessions, and public-input meetings. Keep the title-specific event purpose in each episode. This row’s evidence status and exact recording/source match remain as stated in its review status; do not route by title words alone."
669a71fe9fcf,denton-tx,3b7588310856,Virtual Community Meeting - Hardaway Road Water Connection,2,2,2,0,0,0,selected-public-information,denton-tx-public-info-meetings,"One city feed for public briefings, information sessions, and public-input sessions. Keep the actual title; verify each old recording against its event before live routing.",denton-tx-public-info-meetings,no selector match,"Proposed destination: denton-tx Public Information Meetings. This city feed combines public briefings, public information sessions, and public-input meetings. Keep the title-specific event purpose in each episode. This row’s evidence status and exact recording/source match remain as stated in its review status; do not route by title words alone."
73d105d7bed1,denton-tx,3b7588310856,Denton Safe Route to School,1,1,1,0,0,0,selected-public-information,denton-tx-public-info-meetings,"One city feed for public briefings, information sessions, and public-input sessions. Keep the actual title; verify each old recording against its event before live routing.",denton-tx-public-info-meetings,no selector match,"Proposed destination: denton-tx Public Information Meetings. This city feed combines public briefings, public information sessions, and public-input meetings. Keep the title-specific event purpose in each episode. This row’s evidence status and exact recording/source match remain as stated in its review status; do not route by title words alone."
7788431f4e42,denton-tx,3b7588310856,Virtual Community Meeting - LOFT CIP,2,2,2,0,0,0,selected-public-information,denton-tx-public-info-meetings,"One city feed for public briefings, information sessions, and public-input sessions. Keep the actual title; verify each old recording against its event before live routing.",denton-tx-public-info-meetings,no selector match,"Proposed destination: denton-tx Public Information Meetings. This city feed combines public briefings, public information sessions, and public-input meetings. Keep the title-specific event purpose in each episode. This row’s evidence status and exact recording/source match remain as stated in its review status; do not route by title words alone."
7c3701fc0d4f,denton-tx,3b7588310856,Virtual Community Meeting - Industrial Street Park,1,1,1,0,0,0,selected-public-information,denton-tx-public-info-meetings,"One city feed for public briefings, information sessions, and public-input sessions. Keep the actual title; verify each old recording against its event before live routing.",denton-tx-public-info-meetings,no selector match,"Proposed destination: denton-tx Public Information Meetings. This city feed combines public briefings, public information sessions, and public-input meetings. Keep the title-specific event purpose in each episode. This row’s evidence status and exact recording/source match remain as stated in its review status; do not route by title words alone."
7db2a9faac9c,denton-tx,3b7588310856,League of Women Voters Candidate Forum,4,4,4,0,0,0,not-to-pursue-maintainer-directed,not-to-pursue,"No feed assignment pursued under the maintainer-approved body/family cutoff; preserve the source record, UID, title, namespace, and audio. Ordinary no-recording flow handles unavailable recordings.",denton-tx-archive-only-lwv-candidate-forums,no selector match,"No feed assignment pursued under the maintainer-approved body/family cutoff; preserve the source record, UID, title, namespace, and audio. Ordinary no-recording flow handles unavailable recordings."
85dffb570542,denton-tx,3b7588310856,Virtual Community Meeting - Bowling Green Park,1,1,1,0,0,0,selected-public-information,denton-tx-public-info-meetings,"One city feed for public briefings, information sessions, and public-input sessions. Keep the actual title; verify each old recording against its event before live routing.",denton-tx-public-info-meetings,no selector match,"Proposed destination: denton-tx Public Information Meetings. This city feed combines public briefings, public information sessions, and public-input meetings. Keep the title-specific event purpose in each episode. This row’s evidence status and exact recording/source match remain as stated in its review status; do not route by title words alone."
89c28e7dc1fb,denton-tx,3b7588310856,Virtual Community Meeting - Intersection Improvement Project,1,1,1,0,0,0,selected-public-information,denton-tx-public-info-meetings,"One city feed for public briefings, information sessions, and public-input sessions. Keep the actual title; verify each old recording against its event before live routing.",denton-tx-public-info-meetings,no selector match,"Proposed destination: denton-tx Public Information Meetings. This city feed combines public briefings, public information sessions, and public-input meetings. Keep the title-specific event purpose in each episode. This row’s evidence status and exact recording/source match remain as stated in its review status; do not route by title words alone."
9410fa91da49,denton-tx,3b7588310856,Virtual Community Meeting - Country Lakes North Planned Development Amendment,1,1,1,0,0,0,selected-public-information,denton-tx-public-info-meetings,"One city feed for public briefings, information sessions, and public-input sessions. Keep the actual title; verify each old recording against its event before live routing.",denton-tx-public-info-meetings,no selector match,"Proposed destination: denton-tx Public Information Meetings. This city feed combines public briefings, public information sessions, and public-input meetings. Keep the title-specific event purpose in each episode. This row’s evidence status and exact recording/source match remain as stated in its review status; do not route by title words alone."
9786434415f2,denton-tx,3b7588310856,Virtual Community Meeting - Trails Master Plan,1,1,1,0,0,0,selected-public-information,denton-tx-public-info-meetings,"One city feed for public briefings, information sessions, and public-input sessions. Keep the actual title; verify each old recording against its event before live routing.",denton-tx-public-info-meetings,no selector match,"Proposed destination: denton-tx Public Information Meetings. This city feed combines public briefings, public information sessions, and public-input meetings. Keep the title-specific event purpose in each episode. This row’s evidence status and exact recording/source match remain as stated in its review status; do not route by title words alone."
987768868c01,denton-tx,3b7588310856,Virtual Community Meeting - ParksRec,1,1,1,0,0,0,selected-public-information,denton-tx-public-info-meetings,"One city feed for public briefings, information sessions, and public-input sessions. Keep the actual title; verify each old recording against its event before live routing.",denton-tx-public-info-meetings,no selector match,"Proposed destination: denton-tx Public Information Meetings. This city feed combines public briefings, public information sessions, and public-input meetings. Keep the title-specific event purpose in each episode. This row’s evidence status and exact recording/source match remain as stated in its review status; do not route by title words alone."
9e33a6bab83e,denton-tx,3b7588310856,Virtual Community Meeting - Denton Street Rehab May 2021,1,1,1,0,0,0,selected-public-information,denton-tx-public-info-meetings,"One city feed for public briefings, information sessions, and public-input sessions. Keep the actual title; verify each old recording against its event before live routing.",denton-tx-public-info-meetings,no selector match,"Proposed destination: denton-tx Public Information Meetings. This city feed combines public briefings, public information sessions, and public-input meetings. Keep the title-specific event purpose in each episode. This row’s evidence status and exact recording/source match remain as stated in its review status; do not route by title words alone."
ab0d73f0bdc5,denton-tx,3b7588310856,Virtual Community Meeting - Jim Christal Road Rezoning,1,1,1,0,0,0,selected-public-information,denton-tx-public-info-meetings,"One city feed for public briefings, information sessions, and public-input sessions. Keep the actual title; verify each old recording against its event before live routing.",denton-tx-public-info-meetings,no selector match,"Proposed destination: denton-tx Public Information Meetings. This city feed combines public briefings, public information sessions, and public-input meetings. Keep the title-specific event purpose in each episode. This row’s evidence status and exact recording/source match remain as stated in its review status; do not route by title words alone."
aec291d5aff5,denton-tx,3b7588310856,2019 Reconstruction Bond Program Neighborhood 1B,1,1,1,0,0,0,selected-public-information,denton-tx-public-info-meetings,"One city feed for public briefings, information sessions, and public-input sessions. Keep the actual title; verify each old recording against its event before live routing.",denton-tx-public-info-meetings,no selector match,"Proposed destination: denton-tx Public Information Meetings. This city feed combines public briefings, public information sessions, and public-input meetings. Keep the title-specific event purpose in each episode. This row’s evidence status and exact recording/source match remain as stated in its review status; do not route by title words alone."
b10be01fd3d5,denton-tx,3b7588310856,Virtual Community Meeting - McKinney Street Water Main Breaks,1,1,1,0,0,0,selected-public-information,denton-tx-public-info-meetings,"One city feed for public briefings, information sessions, and public-input sessions. Keep the actual title; verify each old recording against its event before live routing.",denton-tx-public-info-meetings,no selector match,"Proposed destination: denton-tx Public Information Meetings. This city feed combines public briefings, public information sessions, and public-input meetings. Keep the title-specific event purpose in each episode. This row’s evidence status and exact recording/source match remain as stated in its review status; do not route by title words alone."
b2254b9ef225,denton-tx,3b7588310856,Denton Virtual Community Meeting - Windsor Sewer Capacity Upgrade,1,1,1,0,0,0,selected-public-information,denton-tx-public-info-meetings,"One city feed for public briefings, information sessions, and public-input sessions. Keep the actual title; verify each old recording against its event before live routing.",denton-tx-public-info-meetings,no selector match,"Proposed destination: denton-tx Public Information Meetings. This city feed combines public briefings, public information sessions, and public-input meetings. Keep the title-specific event purpose in each episode. This row’s evidence status and exact recording/source match remain as stated in its review status; do not route by title words alone."
b3806bf769a7,denton-tx,3b7588310856,Denton Virtual Community Meeting - Southwest Park Master Plan Community Meeting,1,1,1,0,0,0,selected-public-information,denton-tx-public-info-meetings,"One city feed for public briefings, information sessions, and public-input sessions. Keep the actual title; verify each old recording against its event before live routing.",denton-tx-public-info-meetings,no selector match,"Proposed destination: denton-tx Public Information Meetings. This city feed combines public briefings, public information sessions, and public-input meetings. Keep the title-specific event purpose in each episode. This row’s evidence status and exact recording/source match remain as stated in its review status; do not route by title words alone."
bb8193a09b72,denton-tx,3b7588310856,Virtual Community Meeting - North Tx Blvd Widening,1,1,1,0,0,0,selected-public-information,denton-tx-public-info-meetings,"One city feed for public briefings, information sessions, and public-input sessions. Keep the actual title; verify each old recording against its event before live routing.",denton-tx-public-info-meetings,no selector match,"Proposed destination: denton-tx Public Information Meetings. This city feed combines public briefings, public information sessions, and public-input meetings. Keep the title-specific event purpose in each episode. This row’s evidence status and exact recording/source match remain as stated in its review status; do not route by title words alone."
bd5f12429669,denton-tx,3b7588310856,Developer Town Hall,6,6,6,0,0,0,selected-public-information,denton-tx-public-info-meetings,"One city feed for public briefings, information sessions, and public-input sessions. Keep the actual title; verify each old recording against its event before live routing.",denton-tx-public-info-meetings,no selector match,"Proposed destination: denton-tx Public Information Meetings. This city feed combines public briefings, public information sessions, and public-input meetings. Keep the title-specific event purpose in each episode. This row’s evidence status and exact recording/source match remain as stated in its review status; do not route by title words alone."
bfab2e9870ce,denton-tx,3b7588310856,Special Event Permitting,1,1,1,0,0,0,selected-public-information,denton-tx-public-info-meetings,"One city feed for public briefings, information sessions, and public-input sessions. Keep the actual title; verify each old recording against its event before live routing.",denton-tx-public-info-meetings,no selector match,"Proposed destination: denton-tx Public Information Meetings. This city feed combines public briefings, public information sessions, and public-input meetings. Keep the title-specific event purpose in each episode. This row’s evidence status and exact recording/source match remain as stated in its review status; do not route by title words alone."
ca17eb451377,denton-tx,3b7588310856,2019 Street Reconstruction Bond Program Neighborhood 2 & 6,1,1,1,0,0,0,selected-public-information,denton-tx-public-info-meetings,"One city feed for public briefings, information sessions, and public-input sessions. Keep the actual title; verify each old recording against its event before live routing.",denton-tx-public-info-meetings,no selector match,"Proposed destination: denton-tx Public Information Meetings. This city feed combines public briefings, public information sessions, and public-input meetings. Keep the title-specific event purpose in each episode. This row’s evidence status and exact recording/source match remain as stated in its review status; do not route by title words alone."
cd0d55f815b5,denton-tx,3b7588310856,Virtual Community Meeting - Hardaway Road,1,1,1,0,0,0,selected-public-information,denton-tx-public-info-meetings,"One city feed for public briefings, information sessions, and public-input sessions. Keep the actual title; verify each old recording against its event before live routing.",denton-tx-public-info-meetings,no selector match,"Proposed destination: denton-tx Public Information Meetings. This city feed combines public briefings, public information sessions, and public-input meetings. Keep the title-specific event purpose in each episode. This row’s evidence status and exact recording/source match remain as stated in its review status; do not route by title words alone."
d01412077b82,denton-tx,3b7588310856,Virtual Community Meeting - All Way Crosswalk 6pm,1,1,1,0,0,0,selected-public-information,denton-tx-public-info-meetings,"One city feed for public briefings, information sessions, and public-input sessions. Keep the actual title; verify each old recording against its event before live routing.",denton-tx-public-info-meetings,no selector match,"Proposed destination: denton-tx Public Information Meetings. This city feed combines public briefings, public information sessions, and public-input meetings. Keep the title-specific event purpose in each episode. This row’s evidence status and exact recording/source match remain as stated in its review status; do not route by title words alone."
d118b7ba0871,denton-tx,3b7588310856,Virtual Community Meeting - Downtown Denton Community Update,2,2,2,0,0,0,selected-public-information,denton-tx-public-info-meetings,"One city feed for public briefings, information sessions, and public-input sessions. Keep the actual title; verify each old recording against its event before live routing.",denton-tx-public-info-meetings,no selector match,"Proposed destination: denton-tx Public Information Meetings. This city feed combines public briefings, public information sessions, and public-input meetings. Keep the title-specific event purpose in each episode. This row’s evidence status and exact recording/source match remain as stated in its review status; do not route by title words alone."
d59c04eed60e,denton-tx,3b7588310856,Virtual Community Meeting - Hickory Creek,1,1,1,0,0,0,selected-public-information,denton-tx-public-info-meetings,"One city feed for public briefings, information sessions, and public-input sessions. Keep the actual title; verify each old recording against its event before live routing.",denton-tx-public-info-meetings,no selector match,"Proposed destination: denton-tx Public Information Meetings. This city feed combines public briefings, public information sessions, and public-input meetings. Keep the title-specific event purpose in each episode. This row’s evidence status and exact recording/source match remain as stated in its review status; do not route by title words alone."
d74741bb54a0,denton-tx,3b7588310856,Virtual Community Meeting - Parks and Trails Naming,1,1,1,0,0,0,selected-public-information,denton-tx-public-info-meetings,"One city feed for public briefings, information sessions, and public-input sessions. Keep the actual title; verify each old recording against its event before live routing.",denton-tx-public-info-meetings,no selector match,"Proposed destination: denton-tx Public Information Meetings. This city feed combines public briefings, public information sessions, and public-input meetings. Keep the title-specific event purpose in each episode. This row’s evidence status and exact recording/source match remain as stated in its review status; do not route by title words alone."
dbcf01643984,denton-tx,3b7588310856,Denton Virtual Community Meeting - 2020 Street Bundle Sector I Construction Kickoff,1,1,1,0,0,0,selected-public-information,denton-tx-public-info-meetings,"One city feed for public briefings, information sessions, and public-input sessions. Keep the actual title; verify each old recording against its event before live routing.",denton-tx-public-info-meetings,no selector match,"Proposed destination: denton-tx Public Information Meetings. This city feed combines public briefings, public information sessions, and public-input meetings. Keep the title-specific event purpose in each episode. This row’s evidence status and exact recording/source match remain as stated in its review status; do not route by title words alone."
ddd0e8dc68e3,denton-tx,3b7588310856,Virtual Community Meeting - Villages at Carmel Property,1,1,1,0,0,0,selected-public-information,denton-tx-public-info-meetings,"One city feed for public briefings, information sessions, and public-input sessions. Keep the actual title; verify each old recording against its event before live routing.",denton-tx-public-info-meetings,no selector match,"Proposed destination: denton-tx Public Information Meetings. This city feed combines public briefings, public information sessions, and public-input meetings. Keep the title-specific event purpose in each episode. This row’s evidence status and exact recording/source match remain as stated in its review status; do not route by title words alone."
e005a7f76dd0,denton-tx,3b7588310856,Virtual Community Meeting - Southwest Parks Master Plan,1,1,1,0,0,0,selected-public-information,denton-tx-public-info-meetings,"One city feed for public briefings, information sessions, and public-input sessions. Keep the actual title; verify each old recording against its event before live routing.",denton-tx-public-info-meetings,no selector match,"Proposed destination: denton-tx Public Information Meetings. This city feed combines public briefings, public information sessions, and public-input meetings. Keep the title-specific event purpose in each episode. This row’s evidence status and exact recording/source match remain as stated in its review status; do not route by title words alone."
e11097ba3046,denton-tx,3b7588310856,Virtual Community Meeting - Early Start Street Reconstruction,1,1,1,0,0,0,selected-public-information,denton-tx-public-info-meetings,"One city feed for public briefings, information sessions, and public-input sessions. Keep the actual title; verify each old recording against its event before live routing.",denton-tx-public-info-meetings,no selector match,"Proposed destination: denton-tx Public Information Meetings. This city feed combines public briefings, public information sessions, and public-input meetings. Keep the title-specific event purpose in each episode. This row’s evidence status and exact recording/source match remain as stated in its review status; do not route by title words alone."
e2d8b40b7353,denton-tx,3b7588310856,Virtual Community Meeting - 2020 Street Reconstruction Bundle,1,1,1,0,0,0,selected-public-information,denton-tx-public-info-meetings,"One city feed for public briefings, information sessions, and public-input sessions. Keep the actual title; verify each old recording against its event before live routing.",denton-tx-public-info-meetings,no selector match,"Proposed destination: denton-tx Public Information Meetings. This city feed combines public briefings, public information sessions, and public-input meetings. Keep the title-specific event purpose in each episode. This row’s evidence status and exact recording/source match remain as stated in its review status; do not route by title words alone."
e61a80c884fa,denton-tx,3b7588310856,Virtual Community Meeting - Windsor Sewer Capacity Upgrade,1,1,1,0,0,0,selected-public-information,denton-tx-public-info-meetings,"One city feed for public briefings, information sessions, and public-input sessions. Keep the actual title; verify each old recording against its event before live routing.",denton-tx-public-info-meetings,no selector match,"Proposed destination: denton-tx Public Information Meetings. This city feed combines public briefings, public information sessions, and public-input meetings. Keep the title-specific event purpose in each episode. This row’s evidence status and exact recording/source match remain as stated in its review status; do not route by title words alone."
f9b28f2cb8d0,denton-tx,3b7588310856,Virtual Community Meeting - Recycle Right,1,1,1,0,0,0,selected-public-information,denton-tx-public-info-meetings,"One city feed for public briefings, information sessions, and public-input sessions. Keep the actual title; verify each old recording against its event before live routing.",denton-tx-public-info-meetings,no selector match,"Proposed destination: denton-tx Public Information Meetings. This city feed combines public briefings, public information sessions, and public-input meetings. Keep the title-specific event purpose in each episode. This row’s evidence status and exact recording/source match remain as stated in its review status; do not route by title words alone."
fa244a0aff2f,denton-tx,3b7588310856,Denton Westgate Drive Improvement Project,1,1,1,0,0,0,selected-public-information,denton-tx-public-info-meetings,"One city feed for public briefings, information sessions, and public-input sessions. Keep the actual title; verify each old recording against its event before live routing.",denton-tx-public-info-meetings,no selector match,"Proposed destination: denton-tx Public Information Meetings. This city feed combines public briefings, public information sessions, and public-input meetings. Keep the title-specific event purpose in each episode. This row’s evidence status and exact recording/source match remain as stated in its review status; do not route by title words alone."
07fd3f8d1522,denton-tx,3b7588310856,Committee on the Environment on 2020-10-05 9:00 AM,1,1,1,0,0,0,approved-new-body-rule-local,denton-tx-committee-on-the-environment,Added or retained a reusable source/body rule in local config denton-tx-committee-on-the-environment; no UID-only inclusion. Historical recording/event and live deployment checks remain separate.,denton-tx-committee-on-the-environment,local rule added; pending full replay and deployment,Dedicated Denton Committee on the Environment feed
0c6ad9ab7104,denton-tx,3b7588310856,Committee on the Environment on 2015-08-03 1:30 PM,1,0,0,0,1,0,approved-new-body-rule-local,denton-tx-committee-on-the-environment,Added or retained a reusable source/body rule in local config denton-tx-committee-on-the-environment; no UID-only inclusion. Historical recording/event and live deployment checks remain separate.,denton-tx-committee-on-the-environment,local rule added; pending full replay and deployment,Dedicated Denton Committee on the Environment feed
0da1c59961e5,denton-tx,3b7588310856,Committee on the Environment on 2017-09-11 12:00 PM,1,1,0,1,0,0,approved-new-body-rule-local,denton-tx-committee-on-the-environment,Added or retained a reusable source/body rule in local config denton-tx-committee-on-the-environment; no UID-only inclusion. Historical recording/event and live deployment checks remain separate.,denton-tx-committee-on-the-environment,local rule added; pending full replay and deployment,Dedicated Denton Committee on the Environment feed
2958d7f92aa5,denton-tx,3b7588310856,Committee on the Environment on 2018-05-21 1:00 PM,1,1,0,1,0,0,approved-new-body-rule-local,denton-tx-committee-on-the-environment,Added or retained a reusable source/body rule in local config denton-tx-committee-on-the-environment; no UID-only inclusion. Historical recording/event and live deployment checks remain separate.,denton-tx-committee-on-the-environment,local rule added; pending full replay and deployment,Dedicated Denton Committee on the Environment feed
3d293b2ae64d,denton-tx,3b7588310856,Committee on the Environment on 2016-06-06 1:30 PM,1,1,0,1,0,0,approved-new-body-rule-local,denton-tx-committee-on-the-environment,Added or retained a reusable source/body rule in local config denton-tx-committee-on-the-environment; no UID-only inclusion. Historical recording/event and live deployment checks remain separate.,denton-tx-committee-on-the-environment,local rule added; pending full replay and deployment,Dedicated Denton Committee on the Environment feed
41b259a87af1,denton-tx,3b7588310856,Committee on the Environment on 2016-01-20 9:00 AM,1,0,0,0,1,0,approved-new-body-rule-local,denton-tx-committee-on-the-environment,Added or retained a reusable source/body rule in local config denton-tx-committee-on-the-environment; no UID-only inclusion. Historical recording/event and live deployment checks remain separate.,denton-tx-committee-on-the-environment,local rule added; pending full replay and deployment,Dedicated Denton Committee on the Environment feed
4360ab662fb5,denton-tx,3b7588310856,Committee on the Environment on 2015-11-02 1:30 PM,1,0,0,0,1,0,approved-new-body-rule-local,denton-tx-committee-on-the-environment,Added or retained a reusable source/body rule in local config denton-tx-committee-on-the-environment; no UID-only inclusion. Historical recording/event and live deployment checks remain separate.,denton-tx-committee-on-the-environment,local rule added; pending full replay and deployment,Dedicated Denton Committee on the Environment feed
47a00a7c8d3a,denton-tx,3b7588310856,Committee on the Environment on 2018-08-06 9:00 AM,1,1,0,1,0,0,approved-new-body-rule-local,denton-tx-committee-on-the-environment,Added or retained a reusable source/body rule in local config denton-tx-committee-on-the-environment; no UID-only inclusion. Historical recording/event and live deployment checks remain separate.,denton-tx-committee-on-the-environment,local rule added; pending full replay and deployment,Dedicated Denton Committee on the Environment feed
53416d4765a9,denton-tx,3b7588310856,Committee on the Environment on 2017-03-06 1:30 PM,1,1,0,1,0,0,approved-new-body-rule-local,denton-tx-committee-on-the-environment,Added or retained a reusable source/body rule in local config denton-tx-committee-on-the-environment; no UID-only inclusion. Historical recording/event and live deployment checks remain separate.,denton-tx-committee-on-the-environment,local rule added; pending full replay and deployment,Dedicated Denton Committee on the Environment feed
62bdd1794755,denton-tx,3b7588310856,Committee on the Environment on 2017-08-14 12:00 PM,1,1,0,1,0,0,approved-new-body-rule-local,denton-tx-committee-on-the-environment,Added or retained a reusable source/body rule in local config denton-tx-committee-on-the-environment; no UID-only inclusion. Historical recording/event and live deployment checks remain separate.,denton-tx-committee-on-the-environment,local rule added; pending full replay and deployment,Dedicated Denton Committee on the Environment feed
641920ff1963,denton-tx,3b7588310856,Committee on the Environment on 2018-01-08 12:00 PM,1,1,0,1,0,0,approved-new-body-rule-local,denton-tx-committee-on-the-environment,Added or retained a reusable source/body rule in local config denton-tx-committee-on-the-environment; no UID-only inclusion. Historical recording/event and live deployment checks remain separate.,denton-tx-committee-on-the-environment,local rule added; pending full replay and deployment,Dedicated Denton Committee on the Environment feed
74e3c03f37cd,denton-tx,3b7588310856,Committee on the Environment on 2016-12-05 1:30 PM,1,1,0,1,0,0,approved-new-body-rule-local,denton-tx-committee-on-the-environment,Added or retained a reusable source/body rule in local config denton-tx-committee-on-the-environment; no UID-only inclusion. Historical recording/event and live deployment checks remain separate.,denton-tx-committee-on-the-environment,local rule added; pending full replay and deployment,Dedicated Denton Committee on the Environment feed
771bac3525a4,denton-tx,3b7588310856,Committee on the Environment on 2018-02-05 1:30 PM,1,1,0,1,0,0,approved-new-body-rule-local,denton-tx-committee-on-the-environment,Added or retained a reusable source/body rule in local config denton-tx-committee-on-the-environment; no UID-only inclusion. Historical recording/event and live deployment checks remain separate.,denton-tx-committee-on-the-environment,local rule added; pending full replay and deployment,Dedicated Denton Committee on the Environment feed
86789e1919ec,denton-tx,3b7588310856,Committee on the Environment on 2016-10-03 1:30 PM,1,1,0,1,0,0,approved-new-body-rule-local,denton-tx-committee-on-the-environment,Added or retained a reusable source/body rule in local config denton-tx-committee-on-the-environment; no UID-only inclusion. Historical recording/event and live deployment checks remain separate.,denton-tx-committee-on-the-environment,local rule added; pending full replay and deployment,Dedicated Denton Committee on the Environment feed
8910d840a2c9,denton-tx,3b7588310856,Committee on the Environment on 2021-04-05 9:00 AM,1,1,1,0,0,0,approved-new-body-rule-local,denton-tx-committee-on-the-environment,Added or retained a reusable source/body rule in local config denton-tx-committee-on-the-environment; no UID-only inclusion. Historical recording/event and live deployment checks remain separate.,denton-tx-committee-on-the-environment,local rule added; pending full replay and deployment,Dedicated Denton Committee on the Environment feed
8ab880d753d2,denton-tx,3b7588310856,Committee on the Environment on 2021-02-01 9:00 AM,1,1,1,0,0,0,approved-new-body-rule-local,denton-tx-committee-on-the-environment,Added or retained a reusable source/body rule in local config denton-tx-committee-on-the-environment; no UID-only inclusion. Historical recording/event and live deployment checks remain separate.,denton-tx-committee-on-the-environment,local rule added; pending full replay and deployment,Dedicated Denton Committee on the Environment feed
935f2c3591e5,denton-tx,3b7588310856,Committee on the Environment on 2016-07-25 1:00 PM,1,1,0,1,0,0,approved-new-body-rule-local,denton-tx-committee-on-the-environment,Added or retained a reusable source/body rule in local config denton-tx-committee-on-the-environment; no UID-only inclusion. Historical recording/event and live deployment checks remain separate.,denton-tx-committee-on-the-environment,local rule added; pending full replay and deployment,Dedicated Denton Committee on the Environment feed
9955ee4f50c0,denton-tx,3b7588310856,Committee on the Environment on 2020-06-25 10:00 AM,1,1,1,0,0,0,approved-new-body-rule-local,denton-tx-committee-on-the-environment,Added or retained a reusable source/body rule in local config denton-tx-committee-on-the-environment; no UID-only inclusion. Historical recording/event and live deployment checks remain separate.,denton-tx-committee-on-the-environment,local rule added; pending full replay and deployment,Dedicated Denton Committee on the Environment feed
999d96fb9b4b,denton-tx,3b7588310856,Committee on the Environment on 2016-04-04 1:30 PM,1,0,0,0,1,0,approved-new-body-rule-local,denton-tx-committee-on-the-environment,Added or retained a reusable source/body rule in local config denton-tx-committee-on-the-environment; no UID-only inclusion. Historical recording/event and live deployment checks remain separate.,denton-tx-committee-on-the-environment,local rule added; pending full replay and deployment,Dedicated Denton Committee on the Environment feed
9c03a539a5e1,denton-tx,3b7588310856,Committee on the Environment on 2017-04-03 1:30 PM,1,1,0,1,0,0,approved-new-body-rule-local,denton-tx-committee-on-the-environment,Added or retained a reusable source/body rule in local config denton-tx-committee-on-the-environment; no UID-only inclusion. Historical recording/event and live deployment checks remain separate.,denton-tx-committee-on-the-environment,local rule added; pending full replay and deployment,Dedicated Denton Committee on the Environment feed
9c4e42a28816,denton-tx,3b7588310856,Committee on the Environment on 2016-09-12 1:30 PM,1,1,0,1,0,0,approved-new-body-rule-local,denton-tx-committee-on-the-environment,Added or retained a reusable source/body rule in local config denton-tx-committee-on-the-environment; no UID-only inclusion. Historical recording/event and live deployment checks remain separate.,denton-tx-committee-on-the-environment,local rule added; pending full replay and deployment,Dedicated Denton Committee on the Environment feed
b2df78f7b528,denton-tx,3b7588310856,Committee on the Environment on 2018-03-19 9:00 AM,1,1,0,1,0,0,approved-new-body-rule-local,denton-tx-committee-on-the-environment,Added or retained a reusable source/body rule in local config denton-tx-committee-on-the-environment; no UID-only inclusion. Historical recording/event and live deployment checks remain separate.,denton-tx-committee-on-the-environment,local rule added; pending full replay and deployment,Dedicated Denton Committee on the Environment feed
b6532a27014b,denton-tx,3b7588310856,Committee on the Environment on 2015-10-05 1:30 PM,1,0,0,0,1,0,approved-new-body-rule-local,denton-tx-committee-on-the-environment,Added or retained a reusable source/body rule in local config denton-tx-committee-on-the-environment; no UID-only inclusion. Historical recording/event and live deployment checks remain separate.,denton-tx-committee-on-the-environment,local rule added; pending full replay and deployment,Dedicated Denton Committee on the Environment feed
bc637efc3b8d,denton-tx,3b7588310856,Committee on the Environment on 2018-09-17 9:00 AM,1,1,0,1,0,0,approved-new-body-rule-local,denton-tx-committee-on-the-environment,Added or retained a reusable source/body rule in local config denton-tx-committee-on-the-environment; no UID-only inclusion. Historical recording/event and live deployment checks remain separate.,denton-tx-committee-on-the-environment,local rule added; pending full replay and deployment,Dedicated Denton Committee on the Environment feed
d0d1c037f165,denton-tx,3b7588310856,Committee on the Environment on 2017-02-06 1:30 PM,1,1,0,1,0,0,approved-new-body-rule-local,denton-tx-committee-on-the-environment,Added or retained a reusable source/body rule in local config denton-tx-committee-on-the-environment; no UID-only inclusion. Historical recording/event and live deployment checks remain separate.,denton-tx-committee-on-the-environment,local rule added; pending full replay and deployment,Dedicated Denton Committee on the Environment feed
d30dd662f68c,denton-tx,3b7588310856,Committee on the Environment on 2017-11-06 9:00 AM,1,1,0,1,0,0,approved-new-body-rule-local,denton-tx-committee-on-the-environment,Added or retained a reusable source/body rule in local config denton-tx-committee-on-the-environment; no UID-only inclusion. Historical recording/event and live deployment checks remain separate.,denton-tx-committee-on-the-environment,local rule added; pending full replay and deployment,Dedicated Denton Committee on the Environment feed
ddf502a2bcdd,denton-tx,3b7588310856,Committee on the Environment on 2020-09-08 1:00 PM,1,1,1,0,0,0,approved-new-body-rule-local,denton-tx-committee-on-the-environment,Added or retained a reusable source/body rule in local config denton-tx-committee-on-the-environment; no UID-only inclusion. Historical recording/event and live deployment checks remain separate.,denton-tx-committee-on-the-environment,local rule added; pending full replay and deployment,Dedicated Denton Committee on the Environment feed
de547de8f73d,denton-tx,3b7588310856,Committee on the Environment on 2020-11-02 9:00 AM,1,1,1,0,0,0,approved-new-body-rule-local,denton-tx-committee-on-the-environment,Added or retained a reusable source/body rule in local config denton-tx-committee-on-the-environment; no UID-only inclusion. Historical recording/event and live deployment checks remain separate.,denton-tx-committee-on-the-environment,local rule added; pending full replay and deployment,Dedicated Denton Committee on the Environment feed
e3bb8913a570,denton-tx,3b7588310856,Committee on the Environment on 2017-01-17 10:30 AM,1,1,0,1,0,0,approved-new-body-rule-local,denton-tx-committee-on-the-environment,Added or retained a reusable source/body rule in local config denton-tx-committee-on-the-environment; no UID-only inclusion. Historical recording/event and live deployment checks remain separate.,denton-tx-committee-on-the-environment,local rule added; pending full replay and deployment,Dedicated Denton Committee on the Environment feed
f393d424f361,denton-tx,3b7588310856,Committee on the Environment on 2021-05-03 9:00 AM,1,1,1,0,0,0,approved-new-body-rule-local,denton-tx-committee-on-the-environment,Added or retained a reusable source/body rule in local config denton-tx-committee-on-the-environment; no UID-only inclusion. Historical recording/event and live deployment checks remain separate.,denton-tx-committee-on-the-environment,local rule added; pending full replay and deployment,Dedicated Denton Committee on the Environment feed
0a546ab424f4,dallas-tx,76869ed1994f,TELE Town Hall Meetings District 9,1,1,1,0,0,0,selected-public-information,dallas-tx-public-info-meetings,"One city feed for public briefings, information sessions, and public-input sessions. Keep the actual title; verify each old recording against its event before live routing.",dallas-tx-public-info-meetings,no selector match,"Proposed destination: dallas-tx Public Information Meetings. This city feed combines public briefings, public information sessions, and public-input meetings. Keep the title-specific event purpose in each episode. This row’s evidence status and exact recording/source match remain as stated in its review status; do not route by title words alone."
224f743b9700,dallas-tx,76869ed1994f,Virtual Town Hall Meetings,29,29,29,0,0,0,selected-public-information,dallas-tx-public-info-meetings,"One city feed for public briefings, information sessions, and public-input sessions. Keep the actual title; verify each old recording against its event before live routing.",dallas-tx-public-info-meetings,no selector match,"Proposed destination: dallas-tx Public Information Meetings. This city feed combines public briefings, public information sessions, and public-input meetings. Keep the title-specific event purpose in each episode. This row’s evidence status and exact recording/source match remain as stated in its review status; do not route by title words alone."
27156d63690b,dallas-tx,76869ed1994f,District 4 Telephone Town Hall Meeting,1,1,1,0,0,0,selected-public-information,dallas-tx-public-info-meetings,"One city feed for public briefings, information sessions, and public-input sessions. Keep the actual title; verify each old recording against its event before live routing.",dallas-tx-public-info-meetings,no selector match,"Proposed destination: dallas-tx Public Information Meetings. This city feed combines public briefings, public information sessions, and public-input meetings. Keep the title-specific event purpose in each episode. This row’s evidence status and exact recording/source match remain as stated in its review status; do not route by title words alone."
280703204965,dallas-tx,76869ed1994f,Zoning Reform Meeting,1,1,1,0,0,0,selected-public-information,dallas-tx-public-info-meetings,"One city feed for public briefings, information sessions, and public-input sessions. Keep the actual title; verify each old recording against its event before live routing.",dallas-tx-public-info-meetings,no selector match,"Proposed destination: dallas-tx Public Information Meetings. This city feed combines public briefings, public information sessions, and public-input meetings. Keep the title-specific event purpose in each episode. This row’s evidence status and exact recording/source match remain as stated in its review status; do not route by title words alone."
2a520b58c852,dallas-tx,76869ed1994f,Conversations About Race,2,2,2,0,0,0,selected-public-information,dallas-tx-public-info-meetings,"One city feed for public briefings, information sessions, and public-input sessions. Keep the actual title; verify each old recording against its event before live routing.",dallas-tx-public-info-meetings,no selector match,"Proposed destination: dallas-tx Public Information Meetings. This city feed combines public briefings, public information sessions, and public-input meetings. Keep the title-specific event purpose in each episode. This row’s evidence status and exact recording/source match remain as stated in its review status; do not route by title words alone."
2f3e816a77a9,dallas-tx,76869ed1994f,Art Community Meeting,1,1,1,0,0,0,selected-public-information,dallas-tx-public-info-meetings,"One city feed for public briefings, information sessions, and public-input sessions. Keep the actual title; verify each old recording against its event before live routing.",dallas-tx-public-info-meetings,no selector match,"Proposed destination: dallas-tx Public Information Meetings. This city feed combines public briefings, public information sessions, and public-input meetings. Keep the title-specific event purpose in each episode. This row’s evidence status and exact recording/source match remain as stated in its review status; do not route by title words alone."
30b9413d0de8,dallas-tx,76869ed1994f,Spanish Forum on COVID-19 Vaccination,1,1,1,0,0,0,selected-public-information,dallas-tx-public-info-meetings,"One city feed for public briefings, information sessions, and public-input sessions. Keep the actual title; verify each old recording against its event before live routing.",dallas-tx-public-info-meetings,no selector match,"Proposed destination: dallas-tx Public Information Meetings. This city feed combines public briefings, public information sessions, and public-input meetings. Keep the title-specific event purpose in each episode. This row’s evidence status and exact recording/source match remain as stated in its review status; do not route by title words alone."
36151d09d67c,dallas-tx,76869ed1994f,District 7 Virtual Town Hall Meetings,1,1,1,0,0,0,selected-public-information,dallas-tx-public-info-meetings,"One city feed for public briefings, information sessions, and public-input sessions. Keep the actual title; verify each old recording against its event before live routing.",dallas-tx-public-info-meetings,no selector match,"Proposed destination: dallas-tx Public Information Meetings. This city feed combines public briefings, public information sessions, and public-input meetings. Keep the title-specific event purpose in each episode. This row’s evidence status and exact recording/source match remain as stated in its review status; do not route by title words alone."
3c8ed6b909c7,dallas-tx,76869ed1994f,Dallas Police Chief Forum,1,1,1,0,0,0,selected-public-information,dallas-tx-public-info-meetings,"One city feed for public briefings, information sessions, and public-input sessions. Keep the actual title; verify each old recording against its event before live routing.",dallas-tx-public-info-meetings,no selector match,"Proposed destination: dallas-tx Public Information Meetings. This city feed combines public briefings, public information sessions, and public-input meetings. Keep the title-specific event purpose in each episode. This row’s evidence status and exact recording/source match remain as stated in its review status; do not route by title words alone."
5313c7d1b516,dallas-tx,76869ed1994f,Neighborhood Public Meeting for FY 2021-22 Consolidated Plan Budget,1,1,1,0,0,0,selected-public-information,dallas-tx-public-info-meetings,"One city feed for public briefings, information sessions, and public-input sessions. Keep the actual title; verify each old recording against its event before live routing.",dallas-tx-public-info-meetings,no selector match,"Proposed destination: dallas-tx Public Information Meetings. This city feed combines public briefings, public information sessions, and public-input meetings. Keep the title-specific event purpose in each episode. This row’s evidence status and exact recording/source match remain as stated in its review status; do not route by title words alone."
53666b45f775,dallas-tx,76869ed1994f,Budget Virtual Town Hall Meeting,15,15,15,0,0,0,selected-public-information,dallas-tx-public-info-meetings,"One city feed for public briefings, information sessions, and public-input sessions. Keep the actual title; verify each old recording against its event before live routing.",dallas-tx-public-info-meetings,no selector match,"Proposed destination: dallas-tx Public Information Meetings. This city feed combines public briefings, public information sessions, and public-input meetings. Keep the title-specific event purpose in each episode. This row’s evidence status and exact recording/source match remain as stated in its review status; do not route by title words alone."
648b8894e655,dallas-tx,76869ed1994f,District 10 Virtual Town Hall Meetings,1,1,1,0,0,0,selected-public-information,dallas-tx-public-info-meetings,"One city feed for public briefings, information sessions, and public-input sessions. Keep the actual title; verify each old recording against its event before live routing.",dallas-tx-public-info-meetings,no selector match,"Proposed destination: dallas-tx Public Information Meetings. This city feed combines public briefings, public information sessions, and public-input meetings. Keep the title-specific event purpose in each episode. This row’s evidence status and exact recording/source match remain as stated in its review status; do not route by title words alone."
6c337207e1a5,dallas-tx,76869ed1994f,"Budget Listening Session for D11, D12, and D13",1,1,1,0,0,0,selected-public-information,dallas-tx-public-info-meetings,"One city feed for public briefings, information sessions, and public-input sessions. Keep the actual title; verify each old recording against its event before live routing.",dallas-tx-public-info-meetings,no selector match,"Proposed destination: dallas-tx Public Information Meetings. This city feed combines public briefings, public information sessions, and public-input meetings. Keep the title-specific event purpose in each episode. This row’s evidence status and exact recording/source match remain as stated in its review status; do not route by title words alone."
6d39b4a5a606,dallas-tx,76869ed1994f,Districts 11 and 13 Virtual Town Hall Meetings,1,1,1,0,0,0,selected-public-information,dallas-tx-public-info-meetings,"One city feed for public briefings, information sessions, and public-input sessions. Keep the actual title; verify each old recording against its event before live routing.",dallas-tx-public-info-meetings,no selector match,"Proposed destination: dallas-tx Public Information Meetings. This city feed combines public briefings, public information sessions, and public-input meetings. Keep the title-specific event purpose in each episode. This row’s evidence status and exact recording/source match remain as stated in its review status; do not route by title words alone."
7723a9dc8e6f,dallas-tx,76869ed1994f,Virtual Neighborhood Public Hearing,1,1,1,0,0,0,selected-public-information,dallas-tx-public-info-meetings,"One city feed for public briefings, information sessions, and public-input sessions. Keep the actual title; verify each old recording against its event before live routing.",dallas-tx-public-info-meetings,no selector match,"Proposed destination: dallas-tx Public Information Meetings. This city feed combines public briefings, public information sessions, and public-input meetings. Keep the title-specific event purpose in each episode. This row’s evidence status and exact recording/source match remain as stated in its review status; do not route by title words alone."
7bf6f271b63f,dallas-tx,76869ed1994f,"D1, D3, & OHS Budget Listening Session",1,1,1,0,0,0,selected-public-information,dallas-tx-public-info-meetings,"One city feed for public briefings, information sessions, and public-input sessions. Keep the actual title; verify each old recording against its event before live routing.",dallas-tx-public-info-meetings,no selector match,"Proposed destination: dallas-tx Public Information Meetings. This city feed combines public briefings, public information sessions, and public-input meetings. Keep the title-specific event purpose in each episode. This row’s evidence status and exact recording/source match remain as stated in its review status; do not route by title words alone."
7ca983e16b64,dallas-tx,76869ed1994f,Districts 2 and 6 Virtual Town Hall Meetings,1,1,1,0,0,0,selected-public-information,dallas-tx-public-info-meetings,"One city feed for public briefings, information sessions, and public-input sessions. Keep the actual title; verify each old recording against its event before live routing.",dallas-tx-public-info-meetings,no selector match,"Proposed destination: dallas-tx Public Information Meetings. This city feed combines public briefings, public information sessions, and public-input meetings. Keep the title-specific event purpose in each episode. This row’s evidence status and exact recording/source match remain as stated in its review status; do not route by title words alone."
a028e3b8ddaa,dallas-tx,76869ed1994f,I-345 Panel and Public Discussion,1,1,1,0,0,0,selected-public-information,dallas-tx-public-info-meetings,"One city feed for public briefings, information sessions, and public-input sessions. Keep the actual title; verify each old recording against its event before live routing.",dallas-tx-public-info-meetings,no selector match,"Proposed destination: dallas-tx Public Information Meetings. This city feed combines public briefings, public information sessions, and public-input meetings. Keep the title-specific event purpose in each episode. This row’s evidence status and exact recording/source match remain as stated in its review status; do not route by title words alone."
a8c62d7c5f2e,dallas-tx,76869ed1994f,District 8 Virtual Town Hall Meetings,1,1,1,0,0,0,selected-public-information,dallas-tx-public-info-meetings,"One city feed for public briefings, information sessions, and public-input sessions. Keep the actual title; verify each old recording against its event before live routing.",dallas-tx-public-info-meetings,no selector match,"Proposed destination: dallas-tx Public Information Meetings. This city feed combines public briefings, public information sessions, and public-input meetings. Keep the title-specific event purpose in each episode. This row’s evidence status and exact recording/source match remain as stated in its review status; do not route by title words alone."
aa89b835f027,dallas-tx,76869ed1994f,Districts 1 and 6 Virtual Town Hall Meetings,1,1,1,0,0,0,selected-public-information,dallas-tx-public-info-meetings,"One city feed for public briefings, information sessions, and public-input sessions. Keep the actual title; verify each old recording against its event before live routing.",dallas-tx-public-info-meetings,no selector match,"Proposed destination: dallas-tx Public Information Meetings. This city feed combines public briefings, public information sessions, and public-input meetings. Keep the title-specific event purpose in each episode. This row’s evidence status and exact recording/source match remain as stated in its review status; do not route by title words alone."
b696b877cf8c,dallas-tx,76869ed1994f,COVID Focus Group,1,1,1,0,0,0,selected-public-information,dallas-tx-public-info-meetings,"One city feed for public briefings, information sessions, and public-input sessions. Keep the actual title; verify each old recording against its event before live routing.",dallas-tx-public-info-meetings,no selector match,"Proposed destination: dallas-tx Public Information Meetings. This city feed combines public briefings, public information sessions, and public-input meetings. Keep the title-specific event purpose in each episode. This row’s evidence status and exact recording/source match remain as stated in its review status; do not route by title words alone."
c252489e1ba7,dallas-tx,76869ed1994f,TELE Town Hall Meetings District 1 & 6,1,1,1,0,0,0,selected-public-information,dallas-tx-public-info-meetings,"One city feed for public briefings, information sessions, and public-input sessions. Keep the actual title; verify each old recording against its event before live routing.",dallas-tx-public-info-meetings,no selector match,"Proposed destination: dallas-tx Public Information Meetings. This city feed combines public briefings, public information sessions, and public-input meetings. Keep the title-specific event purpose in each episode. This row’s evidence status and exact recording/source match remain as stated in its review status; do not route by title words alone."
cc571ee1159a,dallas-tx,76869ed1994f,Dallas Police Chief Forum (Spanish),1,1,1,0,0,0,selected-public-information,dallas-tx-public-info-meetings,"One city feed for public briefings, information sessions, and public-input sessions. Keep the actual title; verify each old recording against its event before live routing.",dallas-tx-public-info-meetings,no selector match,"Proposed destination: dallas-tx Public Information Meetings. This city feed combines public briefings, public information sessions, and public-input meetings. Keep the title-specific event purpose in each episode. This row’s evidence status and exact recording/source match remain as stated in its review status; do not route by title words alone."
d7dccdb3b0f3,dallas-tx,76869ed1994f,District 3 Virtual Town Hall Meetings,1,1,1,0,0,0,selected-public-information,dallas-tx-public-info-meetings,"One city feed for public briefings, information sessions, and public-input sessions. Keep the actual title; verify each old recording against its event before live routing.",dallas-tx-public-info-meetings,no selector match,"Proposed destination: dallas-tx Public Information Meetings. This city feed combines public briefings, public information sessions, and public-input meetings. Keep the title-specific event purpose in each episode. This row’s evidence status and exact recording/source match remain as stated in its review status; do not route by title words alone."
d95a2b649fa9,dallas-tx,76869ed1994f,Neighborhood Public Meeting for FY 2022-23 HUD Grant Funds,1,1,1,0,0,0,selected-public-information,dallas-tx-public-info-meetings,"One city feed for public briefings, information sessions, and public-input sessions. Keep the actual title; verify each old recording against its event before live routing.",dallas-tx-public-info-meetings,no selector match,"Proposed destination: dallas-tx Public Information Meetings. This city feed combines public briefings, public information sessions, and public-input meetings. Keep the title-specific event purpose in each episode. This row’s evidence status and exact recording/source match remain as stated in its review status; do not route by title words alone."
e0a98d271c96,dallas-tx,76869ed1994f,TELE Town Hall Meetings District 8,1,1,1,0,0,0,selected-public-information,dallas-tx-public-info-meetings,"One city feed for public briefings, information sessions, and public-input sessions. Keep the actual title; verify each old recording against its event before live routing.",dallas-tx-public-info-meetings,no selector match,"Proposed destination: dallas-tx Public Information Meetings. This city feed combines public briefings, public information sessions, and public-input meetings. Keep the title-specific event purpose in each episode. This row’s evidence status and exact recording/source match remain as stated in its review status; do not route by title words alone."
e3d68a7423c2,dallas-tx,76869ed1994f,District 4 OHS Budget Listening Sessions,1,1,1,0,0,0,selected-public-information,dallas-tx-public-info-meetings,"One city feed for public briefings, information sessions, and public-input sessions. Keep the actual title; verify each old recording against its event before live routing.",dallas-tx-public-info-meetings,no selector match,"Proposed destination: dallas-tx Public Information Meetings. This city feed combines public briefings, public information sessions, and public-input meetings. Keep the title-specific event purpose in each episode. This row’s evidence status and exact recording/source match remain as stated in its review status; do not route by title words alone."
ed8d5c7d7837,dallas-tx,76869ed1994f,City of Dallas Neighborhood Public Meeting,1,1,1,0,0,0,selected-public-information,dallas-tx-public-info-meetings,"One city feed for public briefings, information sessions, and public-input sessions. Keep the actual title; verify each old recording against its event before live routing.",dallas-tx-public-info-meetings,no selector match,"Proposed destination: dallas-tx Public Information Meetings. This city feed combines public briefings, public information sessions, and public-input meetings. Keep the title-specific event purpose in each episode. This row’s evidence status and exact recording/source match remain as stated in its review status; do not route by title words alone."
03dd73d2eb05,dallas-tx,76869ed1994f,2024 Capital Bond CBTF Meeting,5,5,5,0,0,0,keep-existing-correct-feed,dallas-tx-2024-community-bond-task-force,This record is already assigned to the dedicated Dallas Community Bond Task Force feed by its reviewed source-specific provider GUID inclusion. Its shared title label must not be broadened to admit unverified recordings.,dallas-tx-2024-community-bond-task-force,full selector match,Keep existing exact source/GUID assignment; do not generalize the shared CBTF label because unverified 272574 has the same label.
14b86b972b9d,dallas-tx,76869ed1994f,2024 Bond Critical Facilities Subcommittee Meeting,2,2,2,0,0,0,selected-dallas-bond-family,dallas-tx-2024-bond-critical-facilities-subcommittee,"This title is a named 2024 bond committee proceeding and belongs in its existing dedicated feed (dallas-tx-2024-bond-critical-facilities-subcommittee), not the general Dallas Bond Program Meetings feed. The feed rule uses the observed complete title alias and retains the same UID/audio.",dallas-tx-2024-bond-critical-facilities-subcommittee,no selector match,Existing-body rule addition: dallas-tx-2024-bond-critical-facilities-subcommittee. A reusable exact-title alias places this recording with that committee; it is excluded from the general bond program feed to avoid duplicate placement.
21240333c0b4,dallas-tx,76869ed1994f,2024 Bond Flood Control & Storm Drainage Meeting,4,4,4,0,0,0,selected-dallas-bond-family,dallas-tx-2024-bond-flood-subcommittee,"This title is a named 2024 bond committee proceeding and belongs in its existing dedicated feed (dallas-tx-2024-bond-flood-subcommittee), not the general Dallas Bond Program Meetings feed. The feed rule uses the observed complete title alias and retains the same UID/audio.",dallas-tx-2024-bond-flood-subcommittee,no selector match,Existing-body rule addition: dallas-tx-2024-bond-flood-subcommittee. A reusable exact-title alias places this recording with that committee; it is excluded from the general bond program feed to avoid duplicate placement.
240913f4d1b2,dallas-tx,76869ed1994f,2024 Bond Task Force Critical Facilities Subcommittee Meeting,1,1,1,0,0,0,selected-dallas-bond-family,dallas-tx-2024-bond-critical-facilities-subcommittee,"This title is a named 2024 bond committee proceeding and belongs in its existing dedicated feed (dallas-tx-2024-bond-critical-facilities-subcommittee), not the general Dallas Bond Program Meetings feed. The feed rule uses the observed complete title alias and retains the same UID/audio.",dallas-tx-2024-bond-critical-facilities-subcommittee,full selector match,Existing-body rule addition: dallas-tx-2024-bond-critical-facilities-subcommittee. A reusable exact-title alias places this recording with that committee; it is excluded from the general bond program feed to avoid duplicate placement.
269cf609a061,dallas-tx,76869ed1994f,Citizens Bond Task Force: Town Hall Meeting,3,3,1,0,0,0,selected-dallas-bond-family,dallas-tx-bond-program-meetings,Separate Dallas bond-program family; retain genuine subcommittee participant feeds.,dallas-tx-bond-program-meetings,full selector match,2017 Dallas bond town-hall branch of the Bond Program feed; keep separate from the 2024 CBTF body label
26c5c85b915d,dallas-tx,76869ed1994f,2024 Capital Bond Program CBTF Meetings,3,3,3,0,0,0,not-to-pursue-maintainer-directed,,Do not broaden the normalized shared CBTF Meeting title. The existing P0 contract identifies provider GUID 272574 with the same normalized body but an ambiguous event; only individually evidence-bound rows remain assigned. Future title-only admission could misroute that known ambiguous recording.,,partial selector match,Not pursued in this pass: the proposed plural Meetings label normalizes to the same body as the ambiguous singular CBTF Meeting label. Keep existing exact GUID inclusions; do not add this title-only rule.
42eea1cb1e1f,dallas-tx,76869ed1994f,2024 Capital Bond CBTF and Subcommittee Chairs Meeting,1,1,1,0,0,0,keep-existing-correct-feed,dallas-tx-2024-community-bond-task-force,This record is already assigned by the dedicated Dallas Community Bond Task Force body_exact rule.,dallas-tx-2024-community-bond-task-force,full selector match,Keep existing correct feed assignment; no new alias required.
5ba305eb8fac,dallas-tx,76869ed1994f,2024 Capital Bond Meeting Spanish,1,1,1,0,0,0,selected-dallas-bond-family,dallas-tx-bond-program-meetings,Separate Dallas bond-program family; retain genuine subcommittee participant feeds.,dallas-tx-bond-program-meetings,no selector match,Dallas Bond Program Meetings feed with the exact CBTF or subcommittee label retained
61588d555345,dallas-tx,76869ed1994f,2024 Bond Program Special Called Park and Trails Subcommittee Meeting,1,1,1,0,0,0,selected-dallas-bond-family,dallas-tx-bond-program-meetings,Separate Dallas bond-program family; retain genuine subcommittee participant feeds.,dallas-tx-bond-program-meetings,no selector match,Dallas Bond Program Meetings feed with the exact CBTF or subcommittee label retained
660dd1def3f4,dallas-tx,76869ed1994f,2024 Bond Critical Facilities Subcommittee,2,2,2,0,0,0,selected-dallas-bond-family,dallas-tx-2024-bond-critical-facilities-subcommittee,"This title is a named 2024 bond committee proceeding and belongs in its existing dedicated feed (dallas-tx-2024-bond-critical-facilities-subcommittee), not the general Dallas Bond Program Meetings feed. The feed rule uses the observed complete title alias and retains the same UID/audio.",dallas-tx-2024-bond-critical-facilities-subcommittee,no selector match,Existing-body rule addition: dallas-tx-2024-bond-critical-facilities-subcommittee. A reusable exact-title alias places this recording with that committee; it is excluded from the general bond program feed to avoid duplicate placement.
69e1a9abfa35,dallas-tx,76869ed1994f,2024 Bond Parks and Trails Subcommittee Meeting,1,1,1,0,0,0,selected-dallas-bond-family,dallas-tx-bond-program-meetings,Separate Dallas bond-program family; retain genuine subcommittee participant feeds.,dallas-tx-bond-program-meetings,no selector match,Dallas Bond Program Meetings feed with the exact CBTF or subcommittee label retained
6c57a93bb9ea,dallas-tx,76869ed1994f,2024 Bond Parks and Trails Meeting,2,2,2,0,0,0,selected-dallas-bond-family,dallas-tx-bond-program-meetings,Separate Dallas bond-program family; retain genuine subcommittee participant feeds.,dallas-tx-bond-program-meetings,no selector match,Dallas Bond Program Meetings feed with the exact CBTF or subcommittee label retained
7a571145a851,dallas-tx,76869ed1994f,2024 Bond Task Force Community Bond Task Force Meeting,1,1,1,0,0,0,keep-existing-correct-feed,dallas-tx-2024-community-bond-task-force,This recording is already assigned to the dedicated Dallas Community Bond Task Force feed by the reviewed source-specific provider GUID inclusion. Keep the title-to-record binding evidence-gated; do not turn this one occurrence into broad admission.,dallas-tx-2024-community-bond-task-force,full selector match,Keep existing exact source/GUID assignment. Do not generalize this single recording into a title-only rule.
a2b55bc2fde6,dallas-tx,76869ed1994f,"2024 Bond ECO, HOU, OHS Meeting",3,3,3,0,0,0,selected-dallas-bond-family,dallas-tx-bond-program-meetings,Separate Dallas bond-program family; retain genuine subcommittee participant feeds.,dallas-tx-bond-program-meetings,no selector match,Dallas Bond Program Meetings feed with the exact CBTF or subcommittee label retained
b08a11616a2f,dallas-tx,76869ed1994f,2024 Bond Flood Protection and Storm Drainage Subcommittee Meeting,1,1,1,0,0,0,selected-dallas-bond-family,dallas-tx-2024-bond-flood-subcommittee,"This title is a named 2024 bond committee proceeding and belongs in its existing dedicated feed (dallas-tx-2024-bond-flood-subcommittee), not the general Dallas Bond Program Meetings feed. The feed rule uses the observed complete title alias and retains the same UID/audio.",dallas-tx-2024-bond-flood-subcommittee,no selector match,Existing-body rule addition: dallas-tx-2024-bond-flood-subcommittee. A reusable exact-title alias places this recording with that committee; it is excluded from the general bond program feed to avoid duplicate placement.
b664903db29a,dallas-tx,76869ed1994f,2024 Capital Bond ECONOM Meeting,2,2,2,0,0,0,selected-dallas-bond-family,dallas-tx-2024-bond-economic-development-subcommittee,"This title is a named 2024 bond committee proceeding and belongs in its existing dedicated feed (dallas-tx-2024-bond-economic-development-subcommittee), not the general Dallas Bond Program Meetings feed. The feed rule uses the observed complete title alias and retains the same UID/audio.",dallas-tx-2024-bond-economic-development-subcommittee,no selector match,Existing-body rule addition: dallas-tx-2024-bond-economic-development-subcommittee. A reusable exact-title alias places this recording with that committee; it is excluded from the general bond program feed to avoid duplicate placement.
b6d72634e049,dallas-tx,76869ed1994f,2024 Bond Program: Allocation Discussion,1,1,1,0,0,0,selected-dallas-bond-family,dallas-tx-bond-program-meetings,Separate Dallas bond-program family; retain genuine subcommittee participant feeds.,dallas-tx-bond-program-meetings,no selector match,Dallas Bond Program Meetings feed with the exact CBTF or subcommittee label retained
c3c8fe304610,dallas-tx,76869ed1994f,2024 Bond ECONOM,1,1,1,0,0,0,selected-dallas-bond-family,dallas-tx-2024-bond-economic-development-subcommittee,"This title is a named 2024 bond committee proceeding and belongs in its existing dedicated feed (dallas-tx-2024-bond-economic-development-subcommittee), not the general Dallas Bond Program Meetings feed. The feed rule uses the observed complete title alias and retains the same UID/audio.",dallas-tx-2024-bond-economic-development-subcommittee,no selector match,Existing-body rule addition: dallas-tx-2024-bond-economic-development-subcommittee. A reusable exact-title alias places this recording with that committee; it is excluded from the general bond program feed to avoid duplicate placement.
c6901c992fef,dallas-tx,76869ed1994f,2024 Bond Task Force Flood,1,1,1,0,0,0,selected-dallas-bond-family,dallas-tx-bond-program-meetings,Separate Dallas bond-program family; retain genuine subcommittee participant feeds.,dallas-tx-bond-program-meetings,full selector match,Dallas Bond Program Meetings feed with the exact CBTF or subcommittee label retained
e59f24f157e3,dallas-tx,76869ed1994f,2024 Bond Kick off,1,1,1,0,0,0,selected-dallas-bond-family,dallas-tx-bond-program-meetings,Separate Dallas bond-program family; retain genuine subcommittee participant feeds.,dallas-tx-bond-program-meetings,no selector match,Dallas Bond Program Meetings feed with the exact CBTF or subcommittee label retained
fb6a1628c10c,dallas-tx,76869ed1994f,2024 Bond Critical Facilities Meeting,3,3,3,0,0,0,selected-dallas-bond-family,dallas-tx-bond-program-meetings,Separate Dallas bond-program family; retain genuine subcommittee participant feeds.,dallas-tx-bond-program-meetings,no selector match,Dallas Bond Program Meetings feed with the exact CBTF or subcommittee label retained
1ee83841d905,dallas-tx,76869ed1994f,Press conference on COVID Vaccine,1,1,1,0,0,0,selected-public-information,dallas-tx-public-info-meetings,"One city feed for public briefings, information sessions, and public-input sessions. Keep the actual title; verify each old recording against its event before live routing.",dallas-tx-public-info-meetings,no selector match,"Proposed destination: dallas-tx Public Information Meetings. This city feed combines public briefings, public information sessions, and public-input meetings. Keep the title-specific event purpose in each episode. This row’s evidence status and exact recording/source match remain as stated in its review status; do not route by title words alone."
20185fe29a7b,dallas-tx,76869ed1994f,Mayor Back to School Press Conference,2,2,2,0,0,0,selected-public-information,dallas-tx-public-info-meetings,"One city feed for public briefings, information sessions, and public-input sessions. Keep the actual title; verify each old recording against its event before live routing.",dallas-tx-public-info-meetings,no selector match,"Proposed destination: dallas-tx Public Information Meetings. This city feed combines public briefings, public information sessions, and public-input meetings. Keep the title-specific event purpose in each episode. This row’s evidence status and exact recording/source match remain as stated in its review status; do not route by title words alone."
3a930b82caaf,dallas-tx,76869ed1994f,Grow South Annual Reports,1,1,1,0,0,0,selected-public-information,dallas-tx-public-info-meetings,"One city feed for public briefings, information sessions, and public-input sessions. Keep the actual title; verify each old recording against its event before live routing.",dallas-tx-public-info-meetings,no selector match,"Proposed destination: dallas-tx Public Information Meetings. This city feed combines public briefings, public information sessions, and public-input meetings. Keep the title-specific event purpose in each episode. This row’s evidence status and exact recording/source match remain as stated in its review status; do not route by title words alone."
46b61f7f0498,dallas-tx,76869ed1994f,State of City Address,2,2,2,0,0,0,selected-public-information,dallas-tx-public-info-meetings,"One city feed for public briefings, information sessions, and public-input sessions. Keep the actual title; verify each old recording against its event before live routing.",dallas-tx-public-info-meetings,no selector match,"Proposed destination: dallas-tx Public Information Meetings. This city feed combines public briefings, public information sessions, and public-input meetings. Keep the title-specific event purpose in each episode. This row’s evidence status and exact recording/source match remain as stated in its review status; do not route by title words alone."
5126f9b67947,dallas-tx,76869ed1994f,CM West News Conference,1,1,1,0,0,0,selected-public-information,dallas-tx-public-info-meetings,"One city feed for public briefings, information sessions, and public-input sessions. Keep the actual title; verify each old recording against its event before live routing.",dallas-tx-public-info-meetings,no selector match,"Proposed destination: dallas-tx Public Information Meetings. This city feed combines public briefings, public information sessions, and public-input meetings. Keep the title-specific event purpose in each episode. This row’s evidence status and exact recording/source match remain as stated in its review status; do not route by title words alone."
539930b9159d,dallas-tx,76869ed1994f,City Manager T.C. Broadnax Presentation,1,1,1,0,0,0,selected-public-information,dallas-tx-public-info-meetings,"One city feed for public briefings, information sessions, and public-input sessions. Keep the actual title; verify each old recording against its event before live routing.",dallas-tx-public-info-meetings,no selector match,"Proposed destination: dallas-tx Public Information Meetings. This city feed combines public briefings, public information sessions, and public-input meetings. Keep the title-specific event purpose in each episode. This row’s evidence status and exact recording/source match remain as stated in its review status; do not route by title words alone."
57362c1663df,dallas-tx,76869ed1994f,Mayor's Press Conference,5,5,5,0,0,0,selected-public-information,dallas-tx-public-info-meetings,"One city feed for public briefings, information sessions, and public-input sessions. Keep the actual title; verify each old recording against its event before live routing.",dallas-tx-public-info-meetings,no selector match,"Proposed destination: dallas-tx Public Information Meetings. This city feed combines public briefings, public information sessions, and public-input meetings. Keep the title-specific event purpose in each episode. This row’s evidence status and exact recording/source match remain as stated in its review status; do not route by title words alone."
58d39fb9a95b,dallas-tx,76869ed1994f,Forward Dallas Neighborhood Summit Press Conference,1,1,1,0,0,0,selected-public-information,dallas-tx-public-info-meetings,"One city feed for public briefings, information sessions, and public-input sessions. Keep the actual title; verify each old recording against its event before live routing.",dallas-tx-public-info-meetings,no selector match,"Proposed destination: dallas-tx Public Information Meetings. This city feed combines public briefings, public information sessions, and public-input meetings. Keep the title-specific event purpose in each episode. This row’s evidence status and exact recording/source match remain as stated in its review status; do not route by title words alone."
6bbf49c1da6b,dallas-tx,76869ed1994f,Home for the Holidays News Conference,1,1,1,0,0,0,selected-public-information,dallas-tx-public-info-meetings,"One city feed for public briefings, information sessions, and public-input sessions. Keep the actual title; verify each old recording against its event before live routing.",dallas-tx-public-info-meetings,no selector match,"Proposed destination: dallas-tx Public Information Meetings. This city feed combines public briefings, public information sessions, and public-input meetings. Keep the title-specific event purpose in each episode. This row’s evidence status and exact recording/source match remain as stated in its review status; do not route by title words alone."
6bd022632c78,dallas-tx,76869ed1994f,News Conference (Spanish),1,1,1,0,0,0,selected-public-information,dallas-tx-public-info-meetings,"One city feed for public briefings, information sessions, and public-input sessions. Keep the actual title; verify each old recording against its event before live routing.",dallas-tx-public-info-meetings,no selector match,"Proposed destination: dallas-tx Public Information Meetings. This city feed combines public briefings, public information sessions, and public-input meetings. Keep the title-specific event purpose in each episode. This row’s evidence status and exact recording/source match remain as stated in its review status; do not route by title words alone."
8af7f3dd32d0,dallas-tx,76869ed1994f,Fentanyl Awareness Day Proclamation Press Conference,1,1,1,0,0,0,selected-public-information,dallas-tx-public-info-meetings,"One city feed for public briefings, information sessions, and public-input sessions. Keep the actual title; verify each old recording against its event before live routing.",dallas-tx-public-info-meetings,no selector match,"Proposed destination: dallas-tx Public Information Meetings. This city feed combines public briefings, public information sessions, and public-input meetings. Keep the title-specific event purpose in each episode. This row’s evidence status and exact recording/source match remain as stated in its review status; do not route by title words alone."
906131278476,dallas-tx,76869ed1994f,Proposed Annual Budget for Fiscal Year 2013-2014,1,1,1,0,0,0,selected-public-information,dallas-tx-public-info-meetings,"One city feed for public briefings, information sessions, and public-input sessions. Keep the actual title; verify each old recording against its event before live routing.",dallas-tx-public-info-meetings,no selector match,"Proposed destination: dallas-tx Public Information Meetings. This city feed combines public briefings, public information sessions, and public-input meetings. Keep the title-specific event purpose in each episode. This row’s evidence status and exact recording/source match remain as stated in its review status; do not route by title words alone."
95d0cfe8077c,dallas-tx,76869ed1994f,Joint Dallas Ebola Update News Conference,1,1,1,0,0,0,selected-public-information,dallas-tx-public-info-meetings,"One city feed for public briefings, information sessions, and public-input sessions. Keep the actual title; verify each old recording against its event before live routing.",dallas-tx-public-info-meetings,no selector match,"Proposed destination: dallas-tx Public Information Meetings. This city feed combines public briefings, public information sessions, and public-input meetings. Keep the title-specific event purpose in each episode. This row’s evidence status and exact recording/source match remain as stated in its review status; do not route by title words alone."
9c90fa220764,dallas-tx,76869ed1994f,City of Dallas Scooter Press Conference,1,1,1,0,0,0,selected-public-information,dallas-tx-public-info-meetings,"One city feed for public briefings, information sessions, and public-input sessions. Keep the actual title; verify each old recording against its event before live routing.",dallas-tx-public-info-meetings,no selector match,"Proposed destination: dallas-tx Public Information Meetings. This city feed combines public briefings, public information sessions, and public-input meetings. Keep the title-specific event purpose in each episode. This row’s evidence status and exact recording/source match remain as stated in its review status; do not route by title words alone."
a12f9397dbb4,dallas-tx,76869ed1994f,News Conference,4,4,4,0,0,0,selected-public-information,dallas-tx-public-info-meetings,"One city feed for public briefings, information sessions, and public-input sessions. Keep the actual title; verify each old recording against its event before live routing.",dallas-tx-public-info-meetings,no selector match,"Proposed destination: dallas-tx Public Information Meetings. This city feed combines public briefings, public information sessions, and public-input meetings. Keep the title-specific event purpose in each episode. This row’s evidence status and exact recording/source match remain as stated in its review status; do not route by title words alone."
a208baf52132,dallas-tx,76869ed1994f,Dallas Ebola Case News Conference,1,1,1,0,0,0,selected-public-information,dallas-tx-public-info-meetings,"One city feed for public briefings, information sessions, and public-input sessions. Keep the actual title; verify each old recording against its event before live routing.",dallas-tx-public-info-meetings,no selector match,"Proposed destination: dallas-tx Public Information Meetings. This city feed combines public briefings, public information sessions, and public-input meetings. Keep the title-specific event purpose in each episode. This row’s evidence status and exact recording/source match remain as stated in its review status; do not route by title words alone."
a9894d5c76d0,dallas-tx,76869ed1994f,State of the Address,1,1,1,0,0,0,selected-public-information,dallas-tx-public-info-meetings,"One city feed for public briefings, information sessions, and public-input sessions. Keep the actual title; verify each old recording against its event before live routing.",dallas-tx-public-info-meetings,no selector match,"Proposed destination: dallas-tx Public Information Meetings. This city feed combines public briefings, public information sessions, and public-input meetings. Keep the title-specific event purpose in each episode. This row’s evidence status and exact recording/source match remain as stated in its review status; do not route by title words alone."
b2e00d9de462,dallas-tx,76869ed1994f,Racial Equity Audit Report,2,2,2,0,0,0,selected-public-information,dallas-tx-public-info-meetings,"One city feed for public briefings, information sessions, and public-input sessions. Keep the actual title; verify each old recording against its event before live routing.",dallas-tx-public-info-meetings,no selector match,"Proposed destination: dallas-tx Public Information Meetings. This city feed combines public briefings, public information sessions, and public-input meetings. Keep the title-specific event purpose in each episode. This row’s evidence status and exact recording/source match remain as stated in its review status; do not route by title words alone."
b75e7e857ecb,dallas-tx,76869ed1994f,City of Dallas FY-2020-21 Budget Press Conference,1,1,1,0,0,0,selected-public-information,dallas-tx-public-info-meetings,"One city feed for public briefings, information sessions, and public-input sessions. Keep the actual title; verify each old recording against its event before live routing.",dallas-tx-public-info-meetings,no selector match,"Proposed destination: dallas-tx Public Information Meetings. This city feed combines public briefings, public information sessions, and public-input meetings. Keep the title-specific event purpose in each episode. This row’s evidence status and exact recording/source match remain as stated in its review status; do not route by title words alone."
b8d7f203f0c3,dallas-tx,76869ed1994f,District 4's Dallas 365 Safe Press Conference,1,1,1,0,0,0,selected-public-information,dallas-tx-public-info-meetings,"One city feed for public briefings, information sessions, and public-input sessions. Keep the actual title; verify each old recording against its event before live routing.",dallas-tx-public-info-meetings,no selector match,"Proposed destination: dallas-tx Public Information Meetings. This city feed combines public briefings, public information sessions, and public-input meetings. Keep the title-specific event purpose in each episode. This row’s evidence status and exact recording/source match remain as stated in its review status; do not route by title words alone."
c69f20a86e24,dallas-tx,76869ed1994f,Fair Park Foundation Press Conference,1,1,1,0,0,0,selected-public-information,dallas-tx-public-info-meetings,"One city feed for public briefings, information sessions, and public-input sessions. Keep the actual title; verify each old recording against its event before live routing.",dallas-tx-public-info-meetings,no selector match,"Proposed destination: dallas-tx Public Information Meetings. This city feed combines public briefings, public information sessions, and public-input meetings. Keep the title-specific event purpose in each episode. This row’s evidence status and exact recording/source match remain as stated in its review status; do not route by title words alone."
0d14e341f15e,denton-tx,3b7588310856,Development Code Review Committee on 2018-10-26 11:00 AM,1,1,0,0,1,0,approved-new-body-rule-local,denton-tx-development-code-review-committee,Added or retained a reusable source/body rule in local config denton-tx-development-code-review-committee; no UID-only inclusion. Historical recording/event and live deployment checks remain separate.,denton-tx-development-code-review-committee,local rule added; pending full replay and deployment,Dedicated Denton Development Code Review Committee feed
14f2f127c33d,denton-tx,3b7588310856,Development Code Review Committee on 2018-08-10 11:00 AM,1,1,0,1,0,0,approved-new-body-rule-local,denton-tx-development-code-review-committee,Added or retained a reusable source/body rule in local config denton-tx-development-code-review-committee; no UID-only inclusion. Historical recording/event and live deployment checks remain separate.,denton-tx-development-code-review-committee,local rule added; pending full replay and deployment,Dedicated Denton Development Code Review Committee feed
1fc84da8fc6a,denton-tx,3b7588310856,Development Code Review Committee on 2018-09-28 9:00 AM,1,1,0,1,0,0,approved-new-body-rule-local,denton-tx-development-code-review-committee,Added or retained a reusable source/body rule in local config denton-tx-development-code-review-committee; no UID-only inclusion. Historical recording/event and live deployment checks remain separate.,denton-tx-development-code-review-committee,local rule added; pending full replay and deployment,Dedicated Denton Development Code Review Committee feed
24af6a49fab3,denton-tx,3b7588310856,Development Code Review Committee on 2018-06-22 11:00 AM,1,1,0,1,0,0,approved-new-body-rule-local,denton-tx-development-code-review-committee,Added or retained a reusable source/body rule in local config denton-tx-development-code-review-committee; no UID-only inclusion. Historical recording/event and live deployment checks remain separate.,denton-tx-development-code-review-committee,local rule added; pending full replay and deployment,Dedicated Denton Development Code Review Committee feed
2a69e21f4dec,denton-tx,3b7588310856,Development Code Review Committee on 2021-05-05 11:00 AM,1,1,1,0,0,0,approved-new-body-rule-local,denton-tx-development-code-review-committee,Added or retained a reusable source/body rule in local config denton-tx-development-code-review-committee; no UID-only inclusion. Historical recording/event and live deployment checks remain separate.,denton-tx-development-code-review-committee,local rule added; pending full replay and deployment,Dedicated Denton Development Code Review Committee feed
37442449781e,denton-tx,3b7588310856,Development Code Review Committee on 2020-11-11 1:00 PM,1,1,1,0,0,0,approved-new-body-rule-local,denton-tx-development-code-review-committee,Added or retained a reusable source/body rule in local config denton-tx-development-code-review-committee; no UID-only inclusion. Historical recording/event and live deployment checks remain separate.,denton-tx-development-code-review-committee,local rule added; pending full replay and deployment,Dedicated Denton Development Code Review Committee feed
531b6c7c9df8,denton-tx,3b7588310856,Development Code Review Committee on 2021-01-14 4:00 PM (SPECIAL CALLED MEETING),1,1,1,0,0,0,approved-new-body-rule-local,denton-tx-development-code-review-committee,Added or retained a reusable source/body rule in local config denton-tx-development-code-review-committee; no UID-only inclusion. Historical recording/event and live deployment checks remain separate.,denton-tx-development-code-review-committee,local rule added; pending full replay and deployment,Dedicated Denton Development Code Review Committee feed
57d7826ac6c9,denton-tx,3b7588310856,Development Code Review Committee on 2020-11-18 1:00 PM,1,1,1,0,0,0,approved-new-body-rule-local,denton-tx-development-code-review-committee,Added or retained a reusable source/body rule in local config denton-tx-development-code-review-committee; no UID-only inclusion. Historical recording/event and live deployment checks remain separate.,denton-tx-development-code-review-committee,local rule added; pending full replay and deployment,Dedicated Denton Development Code Review Committee feed
6e2f1655a090,denton-tx,3b7588310856,Development Code Review Committee on 2020-11-04 1:00 PM,1,1,1,0,0,0,approved-new-body-rule-local,denton-tx-development-code-review-committee,Added or retained a reusable source/body rule in local config denton-tx-development-code-review-committee; no UID-only inclusion. Historical recording/event and live deployment checks remain separate.,denton-tx-development-code-review-committee,local rule added; pending full replay and deployment,Dedicated Denton Development Code Review Committee feed
6eff09bf8260,denton-tx,3b7588310856,Development Code Review Committee on 2021-04-14 12:30 PM,1,1,1,0,0,0,approved-new-body-rule-local,denton-tx-development-code-review-committee,Added or retained a reusable source/body rule in local config denton-tx-development-code-review-committee; no UID-only inclusion. Historical recording/event and live deployment checks remain separate.,denton-tx-development-code-review-committee,local rule added; pending full replay and deployment,Dedicated Denton Development Code Review Committee feed
6fad924f5fb9,denton-tx,3b7588310856,Development Code Review Committee on 2018-07-13 11:00 AM,1,1,0,1,0,0,approved-new-body-rule-local,denton-tx-development-code-review-committee,Added or retained a reusable source/body rule in local config denton-tx-development-code-review-committee; no UID-only inclusion. Historical recording/event and live deployment checks remain separate.,denton-tx-development-code-review-committee,local rule added; pending full replay and deployment,Dedicated Denton Development Code Review Committee feed
77c9596f5cf6,denton-tx,3b7588310856,Development Code Review Committee on 2018-08-24 11:00 AM,1,1,0,1,0,0,approved-new-body-rule-local,denton-tx-development-code-review-committee,Added or retained a reusable source/body rule in local config denton-tx-development-code-review-committee; no UID-only inclusion. Historical recording/event and live deployment checks remain separate.,denton-tx-development-code-review-committee,local rule added; pending full replay and deployment,Dedicated Denton Development Code Review Committee feed
82878aaf72c7,denton-tx,3b7588310856,Development Code Review Committee on 2018-05-24 12:00 PM,1,1,0,1,0,0,approved-new-body-rule-local,denton-tx-development-code-review-committee,Added or retained a reusable source/body rule in local config denton-tx-development-code-review-committee; no UID-only inclusion. Historical recording/event and live deployment checks remain separate.,denton-tx-development-code-review-committee,local rule added; pending full replay and deployment,Dedicated Denton Development Code Review Committee feed
8c6d2450f0dc,denton-tx,3b7588310856,Development Code Review Committee on 2018-10-19 11:00 AM,1,1,0,0,1,0,approved-new-body-rule-local,denton-tx-development-code-review-committee,Added or retained a reusable source/body rule in local config denton-tx-development-code-review-committee; no UID-only inclusion. Historical recording/event and live deployment checks remain separate.,denton-tx-development-code-review-committee,local rule added; pending full replay and deployment,Dedicated Denton Development Code Review Committee feed
9e662fa155ff,denton-tx,3b7588310856,Development Code Review Committee on 2018-07-06 11:00 AM,1,1,0,1,0,0,approved-new-body-rule-local,denton-tx-development-code-review-committee,Added or retained a reusable source/body rule in local config denton-tx-development-code-review-committee; no UID-only inclusion. Historical recording/event and live deployment checks remain separate.,denton-tx-development-code-review-committee,local rule added; pending full replay and deployment,Dedicated Denton Development Code Review Committee feed
a8eb119725c5,denton-tx,3b7588310856,Development Code Review Committee on 2018-05-11 11:00 AM,1,1,0,1,0,0,approved-new-body-rule-local,denton-tx-development-code-review-committee,Added or retained a reusable source/body rule in local config denton-tx-development-code-review-committee; no UID-only inclusion. Historical recording/event and live deployment checks remain separate.,denton-tx-development-code-review-committee,local rule added; pending full replay and deployment,Dedicated Denton Development Code Review Committee feed
c2611b3f8aac,denton-tx,3b7588310856,Development Code Review Committee on 2020-10-19 11:00 AM,1,1,1,0,0,0,approved-new-body-rule-local,denton-tx-development-code-review-committee,Added or retained a reusable source/body rule in local config denton-tx-development-code-review-committee; no UID-only inclusion. Historical recording/event and live deployment checks remain separate.,denton-tx-development-code-review-committee,local rule added; pending full replay and deployment,Dedicated Denton Development Code Review Committee feed
df49638452fa,denton-tx,3b7588310856,Development Code Review Committee on 2021-04-28 12:00 PM,1,1,1,0,0,0,approved-new-body-rule-local,denton-tx-development-code-review-committee,Added or retained a reusable source/body rule in local config denton-tx-development-code-review-committee; no UID-only inclusion. Historical recording/event and live deployment checks remain separate.,denton-tx-development-code-review-committee,local rule added; pending full replay and deployment,Dedicated Denton Development Code Review Committee feed
e89f45ad6e87,denton-tx,3b7588310856,Development Code Review Committee on 2018-07-20 11:00 AM,1,1,0,0,1,0,approved-new-body-rule-local,denton-tx-development-code-review-committee,Added or retained a reusable source/body rule in local config denton-tx-development-code-review-committee; no UID-only inclusion. Historical recording/event and live deployment checks remain separate.,denton-tx-development-code-review-committee,local rule added; pending full replay and deployment,Dedicated Denton Development Code Review Committee feed
f991a8d99234,denton-tx,3b7588310856,Development Code Review Committee on 2018-06-29 11:00 AM,1,1,0,1,0,0,approved-new-body-rule-local,denton-tx-development-code-review-committee,Added or retained a reusable source/body rule in local config denton-tx-development-code-review-committee; no UID-only inclusion. Historical recording/event and live deployment checks remain separate.,denton-tx-development-code-review-committee,local rule added; pending full replay and deployment,Dedicated Denton Development Code Review Committee feed
1df1a3b6f4b1,denton-tx,3b7588310856,Bond Oversight Committee on 2021-05-06 12:00 PM,1,1,1,0,0,0,approved-new-body-rule-local,denton-tx-bond-oversight-committee,Reusable exact Denton Bond Oversight Committee body rule added locally; no UID-only inclusion. Preserve the historical source records and audio; deployment and recording/event verification remain.,denton-tx-bond-oversight-committee,local rule added; pending full replay and deployment,Assign to the Denton Bond Oversight Committee feed by body-name rule.
478a92e2e69c,denton-tx,3b7588310856,Special Citizens Bond Advisory Committee on 2023-06-26 6:00 PM (AMENDED ON 06-26-23),1,1,1,0,0,0,approved-body-rule-local,denton-tx-special-citizens-bond-advisory-committee,Added or retained a reusable source/body rule in local config denton-tx-special-citizens-bond-advisory-committee; no UID-only inclusion. Historical recording/event and live deployment checks remain separate.,denton-tx-special-citizens-bond-advisory-committee,local rule added; pending full replay and deployment,Reopened candidate: route the 2019 and 2023 Special Citizens Bond Advisory Committee cycles to the existing named-committee feed; keep the official year/title. Not approved or applied.
4bd5f3ae288b,denton-tx,3b7588310856,Special Citizens Bond Advisory Committee on 2023-06-27 6:00 PM,1,1,1,0,0,0,approved-body-rule-local,denton-tx-special-citizens-bond-advisory-committee,Added or retained a reusable source/body rule in local config denton-tx-special-citizens-bond-advisory-committee; no UID-only inclusion. Historical recording/event and live deployment checks remain separate.,denton-tx-special-citizens-bond-advisory-committee,local rule added; pending full replay and deployment,Reopened candidate: route the 2019 and 2023 Special Citizens Bond Advisory Committee cycles to the existing named-committee feed; keep the official year/title. Not approved or applied.
77409ab322d8,denton-tx,3b7588310856,Special Citizens Bond Advisory Committee on 2019-06-27 6:00 PM,1,1,1,0,0,0,approved-body-rule-local,denton-tx-special-citizens-bond-advisory-committee,Added or retained a reusable source/body rule in local config denton-tx-special-citizens-bond-advisory-committee; no UID-only inclusion. Historical recording/event and live deployment checks remain separate.,denton-tx-special-citizens-bond-advisory-committee,local rule added; pending full replay and deployment,Reopened candidate: route the 2019 and 2023 Special Citizens Bond Advisory Committee cycles to the existing named-committee feed; keep the official year/title. Not approved or applied.
83b781b1d992,denton-tx,3b7588310856,Special Citizens Bond Advisory Committee on 2019-06-27 3:00 PM (SCBAC Task Force),1,1,1,0,0,0,approved-body-rule-local,denton-tx-special-citizens-bond-advisory-committee,Added or retained a reusable source/body rule in local config denton-tx-special-citizens-bond-advisory-committee; no UID-only inclusion. Historical recording/event and live deployment checks remain separate.,denton-tx-special-citizens-bond-advisory-committee,local rule added; pending full replay and deployment,Reopened candidate: route the 2019 and 2023 Special Citizens Bond Advisory Committee cycles to the existing named-committee feed; keep the official year/title. Not approved or applied.
a40835890164,denton-tx,3b7588310856,Bond Oversight Committee on 2020-07-23 11:30 AM,1,1,1,0,0,0,approved-new-body-rule-local,denton-tx-bond-oversight-committee,Reusable exact Denton Bond Oversight Committee body rule added locally; no UID-only inclusion. Preserve the historical source records and audio; deployment and recording/event verification remain.,denton-tx-bond-oversight-committee,local rule added; pending full replay and deployment,Assign to the Denton Bond Oversight Committee feed by body-name rule.
a49c0bc4e9ca,denton-tx,3b7588310856,Special Citizens Bond Advisory Committee on 2023-07-11 6:00 PM (AMENDED ON 07-11-23),1,1,1,0,0,0,approved-body-rule-local,denton-tx-special-citizens-bond-advisory-committee,Added or retained a reusable source/body rule in local config denton-tx-special-citizens-bond-advisory-committee; no UID-only inclusion. Historical recording/event and live deployment checks remain separate.,denton-tx-special-citizens-bond-advisory-committee,local rule added; pending full replay and deployment,Reopened candidate: route the 2019 and 2023 Special Citizens Bond Advisory Committee cycles to the existing named-committee feed; keep the official year/title. Not approved or applied.
aa127b028cea,denton-tx,3b7588310856,Special Citizens Bond Advisory Committee on 2023-05-23 6:00 PM,1,1,1,0,0,0,approved-body-rule-local,denton-tx-special-citizens-bond-advisory-committee,Added or retained a reusable source/body rule in local config denton-tx-special-citizens-bond-advisory-committee; no UID-only inclusion. Historical recording/event and live deployment checks remain separate.,denton-tx-special-citizens-bond-advisory-committee,local rule added; pending full replay and deployment,Reopened candidate: route the 2019 and 2023 Special Citizens Bond Advisory Committee cycles to the existing named-committee feed; keep the official year/title. Not approved or applied.
ad6b38b20241,denton-tx,3b7588310856,Bond Oversight Committee on 2021-02-04 12:00 PM (AMENDED),1,1,1,0,0,0,approved-new-body-rule-local,denton-tx-bond-oversight-committee,Reusable exact Denton Bond Oversight Committee body rule added locally; no UID-only inclusion. Preserve the historical source records and audio; deployment and recording/event verification remain.,denton-tx-bond-oversight-committee,local rule added; pending full replay and deployment,Assign to the Denton Bond Oversight Committee feed by body-name rule.
c3f4b124c223,denton-tx,3b7588310856,Bond Oversight Committee on 2020-11-05 12:00 PM (SPECIAL CALLED MEETING),1,1,1,0,0,0,approved-new-body-rule-local,denton-tx-bond-oversight-committee,Reusable exact Denton Bond Oversight Committee body rule added locally; no UID-only inclusion. Preserve the historical source records and audio; deployment and recording/event verification remain.,denton-tx-bond-oversight-committee,local rule added; pending full replay and deployment,Assign to the Denton Bond Oversight Committee feed by body-name rule.
c4e1f52e9b85,denton-tx,3b7588310856,Special Citizens Bond Advisory Committee on 2019-06-13 6:00 PM,1,1,1,0,0,0,approved-body-rule-local,denton-tx-special-citizens-bond-advisory-committee,Added or retained a reusable source/body rule in local config denton-tx-special-citizens-bond-advisory-committee; no UID-only inclusion. Historical recording/event and live deployment checks remain separate.,denton-tx-special-citizens-bond-advisory-committee,local rule added; pending full replay and deployment,Reopened candidate: route the 2019 and 2023 Special Citizens Bond Advisory Committee cycles to the existing named-committee feed; keep the official year/title. Not approved or applied.
d9ed1dfc1f14,denton-tx,3b7588310856,Special Citizens Bond Advisory Committee on 2023-06-01 6:00 PM (AMENDED on 5-30-2023),1,1,1,0,0,0,approved-body-rule-local,denton-tx-special-citizens-bond-advisory-committee,Added or retained a reusable source/body rule in local config denton-tx-special-citizens-bond-advisory-committee; no UID-only inclusion. Historical recording/event and live deployment checks remain separate.,denton-tx-special-citizens-bond-advisory-committee,local rule added; pending full replay and deployment,Reopened candidate: route the 2019 and 2023 Special Citizens Bond Advisory Committee cycles to the existing named-committee feed; keep the official year/title. Not approved or applied.
de18563657ea,denton-tx,3b7588310856,Special Citizens Bond Advisory Committee on 2019-07-11 4:00 PM (SCBAC Task Force),1,1,1,0,0,0,approved-body-rule-local,denton-tx-special-citizens-bond-advisory-committee,Added or retained a reusable source/body rule in local config denton-tx-special-citizens-bond-advisory-committee; no UID-only inclusion. Historical recording/event and live deployment checks remain separate.,denton-tx-special-citizens-bond-advisory-committee,local rule added; pending full replay and deployment,Reopened candidate: route the 2019 and 2023 Special Citizens Bond Advisory Committee cycles to the existing named-committee feed; keep the official year/title. Not approved or applied.
df639b77261d,denton-tx,3b7588310856,Special Citizens Bond Advisory Committee on 2019-06-20 6:00 PM,1,1,1,0,0,0,approved-body-rule-local,denton-tx-special-citizens-bond-advisory-committee,Added or retained a reusable source/body rule in local config denton-tx-special-citizens-bond-advisory-committee; no UID-only inclusion. Historical recording/event and live deployment checks remain separate.,denton-tx-special-citizens-bond-advisory-committee,local rule added; pending full replay and deployment,Reopened candidate: route the 2019 and 2023 Special Citizens Bond Advisory Committee cycles to the existing named-committee feed; keep the official year/title. Not approved or applied.
f0466caf04bb,denton-tx,3b7588310856,Special Citizens Bond Advisory Committee on 07-25-2019 6:00 PM,1,1,1,0,0,0,approved-body-rule-local,denton-tx-special-citizens-bond-advisory-committee,Added or retained a reusable source/body rule in local config denton-tx-special-citizens-bond-advisory-committee; no UID-only inclusion. Historical recording/event and live deployment checks remain separate.,denton-tx-special-citizens-bond-advisory-committee,local rule added; pending full replay and deployment,Reopened candidate: route the 2019 and 2023 Special Citizens Bond Advisory Committee cycles to the existing named-committee feed; keep the official year/title. Not approved or applied.
f12e4d775e8f,denton-tx,3b7588310856,Special Citizens Bond Advisory Committee on 2019-07-18 5:30 PM,1,1,1,0,0,0,approved-body-rule-local,denton-tx-special-citizens-bond-advisory-committee,Added or retained a reusable source/body rule in local config denton-tx-special-citizens-bond-advisory-committee; no UID-only inclusion. Historical recording/event and live deployment checks remain separate.,denton-tx-special-citizens-bond-advisory-committee,local rule added; pending full replay and deployment,Reopened candidate: route the 2019 and 2023 Special Citizens Bond Advisory Committee cycles to the existing named-committee feed; keep the official year/title. Not approved or applied.
f3c913374621,denton-tx,3b7588310856,Special Citizens Bond Advisory Committee on 2019-07-11 6:00 PM,1,1,1,0,0,0,approved-body-rule-local,denton-tx-special-citizens-bond-advisory-committee,Added or retained a reusable source/body rule in local config denton-tx-special-citizens-bond-advisory-committee; no UID-only inclusion. Historical recording/event and live deployment checks remain separate.,denton-tx-special-citizens-bond-advisory-committee,local rule added; pending full replay and deployment,Reopened candidate: route the 2019 and 2023 Special Citizens Bond Advisory Committee cycles to the existing named-committee feed; keep the official year/title. Not approved or applied.
f5411a80b65c,denton-tx,3b7588310856,Special Citizens Bond Advisory Committee on 2023-06-15 6:00 PM (AMENDED on 06-13-2023),1,1,1,0,0,0,approved-body-rule-local,denton-tx-special-citizens-bond-advisory-committee,Added or retained a reusable source/body rule in local config denton-tx-special-citizens-bond-advisory-committee; no UID-only inclusion. Historical recording/event and live deployment checks remain separate.,denton-tx-special-citizens-bond-advisory-committee,local rule added; pending full replay and deployment,Reopened candidate: route the 2019 and 2023 Special Citizens Bond Advisory Committee cycles to the existing named-committee feed; keep the official year/title. Not approved or applied.
0275f20fc17d,denton-tx,3b7588310856,Public Art Committee on 2020-09-04 3:00 PM,1,1,1,0,0,0,approved-new-body-rule-local,denton-tx-public-art-committee,Added or retained a reusable source/body rule in local config denton-tx-public-art-committee; no UID-only inclusion. Historical recording/event and live deployment checks remain separate.,denton-tx-public-art-committee,local rule added; pending full replay and deployment,Dedicated Denton Public Art Committee feed
0b0a9f1cdd44,denton-tx,3b7588310856,Public Art Committee on 2018-09-06 4:00 PM,1,1,0,1,0,0,approved-new-body-rule-local,denton-tx-public-art-committee,Added or retained a reusable source/body rule in local config denton-tx-public-art-committee; no UID-only inclusion. Historical recording/event and live deployment checks remain separate.,denton-tx-public-art-committee,local rule added; pending full replay and deployment,Dedicated Denton Public Art Committee feed
250502b09991,denton-tx,3b7588310856,Public Art Committee on 2018-03-01 4:30 PM,1,1,0,1,0,0,approved-new-body-rule-local,denton-tx-public-art-committee,Added or retained a reusable source/body rule in local config denton-tx-public-art-committee; no UID-only inclusion. Historical recording/event and live deployment checks remain separate.,denton-tx-public-art-committee,local rule added; pending full replay and deployment,Dedicated Denton Public Art Committee feed
38a9a76964c6,denton-tx,3b7588310856,Public Art Committee on 2020-12-04 12:00 PM,1,1,1,0,0,0,approved-new-body-rule-local,denton-tx-public-art-committee,Added or retained a reusable source/body rule in local config denton-tx-public-art-committee; no UID-only inclusion. Historical recording/event and live deployment checks remain separate.,denton-tx-public-art-committee,local rule added; pending full replay and deployment,Dedicated Denton Public Art Committee feed
40bf1c6411d3,denton-tx,3b7588310856,Public Art Committee on 2018-06-07 4:00 PM,1,1,0,1,0,0,approved-new-body-rule-local,denton-tx-public-art-committee,Added or retained a reusable source/body rule in local config denton-tx-public-art-committee; no UID-only inclusion. Historical recording/event and live deployment checks remain separate.,denton-tx-public-art-committee,local rule added; pending full replay and deployment,Dedicated Denton Public Art Committee feed
57c1429e5f40,denton-tx,3b7588310856,Public Art Committee on 2018-04-05 4:00 PM,1,1,0,1,0,0,approved-new-body-rule-local,denton-tx-public-art-committee,Added or retained a reusable source/body rule in local config denton-tx-public-art-committee; no UID-only inclusion. Historical recording/event and live deployment checks remain separate.,denton-tx-public-art-committee,local rule added; pending full replay and deployment,Dedicated Denton Public Art Committee feed
65783f46e0b0,denton-tx,3b7588310856,Public Art Committee on 2020-06-22 3:00 PM (SPECIAL CALLED MEETING),1,1,1,0,0,0,approved-new-body-rule-local,denton-tx-public-art-committee,Added or retained a reusable source/body rule in local config denton-tx-public-art-committee; no UID-only inclusion. Historical recording/event and live deployment checks remain separate.,denton-tx-public-art-committee,local rule added; pending full replay and deployment,Dedicated Denton Public Art Committee feed
9b42080594ad,denton-tx,3b7588310856,Public Art Committee on 2021-04-16 4:00 PM (SPECIAL CALLED MEETING),1,1,1,0,0,0,approved-new-body-rule-local,denton-tx-public-art-committee,Added or retained a reusable source/body rule in local config denton-tx-public-art-committee; no UID-only inclusion. Historical recording/event and live deployment checks remain separate.,denton-tx-public-art-committee,local rule added; pending full replay and deployment,Dedicated Denton Public Art Committee feed
bebcd6bb901b,denton-tx,3b7588310856,Public Art Committee on 2020-10-22 12:00 PM,1,1,1,0,0,0,approved-new-body-rule-local,denton-tx-public-art-committee,Added or retained a reusable source/body rule in local config denton-tx-public-art-committee; no UID-only inclusion. Historical recording/event and live deployment checks remain separate.,denton-tx-public-art-committee,local rule added; pending full replay and deployment,Dedicated Denton Public Art Committee feed
cdbd695dd982,denton-tx,3b7588310856,Public Art Committee on 2021-01-28 12:00 PM,1,1,1,0,0,0,approved-new-body-rule-local,denton-tx-public-art-committee,Added or retained a reusable source/body rule in local config denton-tx-public-art-committee; no UID-only inclusion. Historical recording/event and live deployment checks remain separate.,denton-tx-public-art-committee,local rule added; pending full replay and deployment,Dedicated Denton Public Art Committee feed
d29f367b05fe,denton-tx,3b7588310856,Public Art Committee on 2021-05-21 4:00 PM (SPECIAL CALLED MEETING),1,1,1,0,0,0,approved-new-body-rule-local,denton-tx-public-art-committee,Added or retained a reusable source/body rule in local config denton-tx-public-art-committee; no UID-only inclusion. Historical recording/event and live deployment checks remain separate.,denton-tx-public-art-committee,local rule added; pending full replay and deployment,Dedicated Denton Public Art Committee feed
d2f253cdac4d,denton-tx,3b7588310856,Public Art Committee on 2020-06-04 1:00 PM,1,1,1,0,0,0,approved-new-body-rule-local,denton-tx-public-art-committee,Added or retained a reusable source/body rule in local config denton-tx-public-art-committee; no UID-only inclusion. Historical recording/event and live deployment checks remain separate.,denton-tx-public-art-committee,local rule added; pending full replay and deployment,Dedicated Denton Public Art Committee feed
d55a84eae635,denton-tx,3b7588310856,Public Art Committee on 2020-07-17 3:00 PM (SPECIAL CALLED MEETING),1,1,1,0,0,0,approved-new-body-rule-local,denton-tx-public-art-committee,Added or retained a reusable source/body rule in local config denton-tx-public-art-committee; no UID-only inclusion. Historical recording/event and live deployment checks remain separate.,denton-tx-public-art-committee,local rule added; pending full replay and deployment,Dedicated Denton Public Art Committee feed
e273cd7a747b,denton-tx,3b7588310856,Public Art Committee on 2020-08-07 3:00 PM,1,1,1,0,0,0,approved-new-body-rule-local,denton-tx-public-art-committee,Added or retained a reusable source/body rule in local config denton-tx-public-art-committee; no UID-only inclusion. Historical recording/event and live deployment checks remain separate.,denton-tx-public-art-committee,local rule added; pending full replay and deployment,Dedicated Denton Public Art Committee feed
edad92bfea45,denton-tx,3b7588310856,Public Art Committee on 2021-03-04 12:00 PM,1,1,1,0,0,0,approved-new-body-rule-local,denton-tx-public-art-committee,Added or retained a reusable source/body rule in local config denton-tx-public-art-committee; no UID-only inclusion. Historical recording/event and live deployment checks remain separate.,denton-tx-public-art-committee,local rule added; pending full replay and deployment,Dedicated Denton Public Art Committee feed
f6a47430e9f4,denton-tx,3b7588310856,Public Art Committee on 2018-05-03 4:00 PM,1,1,0,1,0,0,approved-new-body-rule-local,denton-tx-public-art-committee,Added or retained a reusable source/body rule in local config denton-tx-public-art-committee; no UID-only inclusion. Historical recording/event and live deployment checks remain separate.,denton-tx-public-art-committee,local rule added; pending full replay and deployment,Dedicated Denton Public Art Committee feed
0aa70b4df5a2,fort-worth-tx,6540eef2dc2e,COVID-19 Community Update COVID-19 Community Update,6,6,6,0,0,0,selected-public-information,fort-worth-tx-public-info-meetings,"One city feed for public briefings, information sessions, and public-input sessions. Keep the actual title; verify each old recording against its event before live routing.",fort-worth-tx-public-info-meetings,no selector match,"Proposed destination: fort-worth-tx Public Information Meetings. This city feed combines public briefings, public information sessions, and public-input meetings. Keep the title-specific event purpose in each episode. This row’s evidence status and exact recording/source match remain as stated in its review status; do not route by title words alone."
13c49451cba0,fort-worth-tx,6540eef2dc2e,COVID-19 Press Conference COVID-19 Press Conference,2,2,2,0,0,0,selected-public-information,fort-worth-tx-public-info-meetings,"One city feed for public briefings, information sessions, and public-input sessions. Keep the actual title; verify each old recording against its event before live routing.",fort-worth-tx-public-info-meetings,no selector match,"Proposed destination: fort-worth-tx Public Information Meetings. This city feed combines public briefings, public information sessions, and public-input meetings. Keep the title-specific event purpose in each episode. This row’s evidence status and exact recording/source match remain as stated in its review status; do not route by title words alone."
23a109dc77e3,fort-worth-tx,6540eef2dc2e,Rainbow Lounge Investigation Report Rainbow Lounge Investigation Report,1,1,1,0,0,0,selected-public-information,fort-worth-tx-public-info-meetings,"One city feed for public briefings, information sessions, and public-input sessions. Keep the actual title; verify each old recording against its event before live routing.",fort-worth-tx-public-info-meetings,no selector match,"Proposed destination: fort-worth-tx Public Information Meetings. This city feed combines public briefings, public information sessions, and public-input meetings. Keep the title-specific event purpose in each episode. This row’s evidence status and exact recording/source match remain as stated in its review status; do not route by title words alone."
29f9c84b97d2,fort-worth-tx,6540eef2dc2e,Air Quality Study Presentation Air Quality Study Presentation,1,1,1,0,0,0,selected-public-information,fort-worth-tx-public-info-meetings,"One city feed for public briefings, information sessions, and public-input sessions. Keep the actual title; verify each old recording against its event before live routing.",fort-worth-tx-public-info-meetings,no selector match,"Proposed destination: fort-worth-tx Public Information Meetings. This city feed combines public briefings, public information sessions, and public-input meetings. Keep the title-specific event purpose in each episode. This row’s evidence status and exact recording/source match remain as stated in its review status; do not route by title words alone."
570ef534ae68,fort-worth-tx,6540eef2dc2e,Budget Engagement Meeting - City Manager's presentation Budget Engagement Meeting - City Manager's presentation,2,2,2,0,0,0,selected-public-information,fort-worth-tx-public-info-meetings,"One city feed for public briefings, information sessions, and public-input sessions. Keep the actual title; verify each old recording against its event before live routing.",fort-worth-tx-public-info-meetings,no selector match,"Proposed destination: fort-worth-tx Public Information Meetings. This city feed combines public briefings, public information sessions, and public-input meetings. Keep the title-specific event purpose in each episode. This row’s evidence status and exact recording/source match remain as stated in its review status; do not route by title words alone."
57397a3574b8,fort-worth-tx,6540eef2dc2e,Press Conference Press Conference,4,2,2,0,2,0,selected-public-information,fort-worth-tx-public-info-meetings,"One city feed for public briefings, information sessions, and public-input sessions. Keep the actual title; verify each old recording against its event before live routing.",fort-worth-tx-public-info-meetings,no selector match,"Proposed destination: fort-worth-tx Public Information Meetings. This city feed combines public briefings, public information sessions, and public-input meetings. Keep the title-specific event purpose in each episode. This row’s evidence status and exact recording/source match remain as stated in its review status; do not route by title words alone."
6191344c030c,fort-worth-tx,6540eef2dc2e,Air Quality Study Air Quality Study,2,2,2,0,0,0,selected-public-information,fort-worth-tx-public-info-meetings,"One city feed for public briefings, information sessions, and public-input sessions. Keep the actual title; verify each old recording against its event before live routing.",fort-worth-tx-public-info-meetings,no selector match,"Proposed destination: fort-worth-tx Public Information Meetings. This city feed combines public briefings, public information sessions, and public-input meetings. Keep the title-specific event purpose in each episode. This row’s evidence status and exact recording/source match remain as stated in its review status; do not route by title words alone."
6fd1fe0825bc,fort-worth-tx,6540eef2dc2e,COVID-19 Community Update (Spanish) COVID-19 Community Update (Spanish),46,46,46,0,0,0,selected-public-information,fort-worth-tx-public-info-meetings,"One city feed for public briefings, information sessions, and public-input sessions. Keep the actual title; verify each old recording against its event before live routing.",fort-worth-tx-public-info-meetings,no selector match,"Proposed destination: fort-worth-tx Public Information Meetings. This city feed combines public briefings, public information sessions, and public-input meetings. Keep the title-specific event purpose in each episode. This row’s evidence status and exact recording/source match remain as stated in its review status; do not route by title words alone."
76814a80f1a1,fort-worth-tx,6540eef2dc2e,Air Quality Monitors in Barnett Shale Press Conference Air Quality Monitors in Barnett Shale Press Conference,1,1,1,0,0,0,selected-public-information,fort-worth-tx-public-info-meetings,"One city feed for public briefings, information sessions, and public-input sessions. Keep the actual title; verify each old recording against its event before live routing.",fort-worth-tx-public-info-meetings,no selector match,"Proposed destination: fort-worth-tx Public Information Meetings. This city feed combines public briefings, public information sessions, and public-input meetings. Keep the title-specific event purpose in each episode. This row’s evidence status and exact recording/source match remain as stated in its review status; do not route by title words alone."
7b62c984edbf,fort-worth-tx,6540eef2dc2e,"City of Fort Worth Winter Weather Update January 31, 2023 City of Fort Worth Winter Weather Update January 31, 2023",2,2,2,0,0,0,selected-public-information,fort-worth-tx-public-info-meetings,"One city feed for public briefings, information sessions, and public-input sessions. Keep the actual title; verify each old recording against its event before live routing.",fort-worth-tx-public-info-meetings,no selector match,"Proposed destination: fort-worth-tx Public Information Meetings. This city feed combines public briefings, public information sessions, and public-input meetings. Keep the title-specific event purpose in each episode. This row’s evidence status and exact recording/source match remain as stated in its review status; do not route by title words alone."
7c03632975af,fort-worth-tx,6540eef2dc2e,"Press Conference of June 24, 2023 Press Conference of June 24, 2023",2,2,2,0,0,0,selected-public-information,fort-worth-tx-public-info-meetings,"One city feed for public briefings, information sessions, and public-input sessions. Keep the actual title; verify each old recording against its event before live routing.",fort-worth-tx-public-info-meetings,no selector match,"Proposed destination: fort-worth-tx Public Information Meetings. This city feed combines public briefings, public information sessions, and public-input meetings. Keep the title-specific event purpose in each episode. This row’s evidence status and exact recording/source match remain as stated in its review status; do not route by title words alone."
a0893c0d82bc,fort-worth-tx,6540eef2dc2e,"Police Chief Press Conference | August 22, 2025 Police Chief Press Conference | August 22, 2025",2,2,2,0,0,0,selected-public-information,fort-worth-tx-public-info-meetings,"One city feed for public briefings, information sessions, and public-input sessions. Keep the actual title; verify each old recording against its event before live routing.",fort-worth-tx-public-info-meetings,no selector match,"Proposed destination: fort-worth-tx Public Information Meetings. This city feed combines public briefings, public information sessions, and public-input meetings. Keep the title-specific event purpose in each episode. This row’s evidence status and exact recording/source match remain as stated in its review status; do not route by title words alone."
c8201f0f32e5,fort-worth-tx,6540eef2dc2e,"City of Fort Worth summer heat messaging overview of June 22, 2023 City of Fort Worth summer heat messaging overview of June 22, 2023",2,2,2,0,0,0,selected-public-information,fort-worth-tx-public-info-meetings,"One city feed for public briefings, information sessions, and public-input sessions. Keep the actual title; verify each old recording against its event before live routing.",fort-worth-tx-public-info-meetings,no selector match,"Proposed destination: fort-worth-tx Public Information Meetings. This city feed combines public briefings, public information sessions, and public-input meetings. Keep the title-specific event purpose in each episode. This row’s evidence status and exact recording/source match remain as stated in its review status; do not route by title words alone."
e33f9f850c1f,fort-worth-tx,6540eef2dc2e,COVID-19 Community Update (English) COVID-19 Community Update (English),46,46,46,0,0,0,selected-public-information,fort-worth-tx-public-info-meetings,"One city feed for public briefings, information sessions, and public-input sessions. Keep the actual title; verify each old recording against its event before live routing.",fort-worth-tx-public-info-meetings,no selector match,"Proposed destination: fort-worth-tx Public Information Meetings. This city feed combines public briefings, public information sessions, and public-input meetings. Keep the title-specific event purpose in each episode. This row’s evidence status and exact recording/source match remain as stated in its review status; do not route by title words alone."
11938fbfe6e0,denton-tx,3b7588310856,Charter Review Committee on 2024-10-03 5:30 PM,1,1,1,0,0,0,approved-new-body-rule-local,denton-tx-charter-review-committee,Created reusable Denton Charter Review Committee feed for 2017 and 2024 cycles (9 UIDs).,denton-tx-charter-review,no selector match,Created reusable Denton Charter Review Committee feed for 2017 and 2024 cycles (9 UIDs).
192fd8b13b97,denton-tx,3b7588310856,Charter Review Committee on 2024-07-25 5:30 PM,1,1,1,0,0,0,approved-new-body-rule-local,denton-tx-charter-review-committee,Created reusable Denton Charter Review Committee feed for 2017 and 2024 cycles (9 UIDs).,denton-tx-charter-review,no selector match,Created reusable Denton Charter Review Committee feed for 2017 and 2024 cycles (9 UIDs).
2be4c4c8fc8d,denton-tx,3b7588310856,Charter Review Committee on 2024-08-22 5:30 PM,1,1,1,0,0,0,approved-new-body-rule-local,denton-tx-charter-review-committee,Created reusable Denton Charter Review Committee feed for 2017 and 2024 cycles (9 UIDs).,denton-tx-charter-review,no selector match,Created reusable Denton Charter Review Committee feed for 2017 and 2024 cycles (9 UIDs).
3898836ef31c,denton-tx,3b7588310856,Charter Review Committee on 2024-10-17 5:30 PM,1,1,1,0,0,0,approved-new-body-rule-local,denton-tx-charter-review-committee,Created reusable Denton Charter Review Committee feed for 2017 and 2024 cycles (9 UIDs).,denton-tx-charter-review,no selector match,Created reusable Denton Charter Review Committee feed for 2017 and 2024 cycles (9 UIDs).
70d695073180,denton-tx,3b7588310856,Charter Review Committee on 2024-08-08 5:30 PM,1,1,1,0,0,0,approved-new-body-rule-local,denton-tx-charter-review-committee,Created reusable Denton Charter Review Committee feed for 2017 and 2024 cycles (9 UIDs).,denton-tx-charter-review,no selector match,Created reusable Denton Charter Review Committee feed for 2017 and 2024 cycles (9 UIDs).
b1f1edaf4556,denton-tx,3b7588310856,Charter Review Committee on 2017-03-01 6:00 PM,1,1,1,0,0,0,approved-new-body-rule-local,denton-tx-charter-review-committee,Created reusable Denton Charter Review Committee feed for 2017 and 2024 cycles (9 UIDs).,denton-tx-charter-review,no selector match,Created reusable Denton Charter Review Committee feed for 2017 and 2024 cycles (9 UIDs).
b3d17d22d415,denton-tx,3b7588310856,Charter Review Committee on 2024-09-05 5:30 PM,1,1,1,0,0,0,approved-new-body-rule-local,denton-tx-charter-review-committee,Created reusable Denton Charter Review Committee feed for 2017 and 2024 cycles (9 UIDs).,denton-tx-charter-review,no selector match,Created reusable Denton Charter Review Committee feed for 2017 and 2024 cycles (9 UIDs).
da743a93fbec,denton-tx,3b7588310856,Charter Review Committee on 2024-11-14 5:30 PM,1,1,1,0,0,0,approved-new-body-rule-local,denton-tx-charter-review-committee,Created reusable Denton Charter Review Committee feed for 2017 and 2024 cycles (9 UIDs).,denton-tx-charter-review,no selector match,Created reusable Denton Charter Review Committee feed for 2017 and 2024 cycles (9 UIDs).
ea5fd3f6526a,denton-tx,3b7588310856,Charter Review Committee on 2024-09-19 5:30 PM,1,1,1,0,0,0,approved-new-body-rule-local,denton-tx-charter-review-committee,Created reusable Denton Charter Review Committee feed for 2017 and 2024 cycles (9 UIDs).,denton-tx-charter-review,no selector match,Created reusable Denton Charter Review Committee feed for 2017 and 2024 cycles (9 UIDs).
061585e42370,denton-tx,3b7588310856,Airport Advisory Board on 2021-03-11 1:00 PM,1,1,1,0,0,0,approved-new-body-rule-local,denton-tx-airport-advisory-board,Added or retained a reusable source/body rule in local config denton-tx-airport-advisory-board; no UID-only inclusion. Historical recording/event and live deployment checks remain separate.,denton-tx-airport-advisory-board,local rule added; pending full replay and deployment,Dedicated Denton Airport Advisory Board feed; normalize only date/time and “special called meeting” suffixes
3b2677a0b68e,denton-tx,3b7588310856,Airport Advisory Board on 2021-04-08 1:30 PM,1,1,1,0,0,0,approved-new-body-rule-local,denton-tx-airport-advisory-board,Added or retained a reusable source/body rule in local config denton-tx-airport-advisory-board; no UID-only inclusion. Historical recording/event and live deployment checks remain separate.,denton-tx-airport-advisory-board,local rule added; pending full replay and deployment,Dedicated Denton Airport Advisory Board feed; normalize only date/time and “special called meeting” suffixes
447ad4e9c306,denton-tx,3b7588310856,Airport Advisory Board on 2020-06-17 1:00 PM (SPECIAL CALLED MEETING),1,1,1,0,0,0,approved-new-body-rule-local,denton-tx-airport-advisory-board,Added or retained a reusable source/body rule in local config denton-tx-airport-advisory-board; no UID-only inclusion. Historical recording/event and live deployment checks remain separate.,denton-tx-airport-advisory-board,local rule added; pending full replay and deployment,Dedicated Denton Airport Advisory Board feed; normalize only date/time and “special called meeting” suffixes
79a1dad2fa40,denton-tx,3b7588310856,Airport Advisory Board on 2021-01-14 11:00 AM (SPECIAL CALLED MEETING),1,1,1,0,0,0,approved-new-body-rule-local,denton-tx-airport-advisory-board,Added or retained a reusable source/body rule in local config denton-tx-airport-advisory-board; no UID-only inclusion. Historical recording/event and live deployment checks remain separate.,denton-tx-airport-advisory-board,local rule added; pending full replay and deployment,Dedicated Denton Airport Advisory Board feed; normalize only date/time and “special called meeting” suffixes
b23ab59bc951,denton-tx,3b7588310856,Airport Advisory Board on 2020-11-12 1:00 PM (SPECIAL CALLED MEETING),1,1,1,0,0,0,approved-new-body-rule-local,denton-tx-airport-advisory-board,Added or retained a reusable source/body rule in local config denton-tx-airport-advisory-board; no UID-only inclusion. Historical recording/event and live deployment checks remain separate.,denton-tx-airport-advisory-board,local rule added; pending full replay and deployment,Dedicated Denton Airport Advisory Board feed; normalize only date/time and “special called meeting” suffixes
c1d3d9c1cba7,denton-tx,3b7588310856,Airport Advisory Board on 2021-05-13 10:00 AM,1,1,1,0,0,0,approved-new-body-rule-local,denton-tx-airport-advisory-board,Added or retained a reusable source/body rule in local config denton-tx-airport-advisory-board; no UID-only inclusion. Historical recording/event and live deployment checks remain separate.,denton-tx-airport-advisory-board,local rule added; pending full replay and deployment,Dedicated Denton Airport Advisory Board feed; normalize only date/time and “special called meeting” suffixes
db61ec49c4b3,denton-tx,3b7588310856,Airport Advisory Board on 2021-02-11 11:00 AM (SPECIAL CALLED MEETING),1,1,1,0,0,0,approved-new-body-rule-local,denton-tx-airport-advisory-board,Added or retained a reusable source/body rule in local config denton-tx-airport-advisory-board; no UID-only inclusion. Historical recording/event and live deployment checks remain separate.,denton-tx-airport-advisory-board,local rule added; pending full replay and deployment,Dedicated Denton Airport Advisory Board feed; normalize only date/time and “special called meeting” suffixes
ee292f5d1e68,denton-tx,3b7588310856,Airport Advisory Board on 2020-12-10 1:00 PM (SPECIAL CALLED MEETING),1,1,1,0,0,0,approved-new-body-rule-local,denton-tx-airport-advisory-board,Added or retained a reusable source/body rule in local config denton-tx-airport-advisory-board; no UID-only inclusion. Historical recording/event and live deployment checks remain separate.,denton-tx-airport-advisory-board,local rule added; pending full replay and deployment,Dedicated Denton Airport Advisory Board feed; normalize only date/time and “special called meeting” suffixes
0653ed9a5013,fort-worth-tx,6540eef2dc2e,Redistricting Task Force Redistricting Task Force,18,18,18,0,0,0,approved-new-body-rule-local,fort-worth-tx-redistricting-task-force,Created reusable Fort Worth Redistricting Task Force feed (18 UIDs).,fort-worth-tx-redistricting,no selector match,Created reusable Fort Worth Redistricting Task Force feed (18 UIDs).
5f890de5b015,fort-worth-tx,6540eef2dc2e,Redistricting Task Force - Spanish Only Redistricting Task Force - Spanish Only,2,2,2,0,0,0,approved-new-body-rule-local,fort-worth-tx-redistricting-task-force,Created reusable Fort Worth Redistricting Task Force feed (18 UIDs).,fort-worth-tx-redistricting,no selector match,Created reusable Fort Worth Redistricting Task Force feed (18 UIDs).
6420cf92d4c7,fort-worth-tx,6540eef2dc2e,"Redistricting 101 with Spanish subtitle January 4, 2021 Redistricting 101 with Spanish subtitle January 4, 2021",2,2,2,0,0,0,selected-public-information,fort-worth-tx-public-info-meetings,Public redistricting information session; use the already approved Fort Worth Public Info feed.,fort-worth-tx-redistricting,no selector match,Public redistricting information session; use the already approved Fort Worth Public Info feed.
6b7da9ff30c4,fort-worth-tx,6540eef2dc2e,Redistricting Public Meeting Redistricting Public Meeting,10,10,10,0,0,0,selected-public-information,fort-worth-tx-public-info-meetings,"Public redistricting meetings belong in Fort Worth Public Info, not the task-force feed.",fort-worth-tx-redistricting,no selector match,"Public redistricting meetings belong in Fort Worth Public Info, not the task-force feed."
7ad14832da99,fort-worth-tx,6540eef2dc2e,Redistricting Task Force Demo Redistricting Task Force Demo,2,2,2,0,0,0,approved-new-body-rule-local,fort-worth-tx-redistricting-task-force,Created reusable Fort Worth Redistricting Task Force feed (18 UIDs).,fort-worth-tx-redistricting,no selector match,Created reusable Fort Worth Redistricting Task Force feed (18 UIDs).
922033c002ad,fort-worth-tx,6540eef2dc2e,"Redistricting Task Force of February 4, 2021 Redistricting Task Force of February 4, 2021",2,2,2,0,0,0,approved-new-body-rule-local,fort-worth-tx-redistricting-task-force,Created reusable Fort Worth Redistricting Task Force feed (18 UIDs).,fort-worth-tx-redistricting,no selector match,Created reusable Fort Worth Redistricting Task Force feed (18 UIDs).
9e01008480a8,fort-worth-tx,6540eef2dc2e,Redistricting 101 Redistricting 101,2,2,2,0,0,0,selected-public-information,fort-worth-tx-public-info-meetings,Public redistricting information session; use the already approved Fort Worth Public Info feed.,fort-worth-tx-redistricting,no selector match,Public redistricting information session; use the already approved Fort Worth Public Info feed.
0401f09a4c60,fort-worth-tx,6540eef2dc2e,Fort Worth Art Commission Special Meeting Fort Worth Art Commission Special Meeting,2,2,2,0,0,0,approved-body-rule-local,fort-worth-tx-public-art-commission,Added or retained a reusable source/body rule in local config fort-worth-tx-public-art-commission; no UID-only inclusion. Historical recording/event and live deployment checks remain separate.,fort-worth-tx-public-art-commission,local rule added; pending full replay and deployment,Dedicated Fort Worth Art Commission feed
1943e417f55f,fort-worth-tx,6540eef2dc2e,Special Called Art Commission Meeting Special Called Art Commission Meeting,2,2,2,0,0,0,approved-body-rule-local,fort-worth-tx-public-art-commission,Added or retained a reusable source/body rule in local config fort-worth-tx-public-art-commission; no UID-only inclusion. Historical recording/event and live deployment checks remain separate.,fort-worth-tx-public-art-commission,local rule added; pending full replay and deployment,Dedicated Fort Worth Art Commission feed
72bb4d2c6332,fort-worth-tx,6540eef2dc2e,Fort Worth Art Commission Fort Worth Art Commission,10,10,10,0,0,0,approved-body-rule-local,fort-worth-tx-public-art-commission,Added or retained a reusable source/body rule in local config fort-worth-tx-public-art-commission; no UID-only inclusion. Historical recording/event and live deployment checks remain separate.,fort-worth-tx-public-art-commission,local rule added; pending full replay and deployment,Dedicated Fort Worth Art Commission feed
8bfc62d55a69,fort-worth-tx,6540eef2dc2e,Art Commission Art Commission,8,8,8,0,0,0,approved-body-rule-local,fort-worth-tx-public-art-commission,Added or retained a reusable source/body rule in local config fort-worth-tx-public-art-commission; no UID-only inclusion. Historical recording/event and live deployment checks remain separate.,fort-worth-tx-public-art-commission,local rule added; pending full replay and deployment,Dedicated Fort Worth Art Commission feed
9a1b099778d6,fort-worth-tx,6540eef2dc2e,"Art Commission of November 15, 2021 Art Commission of November 15, 2021",2,2,2,0,0,0,approved-body-rule-local,fort-worth-tx-public-art-commission,Added or retained a reusable source/body rule in local config fort-worth-tx-public-art-commission; no UID-only inclusion. Historical recording/event and live deployment checks remain separate.,fort-worth-tx-public-art-commission,local rule added; pending full replay and deployment,Dedicated Fort Worth Art Commission feed
e58985fc271b,fort-worth-tx,6540eef2dc2e,Art Commission SPECIAL CALLED MEETING Art Commission SPECIAL CALLED MEETING,4,4,4,0,0,0,approved-body-rule-local,fort-worth-tx-public-art-commission,Added or retained a reusable source/body rule in local config fort-worth-tx-public-art-commission; no UID-only inclusion. Historical recording/event and live deployment checks remain separate.,fort-worth-tx-public-art-commission,local rule added; pending full replay and deployment,Dedicated Fort Worth Art Commission feed
78c88cb0bee2,denton-tx,3b7588310856,Hotel Occupancy Tax Committee on 2018-06-21 9:00 AM,1,1,0,0,1,0,approved-new-body-rule-local,denton-tx-community-partnership-committee,Added reusable source/body rule for denton-tx-community-partnership-committee: at least five distinct source/UID pairs (or a documented renamed-body family) in the frozen catalog. Records and audio are preserved; live deployment and event-to-recording checks remain.,denton-tx-hotel-occupancy-tax-committee,local rule added; pending full replay and deployment,"Treat the old Denton Hotel Occupancy Tax and Sponsorship Committee name as a dated alias for today’s Community Partnership Committee, using exact body labels only"
8b6bdb31be34,denton-tx,3b7588310856,Hotel Occupancy Tax Committee on 2016-05-03 10:00 AM,1,1,0,1,0,0,approved-new-body-rule-local,denton-tx-community-partnership-committee,Added reusable source/body rule for denton-tx-community-partnership-committee: at least five distinct source/UID pairs (or a documented renamed-body family) in the frozen catalog. Records and audio are preserved; live deployment and event-to-recording checks remain.,denton-tx-hotel-occupancy-tax-committee,local rule added; pending full replay and deployment,"Treat the old Denton Hotel Occupancy Tax and Sponsorship Committee name as a dated alias for today’s Community Partnership Committee, using exact body labels only"
8e48ded373d7,denton-tx,3b7588310856,Hotel Occupancy Tax Committee on 2017-04-20 10:00 AM,1,1,0,1,0,0,approved-new-body-rule-local,denton-tx-community-partnership-committee,Added reusable source/body rule for denton-tx-community-partnership-committee: at least five distinct source/UID pairs (or a documented renamed-body family) in the frozen catalog. Records and audio are preserved; live deployment and event-to-recording checks remain.,denton-tx-hotel-occupancy-tax-committee,local rule added; pending full replay and deployment,"Treat the old Denton Hotel Occupancy Tax and Sponsorship Committee name as a dated alias for today’s Community Partnership Committee, using exact body labels only"
c53eaf38b48a,denton-tx,3b7588310856,Hotel Occupancy Tax Committee on 2017-07-21 9:00 AM,1,1,0,1,0,0,approved-new-body-rule-local,denton-tx-community-partnership-committee,Added reusable source/body rule for denton-tx-community-partnership-committee: at least five distinct source/UID pairs (or a documented renamed-body family) in the frozen catalog. Records and audio are preserved; live deployment and event-to-recording checks remain.,denton-tx-hotel-occupancy-tax-committee,local rule added; pending full replay and deployment,"Treat the old Denton Hotel Occupancy Tax and Sponsorship Committee name as a dated alias for today’s Community Partnership Committee, using exact body labels only"
e2a2b237a57a,denton-tx,3b7588310856,Hotel Occupancy Tax Committee on 2017-08-22 9:30 AM,1,1,0,1,0,0,approved-new-body-rule-local,denton-tx-community-partnership-committee,Added reusable source/body rule for denton-tx-community-partnership-committee: at least five distinct source/UID pairs (or a documented renamed-body family) in the frozen catalog. Records and audio are preserved; live deployment and event-to-recording checks remain.,denton-tx-hotel-occupancy-tax-committee,local rule added; pending full replay and deployment,"Treat the old Denton Hotel Occupancy Tax and Sponsorship Committee name as a dated alias for today’s Community Partnership Committee, using exact body labels only"
fefb19ff1040,denton-tx,3b7588310856,Hotel Occupancy Tax Committee on 2018-09-27 10:00 AM,1,1,0,1,0,0,approved-new-body-rule-local,denton-tx-community-partnership-committee,Added reusable source/body rule for denton-tx-community-partnership-committee: at least five distinct source/UID pairs (or a documented renamed-body family) in the frozen catalog. Records and audio are preserved; live deployment and event-to-recording checks remain.,denton-tx-hotel-occupancy-tax-committee,local rule added; pending full replay and deployment,"Treat the old Denton Hotel Occupancy Tax and Sponsorship Committee name as a dated alias for today’s Community Partnership Committee, using exact body labels only"
1deda8e552cd,fort-worth-tx,6540eef2dc2e,"CIAC of June 22, 2022 CIAC of June 22, 2022",1,1,1,0,0,0,approved-new-body-rule-local,fort-worth-tx-capital-improvements-advisory-committee,Reusable Fort Worth Capital Improvements Advisory Committee rule: full official name plus the source-scoped dated “CIAC of …” alias. Water/Wastewater CIAC stays separate. Local config only; preserve all source records and audio; live deployment and exact event verification remain.,,local rule added; pending full replay and deployment,"Keep a distinct Fort Worth Capital Improvements Advisory Committee candidate, but do not use “CIAC” alone"
2407bd87c555,fort-worth-tx,6540eef2dc2e,"CIAC of September 14, 2022 CIAC of September 14, 2022",1,1,1,0,0,0,approved-new-body-rule-local,fort-worth-tx-capital-improvements-advisory-committee,Reusable Fort Worth Capital Improvements Advisory Committee rule: full official name plus the source-scoped dated “CIAC of …” alias. Water/Wastewater CIAC stays separate. Local config only; preserve all source records and audio; live deployment and exact event verification remain.,,local rule added; pending full replay and deployment,"Keep a distinct Fort Worth Capital Improvements Advisory Committee candidate, but do not use “CIAC” alone"
89c7728c90dd,fort-worth-tx,6540eef2dc2e,"CIAC of April 27, 2022 CIAC of April 27, 2022",1,1,1,0,0,0,approved-new-body-rule-local,fort-worth-tx-capital-improvements-advisory-committee,Reusable Fort Worth Capital Improvements Advisory Committee rule: full official name plus the source-scoped dated “CIAC of …” alias. Water/Wastewater CIAC stays separate. Local config only; preserve all source records and audio; live deployment and exact event verification remain.,,local rule added; pending full replay and deployment,"Keep a distinct Fort Worth Capital Improvements Advisory Committee candidate, but do not use “CIAC” alone"
89e2b80d8e74,fort-worth-tx,6540eef2dc2e,"CIAC of November 18, 2022 CIAC of November 18, 2022",1,1,1,0,0,0,approved-new-body-rule-local,fort-worth-tx-capital-improvements-advisory-committee,Reusable Fort Worth Capital Improvements Advisory Committee rule: full official name plus the source-scoped dated “CIAC of …” alias. Water/Wastewater CIAC stays separate. Local config only; preserve all source records and audio; live deployment and exact event verification remain.,,local rule added; pending full replay and deployment,"Keep a distinct Fort Worth Capital Improvements Advisory Committee candidate, but do not use “CIAC” alone"
c93c2d82b583,fort-worth-tx,6540eef2dc2e,"CIAC of August 24, 2022 CIAC of August 24, 2022",1,1,1,0,0,0,approved-new-body-rule-local,fort-worth-tx-capital-improvements-advisory-committee,Reusable Fort Worth Capital Improvements Advisory Committee rule: full official name plus the source-scoped dated “CIAC of …” alias. Water/Wastewater CIAC stays separate. Local config only; preserve all source records and audio; live deployment and exact event verification remain.,,local rule added; pending full replay and deployment,"Keep a distinct Fort Worth Capital Improvements Advisory Committee candidate, but do not use “CIAC” alone"
daf91a6682b4,fort-worth-tx,6540eef2dc2e,"CIAC of April 26, 2023 CIAC of April 26, 2023",1,1,1,0,0,0,approved-new-body-rule-local,fort-worth-tx-capital-improvements-advisory-committee,Reusable Fort Worth Capital Improvements Advisory Committee rule: full official name plus the source-scoped dated “CIAC of …” alias. Water/Wastewater CIAC stays separate. Local config only; preserve all source records and audio; live deployment and exact event verification remain.,,local rule added; pending full replay and deployment,"Keep a distinct Fort Worth Capital Improvements Advisory Committee candidate, but do not use “CIAC” alone"
3597d488c0a9,denton-tx,3b7588310856,Library Board on 2021-03-11 3:30 PM,1,1,1,0,0,0,approved-body-rule-local,denton-tx-library-board,Added or retained a reusable source/body rule in local config denton-tx-library-board; no UID-only inclusion. Historical recording/event and live deployment checks remain separate.,denton-tx-library-board,local rule added; pending full replay and deployment,"Dedicated Denton Library Board feed, matching the exact board name and stripping only date/time"
42589f357d28,denton-tx,3b7588310856,Library Board on 2021-02-11 2:00 PM,1,1,1,0,0,0,approved-body-rule-local,denton-tx-library-board,Added or retained a reusable source/body rule in local config denton-tx-library-board; no UID-only inclusion. Historical recording/event and live deployment checks remain separate.,denton-tx-library-board,local rule added; pending full replay and deployment,"Dedicated Denton Library Board feed, matching the exact board name and stripping only date/time"
569c4bb031df,denton-tx,3b7588310856,Library Board on 2021-01-14 2:00 PM,1,1,1,0,0,0,approved-body-rule-local,denton-tx-library-board,Added or retained a reusable source/body rule in local config denton-tx-library-board; no UID-only inclusion. Historical recording/event and live deployment checks remain separate.,denton-tx-library-board,local rule added; pending full replay and deployment,"Dedicated Denton Library Board feed, matching the exact board name and stripping only date/time"
84ad1d84cdb3,denton-tx,3b7588310856,Library Board on 2020-10-07 1:00 PM,1,1,1,0,0,0,approved-body-rule-local,denton-tx-library-board,Added or retained a reusable source/body rule in local config denton-tx-library-board; no UID-only inclusion. Historical recording/event and live deployment checks remain separate.,denton-tx-library-board,local rule added; pending full replay and deployment,"Dedicated Denton Library Board feed, matching the exact board name and stripping only date/time"
1f2583ef6e4a,dallas-tx,76869ed1994f,Charter Review Commission Inaugural Meeting,1,1,0,0,0,0,approved-new-body-rule-local,dallas-tx-charter-review-commission,Added the official inaugural-meeting title to the recurring Charter Review Commission feed.,dallas-tx-charter-review,no selector match,Added the official inaugural-meeting title to the recurring Charter Review Commission feed.
6c9c3c0c7c8c,dallas-tx,76869ed1994f,Charter Review Commission,30,30,27,0,0,0,approved-new-body-rule-local,dallas-tx-charter-review-commission,Created reusable Dallas Charter Review Commission feed; 30 UIDs plus inaugural meeting.,dallas-tx-charter-review,no selector match,Created reusable Dallas Charter Review Commission feed; 30 UIDs plus inaugural meeting.
d54d3a52548e,dallas-tx,76869ed1994f,Charter Review Commission: Community Meeting,3,3,3,0,0,0,selected-public-information,dallas-tx-public-info-meetings,Public-facing Commission community meeting; route with other Dallas Public Info meetings.,dallas-tx-charter-review,no selector match,Public-facing Commission community meeting; route with other Dallas Public Info meetings.
148ebe6fb0c6,dallas-tx,76869ed1994f,Dallas Area Partnership to End and Prevent Homelessness LGC,1,1,1,0,0,0,approved-body-rule-local,dallas-tx-dallas-area-partnership,Added official LGC abbreviation to the existing Dallas Area Partnership feed.,dallas-tx-dallas-area-partnership,no selector match,Added official LGC abbreviation to the existing Dallas Area Partnership feed.
629013b2e94e,dallas-tx,76869ed1994f,Dallas Area Partnership to End and Prevent Homelessness Local Government Corporation,12,12,12,0,0,0,approved-body-rule-local,dallas-tx-dallas-area-partnership,Added official LGC name to the existing Dallas Area Partnership feed (monthly board).,dallas-tx-dallas-area-partnership,no selector match,Added official LGC name to the existing Dallas Area Partnership feed (monthly board).
90b5eb16cbf2,dallas-tx,76869ed1994f,Dallas Area Partnership,1,0,0,0,0,0,approved-body-rule-local,dallas-tx-dallas-area-partnership,Added short title alias to the existing Dallas Area Partnership feed.,dallas-tx-dallas-area-partnership,no selector match,Added short title alias to the existing Dallas Area Partnership feed.
57323491bac2,fort-worth-tx,6540eef2dc2e,Fort Worth State of the City 2023 | Mayor Mattie Parker Fort Worth State of the City 2023 | Mayor Mattie Parker,2,2,2,0,0,0,selected-public-information,fort-worth-tx-public-info-meetings,Annual city information address; route to the approved Public Info feed.,fort-worth-tx-state-of-city,no selector match,Annual city information address; route to the approved Public Info feed.
80371c893a45,fort-worth-tx,6540eef2dc2e,State Of the City 2022 State Of the City 2022,2,2,2,0,0,0,selected-public-information,fort-worth-tx-public-info-meetings,Annual city information address; route to the approved Public Info feed.,fort-worth-tx-state-of-city,no selector match,Annual city information address; route to the approved Public Info feed.
f5a9ce9c913b,fort-worth-tx,6540eef2dc2e,State of the City Address 2009 State of the City Address 2009,2,2,2,0,0,0,selected-public-information,fort-worth-tx-public-info-meetings,Annual city information address; route to the approved Public Info feed.,fort-worth-tx-state-of-city,no selector match,Annual city information address; route to the approved Public Info feed.
1d5b0bc422f3,denton-tx,3b7588310856,Animal Shelter Advisory Committee on 2020-10-21 3:00 PM,1,1,1,0,0,0,not-to-pursue-maintainer-directed,not pursued; preserve in source archive,"Below the maintainer’s five-distinct-source/UID threshold for a new body, and no documented alias to an already configured body (this row has 1 source/UID pair(s)). Do not create a feed or a one-off selector; preserve the source record, title, UID and any audio.",denton-tx-animal-shelter-advisory-committee,not pursued by maintainer threshold; raw archive preserved,"Dedicated Denton Animal Shelter Advisory Committee feed; exact committee name, strip date/time only"
308c7b9baab2,denton-tx,3b7588310856,Animal Shelter Advisory Committee on 2021-03-24 3:00 PM,1,1,1,0,0,0,not-to-pursue-maintainer-directed,not pursued; preserve in source archive,"Below the maintainer’s five-distinct-source/UID threshold for a new body, and no documented alias to an already configured body (this row has 1 source/UID pair(s)). Do not create a feed or a one-off selector; preserve the source record, title, UID and any audio.",denton-tx-animal-shelter-advisory-committee,not pursued by maintainer threshold; raw archive preserved,"Dedicated Denton Animal Shelter Advisory Committee feed; exact committee name, strip date/time only"
4bde1eae7e73,denton-tx,3b7588310856,Animal Shelter Advisory Committee on 2020-07-23 2:00 PM,1,1,1,0,0,0,not-to-pursue-maintainer-directed,not pursued; preserve in source archive,"Below the maintainer’s five-distinct-source/UID threshold for a new body, and no documented alias to an already configured body (this row has 1 source/UID pair(s)). Do not create a feed or a one-off selector; preserve the source record, title, UID and any audio.",denton-tx-animal-shelter-advisory-committee,not pursued by maintainer threshold; raw archive preserved,"Dedicated Denton Animal Shelter Advisory Committee feed; exact committee name, strip date/time only"
40c0065b51cb,denton-tx,3b7588310856,Hotel Occupancy Tax and Sponsorship Committee on 2020-05-14 1:00 PM,1,1,1,0,0,0,approved-new-body-rule-local,denton-tx-community-partnership-committee,Added reusable source/body rule for denton-tx-community-partnership-committee: at least five distinct source/UID pairs (or a documented renamed-body family) in the frozen catalog. Records and audio are preserved; live deployment and event-to-recording checks remain.,denton-tx-hotel-occupancy-tax-and-sponsorship-committee,local rule added; pending full replay and deployment,Use a historic exact-name alias: “Hotel Occupancy Tax and Sponsorship Committee” maps to Denton’s later Community Partnership Committee
901b04451c8f,denton-tx,3b7588310856,Hotel Occupancy Tax and Sponsorship Committee on 2020-07-20 9:00 AM,1,1,1,0,0,0,approved-new-body-rule-local,denton-tx-community-partnership-committee,Added reusable source/body rule for denton-tx-community-partnership-committee: at least five distinct source/UID pairs (or a documented renamed-body family) in the frozen catalog. Records and audio are preserved; live deployment and event-to-recording checks remain.,denton-tx-hotel-occupancy-tax-and-sponsorship-committee,local rule added; pending full replay and deployment,Use a historic exact-name alias: “Hotel Occupancy Tax and Sponsorship Committee” maps to Denton’s later Community Partnership Committee
c918bbc76625,denton-tx,3b7588310856,Hotel Occupancy Tax and Sponsorship Committee on 2020-06-11 10:00 AM,1,1,1,0,0,0,approved-new-body-rule-local,denton-tx-community-partnership-committee,Added reusable source/body rule for denton-tx-community-partnership-committee: at least five distinct source/UID pairs (or a documented renamed-body family) in the frozen catalog. Records and audio are preserved; live deployment and event-to-recording checks remain.,denton-tx-hotel-occupancy-tax-and-sponsorship-committee,local rule added; pending full replay and deployment,Use a historic exact-name alias: “Hotel Occupancy Tax and Sponsorship Committee” maps to Denton’s later Community Partnership Committee
837c6b5b46c1,fort-worth-tx,6540eef2dc2e,"Community Action Partners of April 14, 2021 Community Action Partners of April 14, 2021",2,2,2,0,0,0,not-to-pursue-maintainer-directed,not-to-pursue,"Only two distinct recordings were found for this proposed new body, below the approved five-UID cutoff; do not add a new feed.",fort-worth-tx-community-action-partners,no selector match,"Only two distinct recordings were found for this proposed new body, below the approved five-UID cutoff; do not add a new feed."
afabb81c06a6,fort-worth-tx,6540eef2dc2e,Community Action Partners Community Action Partners,8,8,8,0,0,0,not-to-pursue-maintainer-directed,not-to-pursue,"Only two distinct recordings were found for this proposed new body, below the approved five-UID cutoff; do not add a new feed.",fort-worth-tx-community-action-partners,no selector match,"Only two distinct recordings were found for this proposed new body, below the approved five-UID cutoff; do not add a new feed."
7191b612d113,fort-worth-tx,6540eef2dc2e,"Local Development Corporation of March 26, 2024 Local Development Corporation of March 26, 2024",2,2,2,0,0,0,approved-body-rule-local,fort-worth-tx-fort-worth-local-development-corporation,Added observed short and dated title aliases to the existing Fort Worth Local Development Corporation feed.,fort-worth-tx-local-development-corporation,no selector match,Added observed short and dated title aliases to the existing Fort Worth Local Development Corporation feed.
b83f749fd110,fort-worth-tx,6540eef2dc2e,Local Development Corporation Local Development Corporation,8,8,8,0,0,0,approved-body-rule-local,fort-worth-tx-fort-worth-local-development-corporation,Added observed short and dated title aliases to the existing Fort Worth Local Development Corporation feed.,fort-worth-tx-local-development-corporation,no selector match,Added observed short and dated title aliases to the existing Fort Worth Local Development Corporation feed.
1ffc37b94dc1,fort-worth-tx,6540eef2dc2e,"Animal Shelter Advisory Committee of October 14, 2020 Animal Shelter Advisory Committee of October 14, 2020",2,2,2,0,0,0,approved-new-body-rule-local,fort-worth-tx-animal-shelter-advisory-committee,Added reusable source/body rule for fort-worth-tx-animal-shelter-advisory-committee: at least five distinct source/UID pairs (or a documented renamed-body family) in the frozen catalog. Records and audio are preserved; live deployment and event-to-recording checks remain.,fort-worth-tx-animal-shelter-advisory-committee,local rule added; pending full replay and deployment,Dedicated Fort Worth Animal Shelter Advisory Committee feed; exact body name with date suffix removed
c7be456a8817,fort-worth-tx,6540eef2dc2e,Animal Shelter Advisory Committee Animal Shelter Advisory Committee,4,4,4,0,0,0,approved-new-body-rule-local,fort-worth-tx-animal-shelter-advisory-committee,Added reusable source/body rule for fort-worth-tx-animal-shelter-advisory-committee: at least five distinct source/UID pairs (or a documented renamed-body family) in the frozen catalog. Records and audio are preserved; live deployment and event-to-recording checks remain.,fort-worth-tx-animal-shelter-advisory-committee,local rule added; pending full replay and deployment,Dedicated Fort Worth Animal Shelter Advisory Committee feed; exact body name with date suffix removed
7ed83ab86004,fort-worth-tx,6540eef2dc2e,"Capital Improvements Advisory Committee of November 17, 2023 (CIAC) Capital Improvements Advisory Committee of November 17, 2023 (CIAC)",1,1,1,0,0,0,approved-new-body-rule-local,fort-worth-tx-capital-improvements-advisory-committee,Reusable Fort Worth Capital Improvements Advisory Committee rule: full official name plus the source-scoped dated “CIAC of …” alias. Water/Wastewater CIAC stays separate. Local config only; preserve all source records and audio; live deployment and exact event verification remain.,fort-worth-tx-capital-improvements-advisory-committee,local rule added; pending full replay and deployment,Candidate exact-name feed for the Capital Improvements Advisory Committee for Transportation Impact Fees
c75eeef6a069,fort-worth-tx,6540eef2dc2e,Capital Improvements Advisory Committee Capital Improvements Advisory Committee,5,5,5,0,0,0,approved-new-body-rule-local,fort-worth-tx-capital-improvements-advisory-committee,Added reusable source/body rule for fort-worth-tx-capital-improvements-advisory-committee: at least five distinct source/UID pairs (or a documented renamed-body family) in the frozen catalog. Records and audio are preserved; live deployment and event-to-recording checks remain.,fort-worth-tx-capital-improvements-advisory-committee,local rule added; pending full replay and deployment,Keep Transportation Impact Fee CIAC separate from Water/Sewer CIAC
08d5877b2c37,fort-worth-tx,6540eef2dc2e,Bond Election Public Meeting Bond Election Public Meeting,2,2,2,0,0,0,selected-public-information,fort-worth-tx-public-info-meetings,"A Fort Worth bond-election public meeting is a public-information/input event, not a separate continuing meeting body. Add it to the single Fort Worth Public Info Meetings feed while keeping its official title.",fort-worth-tx-public-info-meetings,not pursued by maintainer threshold; raw archive preserved,Selected: route this public meeting to Fort Worth Public Info Meetings; keep its title and let the standard no-recording flow suppress entries without usable audio.
43860f491b27,fort-worth-tx,6540eef2dc2e,Bond Public Input Meeting Bond Public Input Meeting,2,2,2,0,0,0,selected-public-information,fort-worth-tx-public-info-meetings,"A Fort Worth bond public-input meeting belongs in the single Public Info Meetings feed, not a new bond committee feed. Keep the official title; standard no-recording handling controls whether it is materialized.",fort-worth-tx-public-info-meetings,not pursued by maintainer threshold; raw archive preserved,Selected: route to Fort Worth Public Info Meetings; preserve title and use the normal no-recording flow.
348376a14c1f,dallas-tx,76869ed1994f,CPC Bus Tour,1,1,1,0,0,0,approved-body-rule-local,dallas-tx-city-planning-commission,Added or retained a reusable source/body rule in local config dallas-tx-city-planning-commission; no UID-only inclusion. Historical recording/event and live deployment checks remain separate.,dallas-tx-city-planning-commission,local rule added; pending full replay and deployment,Separate a City Plan Commission field-tour recording from the Dallas Zoning Ordinance Advisory Committee
6fb1cc8a3bb1,dallas-tx,76869ed1994f,Zoning Ordinance Advisory Committee,1,1,1,0,0,0,not-to-pursue-maintainer-directed,not pursued; preserve in source archive,"Below the maintainer’s five-distinct-source/UID threshold for a new body, and no documented alias to an already configured body (this row has 1 source/UID pair(s)). Do not create a feed or a one-off selector; preserve the source record, title, UID and any audio.",dallas-tx-city-planning-commission,not pursued by maintainer threshold; raw archive preserved,Separate a City Plan Commission field-tour recording from the Dallas Zoning Ordinance Advisory Committee
0d90bc525d2a,dallas-tx,76869ed1994f,Urban Design Peer Review Panel,1,1,1,0,0,0,approved-body-rule-local,dallas-tx-urban-design-peer-review-board,Added or retained a reusable source/body rule in local config dallas-tx-urban-design-peer-review-board; no UID-only inclusion. Historical recording/event and live deployment checks remain separate.,dallas-tx-urban-design-peer-review-board,local rule added; pending full replay and deployment,"Dedicated Dallas Urban Design Peer Review Panel feed, using exact panel aliases only"
1e60f56bad10,dallas-tx,76869ed1994f,Urban Design Peer Review,1,0,0,0,0,0,approved-body-rule-local,dallas-tx-urban-design-peer-review-board,Added or retained a reusable source/body rule in local config dallas-tx-urban-design-peer-review-board; no UID-only inclusion. Historical recording/event and live deployment checks remain separate.,dallas-tx-urban-design-peer-review-board,local rule added; pending full replay and deployment,"Dedicated Dallas Urban Design Peer Review Panel feed, using exact panel aliases only"
5b1b7d4ca845,denton-tx,3b7588310856,Community Partnership Committee on 2021-03-18 9:00 AM,1,1,1,0,0,0,approved-new-body-rule-local,denton-tx-community-partnership-committee,Added reusable source/body rule for denton-tx-community-partnership-committee: at least five distinct source/UID pairs (or a documented renamed-body family) in the frozen catalog. Records and audio are preserved; live deployment and event-to-recording checks remain.,denton-tx-community-partnership-committee,local rule added; pending full replay and deployment,Dedicated Denton Community Partnership Committee feed
a958bda070b1,denton-tx,3b7588310856,Community Partnership Committee on 2021-04-22 9:00 AM,1,1,1,0,0,0,approved-new-body-rule-local,denton-tx-community-partnership-committee,Added reusable source/body rule for denton-tx-community-partnership-committee: at least five distinct source/UID pairs (or a documented renamed-body family) in the frozen catalog. Records and audio are preserved; live deployment and event-to-recording checks remain.,denton-tx-community-partnership-committee,local rule added; pending full replay and deployment,Dedicated Denton Community Partnership Committee feed
07b33ff8716f,fort-worth-tx,6540eef2dc2e,HOUSING AND ECONOMIC DEVELOPMENT COMMITTEE HOUSING AND ECONOMIC DEVELOPMENT COMMITTEE,82,80,80,0,0,0,approved-new-body-rule-local,fort-worth-tx-housing-and-economic-development-committee,Added or retained a reusable source/body rule in local config fort-worth-tx-housing-and-economic-development-committee; no UID-only inclusion. Historical recording/event and live deployment checks remain separate.,fort-worth-tx-housing-and-economic-development-committee,local rule added; pending full replay and deployment,"Historical Fort Worth City Council committee proceedings; propose a source-scoped legacy committee feed/collection, pending record-by-record agenda binding"
3170909739c3,dallas-tx,76869ed1994f,Workforce-Education and Equity,58,58,58,0,0,0,approved-body-rule-local,dallas-tx-council-committee-on-government-efficiency,Added former official name to the continuing Council committee feed.,dallas-tx-workforce-education-and-equity,no selector match,Added former official name to the continuing Council committee feed.
03cd222d4f13,fort-worth-tx,6540eef2dc2e,Minority Leaders and Citizen's Council Minority Leaders and Citizen's Council,54,54,54,0,0,0,not-to-pursue-maintainer-directed,not-to-pursue,"No feed assignment pursued under the maintainer-approved body/family cutoff; preserve the source record, UID, title, namespace, and audio. Ordinary no-recording flow handles unavailable recordings.",fort-worth-tx-minority-leaders-and-citizen-s-council,no selector match,"No feed assignment pursued under the maintainer-approved body/family cutoff; preserve the source record, UID, title, namespace, and audio. Ordinary no-recording flow handles unavailable recordings."
528b34c525cf,dallas-tx,76869ed1994f,Youth Commission,49,49,47,0,0,0,approved-new-body-rule-local,dallas-tx-youth-commission,Added or retained a reusable source/body rule in local config dallas-tx-youth-commission; no UID-only inclusion. Historical recording/event and live deployment checks remain separate.,dallas-tx-youth-commission,local rule added; pending full replay and deployment,"Exact Dallas Youth Commission rule, preserving dated meeting titles"
d3ded0619f10,fort-worth-tx,6540eef2dc2e,Neighborhood Quality and Revitalization Committee Neighborhood Quality and Revitalization Committee,46,46,46,0,0,0,approved-new-body-rule-local,fort-worth-tx-neighborhood-quality-and-revitalization-committee,Added or retained a reusable source/body rule in local config fort-worth-tx-neighborhood-quality-and-revitalization-committee; no UID-only inclusion. Historical recording/event and live deployment checks remain separate.,fort-worth-tx-neighborhood-quality-and-revitalization-committee,local rule added; pending full replay and deployment,Exact Fort Worth Neighborhood Quality and Revitalization Committee rule
06a927590ad8,fort-worth-tx,6540eef2dc2e,T Board Meeting T Board Meeting,38,38,38,0,0,0,approved-new-body-rule-local,fort-worth-tx-trinity-metro-board,Added as a source/body alias to the existing Fort Worth Trinity Metro Board feed. The reusable exact-label rule already includes “T Board Meeting” and “T Board of Directors”; no UID pin. Preserve official titles and audio; deployment remains pending.,fort-worth-tx-t-board-meeting,existing local Trinity Metro rule; deployment pending,"Candidate Trinity Metro Board of Directors meeting; retain its independent transit-authority identity, not Fort Worth City Council"
ff8d4dbdf945,dallas-tx,76869ed1994f,"Mobility Solutions, Infrastructure and Sustainability Committee",34,34,34,0,0,0,approved-new-body-rule-local,dallas-tx-mobility-solutions-infrastructure-and-sustainability-committee,Added or retained a reusable source/body rule in local config dallas-tx-mobility-solutions-infrastructure-and-sustainability-committee; no UID-only inclusion. Historical recording/event and live deployment checks remain separate.,dallas-tx-mobility-solutions-infrastructure-and-sustainability-committee,local rule added; pending full replay and deployment,"Exact Dallas Mobility Solutions, Infrastructure and Sustainability Committee rule; allow only official shortened display-name forms"
04b902f31bd5,fort-worth-tx,6540eef2dc2e,Entrepreneurship and Innovation Committee Entrepreneurship and Innovation Committee,34,32,34,0,0,0,approved-new-body-rule-local,fort-worth-tx-entrepreneurship-and-innovation-committee,Added or retained a reusable source/body rule in local config fort-worth-tx-entrepreneurship-and-innovation-committee; no UID-only inclusion. Historical recording/event and live deployment checks remain separate.,fort-worth-tx-entrepreneurship-and-innovation-committee,local rule added; pending full replay and deployment,Exact Fort Worth Entrepreneurship and Innovation Committee rule
b9ff33aed385,dallas-tx,76869ed1994f,Human & Social Needs Committee,33,33,33,0,0,0,approved-new-body-rule-local,dallas-tx-human-social-needs-committee,Added or retained a reusable source/body rule in local config dallas-tx-human-social-needs-committee; no UID-only inclusion. Historical recording/event and live deployment checks remain separate.,dallas-tx-human-social-needs-committee,local rule added; pending full replay and deployment,"Exact Dallas Human and Social Needs Committee rule, allowing the official ampersand spelling"
694a754c98bf,fort-worth-tx,6540eef2dc2e,City News City News,26,26,26,0,0,0,not-to-pursue-maintainer-directed,not-to-pursue,"No feed assignment pursued under the maintainer-approved body/family cutoff; preserve the source record, UID, title, namespace, and audio. Ordinary no-recording flow handles unavailable recordings.",,no selector match,"No feed assignment pursued under the maintainer-approved body/family cutoff; preserve the source record, UID, title, namespace, and audio. Ordinary no-recording flow handles unavailable recordings."
92b82ed39a3c,fort-worth-tx,6540eef2dc2e,City Page Update City Page Update,26,26,26,0,0,0,not-to-pursue-maintainer-directed,not-to-pursue,"No feed assignment pursued under the maintainer-approved body/family cutoff; preserve the source record, UID, title, namespace, and audio. Ordinary no-recording flow handles unavailable recordings.",,no selector match,"No feed assignment pursued under the maintainer-approved body/family cutoff; preserve the source record, UID, title, namespace, and audio. Ordinary no-recording flow handles unavailable recordings."
5c34217c9ac7,fort-worth-tx,6540eef2dc2e,Race and Culture Task Force Race and Culture Task Force,24,24,24,0,0,0,approved-new-body-rule-local,fort-worth-tx-race-and-culture-task-force,Added reusable source/body rule for fort-worth-tx-race-and-culture-task-force: at least five distinct source/UID pairs (or a documented renamed-body family) in the frozen catalog. Records and audio are preserved; live deployment and event-to-recording checks remain.,fort-worth-tx-race-and-culture-task-force,local rule added; pending full replay and deployment,Candidate historical feed for formal Task Force proceedings only; route verified Community Conversations/Open Houses to Community Public Input and keep the Council final-report meeting under City Council.
c92f39997010,fort-worth-tx,6540eef2dc2e,Human Relations Commission Human Relations Commission,22,22,22,0,0,0,approved-new-body-rule-local,fort-worth-tx-human-relations-commission,Added reusable source/body rule for fort-worth-tx-human-relations-commission: at least five distinct source/UID pairs (or a documented renamed-body family) in the frozen catalog. Records and audio are preserved; live deployment and event-to-recording checks remain.,fort-worth-tx-human-relations-commission,local rule added; pending full replay and deployment,Exact Fort Worth Human Relations Commission rule
330cb5ed53e0,fort-worth-tx,6540eef2dc2e,Mayor's Committee on Persons with Disabilities Mayor's Committee on Persons with Disabilities,18,18,18,0,0,0,approved-new-body-rule-local,fort-worth-tx-mayor-s-committee-on-persons-with-disabilities,Added reusable source/body rule for fort-worth-tx-mayor-s-committee-on-persons-with-disabilities: at least five distinct source/UID pairs (or a documented renamed-body family) in the frozen catalog. Records and audio are preserved; live deployment and event-to-recording checks remain.,fort-worth-tx-mayor-s-committee-on-persons-with-disabilities,local rule added; pending full replay and deployment,Exact Fort Worth Mayor’s Committee on Persons with Disabilities rule
08c610dfa9eb,dallas-tx,76869ed1994f,Ad Hoc Committee on General Investigating and Ethics,17,17,17,0,0,0,approved-new-body-rule-local,dallas-tx-ad-hoc-committee-on-general-investigating-and-ethics,Added reusable source/body rule for dallas-tx-ad-hoc-committee-on-general-investigating-and-ethics: at least five distinct source/UID pairs (or a documented renamed-body family) in the frozen catalog. Records and audio are preserved; live deployment and event-to-recording checks remain.,dallas-tx-ad-hoc-committee-on-general-investigating-and-ethics,local rule added; pending full replay and deployment,"Dallas Ad Hoc Committee on General Investigating and Ethics; preserve the complete body name, meeting date and source identity. Exact archive-to-agenda replay remains required."
1abfef181f40,dallas-tx,76869ed1994f,Legislative Ad Hoc Committee,16,16,16,0,0,0,approved-new-body-rule-local,dallas-tx-legislative-ad-hoc-committee,Added reusable source/body rule for dallas-tx-legislative-ad-hoc-committee: at least five distinct source/UID pairs (or a documented renamed-body family) in the frozen catalog. Records and audio are preserved; live deployment and event-to-recording checks remain.,dallas-tx-legislative-ad-hoc-committee,local rule added; pending full replay and deployment,Exact Dallas Legislative Ad Hoc Committee rule
912d7228d283,fort-worth-tx,6540eef2dc2e,Park and Recreation Advisory Board Park and Recreation Advisory Board,16,16,16,0,0,0,approved-new-body-rule-local,fort-worth-tx-park-and-recreation-advisory-board,Added reusable source/body rule for fort-worth-tx-park-and-recreation-advisory-board: at least five distinct source/UID pairs (or a documented renamed-body family) in the frozen catalog. Records and audio are preserved; live deployment and event-to-recording checks remain.,fort-worth-tx-park-and-recreation-advisory-board,local rule added; pending full replay and deployment,Fort Worth Park and Recreation Advisory Board rule with official historical-name aliases
ce1f0df629fc,fort-worth-tx,6540eef2dc2e,Ad Hoc Council Committee On Emergency Medical Response Ad Hoc Council Committee On Emergency Medical Response,14,14,14,0,0,0,approved-new-body-rule-local,fort-worth-tx-ad-hoc-council-committee-on-emergency-medical-response,Added reusable source/body rule for fort-worth-tx-ad-hoc-council-committee-on-emergency-medical-response: at least five distinct source/UID pairs (or a documented renamed-body family) in the frozen catalog. Records and audio are preserved; live deployment and event-to-recording checks remain.,fort-worth-tx-ad-hoc-council-committee-on-emergency-medical-response,local rule added; pending full replay and deployment,One bounded Fort Worth EMS Ad Hoc Council Committee feed
44cbba86e465,dallas-tx,76869ed1994f,Ad Hoc Committee on COVID-19 Recovery & Assistance,13,13,13,0,0,0,approved-new-body-rule-local,dallas-tx-ad-hoc-committee-on-covid-19-recovery-assistance,Added reusable source/body rule for dallas-tx-ad-hoc-committee-on-covid-19-recovery-assistance: at least five distinct source/UID pairs (or a documented renamed-body family) in the frozen catalog. Records and audio are preserved; live deployment and event-to-recording checks remain.,dallas-tx-ad-hoc-committee-on-covid-19-recovery-assistance,local rule added; pending full replay and deployment,"A distinct exact-name Dallas Council committee feed, bounded to its documented activity"
197bf2139e8b,dallas-tx,76869ed1994f,Ad Hoc Committee on Legislative Affairs,14,13,13,0,0,1,approved-new-body-rule-local,dallas-tx-ad-hoc-committee-on-legislative-affairs,Added reusable source/body rule for dallas-tx-ad-hoc-committee-on-legislative-affairs: at least five distinct source/UID pairs (or a documented renamed-body family) in the frozen catalog. Records and audio are preserved; live deployment and event-to-recording checks remain.,dallas-tx-ad-hoc-committee-on-legislative-affairs,local rule added; pending full replay and deployment,"A distinct exact-name Dallas Council committee feed, bounded to its documented activity"
9ffbd10b3071,dallas-tx,76869ed1994f,Council Ad Hoc Committee on COVID-19 Human and Social Recovery and Assistance,12,12,12,0,0,0,approved-new-body-rule-local,dallas-tx-council-ad-hoc-committee-on-covid-19-human-and-social-recovery-and-assistance,Added reusable source/body rule for dallas-tx-council-ad-hoc-committee-on-covid-19-human-and-social-recovery-and-assistance: at least five distinct source/UID pairs (or a documented renamed-body family) in the frozen catalog. Records and audio are preserved; live deployment and event-to-recording checks remain.,dallas-tx-council-ad-hoc-committee-on-covid-19-human-and-social-recovery-and-assistance,local rule added; pending full replay and deployment,"A distinct exact-name Dallas Council committee feed, bounded to its documented activity"
4ea4078fd9a3,dallas-tx,76869ed1994f,Automated Red Light Commission,11,11,11,0,0,0,approved-new-body-rule-local,dallas-tx-automated-red-light-commission,Added reusable source/body rule for dallas-tx-automated-red-light-commission: at least five distinct source/UID pairs (or a documented renamed-body family) in the frozen catalog. Records and audio are preserved; live deployment and event-to-recording checks remain.,dallas-tx-automated-red-light-commission,local rule added; pending full replay and deployment,"Exact Dallas Automated Red Light Enforcement Commission rule, preserving the official acronym only as an alias"
a8aa6f8d3ca8,dallas-tx,76869ed1994f,Commission on Homelessness,11,11,9,0,0,0,approved-new-body-rule-local,dallas-tx-commission-on-homelessness,Added reusable source/body rule for dallas-tx-commission-on-homelessness: at least five distinct source/UID pairs (or a documented renamed-body family) in the frozen catalog. Records and audio are preserved; live deployment and event-to-recording checks remain.,dallas-tx-commission-on-homelessness,local rule added; pending full replay and deployment,Distinct historical Dallas public-body feed candidate; not approved or applied.
79c1c149336a,dallas-tx,76869ed1994f,Ad Hoc Committee on Pensions,10,10,10,0,0,0,approved-new-body-rule-local,dallas-tx-ad-hoc-committee-on-pensions,Added reusable source/body rule for dallas-tx-ad-hoc-committee-on-pensions: at least five distinct source/UID pairs (or a documented renamed-body family) in the frozen catalog. Records and audio are preserved; live deployment and event-to-recording checks remain.,dallas-tx-ad-hoc-committee-on-pensions,local rule added; pending full replay and deployment,"A distinct exact-name Dallas Council committee feed, bounded to its documented activity"
59b1da074a7a,fort-worth-tx,6540eef2dc2e,Library Advisory Board Library Advisory Board,10,10,10,0,0,0,approved-new-body-rule-local,fort-worth-tx-library-advisory-board,Added reusable source/body rule for fort-worth-tx-library-advisory-board: at least five distinct source/UID pairs (or a documented renamed-body family) in the frozen catalog. Records and audio are preserved; live deployment and event-to-recording checks remain.,fort-worth-tx-library-advisory-board,local rule added; pending full replay and deployment,Exact Fort Worth Library Advisory Board rule with documented board-name aliases only
c02acb7f5249,fort-worth-tx,6540eef2dc2e,Pedestrian and Bicycle Advisory Commission Pedestrian and Bicycle Advisory Commission,10,10,10,0,0,0,approved-new-body-rule-local,fort-worth-tx-pedestrian-and-bicycle-advisory-commission,Added reusable source/body rule for fort-worth-tx-pedestrian-and-bicycle-advisory-commission: at least five distinct source/UID pairs (or a documented renamed-body family) in the frozen catalog. Records and audio are preserved; live deployment and event-to-recording checks remain.,fort-worth-tx-pedestrian-and-bicycle-advisory-commission,local rule added; pending full replay and deployment,Fort Worth continuing named public-body feed candidate; not approved or applied.
197cccab72bb,dallas-tx,76869ed1994f,Ad Hoc Judicial Nominating Committee,8,8,8,0,0,0,approved-new-body-rule-local,dallas-tx-ad-hoc-judicial-nominating-committee,Added reusable source/body rule for dallas-tx-ad-hoc-judicial-nominating-committee: at least five distinct source/UID pairs (or a documented renamed-body family) in the frozen catalog. Records and audio are preserved; live deployment and event-to-recording checks remain.,dallas-tx-ad-hoc-judicial-nominating-committee,local rule added; pending full replay and deployment,Exact Dallas Ad Hoc Judicial Nominating Committee rule
195bc5142a6e,fort-worth-tx,6540eef2dc2e,Ad Hoc Municipal Court Advisory Committee Ad Hoc Municipal Court Advisory Committee,8,8,8,0,0,0,approved-new-body-rule-local,fort-worth-tx-ad-hoc-municipal-court-advisory-committee,Added reusable source/body rule for fort-worth-tx-ad-hoc-municipal-court-advisory-committee: at least five distinct source/UID pairs (or a documented renamed-body family) in the frozen catalog. Records and audio are preserved; live deployment and event-to-recording checks remain.,fort-worth-tx-ad-hoc-municipal-court-advisory-committee,local rule added; pending full replay and deployment,Exact Fort Worth Ad Hoc Municipal Court Advisory Committee rule
5c39a7c8a01b,fort-worth-tx,6540eef2dc2e,Minority and Women Business Enterprise Advisory Committee Minority and Women Business Enterprise Advisory Committee,8,8,8,0,0,0,approved-new-body-rule-local,fort-worth-tx-minority-and-women-business-enterprise-advisory-committee,Added reusable source/body rule for fort-worth-tx-minority-and-women-business-enterprise-advisory-committee: at least five distinct source/UID pairs (or a documented renamed-body family) in the frozen catalog. Records and audio are preserved; live deployment and event-to-recording checks remain.,fort-worth-tx-minority-and-women-business-enterprise-advisory-committee,local rule added; pending full replay and deployment,Exact historical Fort Worth Minority and Women Business Enterprise Advisory Committee rule
40788d1f3fd8,fort-worth-tx,6540eef2dc2e,CHARTER REVIEW TASK FORCE CHARTER REVIEW TASK FORCE,8,8,8,0,0,0,approved-new-body-rule-local,fort-worth-tx-charter-review-task-force,Created reusable Fort Worth Charter Review Task Force feed (8 UIDs).,fort-worth-tx-charter-review,no selector match,Created reusable Fort Worth Charter Review Task Force feed (8 UIDs).
bfd1db7e6d3b,dallas-tx,76869ed1994f,Ad Hoc City Council Canvassing Committee,7,7,7,0,0,0,approved-new-body-rule-local,dallas-tx-ad-hoc-city-council-canvassing-committee,Added reusable source/body rule for dallas-tx-ad-hoc-city-council-canvassing-committee: at least five distinct source/UID pairs (or a documented renamed-body family) in the frozen catalog. Records and audio are preserved; live deployment and event-to-recording checks remain.,dallas-tx-ad-hoc-city-council-canvassing-committee,local rule added; pending full replay and deployment,"Dallas election canvassing committee: a recurring but election-specific committee family, not a standing board feed."
8a58c48e4bde,dallas-tx,76869ed1994f,Council Ad Hoc Committee on COVID-19 Economic Recovery and Assistance,7,7,7,0,0,0,approved-new-body-rule-local,dallas-tx-council-ad-hoc-committee-on-covid-19-economic-recovery-and-assistance,Added reusable source/body rule for dallas-tx-council-ad-hoc-committee-on-covid-19-economic-recovery-and-assistance: at least five distinct source/UID pairs (or a documented renamed-body family) in the frozen catalog. Records and audio are preserved; live deployment and event-to-recording checks remain.,dallas-tx-council-ad-hoc-committee-on-covid-19-economic-recovery-and-assistance,local rule added; pending full replay and deployment,Use an exact-name rule for Dallas’s Ad Hoc Committee on COVID-19 Economic Recovery and Assistance; keep it separate from the Human and Social Recovery committee.
ba5cbb67926d,dallas-tx,76869ed1994f,Council Ad Hoc Committee on COVID-19 Recovery and Assistance,7,7,7,0,0,0,approved-new-body-rule-local,dallas-tx-council-ad-hoc-committee-on-covid-19-recovery-and-assistance,Added reusable source/body rule for dallas-tx-council-ad-hoc-committee-on-covid-19-recovery-and-assistance: at least five distinct source/UID pairs (or a documented renamed-body family) in the frozen catalog. Records and audio are preserved; live deployment and event-to-recording checks remain.,dallas-tx-council-ad-hoc-committee-on-covid-19-recovery-and-assistance,local rule added; pending full replay and deployment,Keep this title separate from the Economic Recovery and Assistance committee until its date-specific agenda establishes whether it is a shortened/changed title or another body.
b5b819801672,fort-worth-tx,6540eef2dc2e,Aviation Advisory Board Aviation Advisory Board,7,7,7,0,0,0,approved-new-body-rule-local,fort-worth-tx-aviation-advisory-board,Added reusable source/body rule for fort-worth-tx-aviation-advisory-board: at least five distinct source/UID pairs (or a documented renamed-body family) in the frozen catalog. Records and audio are preserved; live deployment and event-to-recording checks remain.,fort-worth-tx-aviation-advisory-board,local rule added; pending full replay and deployment,Dedicated Fort Worth Aviation Advisory Board feed using the exact board name.
358d293f38f3,fort-worth-tx,6540eef2dc2e,Capitol Improvements Advisory Committee (CIAC) Capitol Improvements Advisory Committee (CIAC),7,7,7,0,0,0,approved-new-body-rule-local,fort-worth-tx-capital-improvements-advisory-committee,Reusable Fort Worth Capital Improvements Advisory Committee rule: full official name plus the source-scoped dated “CIAC of …” alias. Water/Wastewater CIAC stays separate. Local config only; preserve all source records and audio; live deployment and exact event verification remain.,fort-worth-tx-capitol-improvements-advisory-committee-ciac,local rule added; pending full replay and deployment,Candidate exact-name public-body feed for Capitol Improvements Advisory Committee (CIAC) Capitol Improvements Advisory Committee (CIAC); preserve distinct bodies and official labels.
011fdb96a577,fort-worth-tx,6540eef2dc2e,Research and Innovation Local Government Corporation Research and Innovation Local Government Corporation,6,6,6,0,0,0,approved-body-rule-local,fort-worth-tx-research-and-innovation-local-government-corporation,Narrowed the existing feed to its named body and added its observed abbreviation.,fort-worth-tx-research-and-innovation-local-government-corporation,no selector match,Narrowed the existing feed to its named body and added its observed abbreviation.
1b47dc03a798,addison-tx,abbf5e25e078,Community Partnership Committee,6,5,5,0,0,1,keep-existing-correct-feed,addison-tx-community-partnership-committee,Already has a valid named-body feed assignment; preserve it despite the blanket-exclusion direction.,addison-tx-community-partnership-committee,full selector match,Dedicated Addison City Council Community Partnership Committee feed.
44909aa4b23c,dallas-tx,76869ed1994f,Mayor's Task Force on Confederate Monuments,5,5,2,0,0,0,approved-new-body-rule-local,dallas-tx-mayor-s-task-force-on-confederate-monuments,Added reusable source/body rule for dallas-tx-mayor-s-task-force-on-confederate-monuments: at least five distinct source/UID pairs (or a documented renamed-body family) in the frozen catalog. Records and audio are preserved; live deployment and event-to-recording checks remain.,dallas-tx-mayor-s-task-force-on-confederate-monuments,local rule added; pending full replay and deployment,Candidate exact-name public-body feed for Mayor's Task Force on Confederate Monuments; preserve distinct bodies and official labels.
a9acc2b6d178,fort-worth-tx,6540eef2dc2e,ARTS FUNDING TASK FORCE ARTS FUNDING TASK FORCE,5,5,5,0,0,0,approved-new-body-rule-local,fort-worth-tx-arts-funding-task-force,Added reusable source/body rule for fort-worth-tx-arts-funding-task-force: at least five distinct source/UID pairs (or a documented renamed-body family) in the frozen catalog. Records and audio are preserved; live deployment and event-to-recording checks remain.,fort-worth-tx-arts-funding-task-force,local rule added; pending full replay and deployment,Candidate exact-name public-body feed for ARTS FUNDING TASK FORCE ARTS FUNDING TASK FORCE; preserve distinct bodies and official labels.
25b8e601f8df,fort-worth-tx,6540eef2dc2e,Black History Month Program Black History Month Program,5,5,5,0,0,0,not-to-pursue-maintainer-directed,not-to-pursue,"No feed assignment pursued under the maintainer-approved body/family cutoff; preserve the source record, UID, title, namespace, and audio. Ordinary no-recording flow handles unavailable recordings.",,no selector match,"No feed assignment pursued under the maintainer-approved body/family cutoff; preserve the source record, UID, title, namespace, and audio. Ordinary no-recording flow handles unavailable recordings."
7589fd43ffb0,fort-worth-tx,6540eef2dc2e,City Notes City Notes,5,5,5,0,0,0,not-to-pursue-maintainer-directed,not-to-pursue,"No feed assignment pursued under the maintainer-approved body/family cutoff; preserve the source record, UID, title, namespace, and audio. Ordinary no-recording flow handles unavailable recordings.",,no selector match,"No feed assignment pursued under the maintainer-approved body/family cutoff; preserve the source record, UID, title, namespace, and audio. Ordinary no-recording flow handles unavailable recordings."
37b0c6ef5397,dallas-tx,76869ed1994f,Joint Education Task Force,4,4,4,0,0,0,not-to-pursue-maintainer-directed,not pursued; preserve in source archive,"Below the maintainer’s five-distinct-source/UID threshold for a new body, and no documented alias to an already configured body (this row has 4 source/UID pair(s)). Do not create a feed or a one-off selector; preserve the source record, title, UID and any audio.",dallas-tx-joint-education-task-force,not pursued by maintainer threshold; raw archive preserved,Candidate exact-name public-body feed for Joint Education Task Force; preserve distinct bodies and official labels.
6fd869651b23,fort-worth-tx,6540eef2dc2e,Ad Hoc Committee on Emergency Medical Response Ad Hoc Committee on Emergency Medical Response,4,4,4,0,0,0,approved-new-body-rule-local,fort-worth-tx-ad-hoc-council-committee-on-emergency-medical-response,Same Fort Worth body as the configured Ad Hoc Council Committee on Emergency Medical Response feed; add the complete older alias.,fort-worth-tx-ad-hoc-council-committee-on-emergency-medical-response,local exact-body alias added; pending full replay and deployment,Same Fort Worth body as the configured Ad Hoc Council Committee on Emergency Medical Response feed; add the complete older alias.
391cd5b87a2d,fort-worth-tx,6540eef2dc2e,"AllianceAirport Authority, Inc. AllianceAirport Authority, Inc.",4,4,4,0,0,0,approved-new-body-rule-local,fort-worth-tx-alliance-airport-authority,Added reusable source/body rule for fort-worth-tx-alliance-airport-authority: at least five distinct source/UID pairs (or a documented renamed-body family) in the frozen catalog. Records and audio are preserved; live deployment and event-to-recording checks remain.,fort-worth-tx-allianceairport-authority-inc,local rule added; pending full replay and deployment,Keep AllianceAirport Authority recordings under the authority’s own historical source identity; do not merge them into a City department feed.
4ef21af345c3,fort-worth-tx,6540eef2dc2e,Community Action Partners Council Community Action Partners Council,4,4,4,0,0,0,not-to-pursue-maintainer-directed,not-to-pursue,"Only two distinct recordings were found for this proposed new body, below the approved five-UID cutoff; do not add a new feed.",fort-worth-tx-community-action-partners-council,local rule added; pending full replay and deployment,"Only two distinct recordings were found for this proposed new body, below the approved five-UID cutoff; do not add a new feed."
2603796cdc65,fort-worth-tx,6540eef2dc2e,Fort Worth Public Improvement District No. 1 Advisory Board Fort Worth Public Improvement District No. 1 Advisory Board,4,4,4,0,0,0,not-to-pursue-maintainer-directed,not pursued; preserve in source archive,"Below the maintainer’s five-distinct-source/UID threshold for a new body, and no documented alias to an already configured body (this row has 4 source/UID pair(s)). Do not create a feed or a one-off selector; preserve the source record, title, UID and any audio.",fort-worth-tx-fort-worth-public-improvement-district-no-1-advisory-board,not pursued by maintainer threshold; raw archive preserved,"Treat the Downtown PID No. 1 Advisory Board as a district advisory body, not as a City Council meeting; keep public benefit hearings conducted by Council separate."
e884917068fa,fort-worth-tx,6540eef2dc2e,Fort Worth Sports Authority Fort Worth Sports Authority,4,2,4,0,0,0,approved-new-body-rule-local,fort-worth-tx-fort-worth-sports-authority,Added reusable source/body rule for fort-worth-tx-fort-worth-sports-authority: at least five distinct source/UID pairs (or a documented renamed-body family) in the frozen catalog. Records and audio are preserved; live deployment and event-to-recording checks remain.,fort-worth-tx-fort-worth-sports-authority,local rule added; pending full replay and deployment,Dedicated Fort Worth Sports Authority board feed; keep the authority’s official board name and namespace.
9268e314c4f3,fort-worth-tx,6540eef2dc2e,T Board of Directors T Board of Directors,4,4,4,0,0,0,approved-new-body-rule-local,fort-worth-tx-trinity-metro-board,Added as a source/body alias to the existing Fort Worth Trinity Metro Board feed. The reusable exact-label rule already includes “T Board Meeting” and “T Board of Directors”; no UID pin. Preserve official titles and audio; deployment remains pending.,fort-worth-tx-t-board-of-directors,existing local Trinity Metro rule; deployment pending,"Keep “T Board” as a separate participant/body, and show a recording in both City Council and T Board feeds only when the official notice confirms that same meeting was joint."
a364fc008448,fort-worth-tx,6540eef2dc2e,Water and Wastewater Capital Improvements Plans Citizen Advisory Committee Water and Wastewater Capital Improvements Plans Citizen Advisory Committee,4,4,4,0,0,0,approved-new-body-rule-local,fort-worth-tx-water-and-wastewater-capital-improvements-plans-citizen-advisory-committee,Added reusable source/body rule for fort-worth-tx-water-and-wastewater-capital-improvements-plans-citizen-advisory-committee: at least five distinct source/UID pairs (or a documented renamed-body family) in the frozen catalog. Records and audio are preserved; live deployment and event-to-recording checks remain.,fort-worth-tx-water-and-wastewater-capital-improvements-plans-citizen-advisory-committee,local rule added; pending full replay and deployment,Dedicated historical Water/Wastewater Capital Improvements Plan Advisory Committee feed using the City’s full body name.
1fee066734f6,addison-tx,abbf5e25e078,Bond Advisory Committee,4,4,4,0,0,0,keep-existing-correct-feed,addison-tx-bond-committees,Already has a valid named-body feed assignment; preserve it despite the blanket-exclusion direction.,addison-tx-bond-program-meetings,full selector match,"Add the 2025–26 Addison Bond Advisory Committee to the Addison Bond Program family, but preserve it as a distinct temporary committee from the 2019 Citizen Bond Advisory Committee."
c6873d2c1ad2,fort-worth-tx,6540eef2dc2e,Neighborhood Awards Neighborhood Awards,4,4,4,0,0,0,not-to-pursue-maintainer-directed,not-to-pursue,"No feed assignment pursued under the maintainer-approved body/family cutoff; preserve the source record, UID, title, namespace, and audio. Ordinary no-recording flow handles unavailable recordings.",,no selector match,"No feed assignment pursued under the maintainer-approved body/family cutoff; preserve the source record, UID, title, namespace, and audio. Ordinary no-recording flow handles unavailable recordings."
5958cfb33af5,addison-tx,abbf5e25e078,Unified Development Code (UDC) Advisory Committee,3,3,3,0,0,0,keep-existing-correct-feed,addison-tx-unified-development-code-advisory-committee,Already has a valid named-body feed assignment; preserve it despite the blanket-exclusion direction.,addison-tx-unified-development-code-udc-advisory-committee,full selector match,Dedicated Addison Unified Development Code Advisory Committee feed for this finite code-update body; preserve its dates and term.
38e0a1c5cc02,fort-worth-tx,6540eef2dc2e,Water Task Force Water Task Force,2,2,2,0,0,0,approved-body-rule-local,fort-worth-tx-water-utility-task-force,Added or retained a reusable source/body rule in local config fort-worth-tx-water-utility-task-force; no UID-only inclusion. Historical recording/event and live deployment checks remain separate.,fort-worth-tx-water-utility-task-force,local rule added; pending full replay and deployment,Candidate alias for the Fort Worth Water Utility Task Force only if the official City records establish the same body.
fd972d06a8ef,dallas-tx,76869ed1994f,Arts District Sign Advisory Committee,2,2,2,0,0,0,not-to-pursue-maintainer-directed,not pursued; preserve in source archive,"Below the maintainer’s five-distinct-source/UID threshold for a new body, and no documented alias to an already configured body (this row has 2 source/UID pair(s)). Do not create a feed or a one-off selector; preserve the source record, title, UID and any audio.",dallas-tx-arts-district-sign-advisory-committee,not pursued by maintainer threshold; raw archive preserved,"Dedicated Dallas Arts District Sign Advisory Committee feed, separate from the Special Sign District Advisory Committee."
e3cfb24b7253,dallas-tx,76869ed1994f,"Building Inspection Advisory, Examining and Appeals Board Special Called Meeting",2,2,2,0,0,0,not-to-pursue-maintainer-directed,not pursued; preserve in source archive,"Below the maintainer’s five-distinct-source/UID threshold for a new body, and no documented alias to an already configured body (this row has 2 source/UID pair(s)). Do not create a feed or a one-off selector; preserve the source record, title, UID and any audio.",dallas-tx-building-inspection-advisory-examining-and-appeals-board-special-called-meeting,not pursued by maintainer threshold; raw archive preserved,Candidate exact-name Dallas building-inspection appeals body rule; verify whether singular/plural titles refer to the same board.
b5fd5e15c795,dallas-tx,76869ed1994f,"Building Inspection Advisory, Examining & Appeals Boards",2,1,1,0,1,0,not-to-pursue-maintainer-directed,not pursued; preserve in source archive,"Below the maintainer’s five-distinct-source/UID threshold for a new body, and no documented alias to an already configured body (this row has 2 source/UID pair(s)). Do not create a feed or a one-off selector; preserve the source record, title, UID and any audio.",dallas-tx-building-inspection-advisory-examining-appeals-boards,not pursued by maintainer threshold; raw archive preserved,Candidate exact-name Dallas building-inspection appeals body rule; verify whether singular/plural titles refer to the same board.
9d23e1220174,dallas-tx,76869ed1994f,Comprehensive Land Use Plan Committee,2,2,2,0,0,0,not-to-pursue-maintainer-directed,not pursued; preserve in source archive,"Below the maintainer’s five-distinct-source/UID threshold for a new body, and no documented alias to an already configured body (this row has 2 source/UID pair(s)). Do not create a feed or a one-off selector; preserve the source record, title, UID and any audio.",dallas-tx-comprehensive-land-use-plan-committee,not pursued by maintainer threshold; raw archive preserved,Hold the March 2022 CLUP title. Dallas says its CLUP committee began in 2023; first resolve the date/source mismatch.
863591b4adfe,dallas-tx,76869ed1994f,Council Agenda,2,2,0,0,0,0,not-to-pursue-maintainer-directed,not pursued; preserve in source archive,"Below the maintainer’s five-distinct-source/UID threshold for a new body, and no documented alias to an already configured body (this row has 2 source/UID pair(s)). Do not create a feed or a one-off selector; preserve the source record, title, UID and any audio.",dallas-tx-council-agenda,not pursued by maintainer threshold; raw archive preserved,"Leave unresolved whether this is a Council meeting recording, agenda-only item, or mislabeled source entry; title alone is insufficient."
fa52af1c93d8,dallas-tx,76869ed1994f,Mayor’s Task Force on Poverty,2,2,2,0,0,0,not-to-pursue-maintainer-directed,not pursued; preserve in source archive,"Below the maintainer’s five-distinct-source/UID threshold for a new body, and no documented alias to an already configured body (this row has 2 source/UID pair(s)). Do not create a feed or a one-off selector; preserve the source record, title, UID and any audio.",dallas-tx-mayor-s-task-force-on-poverty,not pursued by maintainer threshold; raw archive preserved,Candidate exact-name public-body feed for Mayor’s Task Force on Poverty; preserve distinct bodies and official labels.
e874bf674530,dallas-tx,76869ed1994f,Special Workforce-Education and Equity,2,2,2,0,0,0,approved-body-rule-local,dallas-tx-council-committee-on-government-efficiency,Added special-meeting title variant for the same Council committee.,dallas-tx-special-workforce-education-and-equity,no selector match,Added special-meeting title variant for the same Council committee.
4fdc3a6e244f,dallas-tx,76869ed1994f,Subdivision Review Committee,2,2,2,0,0,0,approved-body-rule-local,dallas-tx-city-planning-commission,"Dallas identifies the Subdivision Review Committee as a five-member advisory body appointed by and responsible to the City Plan Commission. Add the recurring exact body name to the existing City Planning Commission feed; preserve source titles, UIDs, audio, and provider namespace.",dallas-tx-city-planning-commission,reusable body rule added locally; pending merge and deployment,Assigned to Dallas City Planning Commission by the reusable Subdivision Review Committee body-name rule. Official Dallas CPC annual report and dated official agenda establish the parent relationship; no GUID-specific inclusion.
f86f6c6423be,dallas-tx,76869ed1994f,Trinity Parkway Advisory Committee,2,2,2,0,0,0,not-to-pursue-maintainer-directed,not pursued; preserve in source archive,"Below the maintainer’s five-distinct-source/UID threshold for a new body, and no documented alias to an already configured body (this row has 2 source/UID pair(s)). Do not create a feed or a one-off selector; preserve the source record, title, UID and any audio.",dallas-tx-trinity-parkway-advisory-committee,not pursued by maintainer threshold; raw archive preserved,"Treat Trinity Parkway Advisory Committee as a finite Dallas advisory group, not a current standing board; use an exact historical name rule only for its dated work."
bd56b0b8f0e8,fort-worth-tx,6540eef2dc2e,Ad Hoc Council Committee on Emergency Medical Response Meeting Ad Hoc Council Committee on Emergency Medical Response Meeting,2,2,2,0,0,0,approved-new-body-rule-local,fort-worth-tx-ad-hoc-council-committee-on-emergency-medical-response,"Added as a documented special-meeting/title alias to fort-worth-tx-ad-hoc-council-committee-on-emergency-medical-response; reusable source/body rule, no UID pin. Preserve the historical title and audio; deployment and event binding remain separate.",fort-worth-tx-ad-hoc-council-committee-on-emergency-medical-response-meeting,local alias rule added; pending full replay and deployment,Candidate exact-name public-body feed for Ad Hoc Council Committee on Emergency Medical Response Meeting Ad Hoc Council Committee on Emergency Medical Response Meeting; preserve distinct bodies and official labels.
0c8092991552,fort-worth-tx,6540eef2dc2e,"Alliance Airport Authority January 12, 2021 Alliance Airport Authority January 12, 2021",2,2,2,0,0,0,approved-new-body-rule-local,fort-worth-tx-alliance-airport-authority,Added reusable source/body rule for fort-worth-tx-alliance-airport-authority: at least five distinct source/UID pairs (or a documented renamed-body family) in the frozen catalog. Records and audio are preserved; live deployment and event-to-recording checks remain.,fort-worth-tx-alliance-airport-authority,local rule added; pending full replay and deployment,Keep Alliance Airport Authority recordings under that corporation’s own historical source name; do not route by Council-topic keywords.
56bd6dd2a46f,fort-worth-tx,6540eef2dc2e,Business Equity Advisory Board Meeting Business Equity Advisory Board Meeting,2,2,2,0,0,0,not-to-pursue-maintainer-directed,not pursued; preserve in source archive,"Below the maintainer’s five-distinct-source/UID threshold for a new body, and no documented alias to an already configured body (this row has 2 source/UID pair(s)). Do not create a feed or a one-off selector; preserve the source record, title, UID and any audio.",fort-worth-tx-business-equity-advisory-board-meeting,not pursued by maintainer threshold; raw archive preserved,Keep the Business Equity Advisory Board and Business Equity Committee labels separate pending official proof of relationship.
346ceb3f3718,fort-worth-tx,6540eef2dc2e,Business Equity Committee Business Equity Committee,2,2,2,0,0,0,not-to-pursue-maintainer-directed,not pursued; preserve in source archive,"Below the maintainer’s five-distinct-source/UID threshold for a new body, and no documented alias to an already configured body (this row has 2 source/UID pair(s)). Do not create a feed or a one-off selector; preserve the source record, title, UID and any audio.",fort-worth-tx-business-equity-committee,not pursued by maintainer threshold; raw archive preserved,Keep the Business Equity Advisory Board and Business Equity Committee labels separate pending official proof of relationship.
36cc1a651c90,fort-worth-tx,6540eef2dc2e,Capital Improvement Advisory Committee on Transportation Impact Fees Capital Improvement Advisory Committee on Transportation Impact Fees,2,2,2,0,0,0,approved-new-body-rule-local,fort-worth-tx-capital-improvements-advisory-committee,Reusable Fort Worth Capital Improvements Advisory Committee rule: full official name plus the source-scoped dated “CIAC of …” alias. Water/Wastewater CIAC stays separate. Local config only; preserve all source records and audio; live deployment and exact event verification remain.,fort-worth-tx-capital-improvement-advisory-committee-on-transportation-impact-fees,local rule added; pending full replay and deployment,"Dedicated Fort Worth Transportation Impact Fee advisory committee feed, using exact committee name and dated title variants."
44bb867f3d84,fort-worth-tx,6540eef2dc2e,Central City Local Development Corporation Central City Local Development Corporation,2,2,2,0,0,0,not-to-pursue-maintainer-directed,not-to-pursue,"No feed assignment pursued under the maintainer-approved body/family cutoff; preserve the source record, UID, title, namespace, and audio. Ordinary no-recording flow handles unavailable recordings.",fort-worth-tx-central-city-local-development-corporation,no selector match,"No feed assignment pursued under the maintainer-approved body/family cutoff; preserve the source record, UID, title, namespace, and audio. Ordinary no-recording flow handles unavailable recordings."
140ce8e4631e,fort-worth-tx,6540eef2dc2e,Civil Service Commission Civil Service Commission,2,2,2,0,0,0,not-to-pursue-maintainer-directed,not pursued; preserve in source archive,"Below the maintainer’s five-distinct-source/UID threshold for a new body, and no documented alias to an already configured body (this row has 2 source/UID pair(s)). Do not create a feed or a one-off selector; preserve the source record, title, UID and any audio.",fort-worth-tx-civil-service-commission,not pursued by maintainer threshold; raw archive preserved,Dedicated Fort Worth Civil Service Commission feed matching the exact official name and dated special-hearing variants.
adeead1da70b,fort-worth-tx,6540eef2dc2e,Community Action Partners (CAP) Council Community Action Partners (CAP) Council,2,2,2,0,0,0,not-to-pursue-maintainer-directed,not-to-pursue,"Only two distinct recordings were found for this proposed new body, below the approved five-UID cutoff; do not add a new feed.",fort-worth-tx-community-action-partners-cap-council,local rule added; pending full replay and deployment,"Only two distinct recordings were found for this proposed new body, below the approved five-UID cutoff; do not add a new feed."
376c29adadb8,fort-worth-tx,6540eef2dc2e,Community Action Partners Council Meeting of 12-17-20 Community Action Partners Council Meeting of,2,2,2,0,0,0,not-to-pursue-maintainer-directed,not-to-pursue,"Only two distinct recordings were found for this proposed new body, below the approved five-UID cutoff; do not add a new feed.",fort-worth-tx-community-action-partners-council-meeting-of-12-17-20-community-action-partners-council-meeting-of,local rule added; pending full replay and deployment,"Only two distinct recordings were found for this proposed new body, below the approved five-UID cutoff; do not add a new feed."
85c718e45e70,fort-worth-tx,6540eef2dc2e,Deferred Compensation Oversight Committee Deferred Compensation Oversight Committee,2,2,2,0,0,0,not-to-pursue-maintainer-directed,not pursued; preserve in source archive,"Below the maintainer’s five-distinct-source/UID threshold for a new body, and no documented alias to an already configured body (this row has 2 source/UID pair(s)). Do not create a feed or a one-off selector; preserve the source record, title, UID and any audio.",fort-worth-tx-deferred-compensation-oversight-committee,not pursued by maintainer threshold; raw archive preserved,Use a dedicated Fort Worth Deferred Compensation Oversight Committee feed with the exact body name.
c9a23eeacc18,fort-worth-tx,6540eef2dc2e,Fort Worth Human Relations Commission Fort Worth Human Relations Commission,2,2,2,0,0,0,approved-new-body-rule-local,fort-worth-tx-human-relations-commission,"Added as a documented special-meeting/title alias to fort-worth-tx-human-relations-commission; reusable source/body rule, no UID pin. Preserve the historical title and audio; deployment and event binding remain separate.",fort-worth-tx-fort-worth-human-relations-commission,local alias rule added; pending full replay and deployment,Use a dedicated Fort Worth Human Relations Commission feed for the Commission’s own meetings. Keep its disability committee as a related but separately named body.
0c223c31c919,fort-worth-tx,6540eef2dc2e,Fort Worth Public Library Advisory Board Meeting Fort Worth Public Library Advisory Board Meeting,2,2,2,0,0,0,approved-new-body-rule-local,fort-worth-tx-library-advisory-board,"Added as a documented special-meeting/title alias to fort-worth-tx-library-advisory-board; reusable source/body rule, no UID pin. Preserve the historical title and audio; deployment and event binding remain separate.",fort-worth-tx-fort-worth-public-library-advisory-board-meeting,local alias rule added; pending full replay and deployment,Use the exact “Fort Worth Public Library Advisory Board” name and ignore only date/meeting-word suffixes.
383bf7e38814,fort-worth-tx,6540eef2dc2e,"Fort Worth Sports Authority, Inc. Quarterly Board Meeting, August 25, 2020 Fort Worth Sports Authority, Inc. Quarterly Board Meeting, August 25, 2020",2,2,2,0,0,0,approved-new-body-rule-local,fort-worth-tx-fort-worth-sports-authority,Added reusable source/body rule for fort-worth-tx-fort-worth-sports-authority: at least five distinct source/UID pairs (or a documented renamed-body family) in the frozen catalog. Records and audio are preserved; live deployment and event-to-recording checks remain.,fort-worth-tx-fort-worth-sports-authority-inc-quarterly-board-meeting,local rule added; pending full replay and deployment,"Use “Fort Worth Sports Authority, Inc. Board of Directors” as a distinct authority/affiliate feed; treat “quarterly board meeting” as a title variation only when the source confirms it."
5d5f9852b67f,fort-worth-tx,6540eef2dc2e,Fort Worth Water Department Wholesale Water and Wastewater Advisory Committee Fort Worth Water Department Wholesale Water and Wastewater Advisory Committee,2,2,2,0,0,0,not-to-pursue-maintainer-directed,not pursued; preserve in source archive,"Below the maintainer’s five-distinct-source/UID threshold for a new body, and no documented alias to an already configured body (this row has 2 source/UID pair(s)). Do not create a feed or a one-off selector; preserve the source record, title, UID and any audio.",fort-worth-tx-fort-worth-water-department-wholesale-water-and-wastewater-advisory-committee,not pursued by maintainer threshold; raw archive preserved,Keep the Wholesale Water and Wastewater Advisory Committee in its own regional customer-advisory feed; do not merge it into a City department meeting feed.
279104e6e02c,fort-worth-tx,6540eef2dc2e,"FW Sports Authority, Inc. FW Sports Authority, Inc.",2,2,2,0,0,0,approved-new-body-rule-local,fort-worth-tx-fort-worth-sports-authority,Added reusable source/body rule for fort-worth-tx-fort-worth-sports-authority: at least five distinct source/UID pairs (or a documented renamed-body family) in the frozen catalog. Records and audio are preserved; live deployment and event-to-recording checks remain.,fort-worth-tx-fw-sports-authority-inc,local rule added; pending full replay and deployment,"Use the exact legal name “Fort Worth Sports Authority, Inc.” as an alias for its Board of Directors only after matching the date and agenda."
b8b3e2245bb9,fort-worth-tx,6540eef2dc2e,"FW Sports Authority, Inc. Quarterly Board Meeting May 26, 2020 FW Sports Authority, Inc. Quarterly Board Meeting May 26, 2020",2,2,2,0,0,0,approved-new-body-rule-local,fort-worth-tx-fort-worth-sports-authority,Added reusable source/body rule for fort-worth-tx-fort-worth-sports-authority: at least five distinct source/UID pairs (or a documented renamed-body family) in the frozen catalog. Records and audio are preserved; live deployment and event-to-recording checks remain.,fort-worth-tx-fw-sports-authority-inc-quarterly-board-meeting,local rule added; pending full replay and deployment,"Treat this as a possible dated title variant for the Fort Worth Sports Authority board, not a generic quarterly meeting."
b16ca44c70f1,fort-worth-tx,6540eef2dc2e,Housing Neighborhood Services Committee Housing Neighborhood Services Committee,2,2,2,0,0,0,not-to-pursue-maintainer-directed,not pursued; preserve in source archive,"Below the maintainer’s five-distinct-source/UID threshold for a new body, and no documented alias to an already configured body (this row has 2 source/UID pair(s)). Do not create a feed or a one-off selector; preserve the source record, title, UID and any audio.",fort-worth-tx-housing-neighborhood-services-committee,not pursued by maintainer threshold; raw archive preserved,Hold the Housing and Neighborhood Services Committee title until an official Council roster or agenda proves the exact body and meeting date.
04371d4adfaf,fort-worth-tx,6540eef2dc2e,Human Relations Commission - Mayor's Committee on Persons with Disabilities Human Relations Commission - Mayor's Committee on Persons with Disabilities,2,2,2,0,0,0,approved-new-body-rule-local,fort-worth-tx-human-relations-commission,The exact source label names both configured bodies in one joint recording. Add this exact label to both participant feeds and retain the original record/UID.,fort-worth-tx-human-relations-commission,local exact-body alias added; pending full replay and deployment,The exact source label names both configured bodies in one joint recording. Add this exact label to both participant feeds and retain the original record/UID.
f058788a913b,fort-worth-tx,6540eef2dc2e,Interim Report of the Task Force on Race and Culture Interim Report of the Task Force on Race and Culture,2,2,2,0,0,0,not-to-pursue-maintainer-directed,not pursued; preserve in source archive,"Below the maintainer’s five-distinct-source/UID threshold for a new body, and no documented alias to an already configured body (this row has 2 source/UID pair(s)). Do not create a feed or a one-off selector; preserve the source record, title, UID and any audio.",fort-worth-tx-interim-report-of-the-task-force-on-race-and-culture,not pursued by maintainer threshold; raw archive preserved,"Treat an “Interim Report of the Task Force on Race and Culture” as a report/presentation, not as a Task Force meeting, unless the recording contains the task force’s own meeting."
859c891fcf8b,fort-worth-tx,6540eef2dc2e,Mayor's Committee on Persons with Disabilites Mayor's Committee on Persons with Disabilites,2,2,2,0,0,0,approved-new-body-rule-local,fort-worth-tx-mayor-s-committee-on-persons-with-disabilities,Added or retained a reusable source/body rule in local config fort-worth-tx-mayor-s-committee-on-persons-with-disabilities; no UID-only inclusion. Historical recording/event and live deployment checks remain separate.,fort-worth-tx-mayor-s-committee-on-persons-with-disabilites,local rule added; pending full replay and deployment,Normalize this misspelled or shortened title to “Mayor’s Committee on Persons with Disabilities” only in matching; preserve the original displayed title and audio.
3a65f9e0dd02,fort-worth-tx,6540eef2dc2e,Mayor's Commttee on Persons with Disabilities Mayor's Commttee on Persons with Disabilities,2,2,2,0,0,0,not-to-pursue-maintainer-directed,not-to-pursue,"No feed assignment pursued under the maintainer-approved body/family cutoff; preserve the source record, UID, title, namespace, and audio. Ordinary no-recording flow handles unavailable recordings.",fort-worth-tx-mayor-s-commttee-on-persons-with-disabilities,no selector match,"No feed assignment pursued under the maintainer-approved body/family cutoff; preserve the source record, UID, title, namespace, and audio. Ordinary no-recording flow handles unavailable recordings."
699b004c9595,fort-worth-tx,6540eef2dc2e,Mayors Committee on Persons with Disabilities Mayors Committee on Persons with Disabilities,2,2,2,0,0,0,approved-new-body-rule-local,fort-worth-tx-mayor-s-committee-on-persons-with-disabilities,Added or retained a reusable source/body rule in local config fort-worth-tx-mayor-s-committee-on-persons-with-disabilities; no UID-only inclusion. Historical recording/event and live deployment checks remain separate.,fort-worth-tx-mayors-committee-on-persons-with-disabilities,local rule added; pending full replay and deployment,Normalize this misspelled or shortened title to “Mayor’s Committee on Persons with Disabilities” only in matching; preserve the original displayed title and audio.
fac1406e15eb,fort-worth-tx,6540eef2dc2e,"Minority and Women Business Enterprise, December 11, 2020 Minority and Women Business Enterprise, December 11, 2020",2,2,2,0,0,0,not-to-pursue-maintainer-directed,not-to-pursue,"No feed assignment pursued under the maintainer-approved body/family cutoff; preserve the source record, UID, title, namespace, and audio. Ordinary no-recording flow handles unavailable recordings.",fort-worth-tx-minority-and-women-business-enterprise,no selector match,"No feed assignment pursued under the maintainer-approved body/family cutoff; preserve the source record, UID, title, namespace, and audio. Ordinary no-recording flow handles unavailable recordings."
b9f665153dd7,fort-worth-tx,6540eef2dc2e,Minority Leaders and Citzen's Council Minority Leaders and Citzen's Council,2,2,2,0,0,0,not-to-pursue-maintainer-directed,not-to-pursue,"No feed assignment pursued under the maintainer-approved body/family cutoff; preserve the source record, UID, title, namespace, and audio. Ordinary no-recording flow handles unavailable recordings.",fort-worth-tx-minority-leaders-and-citzen-s-council,no selector match,"No feed assignment pursued under the maintainer-approved body/family cutoff; preserve the source record, UID, title, namespace, and audio. Ordinary no-recording flow handles unavailable recordings."
492a7b0620f3,fort-worth-tx,6540eef2dc2e,Mobility: Infrastructure and Transportation Committee & Neighborhood Quality and Revitalization Committee Mobility: Infrastructure and Transportation Committee & Neighborhood Quality and Revitalization Committee,2,2,2,0,0,0,approved-new-body-rule-local,fort-worth-tx-neighborhood-quality-and-revitalization-committee,The source title names both existing committees in one meeting. Add the exact joint label to both participant feeds; retain the same source record and UID in each.,fort-worth-tx-neighborhood-quality-and-revitalization-committee,local exact-body rule added; pending full replay and deployment,The source title names both existing committees in one meeting. Add the exact joint label to both participant feeds; retain the same source record and UID in each.
b7473dac13bd,fort-worth-tx,6540eef2dc2e,"Park Advisory Board Meeting of June 24, 2020 Park Advisory Board Meeting of June 24, 2020",2,2,2,0,0,0,approved-new-body-rule-local,fort-worth-tx-park-and-recreation-advisory-board,Older exact label for the configured Fort Worth Park and Recreation Advisory Board; add as an exact alias.,fort-worth-tx-park-and-recreation-advisory-board,local exact-body alias added; pending full replay and deployment,Older exact label for the configured Fort Worth Park and Recreation Advisory Board; add as an exact alias.
8ec731cb1cf8,fort-worth-tx,6540eef2dc2e,Park and Recreation Advisory Board Public Hearing Park and Recreation Advisory Board Public Hearing,2,2,2,0,0,0,approved-new-body-rule-local,fort-worth-tx-park-and-recreation-advisory-board,"Added as a documented special-meeting/title alias to fort-worth-tx-park-and-recreation-advisory-board; reusable source/body rule, no UID pin. Preserve the historical title and audio; deployment and event binding remain separate.",fort-worth-tx-park-and-recreation-advisory-board-public-hearing,local alias rule added; pending full replay and deployment,"Route a verified Park and Recreation Advisory Board public hearing to that board’s feed, preserving “public hearing” as the event type in its title."
fb386e8ba46b,fort-worth-tx,6540eef2dc2e,Park Board Park Board,2,2,2,0,0,0,approved-new-body-rule-local,fort-worth-tx-park-and-recreation-advisory-board,Historical exact Park Board label; add to the configured Fort Worth Park and Recreation Advisory Board feed.,fort-worth-tx-park-and-recreation-advisory-board,local exact-body alias added; pending full replay and deployment,Historical exact Park Board label; add to the configured Fort Worth Park and Recreation Advisory Board feed.
166f6139b890,fort-worth-tx,6540eef2dc2e,Pedestrian and Bicycle Advisory Committee Pedestrian and Bicycle Advisory Committee,2,2,2,0,0,0,approved-new-body-rule-local,fort-worth-tx-pedestrian-and-bicycle-advisory-commission,Older exact Committee label for Fort Worth’s Pedestrian and Bicycle Advisory Commission (PABAC); add as an exact alias.,fort-worth-tx-pedestrian-and-bicycle-advisory-commission,local exact-body alias added; pending full replay and deployment,Older exact Committee label for Fort Worth’s Pedestrian and Bicycle Advisory Commission (PABAC); add as an exact alias.
1d005f8ea250,fort-worth-tx,6540eef2dc2e,Race anc Culture Task Force Race anc Culture Task Force,2,2,2,0,0,0,approved-new-body-rule-local,fort-worth-tx-race-and-culture-task-force,Added or retained a reusable source/body rule in local config fort-worth-tx-race-and-culture-task-force; no UID-only inclusion. Historical recording/event and live deployment checks remain separate.,fort-worth-tx-race-anc-culture-task-force,local rule added; pending full replay and deployment,"Use a dedicated, finite Fort Worth Race and Culture Task Force series for its 2017–2018 work; do not treat later implementation reports as task-force meetings."
c340bb61ed06,fort-worth-tx,6540eef2dc2e,Race and Culture Task Force Worksession Race and Culture Task Force Worksession,2,2,2,0,0,0,approved-new-body-rule-local,fort-worth-tx-race-and-culture-task-force,Added or retained a reusable source/body rule in local config fort-worth-tx-race-and-culture-task-force; no UID-only inclusion. Historical recording/event and live deployment checks remain separate.,fort-worth-tx-race-and-culture-task-force-worksession,local rule added; pending full replay and deployment,Candidate historical feed for formal Task Force proceedings only; route verified Community Conversations/Open Houses to Community Public Input and keep the Council final-report meeting under City Council.
3f4c8b6c98cd,fort-worth-tx,6540eef2dc2e,RESEARCH & INNOVATION LOCAL GOVERNMENT CORP. (immediately following LDC) RESEARCH & INNOVATION LOCAL GOVERNMENT CORP. (immediately following LDC),2,2,2,0,0,0,approved-body-rule-local,fort-worth-tx-research-and-innovation-local-government-corporation,Observed abbreviation for the existing Research and Innovation LGC; the canceled/follow-on wording is preserved.,fort-worth-tx-research-innovation-local-government-corp-immediately-following-ldc,no selector match,Observed abbreviation for the existing Research and Innovation LGC; the canceled/follow-on wording is preserved.
dba88809de16,fort-worth-tx,6540eef2dc2e,Special Called Community Action Partners (CAP) Council Special Called Community Action Partners (CAP) Council,2,2,2,0,0,0,not-to-pursue-maintainer-directed,not-to-pursue,"Only two distinct recordings were found for this proposed new body, below the approved five-UID cutoff; do not add a new feed.",fort-worth-tx-special-called-community-action-partners-cap-council,local rule added; pending full replay and deployment,"Only two distinct recordings were found for this proposed new body, below the approved five-UID cutoff; do not add a new feed."
9f3ba02d8a11,fort-worth-tx,6540eef2dc2e,Task Force Meeting by Task Force on Race and Culture Task Force Meeting by Task Force on Race and Culture,2,2,2,0,0,0,approved-new-body-rule-local,fort-worth-tx-race-and-culture-task-force,Added or retained a reusable source/body rule in local config fort-worth-tx-race-and-culture-task-force; no UID-only inclusion. Historical recording/event and live deployment checks remain separate.,fort-worth-tx-task-force-meeting-by-task-force-on-race-and-culture,local rule added; pending full replay and deployment,Candidate historical feed for formal Task Force proceedings only; route verified Community Conversations/Open Houses to Community Public Input and keep the Council final-report meeting under City Council.
f5c9ee8032d4,fort-worth-tx,6540eef2dc2e,Water and Wastewater CIP Citizens Advisory Committee Water and Wastewater CIP Citizens Advisory Committee,2,2,2,0,0,0,approved-new-body-rule-local,fort-worth-tx-water-and-wastewater-capital-improvements-plans-citizen-advisory-committee,Added reusable source/body rule for fort-worth-tx-water-and-wastewater-capital-improvements-plans-citizen-advisory-committee: at least five distinct source/UID pairs (or a documented renamed-body family) in the frozen catalog. Records and audio are preserved; live deployment and event-to-recording checks remain.,fort-worth-tx-water-and-wastewater-cip-citizens-advisory-committee,local rule added; pending full replay and deployment,Treat “Water and Wastewater CIP Citizens Advisory Committee” as a likely title variant for the City’s Water/Wastewater Capital Improvements Plan Advisory Committee only if the agenda confirms the same body.
05fcfff65704,dallas-tx,76869ed1994f,Naturalization Ceremony,2,2,2,0,0,0,not-to-pursue-maintainer-directed,not-to-pursue,"No feed assignment pursued under the maintainer-approved body/family cutoff; preserve the source record, UID, title, namespace, and audio. Ordinary no-recording flow handles unavailable recordings.",,no selector match,"No feed assignment pursued under the maintainer-approved body/family cutoff; preserve the source record, UID, title, namespace, and audio. Ordinary no-recording flow handles unavailable recordings."
4d0d06a8089e,fort-worth-tx,6540eef2dc2e,"2016 Neighborhood Awards - January 7, 2017 2016 Neighborhood Awards",2,2,2,0,0,0,not-to-pursue-maintainer-directed,not-to-pursue,"No feed assignment pursued under the maintainer-approved body/family cutoff; preserve the source record, UID, title, namespace, and audio. Ordinary no-recording flow handles unavailable recordings.",,no selector match,"No feed assignment pursued under the maintainer-approved body/family cutoff; preserve the source record, UID, title, namespace, and audio. Ordinary no-recording flow handles unavailable recordings."
8b05639b799a,fort-worth-tx,6540eef2dc2e,"2019 Neighborhood Awards of February 22, 2020 2019 Neighborhood Awards of February 22, 2020",2,2,2,0,0,0,not-to-pursue-maintainer-directed,not-to-pursue,"No feed assignment pursued under the maintainer-approved body/family cutoff; preserve the source record, UID, title, namespace, and audio. Ordinary no-recording flow handles unavailable recordings.",,no selector match,"No feed assignment pursued under the maintainer-approved body/family cutoff; preserve the source record, UID, title, namespace, and audio. Ordinary no-recording flow handles unavailable recordings."
f8e647ff76b6,fort-worth-tx,6540eef2dc2e,Active Shooter Civilian Response Training Active Shooter Civilian Response Training,2,2,2,0,0,0,not-to-pursue-maintainer-directed,not-to-pursue,"No feed assignment pursued under the maintainer-approved body/family cutoff; preserve the source record, UID, title, namespace, and audio. Ordinary no-recording flow handles unavailable recordings.",,no selector match,"No feed assignment pursued under the maintainer-approved body/family cutoff; preserve the source record, UID, title, namespace, and audio. Ordinary no-recording flow handles unavailable recordings."
9d7ce5b76e90,fort-worth-tx,6540eef2dc2e,"Asian American Pacific Islander Heritage Month program of May 9, 2024 Asian American Pacific Islander Heritage Month program of May 9, 2024",2,2,2,0,0,0,not-to-pursue-maintainer-directed,not-to-pursue,"No feed assignment pursued under the maintainer-approved body/family cutoff; preserve the source record, UID, title, namespace, and audio. Ordinary no-recording flow handles unavailable recordings.",,no selector match,"No feed assignment pursued under the maintainer-approved body/family cutoff; preserve the source record, UID, title, namespace, and audio. Ordinary no-recording flow handles unavailable recordings."
c23baf0630f1,fort-worth-tx,6540eef2dc2e,"Black History Month - ""Afrofuturism: Imagining the Future While Honoring the Past"" Black History Month - ""Afrofuturism: Imagining the Future While Honoring the Past""",2,2,2,0,0,0,not-to-pursue-maintainer-directed,not-to-pursue,"No feed assignment pursued under the maintainer-approved body/family cutoff; preserve the source record, UID, title, namespace, and audio. Ordinary no-recording flow handles unavailable recordings.",,no selector match,"No feed assignment pursued under the maintainer-approved body/family cutoff; preserve the source record, UID, title, namespace, and audio. Ordinary no-recording flow handles unavailable recordings."
423aed172d79,fort-worth-tx,6540eef2dc2e,"Business Plan Competition Finals of May 11, 2023 Business Plan Competition Finals of May 11, 2023",2,2,2,0,0,0,not-to-pursue-maintainer-directed,not-to-pursue,"No feed assignment pursued under the maintainer-approved body/family cutoff; preserve the source record, UID, title, namespace, and audio. Ordinary no-recording flow handles unavailable recordings.",,no selector match,"No feed assignment pursued under the maintainer-approved body/family cutoff; preserve the source record, UID, title, namespace, and audio. Ordinary no-recording flow handles unavailable recordings."
5ddb4d5b810f,fort-worth-tx,6540eef2dc2e,"City of Fort Worth Juneteenth Employee Celebration of June 15, 2023 City of Fort Worth Juneteenth Employee Celebration of June 15, 2023",2,2,2,0,0,0,not-to-pursue-maintainer-directed,not-to-pursue,"No feed assignment pursued under the maintainer-approved body/family cutoff; preserve the source record, UID, title, namespace, and audio. Ordinary no-recording flow handles unavailable recordings.",,no selector match,"No feed assignment pursued under the maintainer-approved body/family cutoff; preserve the source record, UID, title, namespace, and audio. Ordinary no-recording flow handles unavailable recordings."
b8b70d0363a3,fort-worth-tx,6540eef2dc2e,"Community Development Week Celebration - April 2, 2018 Community Development Week Celebration",2,2,2,0,0,0,not-to-pursue-maintainer-directed,not-to-pursue,"No feed assignment pursued under the maintainer-approved body/family cutoff; preserve the source record, UID, title, namespace, and audio. Ordinary no-recording flow handles unavailable recordings.",,no selector match,"No feed assignment pursued under the maintainer-approved body/family cutoff; preserve the source record, UID, title, namespace, and audio. Ordinary no-recording flow handles unavailable recordings."
a294270ed4ff,fort-worth-tx,6540eef2dc2e,ESRI Redistricting Software Training ESRI Redistricting Software Training,2,2,2,0,0,0,not-to-pursue-maintainer-directed,not-to-pursue,"No feed assignment pursued under the maintainer-approved body/family cutoff; preserve the source record, UID, title, namespace, and audio. Ordinary no-recording flow handles unavailable recordings.",,no selector match,"No feed assignment pursued under the maintainer-approved body/family cutoff; preserve the source record, UID, title, namespace, and audio. Ordinary no-recording flow handles unavailable recordings."
6aea5fb94e2a,fort-worth-tx,6540eef2dc2e,Employee Diversity Forum Employee Diversity Forum,2,2,2,0,0,0,not-to-pursue-maintainer-directed,not-to-pursue,"No feed assignment pursued under the maintainer-approved body/family cutoff; preserve the source record, UID, title, namespace, and audio. Ordinary no-recording flow handles unavailable recordings.",,no selector match,"No feed assignment pursued under the maintainer-approved body/family cutoff; preserve the source record, UID, title, namespace, and audio. Ordinary no-recording flow handles unavailable recordings."
fc365c0f8b53,fort-worth-tx,6540eef2dc2e,"Fort Worth Business Plan Competition Finals | October 14, 2025 Fort Worth Business Plan Competition Finals | October 14, 2025",2,2,2,0,0,0,not-to-pursue-maintainer-directed,not-to-pursue,"No feed assignment pursued under the maintainer-approved body/family cutoff; preserve the source record, UID, title, namespace, and audio. Ordinary no-recording flow handles unavailable recordings.",,no selector match,"No feed assignment pursued under the maintainer-approved body/family cutoff; preserve the source record, UID, title, namespace, and audio. Ordinary no-recording flow handles unavailable recordings."
a5e45d76aa94,fort-worth-tx,6540eef2dc2e,Fort Worth Forward - Episode 24 Fort Worth Forward - Episode 24,2,2,2,0,0,0,not-to-pursue-maintainer-directed,not-to-pursue,"No feed assignment pursued under the maintainer-approved body/family cutoff; preserve the source record, UID, title, namespace, and audio. Ordinary no-recording flow handles unavailable recordings.",,no selector match,"No feed assignment pursued under the maintainer-approved body/family cutoff; preserve the source record, UID, title, namespace, and audio. Ordinary no-recording flow handles unavailable recordings."
96d53bc120b9,fort-worth-tx,6540eef2dc2e,Hispanic Heritage Employee Celebration Hispanic Heritage Employee Celebration,2,2,2,0,0,0,not-to-pursue-maintainer-directed,not-to-pursue,"No feed assignment pursued under the maintainer-approved body/family cutoff; preserve the source record, UID, title, namespace, and audio. Ordinary no-recording flow handles unavailable recordings.",,no selector match,"No feed assignment pursued under the maintainer-approved body/family cutoff; preserve the source record, UID, title, namespace, and audio. Ordinary no-recording flow handles unavailable recordings."
5a6cdade1ebb,fort-worth-tx,6540eef2dc2e,Hispanic Heritage Month Celebration Hispanic Heritage Month Celebration,2,2,2,0,0,0,not-to-pursue-maintainer-directed,not-to-pursue,"No feed assignment pursued under the maintainer-approved body/family cutoff; preserve the source record, UID, title, namespace, and audio. Ordinary no-recording flow handles unavailable recordings.",,no selector match,"No feed assignment pursued under the maintainer-approved body/family cutoff; preserve the source record, UID, title, namespace, and audio. Ordinary no-recording flow handles unavailable recordings."
555ee97df0e3,fort-worth-tx,6540eef2dc2e,"Hispanic Heritage Month Employee Celebration of September 28, 2023 Hispanic Heritage Month Employee Celebration of September 28, 2023",2,2,2,0,0,0,not-to-pursue-maintainer-directed,not-to-pursue,"No feed assignment pursued under the maintainer-approved body/family cutoff; preserve the source record, UID, title, namespace, and audio. Ordinary no-recording flow handles unavailable recordings.",,no selector match,"No feed assignment pursued under the maintainer-approved body/family cutoff; preserve the source record, UID, title, namespace, and audio. Ordinary no-recording flow handles unavailable recordings."
77f273fc7604,fort-worth-tx,6540eef2dc2e,It's Your Fort Worth: Fort Worth Funky It's Your Fort Worth: Fort Worth Funky,2,2,2,0,0,0,not-to-pursue-maintainer-directed,not-to-pursue,"No feed assignment pursued under the maintainer-approved body/family cutoff; preserve the source record, UID, title, namespace, and audio. Ordinary no-recording flow handles unavailable recordings.",,no selector match,"No feed assignment pursued under the maintainer-approved body/family cutoff; preserve the source record, UID, title, namespace, and audio. Ordinary no-recording flow handles unavailable recordings."
2c9e3a8126c4,fort-worth-tx,6540eef2dc2e,"Juneteenth Employee Celebration of June 13, 2024 Juneteenth Employee Celebration of June 13, 2024",2,2,2,0,0,0,not-to-pursue-maintainer-directed,not-to-pursue,"No feed assignment pursued under the maintainer-approved body/family cutoff; preserve the source record, UID, title, namespace, and audio. Ordinary no-recording flow handles unavailable recordings.",,no selector match,"No feed assignment pursued under the maintainer-approved body/family cutoff; preserve the source record, UID, title, namespace, and audio. Ordinary no-recording flow handles unavailable recordings."
30a8fd345f87,fort-worth-tx,6540eef2dc2e,National Night Out 2020 National Night Out 2020,2,2,2,0,0,0,not-to-pursue-maintainer-directed,not-to-pursue,"No feed assignment pursued under the maintainer-approved body/family cutoff; preserve the source record, UID, title, namespace, and audio. Ordinary no-recording flow handles unavailable recordings.",,no selector match,"No feed assignment pursued under the maintainer-approved body/family cutoff; preserve the source record, UID, title, namespace, and audio. Ordinary no-recording flow handles unavailable recordings."
e4b34afad241,fort-worth-tx,6540eef2dc2e,Native American Heritage Month Celebration Native American Heritage Month Celebration,2,2,2,0,0,0,not-to-pursue-maintainer-directed,not-to-pursue,"No feed assignment pursued under the maintainer-approved body/family cutoff; preserve the source record, UID, title, namespace, and audio. Ordinary no-recording flow handles unavailable recordings.",,no selector match,"No feed assignment pursued under the maintainer-approved body/family cutoff; preserve the source record, UID, title, namespace, and audio. Ordinary no-recording flow handles unavailable recordings."
2227a79156c9,fort-worth-tx,6540eef2dc2e,"Native American Heritage Month Program of November 10, 2022 Native American Heritage Month Program of November 10, 2022",2,2,2,0,0,0,not-to-pursue-maintainer-directed,not-to-pursue,"No feed assignment pursued under the maintainer-approved body/family cutoff; preserve the source record, UID, title, namespace, and audio. Ordinary no-recording flow handles unavailable recordings.",,no selector match,"No feed assignment pursued under the maintainer-approved body/family cutoff; preserve the source record, UID, title, namespace, and audio. Ordinary no-recording flow handles unavailable recordings."
c436fa2bf273,fort-worth-tx,6540eef2dc2e,Neighborhood Awards 2017 Neighborhood Awards 2017,2,2,2,0,0,0,not-to-pursue-maintainer-directed,not-to-pursue,"No feed assignment pursued under the maintainer-approved body/family cutoff; preserve the source record, UID, title, namespace, and audio. Ordinary no-recording flow handles unavailable recordings.",,no selector match,"No feed assignment pursued under the maintainer-approved body/family cutoff; preserve the source record, UID, title, namespace, and audio. Ordinary no-recording flow handles unavailable recordings."
5d87ee04183b,fort-worth-tx,6540eef2dc2e,Pride Month 2023 Employee Program Pride Month 2023 Employee Program,2,0,2,0,0,0,not-to-pursue-maintainer-directed,not-to-pursue,"No feed assignment pursued under the maintainer-approved body/family cutoff; preserve the source record, UID, title, namespace, and audio. Ordinary no-recording flow handles unavailable recordings.",,no selector match,"No feed assignment pursued under the maintainer-approved body/family cutoff; preserve the source record, UID, title, namespace, and audio. Ordinary no-recording flow handles unavailable recordings."
2ee3ca1f8435,fort-worth-tx,6540eef2dc2e,"Speaker's Podium - Andrea Green - CEO, Community Hospice of Texas - April 24, 2015 Speaker's Podium - Andrea Green - CEO, Community Hospice of Texas",2,2,2,0,0,0,selected-curated-series,fort-worth-tx-speakers-podium,Exact Fort Worth Speaker’s Podium series; do not broaden to ordinary podium wording.,fort-worth-tx-speakers-podium,no selector match,"Maintainer-approved destination: a dedicated Fort Worth Speaker’s Podium feed for the curated series. Match only the exact series-name family (including the documented “Speakers Podium” spelling variant); do not match ordinary meetings merely because a speaker or podium is mentioned. Preserve every original title, source record, UID, and audio. Production selector and exact record replay are still pending."
ecead95ab2fb,fort-worth-tx,6540eef2dc2e,"Speaker's Podium - Andy Taft - Plan 2023 - March 16, 2014 Speaker's Podium - Andy Taft - Plan 2023",2,2,2,0,0,0,selected-curated-series,fort-worth-tx-speakers-podium,Exact Fort Worth Speaker’s Podium series; do not broaden to ordinary podium wording.,fort-worth-tx-speakers-podium,no selector match,"Maintainer-approved destination: a dedicated Fort Worth Speaker’s Podium feed for the curated series. Match only the exact series-name family (including the documented “Speakers Podium” spelling variant); do not match ordinary meetings merely because a speaker or podium is mentioned. Preserve every original title, source record, UID, and audio. Production selector and exact record replay are still pending."
92df3d8b26c8,fort-worth-tx,6540eef2dc2e,"Speaker's Podium - Barclay Berdan - CEO, Texas Health Resources 3-20-15 - March 20, 2015 Speaker's Podium - Barclay Berdan - CEO, Texas Health Resources",2,2,2,0,0,0,selected-curated-series,fort-worth-tx-speakers-podium,Exact Fort Worth Speaker’s Podium series; do not broaden to ordinary podium wording.,fort-worth-tx-speakers-podium,no selector match,"Maintainer-approved destination: a dedicated Fort Worth Speaker’s Podium feed for the curated series. Match only the exact series-name family (including the documented “Speakers Podium” spelling variant); do not match ordinary meetings merely because a speaker or podium is mentioned. Preserve every original title, source record, UID, and audio. Production selector and exact record replay are still pending."
ad19f78eebc8,fort-worth-tx,6540eef2dc2e,"Speaker's Podium - Bishop Michael Olson, Catholic Diocese of Fort Worth - August 26, 2016 Speaker's Podium - Bishop Michael Olson, Catholic Diocese of Fort Worth",2,2,2,0,0,0,selected-curated-series,fort-worth-tx-speakers-podium,Exact Fort Worth Speaker’s Podium series; do not broaden to ordinary podium wording.,fort-worth-tx-speakers-podium,no selector match,"Maintainer-approved destination: a dedicated Fort Worth Speaker’s Podium feed for the curated series. Match only the exact series-name family (including the documented “Speakers Podium” spelling variant); do not match ordinary meetings merely because a speaker or podium is mentioned. Preserve every original title, source record, UID, and audio. Production selector and exact record replay are still pending."
df86e74c7d52,fort-worth-tx,6540eef2dc2e,"Speaker's Podium - Bob Tallman - January 31, 2020 Speaker's Podium - Bob Tallman",2,2,2,0,0,0,selected-curated-series,fort-worth-tx-speakers-podium,Exact Fort Worth Speaker’s Podium series; do not broaden to ordinary podium wording.,fort-worth-tx-speakers-podium,no selector match,"Maintainer-approved destination: a dedicated Fort Worth Speaker’s Podium feed for the curated series. Match only the exact series-name family (including the documented “Speakers Podium” spelling variant); do not match ordinary meetings merely because a speaker or podium is mentioned. Preserve every original title, source record, UID, and audio. Production selector and exact record replay are still pending."
710990f56da8,fort-worth-tx,6540eef2dc2e,"Speaker's Podium - Brad Barnes - Fort Worth Stock Show & Rodeo - December 12, 2014 Speaker's Podium - Brad Barnes - Fort Worth Stock Show & Rodeo",2,2,2,0,0,0,selected-curated-series,fort-worth-tx-speakers-podium,Exact Fort Worth Speaker’s Podium series; do not broaden to ordinary podium wording.,fort-worth-tx-speakers-podium,no selector match,"Maintainer-approved destination: a dedicated Fort Worth Speaker’s Podium feed for the curated series. Match only the exact series-name family (including the documented “Speakers Podium” spelling variant); do not match ordinary meetings merely because a speaker or podium is mentioned. Preserve every original title, source record, UID, and audio. Production selector and exact record replay are still pending."
b47cbe455a25,fort-worth-tx,6540eef2dc2e,"Speaker's Podium - Brandom Gengelbach, Fort Worth Chamber of Commerce - March 17, 2017 Speaker's Podium - Brandom Gengelbach, Fort Worth Chamber of Commerce",2,2,2,0,0,0,selected-curated-series,fort-worth-tx-speakers-podium,Exact Fort Worth Speaker’s Podium series; do not broaden to ordinary podium wording.,fort-worth-tx-speakers-podium,no selector match,"Maintainer-approved destination: a dedicated Fort Worth Speaker’s Podium feed for the curated series. Match only the exact series-name family (including the documented “Speakers Podium” spelling variant); do not match ordinary meetings merely because a speaker or podium is mentioned. Preserve every original title, source record, UID, and audio. Production selector and exact record replay are still pending."
d24f788ea308,fort-worth-tx,6540eef2dc2e,"Speaker's Podium - Bruce Frankel, Day Resource Center - December 9, 2016 Speaker's Podium - Bruce Frankel, Day Resource Center",2,2,2,0,0,0,selected-curated-series,fort-worth-tx-speakers-podium,Exact Fort Worth Speaker’s Podium series; do not broaden to ordinary podium wording.,fort-worth-tx-speakers-podium,no selector match,"Maintainer-approved destination: a dedicated Fort Worth Speaker’s Podium feed for the curated series. Match only the exact series-name family (including the documented “Speakers Podium” spelling variant); do not match ordinary meetings merely because a speaker or podium is mentioned. Preserve every original title, source record, UID, and audio. Production selector and exact record replay are still pending."
81541f984cd2,fort-worth-tx,6540eef2dc2e,"Speaker's Podium - Chad Mathews, Lone Star Film Society - October 30, 2015 Speaker's Podium - Chad Mathews, Lone Star Film Society",2,2,2,0,0,0,selected-curated-series,fort-worth-tx-speakers-podium,Exact Fort Worth Speaker’s Podium series; do not broaden to ordinary podium wording.,fort-worth-tx-speakers-podium,no selector match,"Maintainer-approved destination: a dedicated Fort Worth Speaker’s Podium feed for the curated series. Match only the exact series-name family (including the documented “Speakers Podium” spelling variant); do not match ordinary meetings merely because a speaker or podium is mentioned. Preserve every original title, source record, UID, and audio. Production selector and exact record replay are still pending."
f5fa9656295e,fort-worth-tx,6540eef2dc2e,"Speaker's Podium - Chris Young, CIFAL Atlanta - September 25, 2015 Speaker's Podium - Chris Young, CIFAL Atlanta",2,2,2,0,0,0,selected-curated-series,fort-worth-tx-speakers-podium,Exact Fort Worth Speaker’s Podium series; do not broaden to ordinary podium wording.,fort-worth-tx-speakers-podium,no selector match,"Maintainer-approved destination: a dedicated Fort Worth Speaker’s Podium feed for the curated series. Match only the exact series-name family (including the documented “Speakers Podium” spelling variant); do not match ordinary meetings merely because a speaker or podium is mentioned. Preserve every original title, source record, UID, and audio. Production selector and exact record replay are still pending."
9638330973e2,fort-worth-tx,6540eef2dc2e,"Speaker's Podium - Col. Mickey Addison, USAF, Retired - November 11, 2018 Speaker's Podium - Col. Mickey Addison, USAF, Retired",2,2,2,0,0,0,selected-curated-series,fort-worth-tx-speakers-podium,Exact Fort Worth Speaker’s Podium series; do not broaden to ordinary podium wording.,fort-worth-tx-speakers-podium,no selector match,"Maintainer-approved destination: a dedicated Fort Worth Speaker’s Podium feed for the curated series. Match only the exact series-name family (including the documented “Speakers Podium” spelling variant); do not match ordinary meetings merely because a speaker or podium is mentioned. Preserve every original title, source record, UID, and audio. Production selector and exact record replay are still pending."
7af317a65888,fort-worth-tx,6540eef2dc2e,"Speaker's Podium - Colonel Scott Taylor, U.S. Army - May 15, 2015 Speaker's Podium - Colonel Scott Taylor, U.S. Army",2,2,2,0,0,0,selected-curated-series,fort-worth-tx-speakers-podium,Exact Fort Worth Speaker’s Podium series; do not broaden to ordinary podium wording.,fort-worth-tx-speakers-podium,no selector match,"Maintainer-approved destination: a dedicated Fort Worth Speaker’s Podium feed for the curated series. Match only the exact series-name family (including the documented “Speakers Podium” spelling variant); do not match ordinary meetings merely because a speaker or podium is mentioned. Preserve every original title, source record, UID, and audio. Production selector and exact record replay are still pending."
e323c70d1349,fort-worth-tx,6540eef2dc2e,"Speaker's Podium - Cristo Rey Fort Worth High School - May 11, 2018 Speaker's Podium - Cristo Rey Fort Worth High School",2,2,2,0,0,0,selected-curated-series,fort-worth-tx-speakers-podium,Exact Fort Worth Speaker’s Podium series; do not broaden to ordinary podium wording.,fort-worth-tx-speakers-podium,no selector match,"Maintainer-approved destination: a dedicated Fort Worth Speaker’s Podium feed for the curated series. Match only the exact series-name family (including the documented “Speakers Podium” spelling variant); do not match ordinary meetings merely because a speaker or podium is mentioned. Preserve every original title, source record, UID, and audio. Production selector and exact record replay are still pending."
0bb2e22b0dd8,fort-worth-tx,6540eef2dc2e,"Speaker's Podium - Darren Woods - General Director, FW Opera - April 10, 2015 Speaker's Podium - Darren Woods - General Director, FW Opera",2,2,2,0,0,0,selected-curated-series,fort-worth-tx-speakers-podium,Exact Fort Worth Speaker’s Podium series; do not broaden to ordinary podium wording.,fort-worth-tx-speakers-podium,no selector match,"Maintainer-approved destination: a dedicated Fort Worth Speaker’s Podium feed for the curated series. Match only the exact series-name family (including the documented “Speakers Podium” spelling variant); do not match ordinary meetings merely because a speaker or podium is mentioned. Preserve every original title, source record, UID, and audio. Production selector and exact record replay are still pending."
4bc4d0f0bacf,fort-worth-tx,6540eef2dc2e,"Speaker's Podium - Dr. D. Newell Williams, Brite Divinity School - February 1, 2019 Speaker's Podium - Dr. D. Newell Williams, Brite Divinity School",2,2,2,0,0,0,selected-curated-series,fort-worth-tx-speakers-podium,Exact Fort Worth Speaker’s Podium series; do not broaden to ordinary podium wording.,fort-worth-tx-speakers-podium,no selector match,"Maintainer-approved destination: a dedicated Fort Worth Speaker’s Podium feed for the curated series. Match only the exact series-name family (including the documented “Speakers Podium” spelling variant); do not match ordinary meetings merely because a speaker or podium is mentioned. Preserve every original title, source record, UID, and audio. Production selector and exact record replay are still pending."
cc1ed423c901,fort-worth-tx,6540eef2dc2e,"Speaker's Podium - Dr. Jay Maddock, Texas A&M School of Public Health - September 22, 2017 Speaker's Podium - Dr. Jay Maddock, Texas A&M School of Public Health",2,2,2,0,0,0,selected-curated-series,fort-worth-tx-speakers-podium,Exact Fort Worth Speaker’s Podium series; do not broaden to ordinary podium wording.,fort-worth-tx-speakers-podium,no selector match,"Maintainer-approved destination: a dedicated Fort Worth Speaker’s Podium feed for the curated series. Match only the exact series-name family (including the documented “Speakers Podium” spelling variant); do not match ordinary meetings merely because a speaker or podium is mentioned. Preserve every original title, source record, UID, and audio. Production selector and exact record replay are still pending."
c21b462eb44f,fort-worth-tx,6540eef2dc2e,"Speaker's Podium - Dr. Jon Levine, Texas A&M Veterinarian Medicine - September 23, 2016 Speaker's Podium - Dr. Jon Levine, Texas A&M Veterinarian Medicine",2,2,2,0,0,0,selected-curated-series,fort-worth-tx-speakers-podium,Exact Fort Worth Speaker’s Podium series; do not broaden to ordinary podium wording.,fort-worth-tx-speakers-podium,no selector match,"Maintainer-approved destination: a dedicated Fort Worth Speaker’s Podium feed for the curated series. Match only the exact series-name family (including the documented “Speakers Podium” spelling variant); do not match ordinary meetings merely because a speaker or podium is mentioned. Preserve every original title, source record, UID, and audio. Production selector and exact record replay are still pending."
cbb2f9067fc0,fort-worth-tx,6540eef2dc2e,"Speaker's Podium - Dr. Joyce Mauk, The Child Study Center - August 19, 2016 Speaker's Podium - Dr. Joyce Mauk, The Child Study Center",2,2,2,0,0,0,selected-curated-series,fort-worth-tx-speakers-podium,Exact Fort Worth Speaker’s Podium series; do not broaden to ordinary podium wording.,fort-worth-tx-speakers-podium,no selector match,"Maintainer-approved destination: a dedicated Fort Worth Speaker’s Podium feed for the curated series. Match only the exact series-name family (including the documented “Speakers Podium” spelling variant); do not match ordinary meetings merely because a speaker or podium is mentioned. Preserve every original title, source record, UID, and audio. Production selector and exact record replay are still pending."
d2d1d6a110b0,fort-worth-tx,6540eef2dc2e,"Speaker's Podium - Dr. Michael Williams - President, UNT Health Science Center - October 17, 2014 Speaker's Podium - Dr. Michael Williams - President, UNT Health Science Center",2,2,2,0,0,0,selected-curated-series,fort-worth-tx-speakers-podium,Exact Fort Worth Speaker’s Podium series; do not broaden to ordinary podium wording.,fort-worth-tx-speakers-podium,no selector match,"Maintainer-approved destination: a dedicated Fort Worth Speaker’s Podium feed for the curated series. Match only the exact series-name family (including the documented “Speakers Podium” spelling variant); do not match ordinary meetings merely because a speaker or podium is mentioned. Preserve every original title, source record, UID, and audio. Production selector and exact record replay are still pending."
1d023df9d73f,fort-worth-tx,6540eef2dc2e,"Speaker's Podium - Dr. Mike Jacobson - College of Pharmacy UNTHSC - June 13, 2014 Speaker's Podium - Dr. Mike Jacobson - College of Pharmacy UNTHSC",2,2,2,0,0,0,selected-curated-series,fort-worth-tx-speakers-podium,Exact Fort Worth Speaker’s Podium series; do not broaden to ordinary podium wording.,fort-worth-tx-speakers-podium,no selector match,"Maintainer-approved destination: a dedicated Fort Worth Speaker’s Podium feed for the curated series. Match only the exact series-name family (including the documented “Speakers Podium” spelling variant); do not match ordinary meetings merely because a speaker or podium is mentioned. Preserve every original title, source record, UID, and audio. Production selector and exact record replay are still pending."
ccdfa21fd09c,fort-worth-tx,6540eef2dc2e,"Speaker's Podium - Dr. Vistasp Karbhari, University of Texas at Arlington - March 3, 2017 Speaker's Podium - Dr. Vistasp Karbhari, University of Texas at Arlington",2,2,2,0,0,0,selected-curated-series,fort-worth-tx-speakers-podium,Exact Fort Worth Speaker’s Podium series; do not broaden to ordinary podium wording.,fort-worth-tx-speakers-podium,no selector match,"Maintainer-approved destination: a dedicated Fort Worth Speaker’s Podium feed for the curated series. Match only the exact series-name family (including the documented “Speakers Podium” spelling variant); do not match ordinary meetings merely because a speaker or podium is mentioned. Preserve every original title, source record, UID, and audio. Production selector and exact record replay are still pending."
b0a7859c94c1,fort-worth-tx,6540eef2dc2e,"Speaker's Podium - Ed Schneider, BRIT - May 19, 2017 Speaker's Podium - Ed Schneider, BRIT",2,2,2,0,0,0,selected-curated-series,fort-worth-tx-speakers-podium,Exact Fort Worth Speaker’s Podium series; do not broaden to ordinary podium wording.,fort-worth-tx-speakers-podium,no selector match,"Maintainer-approved destination: a dedicated Fort Worth Speaker’s Podium feed for the curated series. Match only the exact series-name family (including the documented “Speakers Podium” spelling variant); do not match ordinary meetings merely because a speaker or podium is mentioned. Preserve every original title, source record, UID, and audio. Production selector and exact record replay are still pending."
1f8c441e80ce,fort-worth-tx,6540eef2dc2e,"Speaker's Podium - Fred Slabach, Texas Wesleyan University - February 26, 2016 Speaker's Podium - Fred Slabach, Texas Wesleyan University",2,2,2,0,0,0,selected-curated-series,fort-worth-tx-speakers-podium,Exact Fort Worth Speaker’s Podium series; do not broaden to ordinary podium wording.,fort-worth-tx-speakers-podium,no selector match,"Maintainer-approved destination: a dedicated Fort Worth Speaker’s Podium feed for the curated series. Match only the exact series-name family (including the documented “Speakers Podium” spelling variant); do not match ordinary meetings merely because a speaker or podium is mentioned. Preserve every original title, source record, UID, and audio. Production selector and exact record replay are still pending."
9ca576783973,fort-worth-tx,6540eef2dc2e,"Speaker's Podium - Fred Slaback - President, Texas Wesleyan University - September 26, 2014 Speaker's Podium - Fred Slaback - President, Texas Wesleyan University",2,2,2,0,0,0,selected-curated-series,fort-worth-tx-speakers-podium,Exact Fort Worth Speaker’s Podium series; do not broaden to ordinary podium wording.,fort-worth-tx-speakers-podium,no selector match,"Maintainer-approved destination: a dedicated Fort Worth Speaker’s Podium feed for the curated series. Match only the exact series-name family (including the documented “Speakers Podium” spelling variant); do not match ordinary meetings merely because a speaker or podium is mentioned. Preserve every original title, source record, UID, and audio. Production selector and exact record replay are still pending."
f414a0274fb6,fort-worth-tx,6540eef2dc2e,"Speaker's Podium - Gary Wortel, Star-Telegram - December 11, 2015 Speaker's Podium - Gary Wortel, Star-Telegram",2,2,2,0,0,0,selected-curated-series,fort-worth-tx-speakers-podium,Exact Fort Worth Speaker’s Podium series; do not broaden to ordinary podium wording.,fort-worth-tx-speakers-podium,no selector match,"Maintainer-approved destination: a dedicated Fort Worth Speaker’s Podium feed for the curated series. Match only the exact series-name family (including the documented “Speakers Podium” spelling variant); do not match ordinary meetings merely because a speaker or podium is mentioned. Preserve every original title, source record, UID, and audio. Production selector and exact record replay are still pending."
239a44939bd5,fort-worth-tx,6540eef2dc2e,"Speaker's Podium - George Fassett, Thumbtechs - April 28, 2017 Speaker's Podium - George Fassett, Thumbtechs",2,2,2,0,0,0,selected-curated-series,fort-worth-tx-speakers-podium,Exact Fort Worth Speaker’s Podium series; do not broaden to ordinary podium wording.,fort-worth-tx-speakers-podium,no selector match,"Maintainer-approved destination: a dedicated Fort Worth Speaker’s Podium feed for the curated series. Match only the exact series-name family (including the documented “Speakers Podium” spelling variant); do not match ordinary meetings merely because a speaker or podium is mentioned. Preserve every original title, source record, UID, and audio. Production selector and exact record replay are still pending."
30af8cb40c59,fort-worth-tx,6540eef2dc2e,"Speaker's Podium - Gerry Fraley, Sportswriter - Dallas Morning News - August 28, 2015 Speaker's Podium - Gerry Fraley, Sportswriter - Dallas Morning News",2,2,2,0,0,0,selected-curated-series,fort-worth-tx-speakers-podium,Exact Fort Worth Speaker’s Podium series; do not broaden to ordinary podium wording.,fort-worth-tx-speakers-podium,no selector match,"Maintainer-approved destination: a dedicated Fort Worth Speaker’s Podium feed for the curated series. Match only the exact series-name family (including the documented “Speakers Podium” spelling variant); do not match ordinary meetings merely because a speaker or podium is mentioned. Preserve every original title, source record, UID, and audio. Production selector and exact record replay are still pending."
9ee0736069a9,fort-worth-tx,6540eef2dc2e,"Speaker's Podium - Homer Erekson - Dean, TCU Neeley School of Business - February 13, 2015 Speaker's Podium - Homer Erekson - Dean, TCU Neeley School of Business",2,2,2,0,0,0,selected-curated-series,fort-worth-tx-speakers-podium,Exact Fort Worth Speaker’s Podium series; do not broaden to ordinary podium wording.,fort-worth-tx-speakers-podium,no selector match,"Maintainer-approved destination: a dedicated Fort Worth Speaker’s Podium feed for the curated series. Match only the exact series-name family (including the documented “Speakers Podium” spelling variant); do not match ordinary meetings merely because a speaker or podium is mentioned. Preserve every original title, source record, UID, and audio. Production selector and exact record replay are still pending."
ff046873890f,fort-worth-tx,6540eef2dc2e,"Speaker's Podium - J.D. Granger, Trinity River Vision Authority - November 4, 2016 Speaker's Podium - J.D. Granger, Trinity River Vision Authority",2,2,2,0,0,0,selected-curated-series,fort-worth-tx-speakers-podium,Exact Fort Worth Speaker’s Podium series; do not broaden to ordinary podium wording.,fort-worth-tx-speakers-podium,no selector match,"Maintainer-approved destination: a dedicated Fort Worth Speaker’s Podium feed for the curated series. Match only the exact series-name family (including the documented “Speakers Podium” spelling variant); do not match ordinary meetings merely because a speaker or podium is mentioned. Preserve every original title, source record, UID, and audio. Production selector and exact record replay are still pending."
979bc707c58a,fort-worth-tx,6540eef2dc2e,"Speaker's Podium - Jacques Marquis, The Cliburn - February 24, 2017 Speaker's Podium - Jacques Marquis, The Cliburn",2,2,2,0,0,0,selected-curated-series,fort-worth-tx-speakers-podium,Exact Fort Worth Speaker’s Podium series; do not broaden to ordinary podium wording.,fort-worth-tx-speakers-podium,no selector match,"Maintainer-approved destination: a dedicated Fort Worth Speaker’s Podium feed for the curated series. Match only the exact series-name family (including the documented “Speakers Podium” spelling variant); do not match ordinary meetings merely because a speaker or podium is mentioned. Preserve every original title, source record, UID, and audio. Production selector and exact record replay are still pending."
ac806c10489a,fort-worth-tx,6540eef2dc2e,"Speaker's Podium - Jamie Dixon, TCU Basketball Coach - August 5, 2016 Speaker's Podium - Jamie Dixon, TCU Basketball Coach",2,2,2,0,0,0,selected-curated-series,fort-worth-tx-speakers-podium,Exact Fort Worth Speaker’s Podium series; do not broaden to ordinary podium wording.,fort-worth-tx-speakers-podium,no selector match,"Maintainer-approved destination: a dedicated Fort Worth Speaker’s Podium feed for the curated series. Match only the exact series-name family (including the documented “Speakers Podium” spelling variant); do not match ordinary meetings merely because a speaker or podium is mentioned. Preserve every original title, source record, UID, and audio. Production selector and exact record replay are still pending."
eae361ff1573,fort-worth-tx,6540eef2dc2e,"Speaker's Podium - Jeff Banister & Tom Grieve - Texas Rangers Baseball Club - January 9, 2015 Speaker's Podium - Jeff Banister & Tom Grieve - Texas Rangers Baseball Club",2,2,2,0,0,0,selected-curated-series,fort-worth-tx-speakers-podium,Exact Fort Worth Speaker’s Podium series; do not broaden to ordinary podium wording.,fort-worth-tx-speakers-podium,no selector match,"Maintainer-approved destination: a dedicated Fort Worth Speaker’s Podium feed for the curated series. Match only the exact series-name family (including the documented “Speakers Podium” spelling variant); do not match ordinary meetings merely because a speaker or podium is mentioned. Preserve every original title, source record, UID, and audio. Production selector and exact record replay are still pending."
2add0d6ff67c,fort-worth-tx,6540eef2dc2e,"Speaker's Podium - Jeff Whitfield, Rotary Peace Fellow - November 20, 2016 Speaker's Podium - Jeff Whitfield, Rotary Peace Fellow",2,2,2,0,0,0,selected-curated-series,fort-worth-tx-speakers-podium,Exact Fort Worth Speaker’s Podium series; do not broaden to ordinary podium wording.,fort-worth-tx-speakers-podium,no selector match,"Maintainer-approved destination: a dedicated Fort Worth Speaker’s Podium feed for the curated series. Match only the exact series-name family (including the documented “Speakers Podium” spelling variant); do not match ordinary meetings merely because a speaker or podium is mentioned. Preserve every original title, source record, UID, and audio. Production selector and exact record replay are still pending."
132ea2538733,fort-worth-tx,6540eef2dc2e,"Speaker's Podium - Jeff Williams, Mayor of Arlington - May 13, 2016 Speaker's Podium - Jeff Williams, Mayor of Arlington",2,2,2,0,0,0,selected-curated-series,fort-worth-tx-speakers-podium,Exact Fort Worth Speaker’s Podium series; do not broaden to ordinary podium wording.,fort-worth-tx-speakers-podium,no selector match,"Maintainer-approved destination: a dedicated Fort Worth Speaker’s Podium feed for the curated series. Match only the exact series-name family (including the documented “Speakers Podium” spelling variant); do not match ordinary meetings merely because a speaker or podium is mentioned. Preserve every original title, source record, UID, and audio. Production selector and exact record replay are still pending."
b82a776b7a28,fort-worth-tx,6540eef2dc2e,"Speaker's Podium - Jim Riddlesperger - Professor of Political Science, TCU - September 19, 2014 Speaker's Podium - Jim Riddlesperger - Professor of Political Science, TCU",2,2,2,0,0,0,selected-curated-series,fort-worth-tx-speakers-podium,Exact Fort Worth Speaker’s Podium series; do not broaden to ordinary podium wording.,fort-worth-tx-speakers-podium,no selector match,"Maintainer-approved destination: a dedicated Fort Worth Speaker’s Podium feed for the curated series. Match only the exact series-name family (including the documented “Speakers Podium” spelling variant); do not match ordinary meetings merely because a speaker or podium is mentioned. Preserve every original title, source record, UID, and audio. Production selector and exact record replay are still pending."
357e5b1412b0,fort-worth-tx,6540eef2dc2e,"Speaker's Podium - Jim Schlossnagle, Head Coach TCU Baseball - February 5, 2016 Speaker's Podium - Jim Schlossnagle, Head Coach TCU Baseball",2,2,2,0,0,0,selected-curated-series,fort-worth-tx-speakers-podium,Exact Fort Worth Speaker’s Podium series; do not broaden to ordinary podium wording.,fort-worth-tx-speakers-podium,no selector match,"Maintainer-approved destination: a dedicated Fort Worth Speaker’s Podium feed for the curated series. Match only the exact series-name family (including the documented “Speakers Podium” spelling variant); do not match ordinary meetings merely because a speaker or podium is mentioned. Preserve every original title, source record, UID, and audio. Production selector and exact record replay are still pending."
21f684fd276a,fort-worth-tx,6540eef2dc2e,"Speaker's Podium - Jonathan Townsend, Naval Air Station Fort Worth Joint Reserve Base - July 14, 2017 Speaker's Podium - Jonathan Townsend, Naval Air Station Fort Worth Joint Reserve Base",2,2,2,0,0,0,selected-curated-series,fort-worth-tx-speakers-podium,Exact Fort Worth Speaker’s Podium series; do not broaden to ordinary podium wording.,fort-worth-tx-speakers-podium,no selector match,"Maintainer-approved destination: a dedicated Fort Worth Speaker’s Podium feed for the curated series. Match only the exact series-name family (including the documented “Speakers Podium” spelling variant); do not match ordinary meetings merely because a speaker or podium is mentioned. Preserve every original title, source record, UID, and audio. Production selector and exact record replay are still pending."
15178a0d2590,fort-worth-tx,6540eef2dc2e,"Speaker's Podium - Joy Webster - MorningStar Partners, LP - January 23, 2015 Speaker's Podium - Joy Webster - MorningStar Partners, LP",2,2,2,0,0,0,selected-curated-series,fort-worth-tx-speakers-podium,Exact Fort Worth Speaker’s Podium series; do not broaden to ordinary podium wording.,fort-worth-tx-speakers-podium,no selector match,"Maintainer-approved destination: a dedicated Fort Worth Speaker’s Podium feed for the curated series. Match only the exact series-name family (including the documented “Speakers Podium” spelling variant); do not match ordinary meetings merely because a speaker or podium is mentioned. Preserve every original title, source record, UID, and audio. Production selector and exact record replay are still pending."
28a62b6ae7b3,fort-worth-tx,6540eef2dc2e,"Speaker's Podium - Leta Andrews - July 17, 2015 Speaker's Podium - Leta Andrews",2,2,2,0,0,0,selected-curated-series,fort-worth-tx-speakers-podium,Exact Fort Worth Speaker’s Podium series; do not broaden to ordinary podium wording.,fort-worth-tx-speakers-podium,no selector match,"Maintainer-approved destination: a dedicated Fort Worth Speaker’s Podium feed for the curated series. Match only the exact series-name family (including the documented “Speakers Podium” spelling variant); do not match ordinary meetings merely because a speaker or podium is mentioned. Preserve every original title, source record, UID, and audio. Production selector and exact record replay are still pending."
7d69e8055278,fort-worth-tx,6540eef2dc2e,"Speaker's Podium - Lex Keen, PURF - November 10, 2017 Speaker's Podium - Lex Keen, PURF",2,2,2,0,0,0,selected-curated-series,fort-worth-tx-speakers-podium,Exact Fort Worth Speaker’s Podium series; do not broaden to ordinary podium wording.,fort-worth-tx-speakers-podium,no selector match,"Maintainer-approved destination: a dedicated Fort Worth Speaker’s Podium feed for the curated series. Match only the exact series-name family (including the documented “Speakers Podium” spelling variant); do not match ordinary meetings merely because a speaker or podium is mentioned. Preserve every original title, source record, UID, and audio. Production selector and exact record replay are still pending."
4e4d7289dc12,fort-worth-tx,6540eef2dc2e,"Speaker's Podium - Manya Shorr, Fort Worth Library - May 18, 2018 Speaker's Podium - Manya Shorr, Fort Worth Library",2,2,2,0,0,0,selected-curated-series,fort-worth-tx-speakers-podium,Exact Fort Worth Speaker’s Podium series; do not broaden to ordinary podium wording.,fort-worth-tx-speakers-podium,no selector match,"Maintainer-approved destination: a dedicated Fort Worth Speaker’s Podium feed for the curated series. Match only the exact series-name family (including the documented “Speakers Podium” spelling variant); do not match ordinary meetings merely because a speaker or podium is mentioned. Preserve every original title, source record, UID, and audio. Production selector and exact record replay are still pending."
d63e25690c4b,fort-worth-tx,6540eef2dc2e,"Speaker's Podium - Mary J. Eisenhower, People To People International - March 31, 2017 Speaker's Podium - Mary J. Eisenhower, People To People International",2,2,2,0,0,0,selected-curated-series,fort-worth-tx-speakers-podium,Exact Fort Worth Speaker’s Podium series; do not broaden to ordinary podium wording.,fort-worth-tx-speakers-podium,no selector match,"Maintainer-approved destination: a dedicated Fort Worth Speaker’s Podium feed for the curated series. Match only the exact series-name family (including the documented “Speakers Podium” spelling variant); do not match ordinary meetings merely because a speaker or podium is mentioned. Preserve every original title, source record, UID, and audio. Production selector and exact record replay are still pending."
63a44579251e,fort-worth-tx,6540eef2dc2e,"Speaker's Podium - Matt Hicks, Texas Rangers - January 22, 2016 Speaker's Podium - Matt Hicks, Texas Rangers",2,2,2,0,0,0,selected-curated-series,fort-worth-tx-speakers-podium,Exact Fort Worth Speaker’s Podium series; do not broaden to ordinary podium wording.,fort-worth-tx-speakers-podium,no selector match,"Maintainer-approved destination: a dedicated Fort Worth Speaker’s Podium feed for the curated series. Match only the exact series-name family (including the documented “Speakers Podium” spelling variant); do not match ordinary meetings merely because a speaker or podium is mentioned. Preserve every original title, source record, UID, and audio. Production selector and exact record replay are still pending."
6a9821e17869,fort-worth-tx,6540eef2dc2e,"Speaker's Podium - Medal of Honor Museum - January 24, 2020 Speaker's Podium - Medal of Honor Museum",2,2,2,0,0,0,selected-curated-series,fort-worth-tx-speakers-podium,Exact Fort Worth Speaker’s Podium series; do not broaden to ordinary podium wording.,fort-worth-tx-speakers-podium,no selector match,"Maintainer-approved destination: a dedicated Fort Worth Speaker’s Podium feed for the curated series. Match only the exact series-name family (including the documented “Speakers Podium” spelling variant); do not match ordinary meetings merely because a speaker or podium is mentioned. Preserve every original title, source record, UID, and audio. Production selector and exact record replay are still pending."
22073a10405b,fort-worth-tx,6540eef2dc2e,"Speaker's Podium - Miguel Harth-Bedoya - Conductor, Fort Worth Symphony Orchestra - March 27, 2015 Speaker's Podium - Miguel Harth-Bedoya - Conductor, Fort Worth Symphony Orchestra",2,2,2,0,0,0,selected-curated-series,fort-worth-tx-speakers-podium,Exact Fort Worth Speaker’s Podium series; do not broaden to ordinary podium wording.,fort-worth-tx-speakers-podium,no selector match,"Maintainer-approved destination: a dedicated Fort Worth Speaker’s Podium feed for the curated series. Match only the exact series-name family (including the documented “Speakers Podium” spelling variant); do not match ordinary meetings merely because a speaker or podium is mentioned. Preserve every original title, source record, UID, and audio. Production selector and exact record replay are still pending."
58eb404b8148,fort-worth-tx,6540eef2dc2e,"Speaker's Podium - Miguel Harth-Bedoya, Fort Worth Symphony - March 4, 2016 Speaker's Podium - Miguel Harth-Bedoya, Fort Worth Symphony",2,2,2,0,0,0,selected-curated-series,fort-worth-tx-speakers-podium,Exact Fort Worth Speaker’s Podium series; do not broaden to ordinary podium wording.,fort-worth-tx-speakers-podium,no selector match,"Maintainer-approved destination: a dedicated Fort Worth Speaker’s Podium feed for the curated series. Match only the exact series-name family (including the documented “Speakers Podium” spelling variant); do not match ordinary meetings merely because a speaker or podium is mentioned. Preserve every original title, source record, UID, and audio. Production selector and exact record replay are still pending."
e15499ef8436,fort-worth-tx,6540eef2dc2e,"Speaker's Podium - Mike Berry, Hillwood Properties - December 2, 2016 Speaker's Podium - Mike Berry, Hillwood Properties",2,2,2,0,0,0,selected-curated-series,fort-worth-tx-speakers-podium,Exact Fort Worth Speaker’s Podium series; do not broaden to ordinary podium wording.,fort-worth-tx-speakers-podium,no selector match,"Maintainer-approved destination: a dedicated Fort Worth Speaker’s Podium feed for the curated series. Match only the exact series-name family (including the documented “Speakers Podium” spelling variant); do not match ordinary meetings merely because a speaker or podium is mentioned. Preserve every original title, source record, UID, and audio. Production selector and exact record replay are still pending."
67488a4fb6fb,fort-worth-tx,6540eef2dc2e,"Speaker's Podium - Mike Sanborn, Baylor Scott & White All Saints Medical Center - November 30, 2018 Speaker's Podium - Mike Sanborn, Baylor Scott & White All Saints Medical Center",2,2,2,0,0,0,selected-curated-series,fort-worth-tx-speakers-podium,Exact Fort Worth Speaker’s Podium series; do not broaden to ordinary podium wording.,fort-worth-tx-speakers-podium,no selector match,"Maintainer-approved destination: a dedicated Fort Worth Speaker’s Podium feed for the curated series. Match only the exact series-name family (including the documented “Speakers Podium” spelling variant); do not match ordinary meetings merely because a speaker or podium is mentioned. Preserve every original title, source record, UID, and audio. Production selector and exact record replay are still pending."
dbc7f21e0c1f,fort-worth-tx,6540eef2dc2e,"Speaker's Podium - Officer Hannah Rivard, Human Trafficking - June 1, 2018 Speaker's Podium - Officer Hannah Rivard, Human Trafficking",2,2,2,0,0,0,selected-curated-series,fort-worth-tx-speakers-podium,Exact Fort Worth Speaker’s Podium series; do not broaden to ordinary podium wording.,fort-worth-tx-speakers-podium,no selector match,"Maintainer-approved destination: a dedicated Fort Worth Speaker’s Podium feed for the curated series. Match only the exact series-name family (including the documented “Speakers Podium” spelling variant); do not match ordinary meetings merely because a speaker or podium is mentioned. Preserve every original title, source record, UID, and audio. Production selector and exact record replay are still pending."
9070508410c7,fort-worth-tx,6540eef2dc2e,"Speaker's Podium - Paul Kessler - ""Lessons From The Holocaust"" - April 17, 2015 Speaker's Podium - Paul Kessler - ""Lessons From The Holocaust""",2,2,2,0,0,0,selected-curated-series,fort-worth-tx-speakers-podium,Exact Fort Worth Speaker’s Podium series; do not broaden to ordinary podium wording.,fort-worth-tx-speakers-podium,no selector match,"Maintainer-approved destination: a dedicated Fort Worth Speaker’s Podium feed for the curated series. Match only the exact series-name family (including the documented “Speakers Podium” spelling variant); do not match ordinary meetings merely because a speaker or podium is mentioned. Preserve every original title, source record, UID, and audio. Production selector and exact record replay are still pending."
220799e83f47,fort-worth-tx,6540eef2dc2e,"Speaker's Podium - Rachel Croson - Dean, UTA School of Business - October 23, 2015 Speaker's Podium - Rachel Croson - Dean, UTA School of Business",2,2,2,0,0,0,selected-curated-series,fort-worth-tx-speakers-podium,Exact Fort Worth Speaker’s Podium series; do not broaden to ordinary podium wording.,fort-worth-tx-speakers-podium,no selector match,"Maintainer-approved destination: a dedicated Fort Worth Speaker’s Podium feed for the curated series. Match only the exact series-name family (including the documented “Speakers Podium” spelling variant); do not match ordinary meetings merely because a speaker or podium is mentioned. Preserve every original title, source record, UID, and audio. Production selector and exact record replay are still pending."
f2d7c4c1dbeb,fort-worth-tx,6540eef2dc2e,"Speaker's Podium - Randal Mays, Junior Achievement - October 28, 2016 Speaker's Podium - Randal Mays, Junior Achievement",2,2,2,0,0,0,selected-curated-series,fort-worth-tx-speakers-podium,Exact Fort Worth Speaker’s Podium series; do not broaden to ordinary podium wording.,fort-worth-tx-speakers-podium,no selector match,"Maintainer-approved destination: a dedicated Fort Worth Speaker’s Podium feed for the curated series. Match only the exact series-name family (including the documented “Speakers Podium” spelling variant); do not match ordinary meetings merely because a speaker or podium is mentioned. Preserve every original title, source record, UID, and audio. Production selector and exact record replay are still pending."
7be6795ca8dd,fort-worth-tx,6540eef2dc2e,"Speaker's Podium - Rev. Charles Foster Johnson, Texas Pastors for Childern - September 8, 2017 Speaker's Podium - Rev. Charles Foster Johnson, Texas Pastors for Childern",2,2,2,0,0,0,selected-curated-series,fort-worth-tx-speakers-podium,Exact Fort Worth Speaker’s Podium series; do not broaden to ordinary podium wording.,fort-worth-tx-speakers-podium,no selector match,"Maintainer-approved destination: a dedicated Fort Worth Speaker’s Podium feed for the curated series. Match only the exact series-name family (including the documented “Speakers Podium” spelling variant); do not match ordinary meetings merely because a speaker or podium is mentioned. Preserve every original title, source record, UID, and audio. Production selector and exact record replay are still pending."
70b56da3c612,fort-worth-tx,6540eef2dc2e,"Speaker's Podium - Richard Marquez, Texans Can Academies - February 19, 2016 Speaker's Podium - Richard Marquez, Texans Can Academies",2,2,2,0,0,0,selected-curated-series,fort-worth-tx-speakers-podium,Exact Fort Worth Speaker’s Podium series; do not broaden to ordinary podium wording.,fort-worth-tx-speakers-podium,no selector match,"Maintainer-approved destination: a dedicated Fort Worth Speaker’s Podium feed for the curated series. Match only the exact series-name family (including the documented “Speakers Podium” spelling variant); do not match ordinary meetings merely because a speaker or podium is mentioned. Preserve every original title, source record, UID, and audio. Production selector and exact record replay are still pending."
ec54d6001cfd,fort-worth-tx,6540eef2dc2e,"Speaker's Podium - Robert Ahdieh, Texas A&M School of Law - September, 28, 2018 Speaker's Podium - Robert Ahdieh, Texas A&M School of Law - September, 28, 2018",2,2,2,0,0,0,selected-curated-series,fort-worth-tx-speakers-podium,Exact Fort Worth Speaker’s Podium series; do not broaden to ordinary podium wording.,fort-worth-tx-speakers-podium,no selector match,"Maintainer-approved destination: a dedicated Fort Worth Speaker’s Podium feed for the curated series. Match only the exact series-name family (including the documented “Speakers Podium” spelling variant); do not match ordinary meetings merely because a speaker or podium is mentioned. Preserve every original title, source record, UID, and audio. Production selector and exact record replay are still pending."
179951fb846f,fort-worth-tx,6540eef2dc2e,"Speaker's Podium - Robert Earley - JPS Health Network - April 22, 2016 Speaker's Podium - Robert Earley - JPS Health Network",2,2,2,0,0,0,selected-curated-series,fort-worth-tx-speakers-podium,Exact Fort Worth Speaker’s Podium series; do not broaden to ordinary podium wording.,fort-worth-tx-speakers-podium,no selector match,"Maintainer-approved destination: a dedicated Fort Worth Speaker’s Podium feed for the curated series. Match only the exact series-name family (including the documented “Speakers Podium” spelling variant); do not match ordinary meetings merely because a speaker or podium is mentioned. Preserve every original title, source record, UID, and audio. Production selector and exact record replay are still pending."
3349e22fb833,fort-worth-tx,6540eef2dc2e,"Speaker's Podium - Robert Earley, JPS Health Network - August 16, 2019 Speaker's Podium - Robert Earley, JPS Health Network",2,2,2,0,0,0,selected-curated-series,fort-worth-tx-speakers-podium,Exact Fort Worth Speaker’s Podium series; do not broaden to ordinary podium wording.,fort-worth-tx-speakers-podium,no selector match,"Maintainer-approved destination: a dedicated Fort Worth Speaker’s Podium feed for the curated series. Match only the exact series-name family (including the documented “Speakers Podium” spelling variant); do not match ordinary meetings merely because a speaker or podium is mentioned. Preserve every original title, source record, UID, and audio. Production selector and exact record replay are still pending."
52f7f09c183b,fort-worth-tx,6540eef2dc2e,"Speaker's Podium - Robert Hinkle - North Tarrant Express - May 30, 2014 Speaker's Podium - Robert Hinkle - North Tarrant Express",2,2,2,0,0,0,selected-curated-series,fort-worth-tx-speakers-podium,Exact Fort Worth Speaker’s Podium series; do not broaden to ordinary podium wording.,fort-worth-tx-speakers-podium,no selector match,"Maintainer-approved destination: a dedicated Fort Worth Speaker’s Podium feed for the curated series. Match only the exact series-name family (including the documented “Speakers Podium” spelling variant); do not match ordinary meetings merely because a speaker or podium is mentioned. Preserve every original title, source record, UID, and audio. Production selector and exact record replay are still pending."
2167215f3566,fort-worth-tx,6540eef2dc2e,"Speaker's Podium - Roderick McLean, Lockheed Martin - July 28, 2017 Speaker's Podium - Roderick McLean, Lockheed Martin",2,2,2,0,0,0,selected-curated-series,fort-worth-tx-speakers-podium,Exact Fort Worth Speaker’s Podium series; do not broaden to ordinary podium wording.,fort-worth-tx-speakers-podium,no selector match,"Maintainer-approved destination: a dedicated Fort Worth Speaker’s Podium feed for the curated series. Match only the exact series-name family (including the documented “Speakers Podium” spelling variant); do not match ordinary meetings merely because a speaker or podium is mentioned. Preserve every original title, source record, UID, and audio. Production selector and exact record replay are still pending."
a6d321529bb0,fort-worth-tx,6540eef2dc2e,"Speaker's Podium - Ross Ramsey - Texas Tribune - November 14, 2014 Speaker's Podium - Ross Ramsey - Texas Tribune",2,2,2,0,0,0,selected-curated-series,fort-worth-tx-speakers-podium,Exact Fort Worth Speaker’s Podium series; do not broaden to ordinary podium wording.,fort-worth-tx-speakers-podium,no selector match,"Maintainer-approved destination: a dedicated Fort Worth Speaker’s Podium feed for the curated series. Match only the exact series-name family (including the documented “Speakers Podium” spelling variant); do not match ordinary meetings merely because a speaker or podium is mentioned. Preserve every original title, source record, UID, and audio. Production selector and exact record replay are still pending."
04dd05af678a,fort-worth-tx,6540eef2dc2e,"Speaker's Podium - Tempa Sherrill - Stay The Course Veteran Services - July 29, 2016 Speaker's Podium - Tempa Sherrill - Stay The Course Veteran Services",2,2,2,0,0,0,selected-curated-series,fort-worth-tx-speakers-podium,Exact Fort Worth Speaker’s Podium series; do not broaden to ordinary podium wording.,fort-worth-tx-speakers-podium,no selector match,"Maintainer-approved destination: a dedicated Fort Worth Speaker’s Podium feed for the curated series. Match only the exact series-name family (including the documented “Speakers Podium” spelling variant); do not match ordinary meetings merely because a speaker or podium is mentioned. Preserve every original title, source record, UID, and audio. Production selector and exact record replay are still pending."
6d732b86a826,fort-worth-tx,6540eef2dc2e,"Speaker's Podium - Terri Sexton & Michelle Taylor - Texas Ballet Theater - July 24, 2015 Speaker's Podium - Terri Sexton & Michelle Taylor - Texas Ballet Theater",2,2,2,0,0,0,selected-curated-series,fort-worth-tx-speakers-podium,Exact Fort Worth Speaker’s Podium series; do not broaden to ordinary podium wording.,fort-worth-tx-speakers-podium,no selector match,"Maintainer-approved destination: a dedicated Fort Worth Speaker’s Podium feed for the curated series. Match only the exact series-name family (including the documented “Speakers Podium” spelling variant); do not match ordinary meetings merely because a speaker or podium is mentioned. Preserve every original title, source record, UID, and audio. Production selector and exact record replay are still pending."
e99a858248e5,fort-worth-tx,6540eef2dc2e,"Speaker's Podium - Terry Montesi, Trademark Property Company - November 13, 2015 Speaker's Podium - Terry Montesi, Trademark Property Company",2,2,2,0,0,0,selected-curated-series,fort-worth-tx-speakers-podium,Exact Fort Worth Speaker’s Podium series; do not broaden to ordinary podium wording.,fort-worth-tx-speakers-podium,no selector match,"Maintainer-approved destination: a dedicated Fort Worth Speaker’s Podium feed for the curated series. Match only the exact series-name family (including the documented “Speakers Podium” spelling variant); do not match ordinary meetings merely because a speaker or podium is mentioned. Preserve every original title, source record, UID, and audio. Production selector and exact record replay are still pending."
e1be8a559f03,fort-worth-tx,6540eef2dc2e,"Speaker's Podium - Tim Weiser - Deputy Commissioner, Big 12 Conference - October 24, 2014 Speaker's Podium - Tim Weiser - Deputy Commissioner, Big 12 Conference",2,2,2,0,0,0,selected-curated-series,fort-worth-tx-speakers-podium,Exact Fort Worth Speaker’s Podium series; do not broaden to ordinary podium wording.,fort-worth-tx-speakers-podium,no selector match,"Maintainer-approved destination: a dedicated Fort Worth Speaker’s Podium feed for the curated series. Match only the exact series-name family (including the documented “Speakers Podium” spelling variant); do not match ordinary meetings merely because a speaker or podium is mentioned. Preserve every original title, source record, UID, and audio. Production selector and exact record replay are still pending."
8a94a7167b86,fort-worth-tx,6540eef2dc2e,"Speaker's Podium - Todd Miller & Brian Williams - Fort Worth Police Officers Awards Foundation - July 10, 2015 Speaker's Podium - Todd Miller & Brian Williams - Fort Worth Police Officers Awards Foundation",2,2,2,0,0,0,selected-curated-series,fort-worth-tx-speakers-podium,Exact Fort Worth Speaker’s Podium series; do not broaden to ordinary podium wording.,fort-worth-tx-speakers-podium,no selector match,"Maintainer-approved destination: a dedicated Fort Worth Speaker’s Podium feed for the curated series. Match only the exact series-name family (including the documented “Speakers Podium” spelling variant); do not match ordinary meetings merely because a speaker or podium is mentioned. Preserve every original title, source record, UID, and audio. Production selector and exact record replay are still pending."
94c7a9c641e7,fort-worth-tx,6540eef2dc2e,"Speaker's Podium - Tom Ferguson, CEO, AZZ Inc. - December 4, 2015 Speaker's Podium - Tom Ferguson, CEO, AZZ Inc.",2,2,2,0,0,0,selected-curated-series,fort-worth-tx-speakers-podium,Exact Fort Worth Speaker’s Podium series; do not broaden to ordinary podium wording.,fort-worth-tx-speakers-podium,no selector match,"Maintainer-approved destination: a dedicated Fort Worth Speaker’s Podium feed for the curated series. Match only the exact series-name family (including the documented “Speakers Podium” spelling variant); do not match ordinary meetings merely because a speaker or podium is mentioned. Preserve every original title, source record, UID, and audio. Production selector and exact record replay are still pending."
a0da7d9f37d8,fort-worth-tx,6540eef2dc2e,"Speaker's Podium - U.S./Japanese Girl Scouts - October 7, 2016 Speaker's Podium - U.S./Japanese Girl Scouts",2,2,2,0,0,0,selected-curated-series,fort-worth-tx-speakers-podium,Exact Fort Worth Speaker’s Podium series; do not broaden to ordinary podium wording.,fort-worth-tx-speakers-podium,no selector match,"Maintainer-approved destination: a dedicated Fort Worth Speaker’s Podium feed for the curated series. Match only the exact series-name family (including the documented “Speakers Podium” spelling variant); do not match ordinary meetings merely because a speaker or podium is mentioned. Preserve every original title, source record, UID, and audio. Production selector and exact record replay are still pending."
92b9f0f2c1ab,fort-worth-tx,6540eef2dc2e,"Speakers Podium - Chef Tim Love - December 13, 2019 Speakers Podium - Chef Tim Love",2,2,2,0,0,0,selected-curated-series,fort-worth-tx-speakers-podium,Exact Fort Worth Speaker’s Podium series; do not broaden to ordinary podium wording.,fort-worth-tx-speakers-podium,no selector match,"Maintainer-approved destination: a dedicated Fort Worth Speaker’s Podium feed for the curated series. Match only the exact series-name family (including the documented “Speakers Podium” spelling variant); do not match ordinary meetings merely because a speaker or podium is mentioned. Preserve every original title, source record, UID, and audio. Production selector and exact record replay are still pending."
a1bc2d32656b,fort-worth-tx,6540eef2dc2e,"Speakers Podium - David Cooke - City Manager, City of Fort Worth - October, 10, 2014 Speakers Podium - David Cooke - City Manager, City of Fort Worth - October, 10, 2014",2,2,2,0,0,0,selected-curated-series,fort-worth-tx-speakers-podium,Exact Fort Worth Speaker’s Podium series; do not broaden to ordinary podium wording.,fort-worth-tx-speakers-podium,no selector match,"Maintainer-approved destination: a dedicated Fort Worth Speaker’s Podium feed for the curated series. Match only the exact series-name family (including the documented “Speakers Podium” spelling variant); do not match ordinary meetings merely because a speaker or podium is mentioned. Preserve every original title, source record, UID, and audio. Production selector and exact record replay are still pending."
8912784a2e30,fort-worth-tx,6540eef2dc2e,Texas Rangers World Champions Trophy & Key To The City Presentation Texas Rangers World Champions Trophy & Key To The City Presentation,2,2,2,0,0,0,not-to-pursue-maintainer-directed,not-to-pursue,"No feed assignment pursued under the maintainer-approved body/family cutoff; preserve the source record, UID, title, namespace, and audio. Ordinary no-recording flow handles unavailable recordings.",,no selector match,"No feed assignment pursued under the maintainer-approved body/family cutoff; preserve the source record, UID, title, namespace, and audio. Ordinary no-recording flow handles unavailable recordings."
dce877438637,fort-worth-tx,6540eef2dc2e,"The Asian Tradition Of Meditation And Mindfulness of May 11, 2023 The Asian Tradition Of Meditation And Mindfulness of May 11, 2023",2,2,2,0,0,0,not-to-pursue-maintainer-directed,not-to-pursue,"No feed assignment pursued under the maintainer-approved body/family cutoff; preserve the source record, UID, title, namespace, and audio. Ordinary no-recording flow handles unavailable recordings.",,no selector match,"No feed assignment pursued under the maintainer-approved body/family cutoff; preserve the source record, UID, title, namespace, and audio. Ordinary no-recording flow handles unavailable recordings."
c06211fb3fd6,fort-worth-tx,6540eef2dc2e,The Asian Tradition of Meditation and Mindfulness The Asian Tradition of Meditation and Mindfulness,2,2,2,0,0,0,not-to-pursue-maintainer-directed,not-to-pursue,"No feed assignment pursued under the maintainer-approved body/family cutoff; preserve the source record, UID, title, namespace, and audio. Ordinary no-recording flow handles unavailable recordings.",,no selector match,"No feed assignment pursued under the maintainer-approved body/family cutoff; preserve the source record, UID, title, namespace, and audio. Ordinary no-recording flow handles unavailable recordings."
81f1522f23f5,fort-worth-tx,6540eef2dc2e,The Mayor's 2023 Neighborhood Awards The Mayor's 2023 Neighborhood Awards,2,2,2,0,0,0,not-to-pursue-maintainer-directed,not-to-pursue,"No feed assignment pursued under the maintainer-approved body/family cutoff; preserve the source record, UID, title, namespace, and audio. Ordinary no-recording flow handles unavailable recordings.",,no selector match,"No feed assignment pursued under the maintainer-approved body/family cutoff; preserve the source record, UID, title, namespace, and audio. Ordinary no-recording flow handles unavailable recordings."
68f8ddc4086b,dallas-tx,76869ed1994f,Mayor Grow South Meeting,2,2,2,0,0,0,not-to-pursue-maintainer-directed,not-to-pursue,"No feed assignment pursued under the maintainer-approved body/family cutoff; preserve the source record, UID, title, namespace, and audio. Ordinary no-recording flow handles unavailable recordings.",,no selector match,"No feed assignment pursued under the maintainer-approved body/family cutoff; preserve the source record, UID, title, namespace, and audio. Ordinary no-recording flow handles unavailable recordings."
e8df4e610d68,fort-worth-tx,6540eef2dc2e,"""Grow a Green Multifamily Development"" Symposium ""Grow a Green Multifamily Development"" Symposium",2,2,2,0,0,0,not-to-pursue-maintainer-directed,not-to-pursue,"No feed assignment pursued under the maintainer-approved body/family cutoff; preserve the source record, UID, title, namespace, and audio. Ordinary no-recording flow handles unavailable recordings.",,no selector match,"No feed assignment pursued under the maintainer-approved body/family cutoff; preserve the source record, UID, title, namespace, and audio. Ordinary no-recording flow handles unavailable recordings."
1de10835bd1f,fort-worth-tx,6540eef2dc2e,"AATC Multifamily Summit of September 14, 2017 AATC Multifamily Summit of September 14, 2017",2,2,2,0,0,0,not-to-pursue-maintainer-directed,not-to-pursue,"No feed assignment pursued under the maintainer-approved body/family cutoff; preserve the source record, UID, title, namespace, and audio. Ordinary no-recording flow handles unavailable recordings.",,no selector match,"No feed assignment pursued under the maintainer-approved body/family cutoff; preserve the source record, UID, title, namespace, and audio. Ordinary no-recording flow handles unavailable recordings."
9b6a589f4a92,fort-worth-tx,6540eef2dc2e,"CDFI Friendly Fort Worth Kickoff of January 26, 2022 CDFI Friendly Fort Worth Kickoff of January 26, 2022",2,2,2,0,0,0,not-to-pursue-maintainer-directed,not-to-pursue,"No feed assignment pursued under the maintainer-approved body/family cutoff; preserve the source record, UID, title, namespace, and audio. Ordinary no-recording flow handles unavailable recordings.",,no selector match,"No feed assignment pursued under the maintainer-approved body/family cutoff; preserve the source record, UID, title, namespace, and audio. Ordinary no-recording flow handles unavailable recordings."
436b86039eb4,fort-worth-tx,6540eef2dc2e,"Crime Control Prevention District, Fort Worth LDC, Central City LDC, Research & Innovation LGC, and Fort Worth HFC Crime Control Prevention District, Fort Worth LDC, Central City LDC, Research & Innovation LGC, and Fort Worth HFC",2,2,2,0,0,0,not-to-pursue-maintainer-directed,not-to-pursue,"No feed assignment pursued under the maintainer-approved body/family cutoff; preserve the source record, UID, title, namespace, and audio. Ordinary no-recording flow handles unavailable recordings.",,no selector match,"No feed assignment pursued under the maintainer-approved body/family cutoff; preserve the source record, UID, title, namespace, and audio. Ordinary no-recording flow handles unavailable recordings."
f41c38e372f5,fort-worth-tx,6540eef2dc2e,Entrepreneurship and Innovation Committee - CANCELED Entrepreneurship and Innovation Committee - CANCELED,2,0,2,0,0,0,approved-new-body-rule-local,fort-worth-tx-entrepreneurship-and-innovation-committee,Matches the recurring named committee; cancellation/no usable audio is handled by the normal no-recording flow.,,no selector match,Matches the recurring named committee; cancellation/no usable audio is handled by the normal no-recording flow.
43ee559debce,fort-worth-tx,6540eef2dc2e,"Fair Housing Roundtable of October 6, 2016 Fair Housing Roundtable of October 6, 2016",2,2,2,0,0,0,not-to-pursue-maintainer-directed,not-to-pursue,"No feed assignment pursued under the maintainer-approved body/family cutoff; preserve the source record, UID, title, namespace, and audio. Ordinary no-recording flow handles unavailable recordings.",,no selector match,"No feed assignment pursued under the maintainer-approved body/family cutoff; preserve the source record, UID, title, namespace, and audio. Ordinary no-recording flow handles unavailable recordings."
9e05b04a8f36,fort-worth-tx,6540eef2dc2e,Java with Jungus May 2021 Java with Jungus May 2021,2,2,2,0,0,0,not-to-pursue-maintainer-directed,not-to-pursue,"No feed assignment pursued under the maintainer-approved body/family cutoff; preserve the source record, UID, title, namespace, and audio. Ordinary no-recording flow handles unavailable recordings.",,no selector match,"No feed assignment pursued under the maintainer-approved body/family cutoff; preserve the source record, UID, title, namespace, and audio. Ordinary no-recording flow handles unavailable recordings."
8174267fc39f,fort-worth-tx,6540eef2dc2e,"Municipal Summit of September 12, 2018 Municipal Summit of September 12, 2018",2,2,2,0,0,0,not-to-pursue-maintainer-directed,not-to-pursue,"No feed assignment pursued under the maintainer-approved body/family cutoff; preserve the source record, UID, title, namespace, and audio. Ordinary no-recording flow handles unavailable recordings.",,no selector match,"No feed assignment pursued under the maintainer-approved body/family cutoff; preserve the source record, UID, title, namespace, and audio. Ordinary no-recording flow handles unavailable recordings."
8763318a910a,fort-worth-tx,6540eef2dc2e,OPOM: The Changing Landscape of Civilian Oversight in Texas OPOM: The Changing Landscape of Civilian Oversight in Texas,2,2,2,0,0,0,not-to-pursue-maintainer-directed,not-to-pursue,"No feed assignment pursued under the maintainer-approved body/family cutoff; preserve the source record, UID, title, namespace, and audio. Ordinary no-recording flow handles unavailable recordings.",,no selector match,"No feed assignment pursued under the maintainer-approved body/family cutoff; preserve the source record, UID, title, namespace, and audio. Ordinary no-recording flow handles unavailable recordings."
24dbb613caa9,fort-worth-tx,6540eef2dc2e,Pride Month - More Than 50 Years Of Pride In Tarrant County Granicus Pride Month - More Than 50 Years Of Pride In Tarrant County Granicus,2,2,2,0,0,0,not-to-pursue-maintainer-directed,not-to-pursue,"No feed assignment pursued under the maintainer-approved body/family cutoff; preserve the source record, UID, title, namespace, and audio. Ordinary no-recording flow handles unavailable recordings.",,no selector match,"No feed assignment pursued under the maintainer-approved body/family cutoff; preserve the source record, UID, title, namespace, and audio. Ordinary no-recording flow handles unavailable recordings."
6afcb9247652,fort-worth-tx,6540eef2dc2e,Sixth Annual Tarrant County Business Opportunity Fair Sixth Annual Tarrant County Business Opportunity Fair,2,2,2,0,0,0,not-to-pursue-maintainer-directed,not-to-pursue,"No feed assignment pursued under the maintainer-approved body/family cutoff; preserve the source record, UID, title, namespace, and audio. Ordinary no-recording flow handles unavailable recordings.",,no selector match,"No feed assignment pursued under the maintainer-approved body/family cutoff; preserve the source record, UID, title, namespace, and audio. Ordinary no-recording flow handles unavailable recordings."
afb08aed1d41,fort-worth-tx,6540eef2dc2e,"Stockyards Form Based Code Work-In-Progress Presentation of May 25, 2016 Stockyards Form Based Code Work-In-Progress Presentation of May 25, 2016",2,2,2,0,0,0,not-to-pursue-maintainer-directed,not-to-pursue,"No feed assignment pursued under the maintainer-approved body/family cutoff; preserve the source record, UID, title, namespace, and audio. Ordinary no-recording flow handles unavailable recordings.",,no selector match,"No feed assignment pursued under the maintainer-approved body/family cutoff; preserve the source record, UID, title, namespace, and audio. Ordinary no-recording flow handles unavailable recordings."
1aaa3c28909b,fort-worth-tx,6540eef2dc2e,Storm Water Symposium Storm Water Symposium,2,2,2,0,0,0,not-to-pursue-maintainer-directed,not-to-pursue,"No feed assignment pursued under the maintainer-approved body/family cutoff; preserve the source record, UID, title, namespace, and audio. Ordinary no-recording flow handles unavailable recordings.",,no selector match,"No feed assignment pursued under the maintainer-approved body/family cutoff; preserve the source record, UID, title, namespace, and audio. Ordinary no-recording flow handles unavailable recordings."
c5d2a6ad4dfb,fort-worth-tx,6540eef2dc2e,Stormwater Management Program Master Plan Update PowerPoint Stormwater Management Program Master Plan Update PowerPoint,2,2,2,0,0,0,not-to-pursue-maintainer-directed,not-to-pursue,"No feed assignment pursued under the maintainer-approved body/family cutoff; preserve the source record, UID, title, namespace, and audio. Ordinary no-recording flow handles unavailable recordings.",,no selector match,"No feed assignment pursued under the maintainer-approved body/family cutoff; preserve the source record, UID, title, namespace, and audio. Ordinary no-recording flow handles unavailable recordings."
1d90997bebcb,arlington-tx,ecc3710ac47f,ZBA Regular Session,1,1,1,0,0,0,keep-existing-correct-feed,arlington-tx-zoning-board-of-adjustment,Already has a valid named-body feed assignment; preserve it despite the blanket-exclusion direction.,arlington-tx-zoning-board-of-adjustment (new parent feed),full selector match,Candidate correction/alias for ZBA Regular Session under its verified parent feed.
9100f981ac2a,dallas-tx,76869ed1994f,DDF Board Meeting,1,1,1,0,0,0,approved-body-rule-local,dallas-tx-economic-development,Added observed Dallas Development Fund board title to the existing Economic Development feed.,dallas-tx-economic-development,no selector match,Added observed Dallas Development Fund board title to the existing Economic Development feed.
abecffac363f,arlington-tx,ecc3710ac47f,Arlington Housing Finance Corporation Board Meeting,1,1,1,0,0,0,keep-existing-correct-feed,arlington-tx-housing-finance-corporation,Already has a valid named-body feed assignment; preserve it despite the blanket-exclusion direction.,arlington-tx-arlington-housing-finance-corporation-board-meeting,full selector match,Candidate dedicated public-body feed for the exact Arlington Housing Finance Corporation Board Meeting name.
4a85ef022f88,dallas-tx,76869ed1994f,Ad Hoc Committee on Judicial Nominations,1,1,1,0,0,0,approved-new-body-rule-local,dallas-tx-ad-hoc-judicial-nominating-committee,Added or retained a reusable source/body rule in local config dallas-tx-ad-hoc-judicial-nominating-committee; no UID-only inclusion. Historical recording/event and live deployment checks remain separate.,dallas-tx-ad-hoc-committee-on-judicial-nominations,local rule added; pending full replay and deployment,Candidate dedicated public-body feed for the exact Ad Hoc Committee on Judicial Nominations name.
19f379fe45c7,dallas-tx,76869ed1994f,AD HOC Committees,1,1,1,0,0,0,not-to-pursue-maintainer-directed,not pursued; preserve in source archive,"Below the maintainer’s five-distinct-source/UID threshold for a new body, and no documented alias to an already configured body (this row has 1 source/UID pair(s)). Do not create a feed or a one-off selector; preserve the source record, title, UID and any audio.",dallas-tx-ad-hoc-committees,not pursued by maintainer threshold; raw archive preserved,Candidate dedicated public-body feed for the exact AD HOC Committees name.
2b7cb934efa7,dallas-tx,76869ed1994f,AD HOC Judical Nominations Committee,1,1,1,0,0,0,approved-new-body-rule-local,dallas-tx-ad-hoc-judicial-nominating-committee,Added or retained a reusable source/body rule in local config dallas-tx-ad-hoc-judicial-nominating-committee; no UID-only inclusion. Historical recording/event and live deployment checks remain separate.,dallas-tx-ad-hoc-judical-nominations-committee,local rule added; pending full replay and deployment,Candidate dedicated public-body feed for the exact AD HOC Judical Nominations Committee name.
6bb7d7ac4a61,dallas-tx,76869ed1994f,Committee on Homeland Security Joint Hearing,1,1,0,0,0,0,not-to-pursue-maintainer-directed,not pursued; preserve in source archive,"Below the maintainer’s five-distinct-source/UID threshold for a new body, and no documented alias to an already configured body (this row has 1 source/UID pair(s)). Do not create a feed or a one-off selector; preserve the source record, title, UID and any audio.",dallas-tx-committee-on-homeland-security-joint-hearing,not pursued by maintainer threshold; raw archive preserved,Candidate dedicated public-body feed for the exact Committee on Homeland Security Joint Hearing name.
6b6fe168e855,dallas-tx,76869ed1994f,Dangerous Dog Taskforce Meeting,1,1,1,0,0,0,not-to-pursue-maintainer-directed,not-to-pursue,"No feed assignment pursued under the maintainer-approved body/family cutoff; preserve the source record, UID, title, namespace, and audio. Ordinary no-recording flow handles unavailable recordings.",dallas-tx-dangerous-dog-taskforce-meeting,no selector match,"No feed assignment pursued under the maintainer-approved body/family cutoff; preserve the source record, UID, title, namespace, and audio. Ordinary no-recording flow handles unavailable recordings."
63a70b857a46,dallas-tx,76869ed1994f,Education Task Force,1,1,1,0,0,0,not-to-pursue-maintainer-directed,not pursued; preserve in source archive,"Below the maintainer’s five-distinct-source/UID threshold for a new body, and no documented alias to an already configured body (this row has 1 source/UID pair(s)). Do not create a feed or a one-off selector; preserve the source record, title, UID and any audio.",dallas-tx-education-task-force,not pursued by maintainer threshold; raw archive preserved,Candidate dedicated public-body feed for the exact Education Task Force name.
736ee0de1004,dallas-tx,76869ed1994f,Ethics Preliminary Panel Hearing Meeting,1,1,1,0,0,0,not-to-pursue-maintainer-directed,not-to-pursue,"No feed assignment pursued under the maintainer-approved body/family cutoff; preserve the source record, UID, title, namespace, and audio. Ordinary no-recording flow handles unavailable recordings.",dallas-tx-ethics-preliminary-panel-hearing-meeting,no selector match,"No feed assignment pursued under the maintainer-approved body/family cutoff; preserve the source record, UID, title, namespace, and audio. Ordinary no-recording flow handles unavailable recordings."
b1c6f8bc3144,dallas-tx,76869ed1994f,Joint Board of Directors,1,1,1,0,0,0,not-to-pursue-maintainer-directed,not pursued; preserve in source archive,"Below the maintainer’s five-distinct-source/UID threshold for a new body, and no documented alias to an already configured body (this row has 1 source/UID pair(s)). Do not create a feed or a one-off selector; preserve the source record, title, UID and any audio.",dallas-tx-joint-board-of-directors,not pursued by maintainer threshold; raw archive preserved,Candidate dedicated public-body feed for the exact Joint Board of Directors name.
e4553cb23038,dallas-tx,76869ed1994f,Joint Education Taskforce,1,1,1,0,0,0,not-to-pursue-maintainer-directed,not-to-pursue,"No feed assignment pursued under the maintainer-approved body/family cutoff; preserve the source record, UID, title, namespace, and audio. Ordinary no-recording flow handles unavailable recordings.",dallas-tx-joint-education-taskforce,no selector match,"No feed assignment pursued under the maintainer-approved body/family cutoff; preserve the source record, UID, title, namespace, and audio. Ordinary no-recording flow handles unavailable recordings."
47b40582d874,dallas-tx,76869ed1994f,Mayor's Poverty Task Force,1,1,0,0,0,0,not-to-pursue-maintainer-directed,not pursued; preserve in source archive,"Below the maintainer’s five-distinct-source/UID threshold for a new body, and no documented alias to an already configured body (this row has 1 source/UID pair(s)). Do not create a feed or a one-off selector; preserve the source record, title, UID and any audio.",dallas-tx-mayor-s-poverty-task-force,not pursued by maintainer threshold; raw archive preserved,Candidate dedicated public-body feed for the exact Mayor's Poverty Task Force name.
342cfe056e8e,dallas-tx,76869ed1994f,Pension Hearing Meeting,1,1,0,0,0,0,not-to-pursue-maintainer-directed,not-to-pursue,"No feed assignment pursued under the maintainer-approved body/family cutoff; preserve the source record, UID, title, namespace, and audio. Ordinary no-recording flow handles unavailable recordings.",dallas-tx-pension-hearing-meeting,no selector match,"No feed assignment pursued under the maintainer-approved body/family cutoff; preserve the source record, UID, title, namespace, and audio. Ordinary no-recording flow handles unavailable recordings."
833c271a6a0e,dallas-tx,76869ed1994f,Special Called Joint Meeting AD Hoc and GPFM Committee,1,1,1,0,0,0,not-to-pursue-maintainer-directed,not pursued; preserve in source archive,"Below the maintainer’s five-distinct-source/UID threshold for a new body, and no documented alias to an already configured body (this row has 1 source/UID pair(s)). Do not create a feed or a one-off selector; preserve the source record, title, UID and any audio.",dallas-tx-special-called-joint-meeting-ad-hoc-and-gpfm-committee,not pursued by maintainer threshold; raw archive preserved,Candidate dedicated public-body feed for the exact Special Called Joint Meeting AD Hoc and GPFM Committee name.
f3262e567ab2,dallas-tx,76869ed1994f,Texas House Committee on Land and Resource Management Meeting,1,1,1,0,0,0,not-to-pursue-maintainer-directed,not pursued; preserve in source archive,"Below the maintainer’s five-distinct-source/UID threshold for a new body, and no documented alias to an already configured body (this row has 1 source/UID pair(s)). Do not create a feed or a one-off selector; preserve the source record, title, UID and any audio.",dallas-tx-texas-house-committee-on-land-and-resource-management-meeting,not pursued by maintainer threshold; raw archive preserved,Candidate dedicated public-body feed for the exact Texas House Committee on Land and Resource Management Meeting name.
cc5a4e208ae4,denton-tx,3b7588310856,Capital Improvement Advisory Committee on 2025-06-25 4:00 PM,1,1,1,0,0,0,approved-body-rule-local,denton-tx-planning-and-zoning-commission,"Denton lists its Capital Improvement Advisory Committee sessions under the Planning and Zoning Commission. Add the recurring committee name to the existing Planning and Zoning feed; preserve source titles, UIDs, audio, and provider namespace.",denton-tx-planning-and-zoning-commission,reusable body rule added locally; pending merge and deployment,Assigned to Denton Planning and Zoning Commission by the reusable Capital Improvement Advisory Committee body-name rule. The official Denton development-fees page identifies these meetings as P&Z Commission/CIAC sessions; no GUID-specific inclusion.
1495522ce973,fort-worth-tx,6540eef2dc2e,Capital Improvements Advisory Committee for Transportation Impact Fees Capital Improvements Advisory Committee for Transportation Impact Fees,1,1,1,0,0,0,approved-new-body-rule-local,fort-worth-tx-capital-improvements-advisory-committee,Reusable Fort Worth Capital Improvements Advisory Committee rule: full official name plus the source-scoped dated “CIAC of …” alias. Water/Wastewater CIAC stays separate. Local config only; preserve all source records and audio; live deployment and exact event verification remain.,fort-worth-tx-capital-improvements-advisory-committee-for-transportation-impact-fees,local rule added; pending full replay and deployment,Candidate dedicated public-body feed for the exact Capital Improvements Advisory Committee for Transportation Impact Fees Capital Improvements Advisory Committee for Transportation Impact Fees name.
37a9ae699aef,fort-worth-tx,6540eef2dc2e,Housing and Economic Development Committee #1 Housing and Economic Development Committee #1,1,1,1,0,0,0,approved-new-body-rule-local,fort-worth-tx-housing-and-economic-development-committee,Existing Fort Worth Housing and Economic Development Committee feed; add the exact #1 legacy label as an alias.,fort-worth-tx-housing-and-economic-development-committee,local exact-body rule added; pending full replay and deployment,Existing Fort Worth Housing and Economic Development Committee feed; add the exact #1 legacy label as an alias.
d69d4cb04747,fort-worth-tx,6540eef2dc2e,Housing and Economic Development Committee #2 Housing and Economic Development Committee #2,1,1,1,0,0,0,approved-new-body-rule-local,fort-worth-tx-housing-and-economic-development-committee,Existing Fort Worth Housing and Economic Development Committee feed; add the exact #2 legacy label as an alias.,fort-worth-tx-housing-and-economic-development-committee,local exact-body rule added; pending full replay and deployment,Existing Fort Worth Housing and Economic Development Committee feed; add the exact #2 legacy label as an alias.
6a0c32716997,pflugerville-tx,19c2ffe87d08,Board of Adjustment,10,2,2,0,0,0,keep-existing-correct-feed,pflugerville-tx-board-of-adjustment,Already has a valid named-body feed assignment; preserve it despite the blanket-exclusion direction.,pflugerville-tx-board-of-adjustment,full selector match,Candidate dedicated public-body feed for the exact Board of Adjustment name.
fb7478ba74d5,dallas-tx,76869ed1994f,Texas House Committee on Redistricting,1,1,1,0,0,0,not-to-pursue-maintainer-directed,not-to-pursue,"No feed assignment pursued under the maintainer-approved body/family cutoff; preserve the source record, UID, title, namespace, and audio. Ordinary no-recording flow handles unavailable recordings.",dallas-tx-redistricting,no selector match,"No feed assignment pursued under the maintainer-approved body/family cutoff; preserve the source record, UID, title, namespace, and audio. Ordinary no-recording flow handles unavailable recordings."
788d8cfd19b7,denton-tx,3b7588310856,City of Denton Update,1,1,1,0,0,0,selected-public-information,denton-tx-public-info-meetings,"One city feed for public briefings, information sessions, and public-input sessions. Keep the actual title; verify each old recording against its event before live routing.",denton-tx-public-info-meetings,no selector match,"Proposed destination: denton-tx Public Information Meetings. This city feed combines public briefings, public information sessions, and public-input meetings. Keep the title-specific event purpose in each episode. This row’s evidence status and exact recording/source match remain as stated in its review status; do not route by title words alone."
600ba4e2cff0,dallas-tx,76869ed1994f,2013 Back to School Fair,1,1,1,0,0,0,not-to-pursue-maintainer-directed,not-to-pursue,"No feed assignment pursued under the maintainer-approved body/family cutoff; preserve the source record, UID, title, namespace, and audio. Ordinary no-recording flow handles unavailable recordings.",,no selector match,"No feed assignment pursued under the maintainer-approved body/family cutoff; preserve the source record, UID, title, namespace, and audio. Ordinary no-recording flow handles unavailable recordings."
10186fd1d496,dallas-tx,76869ed1994f,311 App,1,1,1,0,0,0,not-to-pursue-maintainer-directed,not-to-pursue,"No feed assignment pursued under the maintainer-approved body/family cutoff; preserve the source record, UID, title, namespace, and audio. Ordinary no-recording flow handles unavailable recordings.",,no selector match,"No feed assignment pursued under the maintainer-approved body/family cutoff; preserve the source record, UID, title, namespace, and audio. Ordinary no-recording flow handles unavailable recordings."
b5463df67a86,dallas-tx,76869ed1994f,Back To School Fair Press Conference,1,1,1,0,0,0,not-to-pursue-maintainer-directed,not-to-pursue,"No feed assignment pursued under the maintainer-approved body/family cutoff; preserve the source record, UID, title, namespace, and audio. Ordinary no-recording flow handles unavailable recordings.",,no selector match,"No feed assignment pursued under the maintainer-approved body/family cutoff; preserve the source record, UID, title, namespace, and audio. Ordinary no-recording flow handles unavailable recordings."
fdc5f8c6274c,dallas-tx,76869ed1994f,Botham Jean Boulevard Street Renaming Ceremony,1,1,1,0,0,0,not-to-pursue-maintainer-directed,not-to-pursue,"No feed assignment pursued under the maintainer-approved body/family cutoff; preserve the source record, UID, title, namespace, and audio. Ordinary no-recording flow handles unavailable recordings.",,no selector match,"No feed assignment pursued under the maintainer-approved body/family cutoff; preserve the source record, UID, title, namespace, and audio. Ordinary no-recording flow handles unavailable recordings."
5b256c648728,dallas-tx,76869ed1994f,Code Video,1,1,1,0,0,0,not-to-pursue-maintainer-directed,not-to-pursue,"No feed assignment pursued under the maintainer-approved body/family cutoff; preserve the source record, UID, title, namespace, and audio. Ordinary no-recording flow handles unavailable recordings.",,no selector match,"No feed assignment pursued under the maintainer-approved body/family cutoff; preserve the source record, UID, title, namespace, and audio. Ordinary no-recording flow handles unavailable recordings."
5759e7cdb660,dallas-tx,76869ed1994f,DPD Chief Hall Swearing-In Ceremony,1,1,1,0,0,0,not-to-pursue-maintainer-directed,not-to-pursue,"No feed assignment pursued under the maintainer-approved body/family cutoff; preserve the source record, UID, title, namespace, and audio. Ordinary no-recording flow handles unavailable recordings.",,no selector match,"No feed assignment pursued under the maintainer-approved body/family cutoff; preserve the source record, UID, title, namespace, and audio. Ordinary no-recording flow handles unavailable recordings."
16a3af902cfd,dallas-tx,76869ed1994f,Dallas Police & Dallas Fire Rescue Chiefs Swearing in Ceremony,1,1,1,0,0,0,not-to-pursue-maintainer-directed,not-to-pursue,"No feed assignment pursued under the maintainer-approved body/family cutoff; preserve the source record, UID, title, namespace, and audio. Ordinary no-recording flow handles unavailable recordings.",,no selector match,"No feed assignment pursued under the maintainer-approved body/family cutoff; preserve the source record, UID, title, namespace, and audio. Ordinary no-recording flow handles unavailable recordings."
d7402c4baa17,dallas-tx,76869ed1994f,Deck The Plaza 2025,1,1,1,0,0,0,not-to-pursue-maintainer-directed,not-to-pursue,"No feed assignment pursued under the maintainer-approved body/family cutoff; preserve the source record, UID, title, namespace, and audio. Ordinary no-recording flow handles unavailable recordings.",,no selector match,"No feed assignment pursued under the maintainer-approved body/family cutoff; preserve the source record, UID, title, namespace, and audio. Ordinary no-recording flow handles unavailable recordings."
873ea8b260c0,dallas-tx,76869ed1994f,Juanita J. Craft Civil Rights House Ribbon Cutting,1,1,1,0,0,0,not-to-pursue-maintainer-directed,not-to-pursue,"No feed assignment pursued under the maintainer-approved body/family cutoff; preserve the source record, UID, title, namespace, and audio. Ordinary no-recording flow handles unavailable recordings.",,no selector match,"No feed assignment pursued under the maintainer-approved body/family cutoff; preserve the source record, UID, title, namespace, and audio. Ordinary no-recording flow handles unavailable recordings."
6c85665b77c1,dallas-tx,76869ed1994f,Mayor's Distinguished Awards News Conference,1,1,1,0,0,0,not-to-pursue-maintainer-directed,not-to-pursue,"No feed assignment pursued under the maintainer-approved body/family cutoff; preserve the source record, UID, title, namespace, and audio. Ordinary no-recording flow handles unavailable recordings.",,no selector match,"No feed assignment pursued under the maintainer-approved body/family cutoff; preserve the source record, UID, title, namespace, and audio. Ordinary no-recording flow handles unavailable recordings."
a7e67ff5e60f,dallas-tx,76869ed1994f,National Gold Medal Award Presentation,1,1,1,0,0,0,not-to-pursue-maintainer-directed,not-to-pursue,"No feed assignment pursued under the maintainer-approved body/family cutoff; preserve the source record, UID, title, namespace, and audio. Ordinary no-recording flow handles unavailable recordings.",,no selector match,"No feed assignment pursued under the maintainer-approved body/family cutoff; preserve the source record, UID, title, namespace, and audio. Ordinary no-recording flow handles unavailable recordings."
fadbad258c13,dallas-tx,76869ed1994f,Nelson Mandela International Day,1,1,1,0,0,0,not-to-pursue-maintainer-directed,not-to-pursue,"No feed assignment pursued under the maintainer-approved body/family cutoff; preserve the source record, UID, title, namespace, and audio. Ordinary no-recording flow handles unavailable recordings.",,no selector match,"No feed assignment pursued under the maintainer-approved body/family cutoff; preserve the source record, UID, title, namespace, and audio. Ordinary no-recording flow handles unavailable recordings."
1947af1d868d,dallas-tx,76869ed1994f,Police Online Reporting System,1,1,1,0,0,0,not-to-pursue-maintainer-directed,not-to-pursue,"No feed assignment pursued under the maintainer-approved body/family cutoff; preserve the source record, UID, title, namespace, and audio. Ordinary no-recording flow handles unavailable recordings.",,no selector match,"No feed assignment pursued under the maintainer-approved body/family cutoff; preserve the source record, UID, title, namespace, and audio. Ordinary no-recording flow handles unavailable recordings."
fbb317ac6264,dallas-tx,76869ed1994f,Run. Hide. Fight,1,1,1,0,0,0,not-to-pursue-maintainer-directed,not-to-pursue,"No feed assignment pursued under the maintainer-approved body/family cutoff; preserve the source record, UID, title, namespace, and audio. Ordinary no-recording flow handles unavailable recordings.",,no selector match,"No feed assignment pursued under the maintainer-approved body/family cutoff; preserve the source record, UID, title, namespace, and audio. Ordinary no-recording flow handles unavailable recordings."
43a39395892d,dallas-tx,76869ed1994f,The 50th:  Honoring the Memory of President John F. Kennedy,1,1,1,0,0,0,not-to-pursue-maintainer-directed,not-to-pursue,"No feed assignment pursued under the maintainer-approved body/family cutoff; preserve the source record, UID, title, namespace, and audio. Ordinary no-recording flow handles unavailable recordings.",,no selector match,"No feed assignment pursued under the maintainer-approved body/family cutoff; preserve the source record, UID, title, namespace, and audio. Ordinary no-recording flow handles unavailable recordings."
d48c255f59c5,dallas-tx,76869ed1994f,Veterans Day Parade,1,1,1,0,0,0,not-to-pursue-maintainer-directed,not-to-pursue,"No feed assignment pursued under the maintainer-approved body/family cutoff; preserve the source record, UID, title, namespace, and audio. Ordinary no-recording flow handles unavailable recordings.",,no selector match,"No feed assignment pursued under the maintainer-approved body/family cutoff; preserve the source record, UID, title, namespace, and audio. Ordinary no-recording flow handles unavailable recordings."
953cb7f3326e,dallas-tx,76869ed1994f,WOWie Commercial 2,1,1,1,0,0,0,not-to-pursue-maintainer-directed,not-to-pursue,"No feed assignment pursued under the maintainer-approved body/family cutoff; preserve the source record, UID, title, namespace, and audio. Ordinary no-recording flow handles unavailable recordings.",,no selector match,"No feed assignment pursued under the maintainer-approved body/family cutoff; preserve the source record, UID, title, namespace, and audio. Ordinary no-recording flow handles unavailable recordings."
b70c066409fa,dallas-tx,76869ed1994f,Wowie Awards 2013,1,1,1,0,0,0,not-to-pursue-maintainer-directed,not-to-pursue,"No feed assignment pursued under the maintainer-approved body/family cutoff; preserve the source record, UID, title, namespace, and audio. Ordinary no-recording flow handles unavailable recordings.",,no selector match,"No feed assignment pursued under the maintainer-approved body/family cutoff; preserve the source record, UID, title, namespace, and audio. Ordinary no-recording flow handles unavailable recordings."
cac369afd9c2,fort-worth-tx,6540eef2dc2e,"2018 Neighborhood Awards - February 16, 2019 2018 Neighborhood Awards",1,1,1,0,0,0,not-to-pursue-maintainer-directed,not-to-pursue,"No feed assignment pursued under the maintainer-approved body/family cutoff; preserve the source record, UID, title, namespace, and audio. Ordinary no-recording flow handles unavailable recordings.",,no selector match,"No feed assignment pursued under the maintainer-approved body/family cutoff; preserve the source record, UID, title, namespace, and audio. Ordinary no-recording flow handles unavailable recordings."
bc18dc1c1c70,fort-worth-tx,6540eef2dc2e,Ask the Archives Ask the Archives,1,1,1,0,0,0,not-to-pursue-maintainer-directed,not-to-pursue,"No feed assignment pursued under the maintainer-approved body/family cutoff; preserve the source record, UID, title, namespace, and audio. Ordinary no-recording flow handles unavailable recordings.",,no selector match,"No feed assignment pursued under the maintainer-approved body/family cutoff; preserve the source record, UID, title, namespace, and audio. Ordinary no-recording flow handles unavailable recordings."
5765b09083c6,fort-worth-tx,6540eef2dc2e,"Bike Share Program Kick-Off of April 22, 2013 Bike Share Program Kick-Off of April 22, 2013",1,1,1,0,0,0,not-to-pursue-maintainer-directed,not-to-pursue,"No feed assignment pursued under the maintainer-approved body/family cutoff; preserve the source record, UID, title, namespace, and audio. Ordinary no-recording flow handles unavailable recordings.",,no selector match,"No feed assignment pursued under the maintainer-approved body/family cutoff; preserve the source record, UID, title, namespace, and audio. Ordinary no-recording flow handles unavailable recordings."
5823617ae808,fort-worth-tx,6540eef2dc2e,Census Participation 2010 Census Participation 2010,1,1,1,0,0,0,not-to-pursue-maintainer-directed,not-to-pursue,"No feed assignment pursued under the maintainer-approved body/family cutoff; preserve the source record, UID, title, namespace, and audio. Ordinary no-recording flow handles unavailable recordings.",,no selector match,"No feed assignment pursued under the maintainer-approved body/family cutoff; preserve the source record, UID, title, namespace, and audio. Ordinary no-recording flow handles unavailable recordings."
ec6ea2ac90fc,fort-worth-tx,6540eef2dc2e,"Dedication of the Pioneer Tower Public Artworks of August 20, 2021 Dedication of the Pioneer Tower Public Artworks of August 20, 2021",1,1,1,0,0,0,not-to-pursue-maintainer-directed,not-to-pursue,"No feed assignment pursued under the maintainer-approved body/family cutoff; preserve the source record, UID, title, namespace, and audio. Ordinary no-recording flow handles unavailable recordings.",,no selector match,"No feed assignment pursued under the maintainer-approved body/family cutoff; preserve the source record, UID, title, namespace, and audio. Ordinary no-recording flow handles unavailable recordings."
fbdd0e0642b4,fort-worth-tx,6540eef2dc2e,Entrepreneur Expo 2009 Awards Luncheon Entrepreneur Expo 2009 Awards Luncheon,1,1,1,0,0,0,not-to-pursue-maintainer-directed,not-to-pursue,"No feed assignment pursued under the maintainer-approved body/family cutoff; preserve the source record, UID, title, namespace, and audio. Ordinary no-recording flow handles unavailable recordings.",,no selector match,"No feed assignment pursued under the maintainer-approved body/family cutoff; preserve the source record, UID, title, namespace, and audio. Ordinary no-recording flow handles unavailable recordings."
dbb0b41bae24,fort-worth-tx,6540eef2dc2e,Fort Worth Forward - Episode 1 Fort Worth Forward - Episode 1,1,1,1,0,0,0,not-to-pursue-maintainer-directed,not-to-pursue,"No feed assignment pursued under the maintainer-approved body/family cutoff; preserve the source record, UID, title, namespace, and audio. Ordinary no-recording flow handles unavailable recordings.",,no selector match,"No feed assignment pursued under the maintainer-approved body/family cutoff; preserve the source record, UID, title, namespace, and audio. Ordinary no-recording flow handles unavailable recordings."
901f512bf671,fort-worth-tx,6540eef2dc2e,Fort Worth Forward - Episode 10 Fort Worth Forward - Episode 10,1,1,1,0,0,0,not-to-pursue-maintainer-directed,not-to-pursue,"No feed assignment pursued under the maintainer-approved body/family cutoff; preserve the source record, UID, title, namespace, and audio. Ordinary no-recording flow handles unavailable recordings.",,no selector match,"No feed assignment pursued under the maintainer-approved body/family cutoff; preserve the source record, UID, title, namespace, and audio. Ordinary no-recording flow handles unavailable recordings."
ef8c5ea488df,fort-worth-tx,6540eef2dc2e,Fort Worth Forward - Episode 11 Fort Worth Forward - Episode 11,1,1,1,0,0,0,not-to-pursue-maintainer-directed,not-to-pursue,"No feed assignment pursued under the maintainer-approved body/family cutoff; preserve the source record, UID, title, namespace, and audio. Ordinary no-recording flow handles unavailable recordings.",,no selector match,"No feed assignment pursued under the maintainer-approved body/family cutoff; preserve the source record, UID, title, namespace, and audio. Ordinary no-recording flow handles unavailable recordings."
f3de38459194,fort-worth-tx,6540eef2dc2e,Fort Worth Forward - Episode 12 Fort Worth Forward - Episode 12,1,1,1,0,0,0,not-to-pursue-maintainer-directed,not-to-pursue,"No feed assignment pursued under the maintainer-approved body/family cutoff; preserve the source record, UID, title, namespace, and audio. Ordinary no-recording flow handles unavailable recordings.",,no selector match,"No feed assignment pursued under the maintainer-approved body/family cutoff; preserve the source record, UID, title, namespace, and audio. Ordinary no-recording flow handles unavailable recordings."
a04fb805ecee,fort-worth-tx,6540eef2dc2e,Fort Worth Forward - Episode 13 Fort Worth Forward - Episode 13,1,1,1,0,0,0,not-to-pursue-maintainer-directed,not-to-pursue,"No feed assignment pursued under the maintainer-approved body/family cutoff; preserve the source record, UID, title, namespace, and audio. Ordinary no-recording flow handles unavailable recordings.",,no selector match,"No feed assignment pursued under the maintainer-approved body/family cutoff; preserve the source record, UID, title, namespace, and audio. Ordinary no-recording flow handles unavailable recordings."
2fb51765c7b3,fort-worth-tx,6540eef2dc2e,Fort Worth Forward - Episode 14 Fort Worth Forward - Episode 14,1,1,1,0,0,0,not-to-pursue-maintainer-directed,not-to-pursue,"No feed assignment pursued under the maintainer-approved body/family cutoff; preserve the source record, UID, title, namespace, and audio. Ordinary no-recording flow handles unavailable recordings.",,no selector match,"No feed assignment pursued under the maintainer-approved body/family cutoff; preserve the source record, UID, title, namespace, and audio. Ordinary no-recording flow handles unavailable recordings."
2514622eab63,fort-worth-tx,6540eef2dc2e,Fort Worth Forward - Episode 15 Fort Worth Forward - Episode 15,1,1,1,0,0,0,not-to-pursue-maintainer-directed,not-to-pursue,"No feed assignment pursued under the maintainer-approved body/family cutoff; preserve the source record, UID, title, namespace, and audio. Ordinary no-recording flow handles unavailable recordings.",,no selector match,"No feed assignment pursued under the maintainer-approved body/family cutoff; preserve the source record, UID, title, namespace, and audio. Ordinary no-recording flow handles unavailable recordings."
57f0a6b0a347,fort-worth-tx,6540eef2dc2e,Fort Worth Forward - Episode 16 Fort Worth Forward - Episode 16,1,1,1,0,0,0,not-to-pursue-maintainer-directed,not-to-pursue,"No feed assignment pursued under the maintainer-approved body/family cutoff; preserve the source record, UID, title, namespace, and audio. Ordinary no-recording flow handles unavailable recordings.",,no selector match,"No feed assignment pursued under the maintainer-approved body/family cutoff; preserve the source record, UID, title, namespace, and audio. Ordinary no-recording flow handles unavailable recordings."
35c2b85e5ce0,fort-worth-tx,6540eef2dc2e,Fort Worth Forward - Episode 17 Fort Worth Forward - Episode 17,1,1,1,0,0,0,not-to-pursue-maintainer-directed,not-to-pursue,"No feed assignment pursued under the maintainer-approved body/family cutoff; preserve the source record, UID, title, namespace, and audio. Ordinary no-recording flow handles unavailable recordings.",,no selector match,"No feed assignment pursued under the maintainer-approved body/family cutoff; preserve the source record, UID, title, namespace, and audio. Ordinary no-recording flow handles unavailable recordings."
13f7d641d27e,fort-worth-tx,6540eef2dc2e,Fort Worth Forward - Episode 19 Fort Worth Forward - Episode 19,1,1,1,0,0,0,not-to-pursue-maintainer-directed,not-to-pursue,"No feed assignment pursued under the maintainer-approved body/family cutoff; preserve the source record, UID, title, namespace, and audio. Ordinary no-recording flow handles unavailable recordings.",,no selector match,"No feed assignment pursued under the maintainer-approved body/family cutoff; preserve the source record, UID, title, namespace, and audio. Ordinary no-recording flow handles unavailable recordings."
72c0a06fb6da,fort-worth-tx,6540eef2dc2e,Fort Worth Forward - Episode 2 Fort Worth Forward - Episode 2,1,1,1,0,0,0,not-to-pursue-maintainer-directed,not-to-pursue,"No feed assignment pursued under the maintainer-approved body/family cutoff; preserve the source record, UID, title, namespace, and audio. Ordinary no-recording flow handles unavailable recordings.",,no selector match,"No feed assignment pursued under the maintainer-approved body/family cutoff; preserve the source record, UID, title, namespace, and audio. Ordinary no-recording flow handles unavailable recordings."
c2d56b737e1d,fort-worth-tx,6540eef2dc2e,Fort Worth Forward - Episode 20 Fort Worth Forward - Episode 20,1,1,1,0,0,0,not-to-pursue-maintainer-directed,not-to-pursue,"No feed assignment pursued under the maintainer-approved body/family cutoff; preserve the source record, UID, title, namespace, and audio. Ordinary no-recording flow handles unavailable recordings.",,no selector match,"No feed assignment pursued under the maintainer-approved body/family cutoff; preserve the source record, UID, title, namespace, and audio. Ordinary no-recording flow handles unavailable recordings."
7195cae84ac3,fort-worth-tx,6540eef2dc2e,Fort Worth Forward - Episode 21 Fort Worth Forward - Episode 21,1,1,1,0,0,0,not-to-pursue-maintainer-directed,not-to-pursue,"No feed assignment pursued under the maintainer-approved body/family cutoff; preserve the source record, UID, title, namespace, and audio. Ordinary no-recording flow handles unavailable recordings.",,no selector match,"No feed assignment pursued under the maintainer-approved body/family cutoff; preserve the source record, UID, title, namespace, and audio. Ordinary no-recording flow handles unavailable recordings."
f72c3a221175,fort-worth-tx,6540eef2dc2e,Fort Worth Forward - Episode 22 Fort Worth Forward - Episode 22,1,1,1,0,0,0,not-to-pursue-maintainer-directed,not-to-pursue,"No feed assignment pursued under the maintainer-approved body/family cutoff; preserve the source record, UID, title, namespace, and audio. Ordinary no-recording flow handles unavailable recordings.",,no selector match,"No feed assignment pursued under the maintainer-approved body/family cutoff; preserve the source record, UID, title, namespace, and audio. Ordinary no-recording flow handles unavailable recordings."
d0c50ec718b4,fort-worth-tx,6540eef2dc2e,Fort Worth Forward - Episode 23 Fort Worth Forward - Episode 23,1,1,1,0,0,0,not-to-pursue-maintainer-directed,not-to-pursue,"No feed assignment pursued under the maintainer-approved body/family cutoff; preserve the source record, UID, title, namespace, and audio. Ordinary no-recording flow handles unavailable recordings.",,no selector match,"No feed assignment pursued under the maintainer-approved body/family cutoff; preserve the source record, UID, title, namespace, and audio. Ordinary no-recording flow handles unavailable recordings."
f663a9e95195,fort-worth-tx,6540eef2dc2e,Fort Worth Forward - Episode 3 Fort Worth Forward - Episode 3,1,1,1,0,0,0,not-to-pursue-maintainer-directed,not-to-pursue,"No feed assignment pursued under the maintainer-approved body/family cutoff; preserve the source record, UID, title, namespace, and audio. Ordinary no-recording flow handles unavailable recordings.",,no selector match,"No feed assignment pursued under the maintainer-approved body/family cutoff; preserve the source record, UID, title, namespace, and audio. Ordinary no-recording flow handles unavailable recordings."
734b8e879649,fort-worth-tx,6540eef2dc2e,Fort Worth Forward - Episode 4 Fort Worth Forward - Episode 4,1,1,1,0,0,0,not-to-pursue-maintainer-directed,not-to-pursue,"No feed assignment pursued under the maintainer-approved body/family cutoff; preserve the source record, UID, title, namespace, and audio. Ordinary no-recording flow handles unavailable recordings.",,no selector match,"No feed assignment pursued under the maintainer-approved body/family cutoff; preserve the source record, UID, title, namespace, and audio. Ordinary no-recording flow handles unavailable recordings."
23e3069e39ef,fort-worth-tx,6540eef2dc2e,Fort Worth Forward - Episode 5 Fort Worth Forward - Episode 5,1,1,1,0,0,0,not-to-pursue-maintainer-directed,not-to-pursue,"No feed assignment pursued under the maintainer-approved body/family cutoff; preserve the source record, UID, title, namespace, and audio. Ordinary no-recording flow handles unavailable recordings.",,no selector match,"No feed assignment pursued under the maintainer-approved body/family cutoff; preserve the source record, UID, title, namespace, and audio. Ordinary no-recording flow handles unavailable recordings."
47015054fb28,fort-worth-tx,6540eef2dc2e,Fort Worth Forward - Episode 6 Fort Worth Forward - Episode 6,1,1,1,0,0,0,not-to-pursue-maintainer-directed,not-to-pursue,"No feed assignment pursued under the maintainer-approved body/family cutoff; preserve the source record, UID, title, namespace, and audio. Ordinary no-recording flow handles unavailable recordings.",,no selector match,"No feed assignment pursued under the maintainer-approved body/family cutoff; preserve the source record, UID, title, namespace, and audio. Ordinary no-recording flow handles unavailable recordings."
b393cd12b98b,fort-worth-tx,6540eef2dc2e,Fort Worth Forward - Episode 7 Fort Worth Forward - Episode 7,1,1,1,0,0,0,not-to-pursue-maintainer-directed,not-to-pursue,"No feed assignment pursued under the maintainer-approved body/family cutoff; preserve the source record, UID, title, namespace, and audio. Ordinary no-recording flow handles unavailable recordings.",,no selector match,"No feed assignment pursued under the maintainer-approved body/family cutoff; preserve the source record, UID, title, namespace, and audio. Ordinary no-recording flow handles unavailable recordings."
2fac083302da,fort-worth-tx,6540eef2dc2e,Fort Worth Forward - Episode 8 Fort Worth Forward - Episode 8,1,1,1,0,0,0,not-to-pursue-maintainer-directed,not-to-pursue,"No feed assignment pursued under the maintainer-approved body/family cutoff; preserve the source record, UID, title, namespace, and audio. Ordinary no-recording flow handles unavailable recordings.",,no selector match,"No feed assignment pursued under the maintainer-approved body/family cutoff; preserve the source record, UID, title, namespace, and audio. Ordinary no-recording flow handles unavailable recordings."
6e32357b5dd1,fort-worth-tx,6540eef2dc2e,Fort Worth Forward - Episode 9 Fort Worth Forward - Episode 9,1,1,1,0,0,0,not-to-pursue-maintainer-directed,not-to-pursue,"No feed assignment pursued under the maintainer-approved body/family cutoff; preserve the source record, UID, title, namespace, and audio. Ordinary no-recording flow handles unavailable recordings.",,no selector match,"No feed assignment pursued under the maintainer-approved body/family cutoff; preserve the source record, UID, title, namespace, and audio. Ordinary no-recording flow handles unavailable recordings."
13cdba3c92cd,fort-worth-tx,6540eef2dc2e,Hispanic Heritage Festival 2015 - Mariachi Band Hispanic Heritage Festival 2015 - Mariachi Band,1,1,1,0,0,0,not-to-pursue-maintainer-directed,not-to-pursue,"No feed assignment pursued under the maintainer-approved body/family cutoff; preserve the source record, UID, title, namespace, and audio. Ordinary no-recording flow handles unavailable recordings.",,no selector match,"No feed assignment pursued under the maintainer-approved body/family cutoff; preserve the source record, UID, title, namespace, and audio. Ordinary no-recording flow handles unavailable recordings."
6a70464f40e8,fort-worth-tx,6540eef2dc2e,Juneteenth Celebration 2022 Juneteenth Celebration 2022,1,1,1,0,0,0,not-to-pursue-maintainer-directed,not-to-pursue,"No feed assignment pursued under the maintainer-approved body/family cutoff; preserve the source record, UID, title, namespace, and audio. Ordinary no-recording flow handles unavailable recordings.",,no selector match,"No feed assignment pursued under the maintainer-approved body/family cutoff; preserve the source record, UID, title, namespace, and audio. Ordinary no-recording flow handles unavailable recordings."
f740a4368d25,fort-worth-tx,6540eef2dc2e,"Juneteenth Celebration at City Hall on June 14, 2013 Juneteenth Celebration at City Hall on June 14, 2013",1,1,1,0,0,0,not-to-pursue-maintainer-directed,not-to-pursue,"No feed assignment pursued under the maintainer-approved body/family cutoff; preserve the source record, UID, title, namespace, and audio. Ordinary no-recording flow handles unavailable recordings.",,no selector match,"No feed assignment pursued under the maintainer-approved body/family cutoff; preserve the source record, UID, title, namespace, and audio. Ordinary no-recording flow handles unavailable recordings."
d338389196d3,fort-worth-tx,6540eef2dc2e,MLK Jr Employee Celebration MLK Jr Employee Celebration,1,1,1,0,0,0,not-to-pursue-maintainer-directed,not-to-pursue,"No feed assignment pursued under the maintainer-approved body/family cutoff; preserve the source record, UID, title, namespace, and audio. Ordinary no-recording flow handles unavailable recordings.",,no selector match,"No feed assignment pursued under the maintainer-approved body/family cutoff; preserve the source record, UID, title, namespace, and audio. Ordinary no-recording flow handles unavailable recordings."
771628751307,fort-worth-tx,6540eef2dc2e,Participación en Cenus 2010 Participación en Cenus 2010,1,1,1,0,0,0,not-to-pursue-maintainer-directed,not-to-pursue,"No feed assignment pursued under the maintainer-approved body/family cutoff; preserve the source record, UID, title, namespace, and audio. Ordinary no-recording flow handles unavailable recordings.",,no selector match,"No feed assignment pursued under the maintainer-approved body/family cutoff; preserve the source record, UID, title, namespace, and audio. Ordinary no-recording flow handles unavailable recordings."
885c5b538254,fort-worth-tx,6540eef2dc2e,Raw Footage of Chief Halstead's Press Conference regarding recently arrested employee Raw Footage of Chief Halstead's Press Conference regarding recently arrested employee,1,1,1,0,0,0,not-to-pursue-maintainer-directed,not-to-pursue,"No feed assignment pursued under the maintainer-approved body/family cutoff; preserve the source record, UID, title, namespace, and audio. Ordinary no-recording flow handles unavailable recordings.",,no selector match,"No feed assignment pursued under the maintainer-approved body/family cutoff; preserve the source record, UID, title, namespace, and audio. Ordinary no-recording flow handles unavailable recordings."
5c2c3131bd1d,fort-worth-tx,6540eef2dc2e,Reby Cary Memorial Street Sign Unveiling Reby Cary Memorial Street Sign Unveiling,1,1,1,0,0,0,not-to-pursue-maintainer-directed,not-to-pursue,"No feed assignment pursued under the maintainer-approved body/family cutoff; preserve the source record, UID, title, namespace, and audio. Ordinary no-recording flow handles unavailable recordings.",,no selector match,"No feed assignment pursued under the maintainer-approved body/family cutoff; preserve the source record, UID, title, namespace, and audio. Ordinary no-recording flow handles unavailable recordings."
e6f138880695,fort-worth-tx,6540eef2dc2e,"Records Management - Inventory, Retention & Open Records Records Management - Inventory, Retention & Open Records",1,1,1,0,0,0,not-to-pursue-maintainer-directed,not-to-pursue,"No feed assignment pursued under the maintainer-approved body/family cutoff; preserve the source record, UID, title, namespace, and audio. Ordinary no-recording flow handles unavailable recordings.",,no selector match,"No feed assignment pursued under the maintainer-approved body/family cutoff; preserve the source record, UID, title, namespace, and audio. Ordinary no-recording flow handles unavailable recordings."
61a75705814d,fort-worth-tx,6540eef2dc2e,Silcox Animal Care Control Center Dedication Silcox Animal Care Control Center Dedication,1,1,1,0,0,0,not-to-pursue-maintainer-directed,not-to-pursue,"No feed assignment pursued under the maintainer-approved body/family cutoff; preserve the source record, UID, title, namespace, and audio. Ordinary no-recording flow handles unavailable recordings.",,no selector match,"No feed assignment pursued under the maintainer-approved body/family cutoff; preserve the source record, UID, title, namespace, and audio. Ordinary no-recording flow handles unavailable recordings."
751c11d6d1ff,fort-worth-tx,6540eef2dc2e,Texas Girls Choir Christmas GIFT Concert 2011 Texas Girls Choir Christmas GIFT Concert 2011,1,1,1,0,0,0,not-to-pursue-maintainer-directed,not-to-pursue,"No feed assignment pursued under the maintainer-approved body/family cutoff; preserve the source record, UID, title, namespace, and audio. Ordinary no-recording flow handles unavailable recordings.",,no selector match,"No feed assignment pursued under the maintainer-approved body/family cutoff; preserve the source record, UID, title, namespace, and audio. Ordinary no-recording flow handles unavailable recordings."
2147c4da110a,addison-tx,abbf5e25e078,Addison Economic Development Luncheon,1,1,1,0,0,0,archive-only-already-implemented,archive-only,"Already archive-only under merged PR #2106; preserve raw record, UID, and audio.",,full selector match,"Approved archive-only visibility for Addison GUID55864: retain its direct archive page and raw record/audio, while excluding it from public feed listings, browse discovery and search."
4ec7e9654983,arlington-tx,ecc3710ac47f,Empty,1,1,1,0,0,0,not-to-pursue-maintainer-directed,not-to-pursue,"No feed assignment pursued under the maintainer-approved body/family cutoff; preserve the source record, UID, title, namespace, and audio. Ordinary no-recording flow handles unavailable recordings.",,full selector match,"No feed assignment pursued under the maintainer-approved body/family cutoff; preserve the source record, UID, title, namespace, and audio. Ordinary no-recording flow handles unavailable recordings."
f227cdb36f82,dallas-tx,76869ed1994f,Communities Foundation of Texas,1,1,1,0,0,0,not-to-pursue-maintainer-directed,not-to-pursue,"No feed assignment pursued under the maintainer-approved body/family cutoff; preserve the source record, UID, title, namespace, and audio. Ordinary no-recording flow handles unavailable recordings.",,no selector match,"No feed assignment pursued under the maintainer-approved body/family cutoff; preserve the source record, UID, title, namespace, and audio. Ordinary no-recording flow handles unavailable recordings."
f1af305e6f04,dallas-tx,76869ed1994f,Dr. Richard Florida,1,1,1,0,0,0,not-to-pursue-maintainer-directed,not-to-pursue,"No feed assignment pursued under the maintainer-approved body/family cutoff; preserve the source record, UID, title, namespace, and audio. Ordinary no-recording flow handles unavailable recordings.",,no selector match,"No feed assignment pursued under the maintainer-approved body/family cutoff; preserve the source record, UID, title, namespace, and audio. Ordinary no-recording flow handles unavailable recordings."
d1dc215a51ec,dallas-tx,76869ed1994f,Goodbye to the Wright Amendment,1,1,1,0,0,0,not-to-pursue-maintainer-directed,not-to-pursue,"No feed assignment pursued under the maintainer-approved body/family cutoff; preserve the source record, UID, title, namespace, and audio. Ordinary no-recording flow handles unavailable recordings.",,no selector match,"No feed assignment pursued under the maintainer-approved body/family cutoff; preserve the source record, UID, title, namespace, and audio. Ordinary no-recording flow handles unavailable recordings."
897e291b8896,dallas-tx,76869ed1994f,Grow Grow South Townview 2-11-14,1,1,1,0,0,0,not-to-pursue-maintainer-directed,not-to-pursue,"No feed assignment pursued under the maintainer-approved body/family cutoff; preserve the source record, UID, title, namespace, and audio. Ordinary no-recording flow handles unavailable recordings.",,no selector match,"No feed assignment pursued under the maintainer-approved body/family cutoff; preserve the source record, UID, title, namespace, and audio. Ordinary no-recording flow handles unavailable recordings."
f383863d6417,dallas-tx,76869ed1994f,Let's Talk,1,1,1,0,0,0,not-to-pursue-maintainer-directed,not-to-pursue,"No feed assignment pursued under the maintainer-approved body/family cutoff; preserve the source record, UID, title, namespace, and audio. Ordinary no-recording flow handles unavailable recordings.",,no selector match,"No feed assignment pursued under the maintainer-approved body/family cutoff; preserve the source record, UID, title, namespace, and audio. Ordinary no-recording flow handles unavailable recordings."
0a87146da49e,dallas-tx,76869ed1994f,Tax Credit 101 for Policymakers,1,1,1,0,0,0,not-to-pursue-maintainer-directed,not-to-pursue,"No feed assignment pursued under the maintainer-approved body/family cutoff; preserve the source record, UID, title, namespace, and audio. Ordinary no-recording flow handles unavailable recordings.",,no selector match,"No feed assignment pursued under the maintainer-approved body/family cutoff; preserve the source record, UID, title, namespace, and audio. Ordinary no-recording flow handles unavailable recordings."
6512bd1fe710,dallas-tx,76869ed1994f,The FEED,1,1,1,0,0,0,not-to-pursue-maintainer-directed,not-to-pursue,"No feed assignment pursued under the maintainer-approved body/family cutoff; preserve the source record, UID, title, namespace, and audio. Ordinary no-recording flow handles unavailable recordings.",,no selector match,"No feed assignment pursued under the maintainer-approved body/family cutoff; preserve the source record, UID, title, namespace, and audio. Ordinary no-recording flow handles unavailable recordings."
51a45fee0875,dallas-tx,76869ed1994f,Urban Land Institute,1,1,1,0,0,0,not-to-pursue-maintainer-directed,not-to-pursue,"No feed assignment pursued under the maintainer-approved body/family cutoff; preserve the source record, UID, title, namespace, and audio. Ordinary no-recording flow handles unavailable recordings.",,no selector match,"No feed assignment pursued under the maintainer-approved body/family cutoff; preserve the source record, UID, title, namespace, and audio. Ordinary no-recording flow handles unavailable recordings."
d6bd75f001dd,denton-tx,3b7588310856,Development Code Review Committee on 2018-06-08 11:00 AM - Cancelled,1,1,0,1,0,0,approved-new-body-rule-local,denton-tx-development-code-review-committee,Matches the existing exact-name committee rule; cancellation/no usable audio is handled by the normal no-recording flow.,,no selector match,Matches the existing exact-name committee rule; cancellation/no usable audio is handled by the normal no-recording flow.
ab5492fde506,denton-tx,3b7588310856,Library Board on 2018-08-13 5:30 PM (No quorum; meeting not held),1,1,0,1,0,0,approved-body-rule-local,denton-tx-library-board,Matches the existing Library Board rule; no-quorum/no usable audio is handled by the normal no-recording flow.,,no selector match,Matches the existing Library Board rule; no-quorum/no usable audio is handled by the normal no-recording flow.
2319371f3438,fort-worth-tx,6540eef2dc2e,"Fort Worth Chamber of Commerce 133rd Annual Meeting, June 5, 2015 Fort Worth Chamber of Commerce 133rd Annual Meeting, June 5, 2015",1,1,1,0,0,0,not-to-pursue-maintainer-directed,not-to-pursue,"No feed assignment pursued under the maintainer-approved body/family cutoff; preserve the source record, UID, title, namespace, and audio. Ordinary no-recording flow handles unavailable recordings.",,no selector match,"No feed assignment pursued under the maintainer-approved body/family cutoff; preserve the source record, UID, title, namespace, and audio. Ordinary no-recording flow handles unavailable recordings."
eebf9b09a7de,fort-worth-tx,6540eef2dc2e,"Fort Worth Metropolitan Black Chamber of Commerce 35th Annual luncheon: June 19, 2015 Fort Worth Metropolitan Black Chamber of Commerce 35th Annual luncheon: June 19, 2015",1,1,1,0,0,0,not-to-pursue-maintainer-directed,not-to-pursue,"No feed assignment pursued under the maintainer-approved body/family cutoff; preserve the source record, UID, title, namespace, and audio. Ordinary no-recording flow handles unavailable recordings.",,no selector match,"No feed assignment pursued under the maintainer-approved body/family cutoff; preserve the source record, UID, title, namespace, and audio. Ordinary no-recording flow handles unavailable recordings."
0630cc000573,fort-worth-tx,6540eef2dc2e,fortworthfinal fortworthfinal,1,1,1,0,0,0,not-to-pursue-maintainer-directed,not-to-pursue,"No feed assignment pursued under the maintainer-approved body/family cutoff; preserve the source record, UID, title, namespace, and audio. Ordinary no-recording flow handles unavailable recordings.",,no selector match,"No feed assignment pursued under the maintainer-approved body/family cutoff; preserve the source record, UID, title, namespace, and audio. Ordinary no-recording flow handles unavailable recordings."
8004a8c03382,fort-worth-tx,6540eef2dc2e,fortworthgovMerg fortworthgovMerg,1,1,1,0,0,0,not-to-pursue-maintainer-directed,not-to-pursue,"No feed assignment pursued under the maintainer-approved body/family cutoff; preserve the source record, UID, title, namespace, and audio. Ordinary no-recording flow handles unavailable recordings.",,no selector match,"No feed assignment pursued under the maintainer-approved body/family cutoff; preserve the source record, UID, title, namespace, and audio. Ordinary no-recording flow handles unavailable recordings."
