source_key,uid,provider_guid,title,body,feed
3b7588310856,00876eb43fc42ba7,13686,"Development Code Review Committee on 2018-08-10 11:00 AM – Aug 10, 2018",Development Code Review Committee on 2018-08-10 11:00 AM,denton-tx-development-code-review-committee
3b7588310856,00b1ce5e80872eba,250980,"Special Citizens Bond Advisory Committee on 2023-06-26 6:00 PM (AMENDED ON 06-26-23) – Jun 26, 2023",Special Citizens Bond Advisory Committee on 2023-06-26 6:00 PM (AMENDED ON 06-26-23),denton-tx-special-citizens-bond-advisory-committee
3b7588310856,04520631773e09d6,306062,"Avondale Park Streambank Restoration – Apr 25, 2024",Avondale Park Streambank Restoration,denton-tx-public-info-meetings
3b7588310856,0463155ebea3cee5,30139,"Special Citizens Bond Advisory Committee on 2019-07-11 6:00 PM – Jul 11, 2019",Special Citizens Bond Advisory Committee on 2019-07-11 6:00 PM,denton-tx-special-citizens-bond-advisory-committee
3b7588310856,05963c06c84c2be4,73793,"Hotel Occupancy Tax and Sponsorship Committee on 2020-07-20 9:00 AM – Jul 20, 2020",Hotel Occupancy Tax and Sponsorship Committee on 2020-07-20 9:00 AM,denton-tx-community-partnership-committee
3b7588310856,07e092ee23a91586,13675,"Development Code Review Committee on 2018-04-06 11:00 AM – Apr 06, 2018",Development Code Review Committee on 2018-04-06 11:00 AM,denton-tx-development-code-review-committee
3b7588310856,07e7ce57773363c0,128762,"Virtual Community Meeting - Northwest Booster Pump Station – Jul 01, 2021",Virtual Community Meeting - Northwest Booster Pump Station,denton-tx-public-info-meetings
3b7588310856,08e57b433f77825e,119851,"Community Partnership Committee on 2021-04-22 9:00 AM – Apr 22, 2021",Community Partnership Committee on 2021-04-22 9:00 AM,denton-tx-community-partnership-committee
3b7588310856,094c09d8af0f3d33,359531,"Developer Town Hall – Oct 22, 2025",Developer Town Hall,denton-tx-public-info-meetings
3b7588310856,0a68f2a85acdae25,87559,"Virtual Community Meeting - Warschun Road Traffic Safety Improvements – Oct 21, 2020",Virtual Community Meeting - Warschun Road Traffic Safety Improvements,denton-tx-public-info-meetings
3b7588310856,0d89866b27e477ef,13647,"Committee on the Environment on 2015-10-05 1:30 PM – Oct 05, 2015",Committee on the Environment on 2015-10-05 1:30 PM,denton-tx-committee-on-the-environment
3b7588310856,10377ede73c6db25,13646,"Committee on the Environment on 2015-08-03 1:30 PM – Aug 03, 2015",Committee on the Environment on 2015-08-03 1:30 PM,denton-tx-committee-on-the-environment
3b7588310856,126e3519a0ec5012,19845,"Development Code Review Committee on 2018-09-28 9:00 AM – Sep 28, 2018",Development Code Review Committee on 2018-09-28 9:00 AM,denton-tx-development-code-review-committee
3b7588310856,129973cb9dbd24c2,89937,"Virtual Community Meeting - McKinney Street Water Main Breaks – Oct 28, 2020",Virtual Community Meeting - McKinney Street Water Main Breaks,denton-tx-public-info-meetings
3b7588310856,13f1b1a456c8d39e,70802,"Public Art Committee on 2020-06-22 3:00 PM (SPECIAL CALLED MEETING) – Jun 22, 2020",Public Art Committee on 2020-06-22 3:00 PM (SPECIAL CALLED MEETING),denton-tx-public-art-committee
3b7588310856,14ae3bacd0c4637d,13677,"Development Code Review Committee on 2018-04-26 10:00 AM – Apr 26, 2018",Development Code Review Committee on 2018-04-26 10:00 AM,denton-tx-development-code-review-committee
3b7588310856,16b6897fcbba04d1,111598,"Airport Advisory Board on 2021-01-14 11:00 AM (SPECIAL CALLED MEETING) – Jan 14, 2021",Airport Advisory Board on 2021-01-14 11:00 AM (SPECIAL CALLED MEETING),denton-tx-airport-advisory-board
3b7588310856,17e994463cfd415e,264210,"Special Citizens Bond Advisory Committee on 2023-07-11 6:00 PM (AMENDED ON 07-11-23) – Jul 11, 2023",Special Citizens Bond Advisory Committee on 2023-07-11 6:00 PM (AMENDED ON 07-11-23),denton-tx-special-citizens-bond-advisory-committee
3b7588310856,17fee5ae81013479,157507,"Denton Virtual Community Meeting - Windsor Sewer Capacity Upgrade – Mar 17, 2022",Denton Virtual Community Meeting - Windsor Sewer Capacity Upgrade,denton-tx-public-info-meetings
3b7588310856,18ab1ea891c0fc07,120427,"Virtual Community Meeting - Oak Hickory Driveway Ownership – Apr 21, 2021",Virtual Community Meeting - Oak Hickory Driveway Ownership,denton-tx-public-info-meetings
3b7588310856,18d20d2e52659aed,13654,"Committee on the Environment on 2016-10-03 1:30 PM – Oct 03, 2016",Committee on the Environment on 2016-10-03 1:30 PM,denton-tx-committee-on-the-environment
3b7588310856,1969a8d14931bdd7,13666,"Committee on the Environment on 2018-05-21 1:00 PM – May 21, 2018",Committee on the Environment on 2018-05-21 1:00 PM,denton-tx-committee-on-the-environment
3b7588310856,19bfe288ad05fec6,118771,"Virtual Community Meeting - Bowling Green Park – Apr 08, 2021",Virtual Community Meeting - Bowling Green Park,denton-tx-public-info-meetings
3b7588310856,1a05ef2ce9a090ac,120485,"Bond Oversight Committee on 2021-05-06 12:00 PM – May 06, 2021",Bond Oversight Committee on 2021-05-06 12:00 PM,denton-tx-bond-oversight-committee
3b7588310856,1b8745d0158e271c,13664,"Committee on the Environment on 2018-02-05 1:30 PM – Feb 05, 2018",Committee on the Environment on 2018-02-05 1:30 PM,denton-tx-committee-on-the-environment
3b7588310856,1d17dc1b38b0c865,13648,"Committee on the Environment on 2015-11-02 1:30 PM – Nov 02, 2015",Committee on the Environment on 2015-11-02 1:30 PM,denton-tx-committee-on-the-environment
3b7588310856,1d3f4f717144e77d,309109,"Developer Town Hall – Jun 27, 2024",Developer Town Hall,denton-tx-public-info-meetings
3b7588310856,1d43bcd66896fe6d,123431,"Virtual Community Meeting - Downtown Denton Community Update – Jun 17, 2021",Virtual Community Meeting - Downtown Denton Community Update,denton-tx-public-info-meetings
3b7588310856,1e0a181ef3f4ad90,232967,"Special Citizens Bond Advisory Committee on 2023-06-01 6:00 PM (AMENDED on 5-30-2023) – Jun 01, 2023",Special Citizens Bond Advisory Committee on 2023-06-01 6:00 PM (AMENDED on 5-30-2023),denton-tx-special-citizens-bond-advisory-committee
3b7588310856,1f53ffbe5d18db00,29500,"Special Citizens Bond Advisory Committee on 2019-06-20 6:00 PM – Jun 20, 2019",Special Citizens Bond Advisory Committee on 2019-06-20 6:00 PM,denton-tx-special-citizens-bond-advisory-committee
3b7588310856,1f60307c8b095400,14325,"Public Art Committee on 2018-09-06 4:00 PM – Sep 06, 2018",Public Art Committee on 2018-09-06 4:00 PM,denton-tx-public-art-committee
3b7588310856,205ef12cce3cdab4,108165,"Virtual Community Meeting - Hardaway Road – Dec 09, 2020",Virtual Community Meeting - Hardaway Road,denton-tx-public-info-meetings
3b7588310856,2212d28fcce4c712,13678,"Development Code Review Committee on 2018-05-11 11:00 AM – May 11, 2018",Development Code Review Committee on 2018-05-11 11:00 AM,denton-tx-development-code-review-committee
3b7588310856,22cc7f582be72d19,208162,"Virtual Community Meeting - Roberts Addition – Nov 29, 2022",Virtual Community Meeting - Roberts Addition,denton-tx-public-info-meetings
3b7588310856,230639ade276aad7,116747,"Virtual Community Meeting - Early Start Street Reconstruction – Mar 18, 2021",Virtual Community Meeting - Early Start Street Reconstruction,denton-tx-public-info-meetings
3b7588310856,23c96c535a9124d6,239124,"Special Citizens Bond Advisory Committee on 2023-06-15 6:00 PM (AMENDED on 06-13-2023) – Jun 15, 2023",Special Citizens Bond Advisory Committee on 2023-06-15 6:00 PM (AMENDED on 06-13-2023),denton-tx-special-citizens-bond-advisory-committee
3b7588310856,2612c764ec363bed,13660,"Committee on the Environment on 2017-08-14 12:00 PM – Aug 14, 2017",Committee on the Environment on 2017-08-14 12:00 PM,denton-tx-committee-on-the-environment
3b7588310856,27c2781e0c777a54,157514,"Virtual Community Meeting - North Tx Blvd Widening – Mar 24, 2022",Virtual Community Meeting - North Tx Blvd Widening,denton-tx-public-info-meetings
3b7588310856,27def41c6a1e5b2e,87301,"Development Code Review Committee on 2020-10-19 11:00 AM – Oct 19, 2020",Development Code Review Committee on 2020-10-19 11:00 AM,denton-tx-development-code-review-committee
3b7588310856,2a6e159dfb6c69da,13560,"Charter Review Committee on 2017-03-01 6:00 PM – Mar 01, 2017",Charter Review Committee on 2017-03-01 6:00 PM,denton-tx-charter-review-committee
3b7588310856,2aa6df35add0426d,141757,"Virtual Community Meeting - Windsor Sewer Capacity Upgrade – Oct 07, 2021",Virtual Community Meeting - Windsor Sewer Capacity Upgrade,denton-tx-public-info-meetings
3b7588310856,2ab45a7d0c7cbc40,123553,"Virtual Community Meeting - Hardaway Road Water Connection – Jun 24, 2021",Virtual Community Meeting - Hardaway Road Water Connection,denton-tx-public-info-meetings
3b7588310856,2af5b97f3002cc0a,13662,"Committee on the Environment on 2017-11-06 9:00 AM – Nov 06, 2017",Committee on the Environment on 2017-11-06 9:00 AM,denton-tx-committee-on-the-environment
3b7588310856,2c76de02262342b3,120062,"Virtual Community Meeting - All Way Crosswalk 6pm – Apr 22, 2021",Virtual Community Meeting - All Way Crosswalk 6pm,denton-tx-public-info-meetings
3b7588310856,2cf6b634ff45845e,14324,"Public Art Committee on 2018-06-07 4:00 PM – Jun 07, 2018",Public Art Committee on 2018-06-07 4:00 PM,denton-tx-public-art-committee
3b7588310856,2e3a1e151b77631c,71282,"Committee on the Environment on 2020-06-25 10:00 AM – Jun 25, 2020",Committee on the Environment on 2020-06-25 10:00 AM,denton-tx-committee-on-the-environment
3b7588310856,2f30bc1402e9c833,346751,"Capital Improvement Advisory Committee on 2025-06-25 4:00 PM – Jun 25, 2025",Capital Improvement Advisory Committee on 2025-06-25 4:00 PM,denton-tx-planning-and-zoning-commission
3b7588310856,305d48d16a54b4b5,13651,"Committee on the Environment on 2016-06-06 1:30 PM – Jun 06, 2016",Committee on the Environment on 2016-06-06 1:30 PM,denton-tx-committee-on-the-environment
3b7588310856,32713434a5ef58d0,179856,"Virtual Community Meeting - Briercliff Park Master Plan – Sep 01, 2022",Virtual Community Meeting - Briercliff Park Master Plan,denton-tx-public-info-meetings
3b7588310856,33379ebcf1697f92,154849,"Denton Virtual Community Meeting - 2020 Street Bundle Sector I Construction Kickoff – Feb 10, 2022",Denton Virtual Community Meeting - 2020 Street Bundle Sector I Construction Kickoff,denton-tx-public-info-meetings
3b7588310856,33a1a585a7ed756b,118625,"Development Code Review Committee on 2021-04-14 12:30 PM – Apr 14, 2021",Development Code Review Committee on 2021-04-14 12:30 PM,denton-tx-development-code-review-committee
3b7588310856,35b8cd34d462cf6a,30137,"Special Citizens Bond Advisory Committee on 2019-07-11 4:00 PM (SCBAC Task Force) – Jul 11, 2019",Special Citizens Bond Advisory Committee on 2019-07-11 4:00 PM (SCBAC Task Force),denton-tx-special-citizens-bond-advisory-committee
3b7588310856,36761d5d0ec81cf7,13656,"Committee on the Environment on 2017-01-17 10:30 AM – Jan 17, 2017",Committee on the Environment on 2017-01-17 10:30 AM,denton-tx-committee-on-the-environment
3b7588310856,3709b89e9f3918eb,148874,"Virtual Community Meeting - ParksRec – Nov 18, 2021",Virtual Community Meeting - ParksRec,denton-tx-public-info-meetings
3b7588310856,37a229816f9b2135,89768,"Bond Oversight Committee on 2020-11-05 12:00 PM (SPECIAL CALLED MEETING) – Nov 05, 2020",Bond Oversight Committee on 2020-11-05 12:00 PM (SPECIAL CALLED MEETING),denton-tx-bond-oversight-committee
3b7588310856,37d54d0a92d4c88d,13655,"Committee on the Environment on 2016-12-05 1:30 PM – Dec 05, 2016",Committee on the Environment on 2016-12-05 1:30 PM,denton-tx-committee-on-the-environment
3b7588310856,3825a6546396d59f,346360,"Westgate Drive Reconstruction Project Phase 1 – Jun 20, 2025",Westgate Drive Reconstruction Project Phase 1,denton-tx-public-info-meetings
3b7588310856,392bb36d37565d9a,314263,"Charter Review Committee on 2024-09-05 5:30 PM – Sep 05, 2024",Charter Review Committee on 2024-09-05 5:30 PM,denton-tx-charter-review-committee
3b7588310856,3a2073e08ec17bab,208163,"Virtual Community Meeting - All-Way Crossings – Jan 19, 2023",Virtual Community Meeting - All-Way Crossings,denton-tx-public-info-meetings
3b7588310856,3aa088614ad78ab3,117054,"Committee on the Environment on 2021-04-05 9:00 AM – Apr 05, 2021",Committee on the Environment on 2021-04-05 9:00 AM,denton-tx-committee-on-the-environment
3b7588310856,3f8f99e5b79446e0,13676,"Development Code Review Committee on 2018-04-18 9:00 AM – Apr 18, 2018",Development Code Review Committee on 2018-04-18 9:00 AM,denton-tx-development-code-review-committee
3b7588310856,4222fa0c229011e8,19846,"Development Code Review Committee on 2018-10-19 11:00 AM – Oct 19, 2018",Development Code Review Committee on 2018-10-19 11:00 AM,denton-tx-development-code-review-committee
3b7588310856,42d8ac7e88cb775e,13650,"Committee on the Environment on 2016-04-04 1:30 PM – Apr 04, 2016",Committee on the Environment on 2016-04-04 1:30 PM,denton-tx-committee-on-the-environment
3b7588310856,434658f73df75895,107869,"Public Art Committee on 2020-12-04 12:00 PM – Dec 04, 2020",Public Art Committee on 2020-12-04 12:00 PM,denton-tx-public-art-committee
3b7588310856,434f40691b5201da,118317,"Virtual Community Meeting - Southwest Parks Master Plan – Apr 01, 2021",Virtual Community Meeting - Southwest Parks Master Plan,denton-tx-public-info-meetings
3b7588310856,439965cabce81b8e,271707,"Developer Town Hall – Sep 14, 2023",Developer Town Hall,denton-tx-public-info-meetings
3b7588310856,43b6919de1118066,129399,"Virtual Community Meeting - LOFT CIP – Jul 20, 2021",Virtual Community Meeting - LOFT CIP,denton-tx-public-info-meetings
3b7588310856,4425e37bbbb43bf9,13745,"Library Board on 2018-08-13 5:30 PM (No quorum; meeting not held) – Aug 13, 2018",Library Board on 2018-08-13 5:30 PM (No quorum; meeting not held),denton-tx-library-board
3b7588310856,44c970fdf4397d85,177600,"Virtual Community Meeting - Old North Road - Public Meeting – Jun 09, 2022",Virtual Community Meeting - Old North Road - Public Meeting,denton-tx-public-info-meetings
3b7588310856,469045c986702d55,312215,"Charter Review Committee on 2024-08-08 5:30 PM – Aug 08, 2024",Charter Review Committee on 2024-08-08 5:30 PM,denton-tx-charter-review-committee
3b7588310856,4787bded0226336b,111615,"Library Board on 2021-01-14 2:00 PM – Jan 14, 2021",Library Board on 2021-01-14 2:00 PM,denton-tx-library-board
3b7588310856,4b57a9d28843b651,177599,"Virtual Community Meeting - Hickory Creek Road Phase 3 Project – Jul 07, 2022",Virtual Community Meeting - Hickory Creek Road Phase 3 Project,denton-tx-public-info-meetings
3b7588310856,4d6f2e943537b792,107326,"Development Code Review Committee on 2020-11-18 1:00 PM – Nov 18, 2020",Development Code Review Committee on 2020-11-18 1:00 PM,denton-tx-development-code-review-committee
3b7588310856,4f1e055db66e62c8,120832,"Airport Advisory Board on 2021-05-13 10:00 AM – May 13, 2021",Airport Advisory Board on 2021-05-13 10:00 AM,denton-tx-airport-advisory-board
3b7588310856,505dcdc2895ea7e9,13740,"Hotel Occupancy Tax Committee on 2016-05-03 10:00 AM – May 03, 2016",Hotel Occupancy Tax Committee on 2016-05-03 10:00 AM,denton-tx-community-partnership-committee
3b7588310856,512c49062de323fc,102409,"Airport Advisory Board on 2020-11-12 1:00 PM (SPECIAL CALLED MEETING) – Nov 12, 2020",Airport Advisory Board on 2020-11-12 1:00 PM (SPECIAL CALLED MEETING),denton-tx-airport-advisory-board
3b7588310856,531f566d80afb346,121998,"Virtual Community Meeting - Industrial Street Park – May 20, 2021",Virtual Community Meeting - Industrial Street Park,denton-tx-public-info-meetings
3b7588310856,543e4e5f75b83294,62977,"Public Art Committee on 2020-06-04 1:00 PM – Jun 04, 2020",Public Art Committee on 2020-06-04 1:00 PM,denton-tx-public-art-committee
3b7588310856,545a301cd1273ec4,13683,"Development Code Review Committee on 2018-07-06 11:00 AM – Jul 06, 2018",Development Code Review Committee on 2018-07-06 11:00 AM,denton-tx-development-code-review-committee
3b7588310856,545dca21f9d02687,13685,"Development Code Review Committee on 2018-07-20 11:00 AM – Jul 20, 2018",Development Code Review Committee on 2018-07-20 11:00 AM,denton-tx-development-code-review-committee
3b7588310856,55e9d80d0e135b84,13681,"Development Code Review Committee on 2018-06-22 11:00 AM – Jun 22, 2018",Development Code Review Committee on 2018-06-22 11:00 AM,denton-tx-development-code-review-committee
3b7588310856,577a4474a57b0721,157489,"Denton Virtual Community Meeting - 2020 Street Bundle Sector III Construction Kickoff – Feb 24, 2022",Denton Virtual Community Meeting - 2020 Street Bundle Sector III Construction Kickoff,denton-tx-public-info-meetings
3b7588310856,580bf22a0e395de5,29193,"Special Citizens Bond Advisory Committee on 2019-06-13 6:00 PM – Jun 13, 2019",Special Citizens Bond Advisory Committee on 2019-06-13 6:00 PM,denton-tx-special-citizens-bond-advisory-committee
3b7588310856,5d3baa735bc40d70,13743,"Hotel Occupancy Tax Committee on 2017-08-22 9:30 AM – Aug 22, 2017",Hotel Occupancy Tax Committee on 2017-08-22 9:30 AM,denton-tx-community-partnership-committee
3b7588310856,5f95985c1e3a70a1,108166,"Virtual Community Meeting - Bonnie Brae Ph 6 – Dec 10, 2020",Virtual Community Meeting - Bonnie Brae Ph 6,denton-tx-public-info-meetings
3b7588310856,6348295aa6a1ae8b,343733,"Grants Management Workshop – May 22, 2025",Grants Management Workshop,denton-tx-public-info-meetings
3b7588310856,64139a8522eaf6e9,118768,"Public Art Committee on 2021-04-16 4:00 PM (SPECIAL CALLED MEETING) – Apr 16, 2021",Public Art Committee on 2021-04-16 4:00 PM (SPECIAL CALLED MEETING),denton-tx-public-art-committee
3b7588310856,64d3c9ac4dda04b1,86888,"Virtual Community Meeting - Mobility Plan Eastern Area – Sep 17, 2020",Virtual Community Meeting - Mobility Plan Eastern Area,denton-tx-public-info-meetings
3b7588310856,65d7000ea308d22f,120553,"Virtual Community Meeting - Hardaway Road Water Connection – May 06, 2021",Virtual Community Meeting - Hardaway Road Water Connection,denton-tx-public-info-meetings
3b7588310856,66f698eab1432cf2,187169,"Virtual Community Meeting - NTX Blvd Widening – Oct 24, 2022",Virtual Community Meeting - NTX Blvd Widening,denton-tx-public-info-meetings
3b7588310856,670f00f5ae510f8f,74454,"Public Art Committee on 2020-08-07 3:00 PM – Aug 07, 2020",Public Art Committee on 2020-08-07 3:00 PM,denton-tx-public-art-committee
3b7588310856,67f5ae2ac2b72064,13742,"Hotel Occupancy Tax Committee on 2017-07-21 9:00 AM – Jul 21, 2017",Hotel Occupancy Tax Committee on 2017-07-21 9:00 AM,denton-tx-community-partnership-committee
3b7588310856,686f3d1f5b4c3df9,322748,"Morse Street – Nov 21, 2024",Morse Street,denton-tx-public-info-meetings
3b7588310856,6a326d7947d72134,95385,"Development Code Review Committee on 2020-11-11 1:00 PM – Nov 11, 2020",Development Code Review Committee on 2020-11-11 1:00 PM,denton-tx-development-code-review-committee
3b7588310856,6ab6d03153c0fe07,128770,"Virtual Community Meeting - Hickory Creek – Jul 08, 2021",Virtual Community Meeting - Hickory Creek,denton-tx-public-info-meetings
3b7588310856,6f73a56ac793459e,118293,"Airport Advisory Board on 2021-04-08 1:30 PM – Apr 08, 2021",Airport Advisory Board on 2021-04-08 1:30 PM,denton-tx-airport-advisory-board
3b7588310856,6fb3bfe74c5bb588,13687,"Development Code Review Committee on 2018-08-24 11:00 AM – Aug 24, 2018",Development Code Review Committee on 2018-08-24 11:00 AM,denton-tx-development-code-review-committee
3b7588310856,71498587cc909da2,116631,"Virtual Community Meeting - Parks Master Plan – Mar 18, 2021",Virtual Community Meeting - Parks Master Plan,denton-tx-public-info-meetings
3b7588310856,716c3e458cb5337e,113092,"City of Denton Update – Feb 18, 2021",City of Denton Update,denton-tx-public-info-meetings
3b7588310856,7354b97e2957d4aa,14322,"Public Art Committee on 2018-04-05 4:00 PM – Apr 05, 2018",Public Art Committee on 2018-04-05 4:00 PM,denton-tx-public-art-committee
3b7588310856,745cb538eba3c5ec,86900,"Virtual Community Meeting - Hickory Creek Detention Facility – Sep 16, 2020",Virtual Community Meeting - Hickory Creek Detention Facility,denton-tx-public-info-meetings
3b7588310856,76ce379c87d37a9c,340573,"2019 Reconstruction Bond Program Neighborhood 1B – Apr 03, 2025",2019 Reconstruction Bond Program Neighborhood 1B,denton-tx-public-info-meetings
3b7588310856,782d32120df5aa92,120428,"Virtual Community Meeting - Denton Street Rehab May 2021 – Apr 29, 2021",Virtual Community Meeting - Denton Street Rehab May 2021,denton-tx-public-info-meetings
3b7588310856,782ef3548d630822,179855,"Virtual Community Meeting - Pecan Creek Linear Trail Master Plan – Aug 30, 2022",Virtual Community Meeting - Pecan Creek Linear Trail Master Plan,denton-tx-public-info-meetings
3b7588310856,78dd4590405b267d,112540,"Bond Oversight Committee on 2021-02-04 12:00 PM (AMENDED) – Feb 04, 2021",Bond Oversight Committee on 2021-02-04 12:00 PM (AMENDED),denton-tx-bond-oversight-committee
3b7588310856,78fb6ad2e016ff3f,75390,"Public Art Committee on 2020-09-04 3:00 PM – Sep 04, 2020",Public Art Committee on 2020-09-04 3:00 PM,denton-tx-public-art-committee
3b7588310856,79416588b39a5b53,14321,"Public Art Committee on 2018-03-01 4:30 PM – Mar 01, 2018",Public Art Committee on 2018-03-01 4:30 PM,denton-tx-public-art-committee
3b7588310856,7ba34591eacba4ce,121888,"Public Art Committee on 2021-05-21 4:00 PM (SPECIAL CALLED MEETING) – May 21, 2021",Public Art Committee on 2021-05-21 4:00 PM (SPECIAL CALLED MEETING),denton-tx-public-art-committee
3b7588310856,7bd9ad954191a3d8,86914,"Virtual Community Meeting - Mobility Plan Western Area – Sep 14, 2020",Virtual Community Meeting - Mobility Plan Western Area,denton-tx-public-info-meetings
3b7588310856,7d0bddd56ab35efe,122247,"Virtual Community Meeting - Naming Requests – May 26, 2021",Virtual Community Meeting - Naming Requests,denton-tx-public-info-meetings
3b7588310856,8015f6d76b786690,150795,"Denton Virtual Community Meeting -  Water Metering and Billing Overview – Dec 16, 2021",Denton Virtual Community Meeting -  Water Metering and Billing Overview,denton-tx-public-info-meetings
3b7588310856,80221221d259727d,107557,"Denton Virtual Community Meeting - Southwest Park Master Plan Community Meeting – Nov 19, 2020",Denton Virtual Community Meeting - Southwest Park Master Plan Community Meeting,denton-tx-public-info-meetings
3b7588310856,81a68737de468705,112299,"Committee on the Environment on 2021-02-01 9:00 AM – Feb 01, 2021",Committee on the Environment on 2021-02-01 9:00 AM,denton-tx-committee-on-the-environment
3b7588310856,8ac3bc80af16399c,141780,"Virtual Community Meeting - Downtown Denton Community Update – Oct 14, 2021",Virtual Community Meeting - Downtown Denton Community Update,denton-tx-public-info-meetings
3b7588310856,8ba048a8a558eb40,337637,"Developer Town Hall – Mar 05, 2025",Developer Town Hall,denton-tx-public-info-meetings
3b7588310856,8cd972e68f72c7a6,136061,"Virtual Community Meeting - Recycle Right – Aug 12, 2021",Virtual Community Meeting - Recycle Right,denton-tx-public-info-meetings
3b7588310856,8d384e413d2bed7a,66898,"Airport Advisory Board on 2020-06-17 1:00 PM (SPECIAL CALLED MEETING) – Jun 17, 2020",Airport Advisory Board on 2020-06-17 1:00 PM (SPECIAL CALLED MEETING),denton-tx-airport-advisory-board
3b7588310856,8ec045e2769392c9,86903,"Library Board on 2020-10-07 1:00 PM – Oct 07, 2020",Library Board on 2020-10-07 1:00 PM,denton-tx-library-board
3b7588310856,8efb197f325442b0,13649,"Committee on the Environment on 2016-01-20 9:00 AM – Jan 20, 2016",Committee on the Environment on 2016-01-20 9:00 AM,denton-tx-committee-on-the-environment
3b7588310856,94d1971cfe5924d5,86778,"Committee on the Environment on 2020-10-05 9:00 AM – Oct 05, 2020",Committee on the Environment on 2020-10-05 9:00 AM,denton-tx-committee-on-the-environment
3b7588310856,954bb69d4ed9b125,13741,"Hotel Occupancy Tax Committee on 2017-04-20 10:00 AM – Apr 20, 2017",Hotel Occupancy Tax Committee on 2017-04-20 10:00 AM,denton-tx-community-partnership-committee
3b7588310856,9679ef24137976be,118652,"Virtual Community Meeting - Intersection Improvement Project – Apr 08, 2021",Virtual Community Meeting - Intersection Improvement Project,denton-tx-public-info-meetings
3b7588310856,96864eabc8e0dbc3,13663,"Committee on the Environment on 2018-01-08 12:00 PM – Jan 08, 2018",Committee on the Environment on 2018-01-08 12:00 PM,denton-tx-committee-on-the-environment
3b7588310856,96ab1790e344e63e,327311,"Special Event Permitting – Jan 30, 2025",Special Event Permitting,denton-tx-public-info-meetings
3b7588310856,971542503491b909,114028,"Public Art Committee on 2021-03-04 12:00 PM – Mar 04, 2021",Public Art Committee on 2021-03-04 12:00 PM,denton-tx-public-art-committee
3b7588310856,9744e58061455c67,107883,"Denton Virtual Community Meeting - Bonnie Brae Phase 3 – Dec 03, 2020",Denton Virtual Community Meeting - Bonnie Brae Phase 3,denton-tx-public-info-meetings
3b7588310856,9778cb826181c82a,120245,"Committee on the Environment on 2021-05-03 9:00 AM – May 03, 2021",Committee on the Environment on 2021-05-03 9:00 AM,denton-tx-committee-on-the-environment
3b7588310856,9837d67bd9c7dccb,87637,"Virtual Community Meeting - Denton Police Department Community Conversation – Oct 23, 2020",Virtual Community Meeting - Denton Police Department Community Conversation,denton-tx-public-info-meetings
3b7588310856,98658506d84eb0ba,86887,"Virtual Community Meeting - Mobility Plan Southern Area – Sep 24, 2020",Virtual Community Meeting - Mobility Plan Southern Area,denton-tx-public-info-meetings
3b7588310856,98f86121ddc37207,307192,"2019 Street Reconstruction Bond Program Neighborhood 2 & 6 – May 30, 2024",2019 Street Reconstruction Bond Program Neighborhood 2 & 6,denton-tx-public-info-meetings
3b7588310856,99c7d56b9cb0c145,13744,"Hotel Occupancy Tax Committee on 2018-06-21 9:00 AM – Jun 21, 2018",Hotel Occupancy Tax Committee on 2018-06-21 9:00 AM,denton-tx-community-partnership-committee
3b7588310856,9a48162693d2fada,13682,"Development Code Review Committee on 2018-06-29 11:00 AM – Jun 29, 2018",Development Code Review Committee on 2018-06-29 11:00 AM,denton-tx-development-code-review-committee
3b7588310856,9f53c0702517b9c5,309918,"Denton Westgate Drive Improvement Project – Jun 12, 2024",Denton Westgate Drive Improvement Project,denton-tx-public-info-meetings
3b7588310856,a0545c832a1b1a20,130123,"Virtual Community Meeting - Naming Requests – May 26, 2021",Virtual Community Meeting - Naming Requests,denton-tx-public-info-meetings
3b7588310856,a081013835a4fcff,209439,"Virtual Community Meeting - Neighborhood 7A – Feb 23, 2023",Virtual Community Meeting - Neighborhood 7A,denton-tx-public-info-meetings
3b7588310856,a1c8acff0e883c11,230847,"Special Citizens Bond Advisory Committee on 2023-05-23 6:00 PM – May 23, 2023",Special Citizens Bond Advisory Committee on 2023-05-23 6:00 PM,denton-tx-special-citizens-bond-advisory-committee
3b7588310856,a2d5bcfd4df865f7,86886,"Virtual Community Meeting - 2020 Mobility Plan Update – Oct 06, 2020",Virtual Community Meeting - 2020 Mobility Plan Update,denton-tx-public-info-meetings
3b7588310856,a44849d060f5bca4,112849,"Library Board on 2021-02-11 2:00 PM – Feb 11, 2021",Library Board on 2021-02-11 2:00 PM,denton-tx-library-board
3b7588310856,a80b682577f1e0b2,63180,"Hotel Occupancy Tax and Sponsorship Committee on 2020-06-11 10:00 AM – Jun 11, 2020",Hotel Occupancy Tax and Sponsorship Committee on 2020-06-11 10:00 AM,denton-tx-community-partnership-committee
3b7588310856,aadf0929adccb164,89611,"Committee on the Environment on 2020-11-02 9:00 AM – Nov 02, 2020",Committee on the Environment on 2020-11-02 9:00 AM,denton-tx-committee-on-the-environment
3b7588310856,ae1e9678eff8bc6b,114243,"Virtual Community Meeting - 2019 Street Rehabilitation Program Phase 3 – Mar 04, 2021",Virtual Community Meeting - 2019 Street Rehabilitation Program Phase 3,denton-tx-public-info-meetings
3b7588310856,affeb7b6b209c192,19847,"Development Code Review Committee on 2018-10-26 11:00 AM – Oct 26, 2018",Development Code Review Committee on 2018-10-26 11:00 AM,denton-tx-development-code-review-committee
3b7588310856,b2d7a848a1579033,114314,"Airport Advisory Board on 2021-03-11 1:00 PM – Mar 11, 2021",Airport Advisory Board on 2021-03-11 1:00 PM,denton-tx-airport-advisory-board
3b7588310856,b3f45b537a8e75a2,14323,"Public Art Committee on 2018-05-03 4:00 PM – May 03, 2018",Public Art Committee on 2018-05-03 4:00 PM,denton-tx-public-art-committee
3b7588310856,b6a7c6fde54b391e,30324,"Special Citizens Bond Advisory Committee on 07-25-2019 6:00 PM – Jul 25, 2019",Special Citizens Bond Advisory Committee on 07-25-2019 6:00 PM,denton-tx-special-citizens-bond-advisory-committee
3b7588310856,b7a97d8edcc764ef,116466,"Community Partnership Committee on 2021-03-18 9:00 AM – Mar 18, 2021",Community Partnership Committee on 2021-03-18 9:00 AM,denton-tx-community-partnership-committee
3b7588310856,b94d7c22a16bdb40,61868,"Hotel Occupancy Tax and Sponsorship Committee on 2020-05-14 1:00 PM – May 14, 2020",Hotel Occupancy Tax and Sponsorship Committee on 2020-05-14 1:00 PM,denton-tx-community-partnership-committee
3b7588310856,bb02faa21b30fe48,118772,"Virtual Community Meeting - 2020 Street Reconstruction Bundle – Apr 15, 2021",Virtual Community Meeting - 2020 Street Reconstruction Bundle,denton-tx-public-info-meetings
3b7588310856,bc589ba502a79bac,306313,"Virtual Community Meeting - Roadway Micro-surfacing – May 24, 2024",Virtual Community Meeting - Roadway Micro-surfacing,denton-tx-public-info-meetings
3b7588310856,be21a80ffb838721,19843,"Committee on the Environment on 2018-09-17 9:00 AM – Sep 17, 2018",Committee on the Environment on 2018-09-17 9:00 AM,denton-tx-committee-on-the-environment
3b7588310856,bf8a19e05a89e852,114323,"Virtual Community Meeting - Community Needs Workshop – Mar 10, 2021",Virtual Community Meeting - Community Needs Workshop,denton-tx-public-info-meetings
3b7588310856,c075794ec1b9bb57,13657,"Committee on the Environment on 2017-02-06 1:30 PM – Feb 06, 2017",Committee on the Environment on 2017-02-06 1:30 PM,denton-tx-committee-on-the-environment
3b7588310856,c1205af69dad69e9,87514,"Public Art Committee on 2020-10-22 12:00 PM – Oct 22, 2020",Public Art Committee on 2020-10-22 12:00 PM,denton-tx-public-art-committee
3b7588310856,c20e533196fbd578,120135,"Development Code Review Committee on 2021-04-28 12:00 PM – Apr 28, 2021",Development Code Review Committee on 2021-04-28 12:00 PM,denton-tx-development-code-review-committee
3b7588310856,c2795b32b9e9c47c,121995,"Virtual Community Meeting – Westgate Improvements – May 20, 2021",Virtual Community Meeting – Westgate Improvements,denton-tx-public-info-meetings
3b7588310856,c2f4e5ffcdc46ac9,13653,"Committee on the Environment on 2016-09-12 1:30 PM – Sep 12, 2016",Committee on the Environment on 2016-09-12 1:30 PM,denton-tx-committee-on-the-environment
3b7588310856,c445d05b03d6ee38,123087,"Virtual Community Meeting - Jim Christal Road Rezoning – Jun 06, 2021",Virtual Community Meeting - Jim Christal Road Rezoning,denton-tx-public-info-meetings
3b7588310856,c5a34304f592b8ac,13659,"Committee on the Environment on 2017-04-03 1:30 PM – Apr 03, 2017",Committee on the Environment on 2017-04-03 1:30 PM,denton-tx-committee-on-the-environment
3b7588310856,c73facc6510ee9c8,311091,"Charter Review Committee on 2024-07-25 5:30 PM – Jul 25, 2024",Charter Review Committee on 2024-07-25 5:30 PM,denton-tx-charter-review-committee
3b7588310856,c76119c8fd7f630d,122415,"Virtual Community Meeting - DPD Community Conversation – May 27, 2021",Virtual Community Meeting - DPD Community Conversation,denton-tx-public-info-meetings
3b7588310856,c86831585750249f,344685,"Denton Safe Route to School – May 01, 2025",Denton Safe Route to School,denton-tx-public-info-meetings
3b7588310856,c870306ce173eaf9,73977,"Bond Oversight Committee on 2020-07-23 11:30 AM – Jul 23, 2020",Bond Oversight Committee on 2020-07-23 11:30 AM,denton-tx-bond-oversight-committee
3b7588310856,c8cd4b00dba2e805,112842,"Airport Advisory Board on 2021-02-11 11:00 AM (SPECIAL CALLED MEETING) – Feb 11, 2021",Airport Advisory Board on 2021-02-11 11:00 AM (SPECIAL CALLED MEETING),denton-tx-airport-advisory-board
3b7588310856,c8e9d35c26ae44ac,114376,"Virtual Community Meeting - Country Lakes North Planned Development Amendment – Mar 11, 2021",Virtual Community Meeting - Country Lakes North Planned Development Amendment,denton-tx-public-info-meetings
3b7588310856,cb7ed9b94b6dc08a,120060,"Virtual Community Meeting - All Way Crosswalk 11am – Apr 22, 2021",Virtual Community Meeting - All Way Crosswalk 11am,denton-tx-public-info-meetings
3b7588310856,cbc7f329d2132424,108094,"Airport Advisory Board on 2020-12-10 1:00 PM (SPECIAL CALLED MEETING) – Dec 10, 2020",Airport Advisory Board on 2020-12-10 1:00 PM (SPECIAL CALLED MEETING),denton-tx-airport-advisory-board
3b7588310856,cd16d403daacf75e,19850,"Hotel Occupancy Tax Committee on 2018-09-27 10:00 AM – Sep 27, 2018",Hotel Occupancy Tax Committee on 2018-09-27 10:00 AM,denton-tx-community-partnership-committee
3b7588310856,cd67862df9efdb67,129400,"Virtual Community Meeting - Naming Requests – Jul 21, 2021",Virtual Community Meeting - Naming Requests,denton-tx-public-info-meetings
3b7588310856,ce285791f67df6b7,29844,"Special Citizens Bond Advisory Committee on 2019-06-27 6:00 PM – Jun 27, 2019",Special Citizens Bond Advisory Committee on 2019-06-27 6:00 PM,denton-tx-special-citizens-bond-advisory-committee
3b7588310856,ce74d091aaa118dc,186633,"Developer Town Hall – Oct 13, 2022",Developer Town Hall,denton-tx-public-info-meetings
3b7588310856,cea0850e04795560,29839,"Special Citizens Bond Advisory Committee on 2019-06-27 3:00 PM (SCBAC Task Force) – Jun 27, 2019",Special Citizens Bond Advisory Committee on 2019-06-27 3:00 PM (SCBAC Task Force),denton-tx-special-citizens-bond-advisory-committee
3b7588310856,ced39b3021ff5cc5,187916,"Virtual Community Meeting - Roadway Micro-surfacing – Nov 03, 2022",Virtual Community Meeting - Roadway Micro-surfacing,denton-tx-public-info-meetings
3b7588310856,cf0274d84f0a232f,112211,"Public Art Committee on 2021-01-28 12:00 PM – Jan 28, 2021",Public Art Committee on 2021-01-28 12:00 PM,denton-tx-public-art-committee
3b7588310856,cfdcc47a7b9e46b3,13661,"Committee on the Environment on 2017-09-11 12:00 PM – Sep 11, 2017",Committee on the Environment on 2017-09-11 12:00 PM,denton-tx-committee-on-the-environment
3b7588310856,d09ee67c899c859c,120406,"Development Code Review Committee on 2021-05-05 11:00 AM – May 05, 2021",Development Code Review Committee on 2021-05-05 11:00 AM,denton-tx-development-code-review-committee
3b7588310856,d4ec523dd9965c27,136794,"Virtual Community Meeting - LOFT CIP – Sep 09, 2021",Virtual Community Meeting - LOFT CIP,denton-tx-public-info-meetings
3b7588310856,d579b4f9fa54ba8d,89709,"Development Code Review Committee on 2020-11-04 1:00 PM – Nov 04, 2020",Development Code Review Committee on 2020-11-04 1:00 PM,denton-tx-development-code-review-committee
3b7588310856,d689cb90cc8a02d6,320214,"Charter Review Committee on 2024-11-14 5:30 PM – Nov 14, 2024",Charter Review Committee on 2024-11-14 5:30 PM,denton-tx-charter-review-committee
3b7588310856,d76cd2832cb251d0,13658,"Committee on the Environment on 2017-03-06 1:30 PM – Mar 06, 2017",Committee on the Environment on 2017-03-06 1:30 PM,denton-tx-committee-on-the-environment
3b7588310856,d780ea60ed6ea9e7,75412,"Committee on the Environment on 2020-09-08 1:00 PM – Sep 08, 2020",Committee on the Environment on 2020-09-08 1:00 PM,denton-tx-committee-on-the-environment
3b7588310856,d9aea5ad6f00e42d,13652,"Committee on the Environment on 2016-07-25 1:00 PM – Jul 25, 2016",Committee on the Environment on 2016-07-25 1:00 PM,denton-tx-committee-on-the-environment
3b7588310856,da892829975a1a71,13665,"Committee on the Environment on 2018-03-19 9:00 AM – Mar 19, 2018",Committee on the Environment on 2018-03-19 9:00 AM,denton-tx-committee-on-the-environment
3b7588310856,db6a807d8192f118,114329,"Library Board on 2021-03-11 3:30 PM – Mar 11, 2021",Library Board on 2021-03-11 3:30 PM,denton-tx-library-board
3b7588310856,dd2cb2a0a95d8f27,13680,"Development Code Review Committee on 2018-06-08 11:00 AM - Cancelled – Jun 08, 2018",Development Code Review Committee on 2018-06-08 11:00 AM - Cancelled,denton-tx-development-code-review-committee
3b7588310856,de82a939fe2411ab,315632,"Charter Review Committee on 2024-09-19 5:30 PM – Sep 19, 2024",Charter Review Committee on 2024-09-19 5:30 PM,denton-tx-charter-review-committee
3b7588310856,de899efbaef70c2c,112003,"Virtual Community Meeting - Bonnie Brae Ph 3 – Jan 14, 2021",Virtual Community Meeting - Bonnie Brae Ph 3,denton-tx-public-info-meetings
3b7588310856,deac623a66894309,86913,"Virtual Community Meeting - Meadows at Hickory Creek – Sep 16, 2020",Virtual Community Meeting - Meadows at Hickory Creek,denton-tx-public-info-meetings
3b7588310856,dfd6f1c2a3323201,141009,"Virtual Community Meeting - Naming Requests – Sep 29, 2021",Virtual Community Meeting - Naming Requests,denton-tx-public-info-meetings
3b7588310856,e1b2e426f66fd4f7,316718,"Robinwood Reconstruction – Sep 26, 2024",Robinwood Reconstruction,denton-tx-public-info-meetings
3b7588310856,e39c2bfd806af54d,87636,"Virtual Community Meeting - Farris Road Sewer Project – Oct 22, 2020",Virtual Community Meeting - Farris Road Sewer Project,denton-tx-public-info-meetings
3b7588310856,e46808bc52620fad,316732,"Charter Review Committee on 2024-10-03 5:30 PM – Oct 03, 2024",Charter Review Committee on 2024-10-03 5:30 PM,denton-tx-charter-review-committee
3b7588310856,e49ed9104add39c4,13679,"Development Code Review Committee on 2018-05-24 12:00 PM – May 24, 2018",Development Code Review Committee on 2018-05-24 12:00 PM,denton-tx-development-code-review-committee
3b7588310856,e4cb59ef20891e9f,118701,"Virtual Community Meeting - Villages at Carmel Property – Apr 08, 2021",Virtual Community Meeting - Villages at Carmel Property,denton-tx-public-info-meetings
3b7588310856,e65f3f8060d6009a,142412,"Developer Town Hall – Oct 21, 2021",Developer Town Hall,denton-tx-public-info-meetings
3b7588310856,e67754ab5016bc2c,111626,"Development Code Review Committee on 2021-01-14 4:00 PM (SPECIAL CALLED MEETING) – Jan 14, 2021",Development Code Review Committee on 2021-01-14 4:00 PM (SPECIAL CALLED MEETING),denton-tx-development-code-review-committee
3b7588310856,ed37a2872c3e7e5a,101881,"Denton Virtual Community Meeting - Developer Town Hall – Nov 11, 2020",Denton Virtual Community Meeting - Developer Town Hall,denton-tx-public-info-meetings
3b7588310856,f0079dfa92c4420e,87260,"Virtual Community Meeting - Trails Master Plan – Oct 01, 2020",Virtual Community Meeting - Trails Master Plan,denton-tx-public-info-meetings
3b7588310856,f2266a88d0264182,175349,"Virtual Community Meeting - Parks and Trails Naming – Jun 01, 2022",Virtual Community Meeting - Parks and Trails Naming,denton-tx-public-info-meetings
3b7588310856,f32ecc3d299524d4,271071,"Virtual Community Meeting - Aquatic Master Plan – Aug 31, 2023",Virtual Community Meeting - Aquatic Master Plan,denton-tx-public-info-meetings
3b7588310856,f6b492494f141c79,13684,"Development Code Review Committee on 2018-07-13 11:00 AM – Jul 13, 2018",Development Code Review Committee on 2018-07-13 11:00 AM,denton-tx-development-code-review-committee
3b7588310856,f727d7f192b0954a,326712,"Denton Bonnie Brae Phase 6 – Jan 16, 2025",Denton Bonnie Brae Phase 6,denton-tx-public-info-meetings
3b7588310856,f82d8e1f91695785,13667,"Committee on the Environment on 2018-08-06 9:00 AM – Aug 06, 2018",Committee on the Environment on 2018-08-06 9:00 AM,denton-tx-committee-on-the-environment
3b7588310856,f8bd15836fdd0a82,89938,"Virtual Community Meeting - North Denton Neighborhood Association – Oct 29, 2020",Virtual Community Meeting - North Denton Neighborhood Association,denton-tx-public-info-meetings
3b7588310856,f8f44719948782a8,73781,"Public Art Committee on 2020-07-17 3:00 PM (SPECIAL CALLED MEETING) – Jul 17, 2020",Public Art Committee on 2020-07-17 3:00 PM (SPECIAL CALLED MEETING),denton-tx-public-art-committee
3b7588310856,f9cd80211e194dfa,234407,"Special Citizens Bond Advisory Committee on 2023-06-27 6:00 PM – Jun 07, 2023",Special Citizens Bond Advisory Committee on 2023-06-27 6:00 PM,denton-tx-special-citizens-bond-advisory-committee
3b7588310856,fa05fa9bb4821d27,208158,"Virtual Community Meeting - Parkway On-Street Multi-Use Path – Jan 12, 2023",Virtual Community Meeting - Parkway On-Street Multi-Use Path,denton-tx-public-info-meetings
3b7588310856,fb72668fb38af712,318007,"Charter Review Committee on 2024-10-17 5:30 PM – Oct 17, 2024",Charter Review Committee on 2024-10-17 5:30 PM,denton-tx-charter-review-committee
3b7588310856,fcf342beb0e5b640,30224,"Special Citizens Bond Advisory Committee on 2019-07-18 5:30 PM – Jul 18, 2019",Special Citizens Bond Advisory Committee on 2019-07-18 5:30 PM,denton-tx-special-citizens-bond-advisory-committee
3b7588310856,fefd54c3e2cd0abc,313163,"Charter Review Committee on 2024-08-22 5:30 PM – Aug 22, 2024",Charter Review Committee on 2024-08-22 5:30 PM,denton-tx-charter-review-committee
6540eef2dc2e,0040a504309fd3c4,https://fortworthgov.granicus.com/MediaPlayer.php?view_id=10&clip_id=3615,COVID-19 Community Update (English) COVID-19 Community Update (English),COVID-19 Community Update (English) COVID-19 Community Update (English),fort-worth-tx-public-info-meetings
6540eef2dc2e,004804673d9e09c3,https://fortworthgov.granicus.com/MediaPlayer.php?view_id=10&clip_id=1809,Bond Public Input Meeting Bond Public Input Meeting,Bond Public Input Meeting Bond Public Input Meeting,fort-worth-tx-public-info-meetings
6540eef2dc2e,0051db5798b69f00,https://fortworthgov.granicus.com/MediaPlayer.php?view_id=10&clip_id=1453,T Board Meeting T Board Meeting,T Board Meeting T Board Meeting,fort-worth-tx-trinity-metro-board
6540eef2dc2e,005d30e1e1fa5ab5,https://fortworthgov.granicus.com/MediaPlayer.php?view_id=10&clip_id=1883,HOUSING AND ECONOMIC DEVELOPMENT COMMITTEE HOUSING AND ECONOMIC DEVELOPMENT COMMITTEE,HOUSING AND ECONOMIC DEVELOPMENT COMMITTEE HOUSING AND ECONOMIC DEVELOPMENT COMMITTEE,fort-worth-tx-housing-and-economic-development-committee
6540eef2dc2e,005f74fe9223aca2,https://fortworthgov.granicus.com/MediaPlayer.php?view_id=12&clip_id=754,"Tracks to Future - 12 Steps to Transportation Success in Charlotte, NC. Tracks to Future - 12 Steps to Transportation Success in Charlotte, NC.","Tracks to Future - 12 Steps to Transportation Success in Charlotte, NC. Tracks to Future - 12 Steps to Transportation Success in Charlotte, NC.",fort-worth-tx-public-info-meetings
6540eef2dc2e,006592f62a7bcfaa,https://fortworthgov.granicus.com/MediaPlayer.php?view_id=10&clip_id=4245,Park and Recreation Advisory Board Park and Recreation Advisory Board,Park and Recreation Advisory Board Park and Recreation Advisory Board,fort-worth-tx-park-and-recreation-advisory-board
6540eef2dc2e,0068d04b6a178406,https://fortworthgov.granicus.com/MediaPlayer.php?view_id=12&clip_id=4451,Mayor's Committee on Persons with Disabilities Mayor's Committee on Persons with Disabilities,Mayor's Committee on Persons with Disabilities Mayor's Committee on Persons with Disabilities,fort-worth-tx-mayor-s-committee-on-persons-with-disabilities
6540eef2dc2e,00873cbe9ca54abf,https://fortworthgov.granicus.com/MediaPlayer.php?view_id=12&clip_id=4308,Virtual Webex Design Meeting For Lake Worth Water And Sewer Improvements Part 2 Virtual Webex Design Meeting For Lake Worth Water And Sewer Improvements Part 2,Virtual Webex Design Meeting For Lake Worth Water And Sewer Improvements Part 2 Virtual Webex Design Meeting For Lake Worth Water And Sewer Improvements Part 2,fort-worth-tx-public-info-meetings
6540eef2dc2e,009a29dbf5f065b2,https://fortworthgov.granicus.com/MediaPlayer.php?view_id=12&clip_id=1721,Virtual Worshop on Water Education Virtual Worshop on Water Education,Virtual Worshop on Water Education Virtual Worshop on Water Education,fort-worth-tx-public-info-meetings
6540eef2dc2e,00b0d6b65f99fb40,https://fortworthgov.granicus.com/MediaPlayer.php?view_id=12&clip_id=1480,Redistricting Public Meeting Redistricting Public Meeting,Redistricting Public Meeting Redistricting Public Meeting,fort-worth-tx-public-info-meetings
6540eef2dc2e,017e7a00736a17ce,https://fortworthgov.granicus.com/MediaPlayer.php?view_id=10&clip_id=4313,Human Relations Commission Human Relations Commission,Human Relations Commission Human Relations Commission,fort-worth-tx-human-relations-commission
6540eef2dc2e,01c24d8e555fd036,https://fortworthgov.granicus.com/MediaPlayer.php?view_id=9&clip_id=1651,ARTS FUNDING TASK FORCE ARTS FUNDING TASK FORCE,ARTS FUNDING TASK FORCE ARTS FUNDING TASK FORCE,fort-worth-tx-arts-funding-task-force
6540eef2dc2e,01c278da19122169,https://fortworthgov.granicus.com/MediaPlayer.php?view_id=12&clip_id=753,Track to Future - Next Steps: Finance and Government Track to Future - Next Steps: Finance and Government,Track to Future - Next Steps: Finance and Government Track to Future - Next Steps: Finance and Government,fort-worth-tx-public-info-meetings
6540eef2dc2e,01dab7d05f3e6f0e,https://fortworthgov.granicus.com/MediaPlayer.php?view_id=10&clip_id=4928,Neighborhood Quality and Revitalization Committee Neighborhood Quality and Revitalization Committee,Neighborhood Quality and Revitalization Committee Neighborhood Quality and Revitalization Committee,fort-worth-tx-neighborhood-quality-and-revitalization-committee
6540eef2dc2e,0246f015cc2ea874,d12a62c0-6c83-11ef-9b71-005056a89546,"March Downtown Design Review Board - Sep 06, 2024",March Downtown Design Review Board,fort-worth-tx-downtown-design-and-review-board
6540eef2dc2e,027bf4e08b8477a6,https://fortworthgov.granicus.com/MediaPlayer.php?view_id=12&clip_id=4928,Neighborhood Quality and Revitalization Committee Neighborhood Quality and Revitalization Committee,Neighborhood Quality and Revitalization Committee Neighborhood Quality and Revitalization Committee,fort-worth-tx-neighborhood-quality-and-revitalization-committee
6540eef2dc2e,028df0a34d646687,https://fortworthgov.granicus.com/MediaPlayer.php?view_id=9&clip_id=4209,Aviation Advisory Board Aviation Advisory Board,Aviation Advisory Board Aviation Advisory Board,fort-worth-tx-aviation-advisory-board
6540eef2dc2e,02a7b61d480c5006,https://fortworthgov.granicus.com/MediaPlayer.php?view_id=12&clip_id=3720,Press Conference Press Conference,Press Conference Press Conference,fort-worth-tx-public-info-meetings
6540eef2dc2e,02b974e46f3dec29,https://fortworthgov.granicus.com/MediaPlayer.php?view_id=12&clip_id=357,Housing and Economic Development Committee Housing and Economic Development Committee,Housing and Economic Development Committee Housing and Economic Development Committee,fort-worth-tx-housing-and-economic-development-committee
6540eef2dc2e,0327f32e58f23e43,https://fortworthgov.granicus.com/MediaPlayer.php?view_id=12&clip_id=2772,"Speaker's Podium - Rev. Charles Foster Johnson, Texas Pastors for Childern - September 8, 2017 Speaker's Podium - Rev. Charles Foster Johnson, Texas Pastors for Childern - September 8, 2017","Speaker's Podium - Rev. Charles Foster Johnson, Texas Pastors for Childern - September 8, 2017 Speaker's Podium - Rev. Charles Foster Johnson, Texas Pastors for Childern",fort-worth-tx-speakers-podium
6540eef2dc2e,03637e394b10be44,https://fortworthgov.granicus.com/MediaPlayer.php?view_id=10&clip_id=5950,District 8 Budget Meeting District 8 Budget Meeting,District 8 Budget Meeting District 8 Budget Meeting,fort-worth-tx-public-info-meetings
6540eef2dc2e,036e485f8328fa55,3035240d-8f49-11f0-8df7-005056a89546,"District 5 Budget Meeting  - Sep 10, 2025",District 5 Budget Meeting,fort-worth-tx-public-info-meetings
6540eef2dc2e,043773e671666d36,https://fortworthgov.granicus.com/MediaPlayer.php?view_id=12&clip_id=2638,"Practical Tips for Successful Meetings Neighborhood Workshop - January 7, 2017 Practical Tips for Successful Meetings Neighborhood Workshop - January 7, 2017","Practical Tips for Successful Meetings Neighborhood Workshop - January 7, 2017 Practical Tips for Successful Meetings Neighborhood Workshop",fort-worth-tx-public-info-meetings
6540eef2dc2e,04674708abc62358,https://fortworthgov.granicus.com/MediaPlayer.php?view_id=12&clip_id=1713,T Board of Directors T Board of Directors,T Board of Directors T Board of Directors,fort-worth-tx-trinity-metro-board
6540eef2dc2e,049dec5adc7b23f5,https://fortworthgov.granicus.com/MediaPlayer.php?view_id=10&clip_id=3060,"Speaker's Podium - Robert Ahdieh, Texas A&M School of Law - September, 28, 2018 Speaker's Podium - Robert Ahdieh, Texas A&M School of Law - September, 28, 2018","Speaker's Podium - Robert Ahdieh, Texas A&M School of Law - September, 28, 2018 Speaker's Podium - Robert Ahdieh, Texas A&M School of Law - September, 28, 2018",fort-worth-tx-speakers-podium
6540eef2dc2e,04c76f1079995e49,https://fortworthgov.granicus.com/MediaPlayer.php?view_id=11&clip_id=3552,COVID-19 Community Update (Spanish) COVID-19 Community Update (Spanish),COVID-19 Community Update (Spanish) COVID-19 Community Update (Spanish),fort-worth-tx-public-info-meetings
6540eef2dc2e,04ec20873998b6bd,https://fortworthgov.granicus.com/MediaPlayer.php?view_id=12&clip_id=6364,District 8 FY2027 Budget Meeting District 8 FY2027 Budget Meeting,District 8 FY2027 Budget Meeting District 8 FY2027 Budget Meeting,fort-worth-tx-public-info-meetings
6540eef2dc2e,05399e4e73587847,https://fortworthgov.granicus.com/MediaPlayer.php?view_id=5&clip_id=6398,Northwest Fort Worth Town Hall Northwest Fort Worth Town Hall,Northwest Fort Worth Town Hall Northwest Fort Worth Town Hall,fort-worth-tx-public-info-meetings
6540eef2dc2e,055a484e9e43b126,https://fortworthgov.granicus.com/MediaPlayer.php?view_id=10&clip_id=5030,Entrepreneurship and Innovation Committee - CANCELED Entrepreneurship and Innovation Committee - CANCELED,Entrepreneurship and Innovation Committee - CANCELED Entrepreneurship and Innovation Committee - CANCELED,fort-worth-tx-entrepreneurship-and-innovation-committee
6540eef2dc2e,058e2fffff1e45e8,https://fortworthgov.granicus.com/MediaPlayer.php?view_id=10&clip_id=2743,"Speaker's Podium - Jonathan Townsend, Naval Air Station Fort Worth Joint Reserve Base - July 14, 2017 Speaker's Podium - Jonathan Townsend, Naval Air Station Fort Worth Joint Reserve Base - July 14, 2017","Speaker's Podium - Jonathan Townsend, Naval Air Station Fort Worth Joint Reserve Base - July 14, 2017 Speaker's Podium - Jonathan Townsend, Naval Air Station Fort Worth Joint Reserve Base",fort-worth-tx-speakers-podium
6540eef2dc2e,058e3c42433519ee,https://fortworthgov.granicus.com/MediaPlayer.php?view_id=10&clip_id=5211,Capitol Improvements Advisory Committee (CIAC) Capitol Improvements Advisory Committee (CIAC),Capitol Improvements Advisory Committee (CIAC) Capitol Improvements Advisory Committee (CIAC),fort-worth-tx-capital-improvements-advisory-committee
6540eef2dc2e,0610bc4165e6a328,https://fortworthgov.granicus.com/MediaPlayer.php?view_id=12&clip_id=5116,Entrepreneurship and Innovation Committee Entrepreneurship and Innovation Committee,Entrepreneurship and Innovation Committee Entrepreneurship and Innovation Committee,fort-worth-tx-entrepreneurship-and-innovation-committee
6540eef2dc2e,064d54a5b8a2634b,https://fortworthgov.granicus.com/MediaPlayer.php?view_id=12&clip_id=5939,District 11 Budget Meeting District 11 Budget Meeting,District 11 Budget Meeting District 11 Budget Meeting,fort-worth-tx-public-info-meetings
6540eef2dc2e,0651f5f2560b2766,https://fortworthgov.granicus.com/MediaPlayer.php?view_id=10&clip_id=1735,Bond Election Public Meeting Bond Election Public Meeting,Bond Election Public Meeting Bond Election Public Meeting,fort-worth-tx-public-info-meetings
6540eef2dc2e,068da45177471937,https://fortworthgov.granicus.com/MediaPlayer.php?view_id=10&clip_id=5075,Entrepreneurship & Innovation Committee Entrepreneurship & Innovation Committee,Entrepreneurship & Innovation Committee Entrepreneurship & Innovation Committee,fort-worth-tx-entrepreneurship-and-innovation-committee
6540eef2dc2e,072671b64ba8b805,https://fortworthgov.granicus.com/MediaPlayer.php?view_id=10&clip_id=4279,Mayor's Committee on Persons with Disabilities Mayor's Committee on Persons with Disabilities,Mayor's Committee on Persons with Disabilities Mayor's Committee on Persons with Disabilities,fort-worth-tx-mayor-s-committee-on-persons-with-disabilities
6540eef2dc2e,0775e9c68216e8c6,https://fortworthgov.granicus.com/MediaPlayer.php?view_id=10&clip_id=2570,"Speaker's Podium - U.S./Japanese Girl Scouts - October 7, 2016 Speaker's Podium - U.S./Japanese Girl Scouts - October 7, 2016","Speaker's Podium - U.S./Japanese Girl Scouts - October 7, 2016 Speaker's Podium - U.S./Japanese Girl Scouts",fort-worth-tx-speakers-podium
6540eef2dc2e,0797ae6fe3536b10,https://fortworthgov.granicus.com/MediaPlayer.php?view_id=12&clip_id=2078,"Speaker's Podium - Ross Ramsey - Texas Tribune - November 14, 2014 Speaker's Podium - Ross Ramsey - Texas Tribune - November 14, 2014","Speaker's Podium - Ross Ramsey - Texas Tribune - November 14, 2014 Speaker's Podium - Ross Ramsey - Texas Tribune",fort-worth-tx-speakers-podium
6540eef2dc2e,07c87f50a195ddcd,https://fortworthgov.granicus.com/MediaPlayer.php?view_id=10&clip_id=3624,COVID-19 Community Update (Spanish) COVID-19 Community Update (Spanish),COVID-19 Community Update (Spanish) COVID-19 Community Update (Spanish),fort-worth-tx-public-info-meetings
6540eef2dc2e,083152294ed2b1a8,https://fortworthgov.granicus.com/MediaPlayer.php?view_id=12&clip_id=1453,T Board Meeting T Board Meeting,T Board Meeting T Board Meeting,fort-worth-tx-trinity-metro-board
6540eef2dc2e,08a991f21cbaef45,https://fortworthgov.granicus.com/MediaPlayer.php?view_id=12&clip_id=4367,Human Relations Commission Human Relations Commission,Human Relations Commission Human Relations Commission,fort-worth-tx-human-relations-commission
6540eef2dc2e,08b41a4c03d10b45,https://fortworthgov.granicus.com/MediaPlayer.php?view_id=12&clip_id=1356,Salt Water Disposal Public Meeting Salt Water Disposal Public Meeting,Salt Water Disposal Public Meeting Salt Water Disposal Public Meeting,fort-worth-tx-public-info-meetings
6540eef2dc2e,08bc31bf23cee133,https://fortworthgov.granicus.com/MediaPlayer.php?view_id=10&clip_id=1634,T Board Meeting T Board Meeting,T Board Meeting T Board Meeting,fort-worth-tx-trinity-metro-board
6540eef2dc2e,08c36303bcd5d312,https://fortworthgov.granicus.com/MediaPlayer.php?view_id=12&clip_id=5758,"FW Local Development, Central City Local Goverment, and Research & Innovation Local Government Corporations FW Local Development, Central City Local Goverment, and Research & Innovation Local Government Corporations","FW Local Development, Central City Local Goverment, and Research & Innovation Local Government Corporations FW Local Development, Central City Local Goverment, and Research & Innovation Local Government Corporations",fort-worth-tx-research-and-innovation-local-government-corporation
6540eef2dc2e,08e97ba92c904a4f,https://fortworthgov.granicus.com/MediaPlayer.php?view_id=10&clip_id=4979,Neighborhood Quality and Revitalization Committee Neighborhood Quality and Revitalization Committee,Neighborhood Quality and Revitalization Committee Neighborhood Quality and Revitalization Committee,fort-worth-tx-neighborhood-quality-and-revitalization-committee
6540eef2dc2e,09255605e4ee73c4,https://fortworthgov.granicus.com/MediaPlayer.php?view_id=12&clip_id=3705,Pedestrian and Bicycle Advisory Commission Pedestrian and Bicycle Advisory Commission,Pedestrian and Bicycle Advisory Commission Pedestrian and Bicycle Advisory Commission,fort-worth-tx-pedestrian-and-bicycle-advisory-commission
6540eef2dc2e,098cbbec9adb0e3a,https://fortworthgov.granicus.com/MediaPlayer.php?view_id=12&clip_id=4237,Fort Worth Art Commission Special Meeting Fort Worth Art Commission Special Meeting,Fort Worth Art Commission Special Meeting Fort Worth Art Commission Special Meeting,fort-worth-tx-public-art-commission
6540eef2dc2e,09ae4a56e6f2ad4f,https://fortworthgov.granicus.com/MediaPlayer.php?view_id=12&clip_id=5330,Neighborhood Quality and Revitalization Committee Neighborhood Quality and Revitalization Committee,Neighborhood Quality and Revitalization Committee Neighborhood Quality and Revitalization Committee,fort-worth-tx-neighborhood-quality-and-revitalization-committee
6540eef2dc2e,09b8ee49a9debed0,https://fortworthgov.granicus.com/MediaPlayer.php?view_id=9&clip_id=5258,Ad Hoc Council Committee on Emergency Medical Response Ad Hoc Council Committee on Emergency Medical Response,Ad Hoc Council Committee on Emergency Medical Response Ad Hoc Council Committee on Emergency Medical Response,fort-worth-tx-ad-hoc-council-committee-on-emergency-medical-response
6540eef2dc2e,0a56dd4a32e273de,https://fortworthgov.granicus.com/MediaPlayer.php?view_id=12&clip_id=2181,"Speaker's Podium - Miguel Harth-Bedoya - Conductor, Fort Worth Symphony Orchestra - March 27, 2015 Speaker's Podium - Miguel Harth-Bedoya - Conductor, Fort Worth Symphony Orchestra - March 27, 2015","Speaker's Podium - Miguel Harth-Bedoya - Conductor, Fort Worth Symphony Orchestra - March 27, 2015 Speaker's Podium - Miguel Harth-Bedoya - Conductor, Fort Worth Symphony Orchestra",fort-worth-tx-speakers-podium
6540eef2dc2e,0abe4dee6812304e,https://fortworthgov.granicus.com/MediaPlayer.php?view_id=10&clip_id=1714,T Board Meeting T Board Meeting,T Board Meeting T Board Meeting,fort-worth-tx-trinity-metro-board
6540eef2dc2e,0b3a31d7ee106e86,https://fortworthgov.granicus.com/MediaPlayer.php?view_id=12&clip_id=3989,Mayor's Committee on Persons with Disabilities Mayor's Committee on Persons with Disabilities,Mayor's Committee on Persons with Disabilities Mayor's Committee on Persons with Disabilities,fort-worth-tx-mayor-s-committee-on-persons-with-disabilities
6540eef2dc2e,0b5843a7355dc59d,https://fortworthgov.granicus.com/MediaPlayer.php?view_id=12&clip_id=4033,Community Meeting For Alemeda Hrom Community Meeting For Alemeda Hrom,Community Meeting For Alemeda Hrom Community Meeting For Alemeda Hrom,fort-worth-tx-public-info-meetings
6540eef2dc2e,0bc06d0d9ce67ed8,https://fortworthgov.granicus.com/MediaPlayer.php?view_id=10&clip_id=4615,OPOM Community Conversation OPOM Community Conversation,OPOM Community Conversation OPOM Community Conversation,fort-worth-tx-public-info-meetings
6540eef2dc2e,0c0ee0341e185af2,https://fortworthgov.granicus.com/MediaPlayer.php?view_id=10&clip_id=4159,Redistricting Task Force Redistricting Task Force,Redistricting Task Force Redistricting Task Force,fort-worth-tx-redistricting-task-force
6540eef2dc2e,0c42f210fce9b43d,https://fortworthgov.granicus.com/MediaPlayer.php?view_id=10&clip_id=6002,Help Build Our Future District 4 Bond Meeting Help Build Our Future District 4 Bond Meeting,Help Build Our Future District 4 Bond Meeting Help Build Our Future District 4 Bond Meeting,fort-worth-tx-public-info-meetings
6540eef2dc2e,0c5bee7ee47be817,https://fortworthgov.granicus.com/MediaPlayer.php?view_id=10&clip_id=3851,Human Relations Commission - Mayor's Committee on Persons with Disabilities Human Relations Commission - Mayor's Committee on Persons with Disabilities,Human Relations Commission - Mayor's Committee on Persons with Disabilities Human Relations Commission - Mayor's Committee on Persons with Disabilities,fort-worth-tx-human-relations-commission
6540eef2dc2e,0c5bee7ee47be817,https://fortworthgov.granicus.com/MediaPlayer.php?view_id=10&clip_id=3851,Human Relations Commission - Mayor's Committee on Persons with Disabilities Human Relations Commission - Mayor's Committee on Persons with Disabilities,Human Relations Commission - Mayor's Committee on Persons with Disabilities Human Relations Commission - Mayor's Committee on Persons with Disabilities,fort-worth-tx-mayor-s-committee-on-persons-with-disabilities
6540eef2dc2e,0c8c40fd9a5d289e,494a90fc-25e5-11f0-9f54-005056a89546,"Capital Improvements Advisory Committee - Apr 30, 2025",Capital Improvements Advisory Committee,fort-worth-tx-capital-improvements-advisory-committee
6540eef2dc2e,0cc31713991a0a95,https://fortworthgov.granicus.com/MediaPlayer.php?view_id=12&clip_id=4927,Entrepreneurship and Innovation Committee Entrepreneurship and Innovation Committee,Entrepreneurship and Innovation Committee Entrepreneurship and Innovation Committee,fort-worth-tx-entrepreneurship-and-innovation-committee
6540eef2dc2e,0cf14c8effa311ad,https://fortworthgov.granicus.com/MediaPlayer.php?view_id=12&clip_id=5471,Police Oversight Community Meeting Police Oversight Community Meeting,Police Oversight Community Meeting Police Oversight Community Meeting,fort-worth-tx-public-info-meetings
6540eef2dc2e,0d1aae91e8ef2705,https://fortworthgov.granicus.com/MediaPlayer.php?view_id=12&clip_id=4031,Redistricting Task Force Redistricting Task Force,Redistricting Task Force Redistricting Task Force,fort-worth-tx-redistricting-task-force
6540eef2dc2e,0d2c5d430c1a11db,https://fortworthgov.granicus.com/MediaPlayer.php?view_id=11&clip_id=5369,Ad Hoc Council Committee on Emergency Medical Response Ad Hoc Council Committee on Emergency Medical Response,Ad Hoc Council Committee on Emergency Medical Response Ad Hoc Council Committee on Emergency Medical Response,fort-worth-tx-ad-hoc-council-committee-on-emergency-medical-response
6540eef2dc2e,0d62004a92256653,https://fortworthgov.granicus.com/MediaPlayer.php?view_id=10&clip_id=1482,Redistricting Public Meeting Redistricting Public Meeting,Redistricting Public Meeting Redistricting Public Meeting,fort-worth-tx-public-info-meetings
6540eef2dc2e,0d98ee0d0fe3781e,https://fortworthgov.granicus.com/MediaPlayer.php?view_id=9&clip_id=3703,Aviation Advisory Board Aviation Advisory Board,Aviation Advisory Board Aviation Advisory Board,fort-worth-tx-aviation-advisory-board
6540eef2dc2e,0da48e8e29c616c8,https://fortworthgov.granicus.com/MediaPlayer.php?view_id=12&clip_id=1154,T Board Meeting T Board Meeting,T Board Meeting T Board Meeting,fort-worth-tx-trinity-metro-board
6540eef2dc2e,0de94aa50998d367,https://fortworthgov.granicus.com/MediaPlayer.php?view_id=10&clip_id=4218,Library Advisory Board Library Advisory Board,Library Advisory Board Library Advisory Board,fort-worth-tx-library-advisory-board
6540eef2dc2e,0e64b6e7a631c66b,edab1f63-c3d8-11f0-a7da-005056a89546,"Downtown Design Review Board  - Nov 14, 2025",Downtown Design Review Board,fort-worth-tx-downtown-design-and-review-board
6540eef2dc2e,0e9bb04b62e31397,https://fortworthgov.granicus.com/MediaPlayer.php?view_id=12&clip_id=6398,Northwest Fort Worth Town Hall Northwest Fort Worth Town Hall,Northwest Fort Worth Town Hall Northwest Fort Worth Town Hall,fort-worth-tx-public-info-meetings
6540eef2dc2e,0ea1d78a1d84171e,https://fortworthgov.granicus.com/MediaPlayer.php?view_id=10&clip_id=2343,"Speaker's Podium - Chad Mathews, Lone Star Film Society - October 30, 2015 Speaker's Podium - Chad Mathews, Lone Star Film Society - October 30, 2015","Speaker's Podium - Chad Mathews, Lone Star Film Society - October 30, 2015 Speaker's Podium - Chad Mathews, Lone Star Film Society",fort-worth-tx-speakers-podium
6540eef2dc2e,0ed55ee84001a686,https://fortworthgov.granicus.com/MediaPlayer.php?view_id=12&clip_id=2136,"Speaker's Podium - Homer Erekson - Dean, TCU Neeley School of Business - February 13, 2015 Speaker's Podium - Homer Erekson - Dean, TCU Neeley School of Business - February 13, 2015","Speaker's Podium - Homer Erekson - Dean, TCU Neeley School of Business - February 13, 2015 Speaker's Podium - Homer Erekson - Dean, TCU Neeley School of Business",fort-worth-tx-speakers-podium
6540eef2dc2e,101343dc07689345,5f0dde8e-fb12-4feb-a280-248bb8eaac93,"State of the City 2025 - Oct 16, 2025",State of the City 2025,fort-worth-tx-public-info-meetings
6540eef2dc2e,1021d17b5ac0646c,https://fortworthgov.granicus.com/MediaPlayer.php?view_id=9&clip_id=3789,"Aviation Advisory Board of July 9, 2020 Aviation Advisory Board of July 9, 2020","Aviation Advisory Board of July 9, 2020 Aviation Advisory Board of July 9, 2020",fort-worth-tx-aviation-advisory-board
6540eef2dc2e,104ab7af9b8291e2,https://fortworthgov.granicus.com/MediaPlayer.php?view_id=10&clip_id=2610,"Speaker's Podium - Bruce Frankel, Day Resource Center - December 9, 2016 Speaker's Podium - Bruce Frankel, Day Resource Center - December 9, 2016","Speaker's Podium - Bruce Frankel, Day Resource Center - December 9, 2016 Speaker's Podium - Bruce Frankel, Day Resource Center",fort-worth-tx-speakers-podium
6540eef2dc2e,109ec789fece8bd4,https://fortworthgov.granicus.com/MediaPlayer.php?view_id=10&clip_id=1194,HOUSING AND ECONOMIC DEVELOPMENT COMMITTEE HOUSING AND ECONOMIC DEVELOPMENT COMMITTEE,HOUSING AND ECONOMIC DEVELOPMENT COMMITTEE HOUSING AND ECONOMIC DEVELOPMENT COMMITTEE,fort-worth-tx-housing-and-economic-development-committee
6540eef2dc2e,10eb27652479f4d9,https://fortworthgov.granicus.com/MediaPlayer.php?view_id=12&clip_id=6020,Help Build Our Future District 5 Bond Meeting Help Build Our Future District 5 Bond Meeting,Help Build Our Future District 5 Bond Meeting Help Build Our Future District 5 Bond Meeting,fort-worth-tx-public-info-meetings
6540eef2dc2e,114fadf8aadeffc6,https://fortworthgov.granicus.com/MediaPlayer.php?view_id=9&clip_id=6307,Research and Innovation Local Government Corporation Research and Innovation Local Government Corporation,Research and Innovation Local Government Corporation Research and Innovation Local Government Corporation,fort-worth-tx-research-and-innovation-local-government-corporation
6540eef2dc2e,1176a4d310a0d9d4,https://fortworthgov.granicus.com/MediaPlayer.php?view_id=10&clip_id=2180,"Speaker's Podium - Barclay Berdan - CEO, Texas Health Resources 3-20-15 - March 20, 2015 Speaker's Podium - Barclay Berdan - CEO, Texas Health Resources 3-20-15 - March 20, 2015","Speaker's Podium - Barclay Berdan - CEO, Texas Health Resources 3-20-15 - March 20, 2015 Speaker's Podium - Barclay Berdan - CEO, Texas Health Resources",fort-worth-tx-speakers-podium
6540eef2dc2e,11978c6b12aaf133,https://fortworthgov.granicus.com/MediaPlayer.php?view_id=12&clip_id=5019,"District 5 Leadership Meeting of December 17, 2022 District 5 Leadership Meeting of December 17, 2022","District 5 Leadership Meeting of December 17, 2022 District 5 Leadership Meeting of December 17, 2022",fort-worth-tx-public-info-meetings
6540eef2dc2e,11a8eb7e001e5a00,https://fortworthgov.granicus.com/MediaPlayer.php?view_id=10&clip_id=3565,COVID-19 Community Update (Spanish) COVID-19 Community Update (Spanish),COVID-19 Community Update (Spanish) COVID-19 Community Update (Spanish),fort-worth-tx-public-info-meetings
6540eef2dc2e,11deec3be746d667,https://fortworthgov.granicus.com/MediaPlayer.php?view_id=12&clip_id=3817,"FY2021 Budget Public Meeting of July 29, 2020 FY2021 Budget Public Meeting of July 29, 2020","FY2021 Budget Public Meeting of July 29, 2020 FY2021 Budget Public Meeting of July 29, 2020",fort-worth-tx-public-info-meetings
6540eef2dc2e,11f9a5659f46d820,https://fortworthgov.granicus.com/MediaPlayer.php?view_id=12&clip_id=1809,Bond Public Input Meeting Bond Public Input Meeting,Bond Public Input Meeting Bond Public Input Meeting,fort-worth-tx-public-info-meetings
6540eef2dc2e,120857e9f9e20146,https://fortworthgov.granicus.com/MediaPlayer.php?view_id=12&clip_id=5069,Neighborhood Quality and Revitalization Committee Neighborhood Quality and Revitalization Committee,Neighborhood Quality and Revitalization Committee Neighborhood Quality and Revitalization Committee,fort-worth-tx-neighborhood-quality-and-revitalization-committee
6540eef2dc2e,1239db8622eb689b,https://fortworthgov.granicus.com/MediaPlayer.php?view_id=12&clip_id=3877,Minority and Women Business Enterprise Advisory Committee Minority and Women Business Enterprise Advisory Committee,Minority and Women Business Enterprise Advisory Committee Minority and Women Business Enterprise Advisory Committee,fort-worth-tx-minority-and-women-business-enterprise-advisory-committee
6540eef2dc2e,126db7fea2f41732,https://fortworthgov.granicus.com/MediaPlayer.php?view_id=12&clip_id=5922,District 10 Budget Meeting District 10 Budget Meeting,District 10 Budget Meeting District 10 Budget Meeting,fort-worth-tx-public-info-meetings
6540eef2dc2e,128529c9f65e8003,4f1f0acb-2f66-11f1-bb28-005056a89546,"2026 Bond & Charter Public Education Meeting - Mar 30, 2026",2026 Bond & Charter Public Education Meeting,fort-worth-tx-public-info-meetings
6540eef2dc2e,12bc389bb06067b7,https://fortworthgov.granicus.com/MediaPlayer.php?view_id=12&clip_id=5480,Neighborhood Quality and Revitalization Committee Neighborhood Quality and Revitalization Committee,Neighborhood Quality and Revitalization Committee Neighborhood Quality and Revitalization Committee,fort-worth-tx-neighborhood-quality-and-revitalization-committee
6540eef2dc2e,12f118ec225f17ee,https://fortworthgov.granicus.com/MediaPlayer.php?view_id=12&clip_id=6365,District 11 FY2027 Budget Meeting District 11 FY2027 Budget Meeting,District 11 FY2027 Budget Meeting District 11 FY2027 Budget Meeting,fort-worth-tx-public-info-meetings
6540eef2dc2e,12f8c416948d92d6,https://fortworthgov.granicus.com/MediaPlayer.php?view_id=10&clip_id=3502,"Speaker's Podium - Medal of Honor Museum - January 24, 2020 Speaker's Podium - Medal of Honor Museum - January 24, 2020","Speaker's Podium - Medal of Honor Museum - January 24, 2020 Speaker's Podium - Medal of Honor Museum",fort-worth-tx-speakers-podium
6540eef2dc2e,130513a9ff8b611f,https://fortworthgov.granicus.com/MediaPlayer.php?view_id=12&clip_id=6363,District 6 FY2027 Budget Meeting District 6 FY2027 Budget Meeting,District 6 FY2027 Budget Meeting District 6 FY2027 Budget Meeting,fort-worth-tx-public-info-meetings
6540eef2dc2e,13c0a7221dbda5bb,https://fortworthgov.granicus.com/MediaPlayer.php?view_id=10&clip_id=2963,Race and Culture Task Force Race and Culture Task Force,Race and Culture Task Force Race and Culture Task Force,fort-worth-tx-race-and-culture-task-force
6540eef2dc2e,13ce6508f70e8fde,https://fortworthgov.granicus.com/MediaPlayer.php?view_id=12&clip_id=2798,Task Force Meeting by Task Force on Race and Culture Task Force Meeting by Task Force on Race and Culture,Task Force Meeting by Task Force on Race and Culture Task Force Meeting by Task Force on Race and Culture,fort-worth-tx-race-and-culture-task-force
6540eef2dc2e,141e7915284afc17,7ad6d5c0-1c64-4344-ab91-972f796c67d8,"Ad Hoc Council Committee on Emergency Medical Response - Dec 12, 2023",Ad Hoc Council Committee on Emergency Medical Response,fort-worth-tx-ad-hoc-council-committee-on-emergency-medical-response
6540eef2dc2e,14349fcb005c5b41,https://fortworthgov.granicus.com/MediaPlayer.php?view_id=10&clip_id=4054,Community Meeting For Sendera Ranch And Diamondback Lane Traffic Signal Community Meeting For Sendera Ranch And Diamondback Lane Traffic Signal,Community Meeting For Sendera Ranch And Diamondback Lane Traffic Signal Community Meeting For Sendera Ranch And Diamondback Lane Traffic Signal,fort-worth-tx-public-info-meetings
6540eef2dc2e,144643e3ef153eaa,https://fortworthgov.granicus.com/MediaPlayer.php?view_id=12&clip_id=4658,Redistricting Task Force Redistricting Task Force,Redistricting Task Force Redistricting Task Force,fort-worth-tx-redistricting-task-force
6540eef2dc2e,14e581153508b78e,5777b7b6-50cb-11ef-bafe-005056a89546,"August Downtown Design Review Board - Aug 01, 2024",August Downtown Design Review Board,fort-worth-tx-downtown-design-and-review-board
6540eef2dc2e,14f11983e8136d9e,96ec271a-1742-11ee-aabb-0050569183fa,"May Downtown Design Review Board  - May 04, 2023",May Downtown Design Review Board,fort-worth-tx-downtown-design-and-review-board
6540eef2dc2e,151db19c95efdc33,https://fortworthgov.granicus.com/MediaPlayer.php?view_id=12&clip_id=892,ECONOMIC FORUM ECONOMIC FORUM,ECONOMIC FORUM ECONOMIC FORUM,fort-worth-tx-public-info-meetings
6540eef2dc2e,1593170378b64d3d,https://fortworthgov.granicus.com/MediaPlayer.php?view_id=10&clip_id=5856,"Crime Control and Prevention District, Local Development Corporation, Central City Local Government Corporation, Research and Innovation Local Government Corporation, and Legislative and Intergovernmental Affairs Crime Control and Prevention District, Local Development Corporation, Central City Local Government Corporation, Research and Innovation Local Government Corporation, and Legislative and Intergovernmental Affairs","Crime Control and Prevention District, Local Development Corporation, Central City Local Government Corporation, Research and Innovation Local Government Corporation, and Legislative and Intergovernmental Affairs Crime Control and Prevention District, Local Development Corporation, Central City Local Government Corporation, Research and Innovation Local Government Corporation, and Legislative and Intergovernmental Affairs",fort-worth-tx-research-and-innovation-local-government-corporation
6540eef2dc2e,15cb19ffea627d14,https://fortworthgov.granicus.com/MediaPlayer.php?view_id=12&clip_id=972,Air Quality Monitors in Barnett Shale Press Conference Air Quality Monitors in Barnett Shale Press Conference,Air Quality Monitors in Barnett Shale Press Conference Air Quality Monitors in Barnett Shale Press Conference,fort-worth-tx-public-info-meetings
6540eef2dc2e,1684e7e9367c76ec,https://fortworthgov.granicus.com/MediaPlayer.php?view_id=12&clip_id=4258,Fort Worth Human Relations Commission Fort Worth Human Relations Commission,Fort Worth Human Relations Commission Fort Worth Human Relations Commission,fort-worth-tx-human-relations-commission
6540eef2dc2e,16aa42cccf86e979,https://fortworthgov.granicus.com/MediaPlayer.php?view_id=10&clip_id=4451,Mayor's Committee on Persons with Disabilities Mayor's Committee on Persons with Disabilities,Mayor's Committee on Persons with Disabilities Mayor's Committee on Persons with Disabilities,fort-worth-tx-mayor-s-committee-on-persons-with-disabilities
6540eef2dc2e,16dfb6e757ae3bf0,https://fortworthgov.granicus.com/MediaPlayer.php?view_id=12&clip_id=2324,CHARTER REVIEW TASK FORCE CHARTER REVIEW TASK FORCE,CHARTER REVIEW TASK FORCE CHARTER REVIEW TASK FORCE,fort-worth-tx-charter-review-task-force
6540eef2dc2e,17420f113d9523c9,https://fortworthgov.granicus.com/MediaPlayer.php?view_id=10&clip_id=5620,Entrepreneurship And Innovation Committee Entrepreneurship And Innovation Committee,Entrepreneurship And Innovation Committee Entrepreneurship And Innovation Committee,fort-worth-tx-entrepreneurship-and-innovation-committee
6540eef2dc2e,17febb2680b20724,https://fortworthgov.granicus.com/MediaPlayer.php?view_id=10&clip_id=1401,HOUSING AND ECONOMIC DEVELOPMENT COMMITTEE HOUSING AND ECONOMIC DEVELOPMENT COMMITTEE,HOUSING AND ECONOMIC DEVELOPMENT COMMITTEE HOUSING AND ECONOMIC DEVELOPMENT COMMITTEE,fort-worth-tx-housing-and-economic-development-committee
6540eef2dc2e,1834cd44e19938a4,https://fortworthgov.granicus.com/MediaPlayer.php?view_id=12&clip_id=2527,"Speaker's Podium - Jamie Dixon, TCU Basketball Coach - August 5, 2016 Speaker's Podium - Jamie Dixon, TCU Basketball Coach - August 5, 2016","Speaker's Podium - Jamie Dixon, TCU Basketball Coach - August 5, 2016 Speaker's Podium - Jamie Dixon, TCU Basketball Coach",fort-worth-tx-speakers-podium
6540eef2dc2e,1882a7340b80e33a,https://fortworthgov.granicus.com/MediaPlayer.php?view_id=10&clip_id=3907,District 6 Town Hall District 6 Town Hall,District 6 Town Hall District 6 Town Hall,fort-worth-tx-public-info-meetings
6540eef2dc2e,189f985406a07b72,https://fortworthgov.granicus.com/MediaPlayer.php?view_id=10&clip_id=4037,Community Meeting For The Museum Way Realignment Community Meeting For The Museum Way Realignment,Community Meeting For The Museum Way Realignment Community Meeting For The Museum Way Realignment,fort-worth-tx-public-info-meetings
6540eef2dc2e,192ce23e5bbe59da,https://fortworthgov.granicus.com/MediaPlayer.php?view_id=10&clip_id=3625,COVID-19 Community Update (English) COVID-19 Community Update (English),COVID-19 Community Update (English) COVID-19 Community Update (English),fort-worth-tx-public-info-meetings
6540eef2dc2e,193abc74cfffc99a,https://fortworthgov.granicus.com/MediaPlayer.php?view_id=12&clip_id=4408,Human Relations Commission Human Relations Commission,Human Relations Commission Human Relations Commission,fort-worth-tx-human-relations-commission
6540eef2dc2e,195bd7ef75ab3a39,https://fortworthgov.granicus.com/MediaPlayer.php?view_id=10&clip_id=3608,COVID-19 Community Update (Spanish) COVID-19 Community Update (Spanish),COVID-19 Community Update (Spanish) COVID-19 Community Update (Spanish),fort-worth-tx-public-info-meetings
6540eef2dc2e,195d691371c9e410,https://fortworthgov.granicus.com/MediaPlayer.php?view_id=10&clip_id=4684,Entrepreneurship and Innovation Committee Entrepreneurship and Innovation Committee,Entrepreneurship and Innovation Committee Entrepreneurship and Innovation Committee,fort-worth-tx-entrepreneurship-and-innovation-committee
6540eef2dc2e,19613827ed8b36e8,https://fortworthgov.granicus.com/MediaPlayer.php?view_id=12&clip_id=2198,"Speaker's Podium - Paul Kessler - ""Lessons From The Holocaust"" - April 17, 2015 Speaker's Podium - Paul Kessler - ""Lessons From The Holocaust"" - April 17, 2015","Speaker's Podium - Paul Kessler - ""Lessons From The Holocaust"" - April 17, 2015 Speaker's Podium - Paul Kessler - ""Lessons From The Holocaust""",fort-worth-tx-speakers-podium
6540eef2dc2e,196661cf0912536c,https://fortworthgov.granicus.com/MediaPlayer.php?view_id=11&clip_id=3616,COVID-19 Community Update (Spanish) COVID-19 Community Update (Spanish),COVID-19 Community Update (Spanish) COVID-19 Community Update (Spanish),fort-worth-tx-public-info-meetings
6540eef2dc2e,1970b50cf1baed90,https://fortworthgov.granicus.com/MediaPlayer.php?view_id=12&clip_id=4124,Community Meeting For East 4Th Streeteast 1St Street Striping And Bicycle Trail Improvements Community Meeting For East 4Th Streeteast 1St Street Striping And Bicycle Trail Improvements,Community Meeting For East 4Th Streeteast 1St Street Striping And Bicycle Trail Improvements Community Meeting For East 4Th Streeteast 1St Street Striping And Bicycle Trail Improvements,fort-worth-tx-public-info-meetings
6540eef2dc2e,1990287c08769c1a,https://fortworthgov.granicus.com/MediaPlayer.php?view_id=10&clip_id=4564,OPOM Community Conversation OPOM Community Conversation,OPOM Community Conversation OPOM Community Conversation,fort-worth-tx-public-info-meetings
6540eef2dc2e,19952af8529f1c9e,https://fortworthgov.granicus.com/MediaPlayer.php?view_id=11&clip_id=3591,COVID-19 Community Update COVID-19 Community Update,COVID-19 Community Update COVID-19 Community Update,fort-worth-tx-public-info-meetings
6540eef2dc2e,19aee20ecbd595c9,https://fortworthgov.granicus.com/MediaPlayer.php?view_id=10&clip_id=2325,"Speaker's Podium - Chris Young, CIFAL Atlanta - September 25, 2015 Speaker's Podium - Chris Young, CIFAL Atlanta - September 25, 2015","Speaker's Podium - Chris Young, CIFAL Atlanta - September 25, 2015 Speaker's Podium - Chris Young, CIFAL Atlanta",fort-worth-tx-speakers-podium
6540eef2dc2e,19b6a31df0a5d972,https://fortworthgov.granicus.com/MediaPlayer.php?view_id=12&clip_id=5612,"Planning & Priorities Virtual Open House of September 3, 2024 Planning & Priorities Virtual Open House of September 3, 2024","Planning & Priorities Virtual Open House of September 3, 2024 Planning & Priorities Virtual Open House of September 3, 2024",fort-worth-tx-public-info-meetings
6540eef2dc2e,19bb22712b099ae7,https://fortworthgov.granicus.com/MediaPlayer.php?view_id=10&clip_id=5988,State of the City 2025 State of the City 2025,State of the City 2025 State of the City 2025,fort-worth-tx-public-info-meetings
6540eef2dc2e,19ea5d79ea57db6f,https://fortworthgov.granicus.com/MediaPlayer.php?view_id=10&clip_id=4031,Redistricting Task Force Redistricting Task Force,Redistricting Task Force Redistricting Task Force,fort-worth-tx-redistricting-task-force
6540eef2dc2e,1a1be428f1c7465b,https://fortworthgov.granicus.com/MediaPlayer.php?view_id=12&clip_id=2342,"Speaker's Podium - Rachel Croson - Dean, UTA School of Business - October 23, 2015 Speaker's Podium - Rachel Croson - Dean, UTA School of Business - October 23, 2015","Speaker's Podium - Rachel Croson - Dean, UTA School of Business - October 23, 2015 Speaker's Podium - Rachel Croson - Dean, UTA School of Business",fort-worth-tx-speakers-podium
6540eef2dc2e,1a1ff234e48d6934,https://fortworthgov.granicus.com/MediaPlayer.php?view_id=10&clip_id=3957,Park and Recreation Advisory Board Park and Recreation Advisory Board,Park and Recreation Advisory Board Park and Recreation Advisory Board,fort-worth-tx-park-and-recreation-advisory-board
6540eef2dc2e,1a766eebece3ce97,https://fortworthgov.granicus.com/MediaPlayer.php?view_id=10&clip_id=4739,Listening Circle With Dr. J - Egrets Update Listening Circle With Dr. J - Egrets Update,Listening Circle With Dr. J - Egrets Update Listening Circle With Dr. J - Egrets Update,fort-worth-tx-public-info-meetings
6540eef2dc2e,1a822a1851778577,18235795-5652-473c-b5c9-9b82d6d8a169,"Capital Improvements Advisory Committee - Feb 25, 2026",Capital Improvements Advisory Committee,fort-worth-tx-capital-improvements-advisory-committee
6540eef2dc2e,1a8598c067771284,https://fortworthgov.granicus.com/MediaPlayer.php?view_id=10&clip_id=3567,COVID-19 Community Update (English) COVID-19 Community Update (English),COVID-19 Community Update (English) COVID-19 Community Update (English),fort-worth-tx-public-info-meetings
6540eef2dc2e,1a89edcc29bf3d05,https://fortworthgov.granicus.com/MediaPlayer.php?view_id=10&clip_id=2395,"Speaker's Podium - Matt Hicks, Texas Rangers - January 22, 2016 Speaker's Podium - Matt Hicks, Texas Rangers - January 22, 2016","Speaker's Podium - Matt Hicks, Texas Rangers - January 22, 2016 Speaker's Podium - Matt Hicks, Texas Rangers",fort-worth-tx-speakers-podium
6540eef2dc2e,1ad110fc95958fe0,https://fortworthgov.granicus.com/MediaPlayer.php?view_id=12&clip_id=1934,HOUSING AND ECONOMIC DEVELOPMENT COMMITTEE HOUSING AND ECONOMIC DEVELOPMENT COMMITTEE,HOUSING AND ECONOMIC DEVELOPMENT COMMITTEE HOUSING AND ECONOMIC DEVELOPMENT COMMITTEE,fort-worth-tx-housing-and-economic-development-committee
6540eef2dc2e,1ad2ef6d64a069fc,https://fortworthgov.granicus.com/MediaPlayer.php?view_id=11&clip_id=5403,Ad Hoc Council Committee on Emergency Medical Response Ad Hoc Council Committee on Emergency Medical Response,Ad Hoc Council Committee on Emergency Medical Response Ad Hoc Council Committee on Emergency Medical Response,fort-worth-tx-ad-hoc-council-committee-on-emergency-medical-response
6540eef2dc2e,1b427ca672167a9f,cfcfc11c-b9d6-11f0-a7da-005056a89546,"Help Build Our Future District 3 Bond Meeting - Nov 03, 2025",Help Build Our Future District 3 Bond Meeting,fort-worth-tx-public-info-meetings
6540eef2dc2e,1b5ea7911748799b,0845bc51-e4f9-11ed-95dd-0050569183fa,"Capitol Improvements Advisory Committee (CIAC) - Apr 26, 2023",Capitol Improvements Advisory Committee (CIAC),fort-worth-tx-capital-improvements-advisory-committee
6540eef2dc2e,1b83f54ac25739e0,https://fortworthgov.granicus.com/MediaPlayer.php?view_id=10&clip_id=3876,District 2 Town Hall District 2 Town Hall,District 2 Town Hall District 2 Town Hall,fort-worth-tx-public-info-meetings
6540eef2dc2e,1b89cfb3a7071a0d,https://fortworthgov.granicus.com/MediaPlayer.php?view_id=11&clip_id=3550,COVID-19 Community Update (English) COVID-19 Community Update (English),COVID-19 Community Update (English) COVID-19 Community Update (English),fort-worth-tx-public-info-meetings
6540eef2dc2e,1bbc9427327995c0,https://fortworthgov.granicus.com/MediaPlayer.php?view_id=10&clip_id=4362,Park and Recreation Advisory Board Park and Recreation Advisory Board,Park and Recreation Advisory Board Park and Recreation Advisory Board,fort-worth-tx-park-and-recreation-advisory-board
6540eef2dc2e,1bbe4d646bf08fa2,https://fortworthgov.granicus.com/MediaPlayer.php?view_id=12&clip_id=5694,Neighborhood Quality and Revitalization Committee Neighborhood Quality and Revitalization Committee,Neighborhood Quality and Revitalization Committee Neighborhood Quality and Revitalization Committee,fort-worth-tx-neighborhood-quality-and-revitalization-committee
6540eef2dc2e,1c066b09e328a9c6,https://fortworthgov.granicus.com/MediaPlayer.php?view_id=10&clip_id=4842,Neighborhood Quality and Revitalization Committee Neighborhood Quality and Revitalization Committee,Neighborhood Quality and Revitalization Committee Neighborhood Quality and Revitalization Committee,fort-worth-tx-neighborhood-quality-and-revitalization-committee
6540eef2dc2e,1c22bc36f60db341,https://fortworthgov.granicus.com/MediaPlayer.php?view_id=12&clip_id=1647,T Board Meeting T Board Meeting,T Board Meeting T Board Meeting,fort-worth-tx-trinity-metro-board
6540eef2dc2e,1c72f65384d3dcf7,https://fortworthgov.granicus.com/MediaPlayer.php?view_id=12&clip_id=1557,HOUSING AND ECONOMIC DEVELOPMENT COMMITTEE HOUSING AND ECONOMIC DEVELOPMENT COMMITTEE,HOUSING AND ECONOMIC DEVELOPMENT COMMITTEE HOUSING AND ECONOMIC DEVELOPMENT COMMITTEE,fort-worth-tx-housing-and-economic-development-committee
6540eef2dc2e,1cb524459de808a8,https://fortworthgov.granicus.com/MediaPlayer.php?view_id=12&clip_id=4389,Fort Worth Art Commission Fort Worth Art Commission,Fort Worth Art Commission Fort Worth Art Commission,fort-worth-tx-public-art-commission
6540eef2dc2e,1cd54c21f7309400,https://fortworthgov.granicus.com/MediaPlayer.php?view_id=12&clip_id=4134,"AllianceAirport Authority, Inc. AllianceAirport Authority, Inc.","AllianceAirport Authority, Inc. AllianceAirport Authority, Inc.",fort-worth-tx-alliance-airport-authority
6540eef2dc2e,1ce07fe560619590,https://fortworthgov.granicus.com/MediaPlayer.php?view_id=12&clip_id=2538,"Speaker's Podium - Dr. Joyce Mauk, The Child Study Center - August 19, 2016 Speaker's Podium - Dr. Joyce Mauk, The Child Study Center - August 19, 2016","Speaker's Podium - Dr. Joyce Mauk, The Child Study Center - August 19, 2016 Speaker's Podium - Dr. Joyce Mauk, The Child Study Center",fort-worth-tx-speakers-podium
6540eef2dc2e,1d07ec5fce7b52d2,https://fortworthgov.granicus.com/MediaPlayer.php?view_id=12&clip_id=2411,"Speaker's Podium - Jim Schlossnagle, Head Coach TCU Baseball - February 5, 2016 Speaker's Podium - Jim Schlossnagle, Head Coach TCU Baseball - February 5, 2016","Speaker's Podium - Jim Schlossnagle, Head Coach TCU Baseball - February 5, 2016 Speaker's Podium - Jim Schlossnagle, Head Coach TCU Baseball",fort-worth-tx-speakers-podium
6540eef2dc2e,1d268da9ac345e12,https://fortworthgov.granicus.com/MediaPlayer.php?view_id=12&clip_id=5055,"City of Fort Worth Winter Weather Update January 31, 2023 City of Fort Worth Winter Weather Update January 31, 2023","City of Fort Worth Winter Weather Update January 31, 2023 City of Fort Worth Winter Weather Update January 31, 2023",fort-worth-tx-public-info-meetings
6540eef2dc2e,1d416fbce80fcd80,https://fortworthgov.granicus.com/MediaPlayer.php?view_id=10&clip_id=1690,HOUSING AND ECONOMIC DEVELOPMENT COMMITTEE HOUSING AND ECONOMIC DEVELOPMENT COMMITTEE,HOUSING AND ECONOMIC DEVELOPMENT COMMITTEE HOUSING AND ECONOMIC DEVELOPMENT COMMITTEE,fort-worth-tx-housing-and-economic-development-committee
6540eef2dc2e,1d5e6f1f83b232e6,https://fortworthgov.granicus.com/MediaPlayer.php?view_id=10&clip_id=2305,CHARTER REVIEW TASK FORCE CHARTER REVIEW TASK FORCE,CHARTER REVIEW TASK FORCE CHARTER REVIEW TASK FORCE,fort-worth-tx-charter-review-task-force
6540eef2dc2e,1d72d7ead616daf0,https://fortworthgov.granicus.com/MediaPlayer.php?view_id=12&clip_id=5937,District 7 Budget Meeting District 7 Budget Meeting,District 7 Budget Meeting District 7 Budget Meeting,fort-worth-tx-public-info-meetings
6540eef2dc2e,1d72f25c466aa552,https://fortworthgov.granicus.com/MediaPlayer.php?view_id=10&clip_id=5646,District 8 Town Hall District 8 Town Hall,District 8 Town Hall District 8 Town Hall,fort-worth-tx-public-info-meetings
6540eef2dc2e,1da3c705cf38ab71,https://fortworthgov.granicus.com/MediaPlayer.php?view_id=10&clip_id=2003,JAVA - A Caffeinated Town Hall with Mayor Betsy Price and Councilmember Sal Espino JAVA - A Caffeinated Town Hall with Mayor Betsy Price and Councilmember Sal Espino,JAVA - A Caffeinated Town Hall with Mayor Betsy Price and Councilmember Sal Espino JAVA - A Caffeinated Town Hall with Mayor Betsy Price and Councilmember Sal Espino,fort-worth-tx-public-info-meetings
6540eef2dc2e,1e33983ed2c9fdcf,https://fortworthgov.granicus.com/MediaPlayer.php?view_id=12&clip_id=5231,Stop Six Neighborhood Hub Community Meeting Stop Six Neighborhood Hub Community Meeting,Stop Six Neighborhood Hub Community Meeting Stop Six Neighborhood Hub Community Meeting,fort-worth-tx-public-info-meetings
6540eef2dc2e,1e516839248610f6,https://fortworthgov.granicus.com/MediaPlayer.php?view_id=11&clip_id=3627,COVID-19 Community Update (Spanish) COVID-19 Community Update (Spanish),COVID-19 Community Update (Spanish) COVID-19 Community Update (Spanish),fort-worth-tx-public-info-meetings
6540eef2dc2e,1e5c728a740e6bfd,https://fortworthgov.granicus.com/MediaPlayer.php?view_id=10&clip_id=4087,Redistricting Task Force Redistricting Task Force,Redistricting Task Force Redistricting Task Force,fort-worth-tx-redistricting-task-force
6540eef2dc2e,1e8366aa8c41e242,https://fortworthgov.granicus.com/MediaPlayer.php?view_id=10&clip_id=5911,"Police Chief Finalists Public Forum of August 14, 2025 Police Chief Finalists Public Forum of August 14, 2025","Police Chief Finalists Public Forum of August 14, 2025 Police Chief Finalists Public Forum of August 14, 2025",fort-worth-tx-public-info-meetings
6540eef2dc2e,1f1a3415ae0e2243,https://fortworthgov.granicus.com/MediaPlayer.php?view_id=10&clip_id=5471,Police Oversight Community Meeting Police Oversight Community Meeting,Police Oversight Community Meeting Police Oversight Community Meeting,fort-worth-tx-public-info-meetings
6540eef2dc2e,1f31fb1024d42844,https://fortworthgov.granicus.com/MediaPlayer.php?view_id=10&clip_id=4152,Redistricting 101 Redistricting 101,Redistricting 101 Redistricting 101,fort-worth-tx-public-info-meetings
6540eef2dc2e,1f898d57460022fe,bcdfd899-381c-11f1-bb28-005056a89546,"2026 Bond & Charter Public Education Meeting - Apr 13, 2026",2026 Bond & Charter Public Education Meeting,fort-worth-tx-public-info-meetings
6540eef2dc2e,1fa6c32fbebf52ba,https://fortworthgov.granicus.com/MediaPlayer.php?view_id=12&clip_id=5971,Future Downtown Library Community Report Future Downtown Library Community Report,Future Downtown Library Community Report Future Downtown Library Community Report,fort-worth-tx-public-info-meetings
6540eef2dc2e,1fd1300e6c819e04,https://fortworthgov.granicus.com/MediaPlayer.php?view_id=10&clip_id=4134,"AllianceAirport Authority, Inc. AllianceAirport Authority, Inc.","AllianceAirport Authority, Inc. AllianceAirport Authority, Inc.",fort-worth-tx-alliance-airport-authority
6540eef2dc2e,1fd21ea37e2df3ad,https://fortworthgov.granicus.com/MediaPlayer.php?view_id=12&clip_id=4407,Library Advisory Board Library Advisory Board,Library Advisory Board Library Advisory Board,fort-worth-tx-library-advisory-board
6540eef2dc2e,1fd802dc8d7e8041,https://fortworthgov.granicus.com/MediaPlayer.php?view_id=12&clip_id=1936,"Speaker's Podium - Robert Hinkle - North Tarrant Express - May 30, 2014 Speaker's Podium - Robert Hinkle - North Tarrant Express - May 30, 2014","Speaker's Podium - Robert Hinkle - North Tarrant Express - May 30, 2014 Speaker's Podium - Robert Hinkle - North Tarrant Express",fort-worth-tx-speakers-podium
6540eef2dc2e,1fe68b40c95be1c7,https://fortworthgov.granicus.com/MediaPlayer.php?view_id=11&clip_id=3608,COVID-19 Community Update (Spanish) COVID-19 Community Update (Spanish),COVID-19 Community Update (Spanish) COVID-19 Community Update (Spanish),fort-worth-tx-public-info-meetings
6540eef2dc2e,20167c94cf4cb823,https://fortworthgov.granicus.com/MediaPlayer.php?view_id=11&clip_id=3586,COVID-19 Community Update (English) COVID-19 Community Update (English),COVID-19 Community Update (English) COVID-19 Community Update (English),fort-worth-tx-public-info-meetings
6540eef2dc2e,206d3277cb53aa87,https://fortworthgov.granicus.com/MediaPlayer.php?view_id=12&clip_id=3996,Community Meeting For Shoreview Culvert Improvements Community Meeting For Shoreview Culvert Improvements,Community Meeting For Shoreview Culvert Improvements Community Meeting For Shoreview Culvert Improvements,fort-worth-tx-public-info-meetings
6540eef2dc2e,2075bd83a39f0b9c,https://fortworthgov.granicus.com/MediaPlayer.php?view_id=10&clip_id=5466,"Local Development Corporation of March 26, 2024 Local Development Corporation of March 26, 2024","Local Development Corporation of March 26, 2024 Local Development Corporation of March 26, 2024",fort-worth-tx-fort-worth-local-development-corporation
6540eef2dc2e,20924bca14b3cbb9,https://fortworthgov.granicus.com/MediaPlayer.php?view_id=12&clip_id=4311,Library Advisory Board Library Advisory Board,Library Advisory Board Library Advisory Board,fort-worth-tx-library-advisory-board
6540eef2dc2e,209808764a24b39c,https://fortworthgov.granicus.com/MediaPlayer.php?view_id=12&clip_id=4683,Mobility: Infrastructure and Transportation Committee & Neighborhood Quality and Revitalization Committee Mobility: Infrastructure and Transportation Committee & Neighborhood Quality and Revitalization Committee,Mobility: Infrastructure and Transportation Committee & Neighborhood Quality and Revitalization Committee Mobility: Infrastructure and Transportation Committee & Neighborhood Quality and Revitalization Committee,fort-worth-tx-infrastructure-and-growth-committee
6540eef2dc2e,209808764a24b39c,https://fortworthgov.granicus.com/MediaPlayer.php?view_id=12&clip_id=4683,Mobility: Infrastructure and Transportation Committee & Neighborhood Quality and Revitalization Committee Mobility: Infrastructure and Transportation Committee & Neighborhood Quality and Revitalization Committee,Mobility: Infrastructure and Transportation Committee & Neighborhood Quality and Revitalization Committee Mobility: Infrastructure and Transportation Committee & Neighborhood Quality and Revitalization Committee,fort-worth-tx-neighborhood-quality-and-revitalization-committee
6540eef2dc2e,209d914fecb42577,https://fortworthgov.granicus.com/MediaPlayer.php?view_id=12&clip_id=921,CITY MANAGER’S INFORMATIONAL OPEN HOUSE AND PUBLIC INPUT MEETING CITY MANAGER’S INFORMATIONAL OPEN HOUSE AND PUBLIC INPUT MEETING,CITY MANAGER’S INFORMATIONAL OPEN HOUSE AND PUBLIC INPUT MEETING CITY MANAGER’S INFORMATIONAL OPEN HOUSE AND PUBLIC INPUT MEETING,fort-worth-tx-public-info-meetings
6540eef2dc2e,20de904aafd15bcb,https://fortworthgov.granicus.com/MediaPlayer.php?view_id=10&clip_id=5758,"FW Local Development, Central City Local Goverment, and Research & Innovation Local Government Corporations FW Local Development, Central City Local Goverment, and Research & Innovation Local Government Corporations","FW Local Development, Central City Local Goverment, and Research & Innovation Local Government Corporations FW Local Development, Central City Local Goverment, and Research & Innovation Local Government Corporations",fort-worth-tx-research-and-innovation-local-government-corporation
6540eef2dc2e,2114e555d274377d,https://fortworthgov.granicus.com/MediaPlayer.php?view_id=10&clip_id=2879,Economic Development Strategic Plan Workshop Economic Development Strategic Plan Workshop,Economic Development Strategic Plan Workshop Economic Development Strategic Plan Workshop,fort-worth-tx-public-info-meetings
6540eef2dc2e,2170fe655c72c2c2,065eb0ac-b3dc-11ef-ab4b-005056a89546,"December 5, DDRB Meeting  - Dec 06, 2024","December 5, DDRB Meeting",fort-worth-tx-downtown-design-and-review-board
6540eef2dc2e,2191b5a4d5e59402,https://fortworthgov.granicus.com/MediaPlayer.php?view_id=12&clip_id=2676,"Speaker's Podium - Brandom Gengelbach, Fort Worth Chamber of Commerce - March 17, 2017 Speaker's Podium - Brandom Gengelbach, Fort Worth Chamber of Commerce - March 17, 2017","Speaker's Podium - Brandom Gengelbach, Fort Worth Chamber of Commerce - March 17, 2017 Speaker's Podium - Brandom Gengelbach, Fort Worth Chamber of Commerce",fort-worth-tx-speakers-podium
6540eef2dc2e,21daa397d56c5a83,https://fortworthgov.granicus.com/MediaPlayer.php?view_id=10&clip_id=2688,"Speaker's Podium - Mary J. Eisenhower, People To People International - March 31, 2017 Speaker's Podium - Mary J. Eisenhower, People To People International - March 31, 2017","Speaker's Podium - Mary J. Eisenhower, People To People International - March 31, 2017 Speaker's Podium - Mary J. Eisenhower, People To People International",fort-worth-tx-speakers-podium
6540eef2dc2e,21f6279e978205b7,https://fortworthgov.granicus.com/MediaPlayer.php?view_id=10&clip_id=4955,Entrepreneurship and Innovation Committee Entrepreneurship and Innovation Committee,Entrepreneurship and Innovation Committee Entrepreneurship and Innovation Committee,fort-worth-tx-entrepreneurship-and-innovation-committee
6540eef2dc2e,21f678a731055091,https://fortworthgov.granicus.com/MediaPlayer.php?view_id=12&clip_id=6354,District 9 FY2027 Budget Meeting District 9 FY2027 Budget Meeting,District 9 FY2027 Budget Meeting District 9 FY2027 Budget Meeting,fort-worth-tx-public-info-meetings
6540eef2dc2e,21feb1905bcb9bea,https://fortworthgov.granicus.com/MediaPlayer.php?view_id=12&clip_id=4178,Redistricting Task Force - Spanish Only Redistricting Task Force - Spanish Only,Redistricting Task Force - Spanish Only Redistricting Task Force - Spanish Only,fort-worth-tx-redistricting-task-force
6540eef2dc2e,229bd883708b6047,https://fortworthgov.granicus.com/MediaPlayer.php?view_id=12&clip_id=5013,Neighborhood Quality and Revitalization Committee Neighborhood Quality and Revitalization Committee,Neighborhood Quality and Revitalization Committee Neighborhood Quality and Revitalization Committee,fort-worth-tx-neighborhood-quality-and-revitalization-committee
6540eef2dc2e,22b41829988663ad,https://fortworthgov.granicus.com/MediaPlayer.php?view_id=12&clip_id=4011,"Animal Shelter Advisory Committee of October 14, 2020 Animal Shelter Advisory Committee of October 14, 2020","Animal Shelter Advisory Committee of October 14, 2020 Animal Shelter Advisory Committee of October 14, 2020",fort-worth-tx-animal-shelter-advisory-committee
6540eef2dc2e,2317d9da40b646e9,https://fortworthgov.granicus.com/MediaPlayer.php?view_id=12&clip_id=1867,HOUSING AND ECONOMIC DEVELOPMENT COMMITTEE HOUSING AND ECONOMIC DEVELOPMENT COMMITTEE,HOUSING AND ECONOMIC DEVELOPMENT COMMITTEE HOUSING AND ECONOMIC DEVELOPMENT COMMITTEE,fort-worth-tx-housing-and-economic-development-committee
6540eef2dc2e,23584612066896d4,https://fortworthgov.granicus.com/MediaPlayer.php?view_id=9&clip_id=4278,Aviation Advisory Board Aviation Advisory Board,Aviation Advisory Board Aviation Advisory Board,fort-worth-tx-aviation-advisory-board
6540eef2dc2e,2369c89e44c8c87d,https://fortworthgov.granicus.com/MediaPlayer.php?view_id=12&clip_id=3899,Park and Recreation Advisory Board Public Hearing Park and Recreation Advisory Board Public Hearing,Park and Recreation Advisory Board Public Hearing Park and Recreation Advisory Board Public Hearing,fort-worth-tx-park-and-recreation-advisory-board
6540eef2dc2e,236f92bbc4dcdbb5,https://fortworthgov.granicus.com/MediaPlayer.php?view_id=11&clip_id=5258,Ad Hoc Council Committee on Emergency Medical Response Ad Hoc Council Committee on Emergency Medical Response,Ad Hoc Council Committee on Emergency Medical Response Ad Hoc Council Committee on Emergency Medical Response,fort-worth-tx-ad-hoc-council-committee-on-emergency-medical-response
6540eef2dc2e,239b951fdc6a00f0,https://fortworthgov.granicus.com/MediaPlayer.php?view_id=10&clip_id=3580,COVID-19 Community Update (English) COVID-19 Community Update (English),COVID-19 Community Update (English) COVID-19 Community Update (English),fort-worth-tx-public-info-meetings
6540eef2dc2e,23dfbfa1bcbbeca5,https://fortworthgov.granicus.com/MediaPlayer.php?view_id=10&clip_id=5215,"CIAC of April 26, 2023 CIAC of April 26, 2023","CIAC of April 26, 2023 CIAC of April 26, 2023",fort-worth-tx-capital-improvements-advisory-committee
6540eef2dc2e,241b5a21d89085a5,https://fortworthgov.granicus.com/MediaPlayer.php?view_id=10&clip_id=4036,Community Meeting For University Drive Community Meeting For University Drive,Community Meeting For University Drive Community Meeting For University Drive,fort-worth-tx-public-info-meetings
6540eef2dc2e,243a56a5b5a115ea,https://fortworthgov.granicus.com/MediaPlayer.php?view_id=12&clip_id=2486,"Speaker's Podium - Jeff Williams, Mayor of Arlington - May 13, 2016 Speaker's Podium - Jeff Williams, Mayor of Arlington - May 13, 2016","Speaker's Podium - Jeff Williams, Mayor of Arlington - May 13, 2016 Speaker's Podium - Jeff Williams, Mayor of Arlington",fort-worth-tx-speakers-podium
6540eef2dc2e,248a2b1c1a8803c6,https://fortworthgov.granicus.com/MediaPlayer.php?view_id=10&clip_id=4422,Mayor's Committee on Persons with Disabilities Mayor's Committee on Persons with Disabilities,Mayor's Committee on Persons with Disabilities Mayor's Committee on Persons with Disabilities,fort-worth-tx-mayor-s-committee-on-persons-with-disabilities
6540eef2dc2e,24add1901766c589,https://fortworthgov.granicus.com/MediaPlayer.php?view_id=12&clip_id=2095,"Speaker's Podium - Brad Barnes - Fort Worth Stock Show & Rodeo - December 12, 2014 Speaker's Podium - Brad Barnes - Fort Worth Stock Show & Rodeo - December 12, 2014","Speaker's Podium - Brad Barnes - Fort Worth Stock Show & Rodeo - December 12, 2014 Speaker's Podium - Brad Barnes - Fort Worth Stock Show & Rodeo",fort-worth-tx-speakers-podium
6540eef2dc2e,24b5a97a6a0b49eb,https://fortworthgov.granicus.com/MediaPlayer.php?view_id=12&clip_id=4046,Pedestrian and Bicycle Advisory Committee Pedestrian and Bicycle Advisory Committee,Pedestrian and Bicycle Advisory Committee Pedestrian and Bicycle Advisory Committee,fort-worth-tx-pedestrian-and-bicycle-advisory-commission
6540eef2dc2e,24d3b12d333cbc44,https://fortworthgov.granicus.com/MediaPlayer.php?view_id=10&clip_id=1602,HOUSING AND ECONOMIC DEVELOPMENT COMMITTEE HOUSING AND ECONOMIC DEVELOPMENT COMMITTEE,HOUSING AND ECONOMIC DEVELOPMENT COMMITTEE HOUSING AND ECONOMIC DEVELOPMENT COMMITTEE,fort-worth-tx-housing-and-economic-development-committee
6540eef2dc2e,24f202d01d763a52,https://fortworthgov.granicus.com/MediaPlayer.php?view_id=12&clip_id=942,HOUSING AND ECONOMIC DEVELOPMENT COMMITTEE HOUSING AND ECONOMIC DEVELOPMENT COMMITTEE,HOUSING AND ECONOMIC DEVELOPMENT COMMITTEE HOUSING AND ECONOMIC DEVELOPMENT COMMITTEE,fort-worth-tx-housing-and-economic-development-committee
6540eef2dc2e,250ff5dab6db2f1d,https://fortworthgov.granicus.com/MediaPlayer.php?view_id=9&clip_id=5369,Ad Hoc Council Committee on Emergency Medical Response Ad Hoc Council Committee on Emergency Medical Response,Ad Hoc Council Committee on Emergency Medical Response Ad Hoc Council Committee on Emergency Medical Response,fort-worth-tx-ad-hoc-council-committee-on-emergency-medical-response
6540eef2dc2e,2514d758f7ec5133,https://fortworthgov.granicus.com/MediaPlayer.php?view_id=12&clip_id=1941,"Speaker's Podium - Joel Burns - Fort Worth City Council Member, District 9 - June 6, 2014 Speaker's Podium - Joel Burns - Fort Worth City Council Member, District 9 - June 6, 2014","Speaker's Podium - Joel Burns - Fort Worth City Council Member, District 9 - June 6, 2014 Speaker's Podium - Joel Burns - Fort Worth City Council Member, District 9",fort-worth-tx-speakers-podium
6540eef2dc2e,2586fd1746c0c0ee,https://fortworthgov.granicus.com/MediaPlayer.php?view_id=12&clip_id=4245,Park and Recreation Advisory Board Park and Recreation Advisory Board,Park and Recreation Advisory Board Park and Recreation Advisory Board,fort-worth-tx-park-and-recreation-advisory-board
6540eef2dc2e,261031244752ab1a,https://fortworthgov.granicus.com/MediaPlayer.php?view_id=12&clip_id=5121,District 6 Open House District 6 Open House,District 6 Open House District 6 Open House,fort-worth-tx-public-info-meetings
6540eef2dc2e,26312217c08e2cef,https://fortworthgov.granicus.com/MediaPlayer.php?view_id=12&clip_id=2547,"Speaker's Podium - Bishop Michael Olson, Catholic Diocese of Fort Worth - August 26, 2016 Speaker's Podium - Bishop Michael Olson, Catholic Diocese of Fort Worth - August 26, 2016","Speaker's Podium - Bishop Michael Olson, Catholic Diocese of Fort Worth - August 26, 2016 Speaker's Podium - Bishop Michael Olson, Catholic Diocese of Fort Worth",fort-worth-tx-speakers-podium
6540eef2dc2e,265b3fba7649b04c,https://fortworthgov.granicus.com/MediaPlayer.php?view_id=12&clip_id=3443,Police Monitor Public Forum Police Monitor Public Forum,Police Monitor Public Forum Police Monitor Public Forum,fort-worth-tx-public-info-meetings
6540eef2dc2e,27267e0edf00afa3,https://fortworthgov.granicus.com/MediaPlayer.php?view_id=12&clip_id=3092,Race and Culture Task Force Race and Culture Task Force,Race and Culture Task Force Race and Culture Task Force,fort-worth-tx-race-and-culture-task-force
6540eef2dc2e,272f2d41fe9d9ffa,https://fortworthgov.granicus.com/MediaPlayer.php?view_id=10&clip_id=4128,Art Commission Art Commission,Art Commission Art Commission,fort-worth-tx-public-art-commission
6540eef2dc2e,274734390e7421c6,https://fortworthgov.granicus.com/MediaPlayer.php?view_id=10&clip_id=3602,COVID-19 Community Update (English) COVID-19 Community Update (English),COVID-19 Community Update (English) COVID-19 Community Update (English),fort-worth-tx-public-info-meetings
6540eef2dc2e,276de54a24cfd597,https://fortworthgov.granicus.com/MediaPlayer.php?view_id=12&clip_id=3897,Sunset Heights Sidewalk Improvements Sunset Heights Sidewalk Improvements,Sunset Heights Sidewalk Improvements Sunset Heights Sidewalk Improvements,fort-worth-tx-public-info-meetings
6540eef2dc2e,27916f3a984bf84e,https://fortworthgov.granicus.com/MediaPlayer.php?view_id=10&clip_id=3960,Redistricting Task Force Demo Redistricting Task Force Demo,Redistricting Task Force Demo Redistricting Task Force Demo,fort-worth-tx-redistricting-task-force
6540eef2dc2e,27a894e758b3562c,d1174b88-fb60-11ef-ab6a-005056a89546,"March 6, DDRB - Mar 06, 2025","March 6, DDRB",fort-worth-tx-downtown-design-and-review-board
6540eef2dc2e,27e74b5562331026,https://fortworthgov.granicus.com/MediaPlayer.php?view_id=10&clip_id=1642,T Board Meeting T Board Meeting,T Board Meeting T Board Meeting,fort-worth-tx-trinity-metro-board
6540eef2dc2e,280183a952a02774,https://fortworthgov.granicus.com/MediaPlayer.php?view_id=12&clip_id=6364,District 8 FY2027 Budget Meeting District 8 FY2027 Budget Meeting,District 8 FY2027 Budget Meeting District 8 FY2027 Budget Meeting,fort-worth-tx-public-info-meetings
6540eef2dc2e,285bf06db7b09013,https://fortworthgov.granicus.com/MediaPlayer.php?view_id=10&clip_id=4068,Park and Recreation Advisory Board Park and Recreation Advisory Board,Park and Recreation Advisory Board Park and Recreation Advisory Board,fort-worth-tx-park-and-recreation-advisory-board
6540eef2dc2e,28b7fda87582bb02,https://fortworthgov.granicus.com/MediaPlayer.php?view_id=12&clip_id=4756,Bond Election Public Meeting Part 1 Bond Election Public Meeting Part 1,Bond Election Public Meeting Part 1 Bond Election Public Meeting Part 1,fort-worth-tx-public-info-meetings
6540eef2dc2e,28cbee51f5a4339e,https://fortworthgov.granicus.com/MediaPlayer.php?view_id=12&clip_id=4362,Park and Recreation Advisory Board Park and Recreation Advisory Board,Park and Recreation Advisory Board Park and Recreation Advisory Board,fort-worth-tx-park-and-recreation-advisory-board
6540eef2dc2e,28ee0b76c9f657b7,37a6fee8-16c4-11ee-aabb-0050569183fa,"April Downtown Design Review Board  - Apr 06, 2023",April Downtown Design Review Board,fort-worth-tx-downtown-design-and-review-board
6540eef2dc2e,291db191b3ab165e,https://fortworthgov.granicus.com/MediaPlayer.php?view_id=9&clip_id=5322,Ad Hoc Council Committee on Emergency Medical Response Ad Hoc Council Committee on Emergency Medical Response,Ad Hoc Council Committee on Emergency Medical Response Ad Hoc Council Committee on Emergency Medical Response,fort-worth-tx-ad-hoc-council-committee-on-emergency-medical-response
6540eef2dc2e,2930f397335cebda,https://fortworthgov.granicus.com/MediaPlayer.php?view_id=10&clip_id=6257,Floodplain Management Plan Public Meeting Floodplain Management Plan Public Meeting,Floodplain Management Plan Public Meeting Floodplain Management Plan Public Meeting,fort-worth-tx-public-info-meetings
6540eef2dc2e,2942b860c78b2095,https://fortworthgov.granicus.com/MediaPlayer.php?view_id=10&clip_id=6143,Capital Improvements Advisory Committee Capital Improvements Advisory Committee,Capital Improvements Advisory Committee Capital Improvements Advisory Committee,fort-worth-tx-capital-improvements-advisory-committee
6540eef2dc2e,29758d918e255c5e,https://fortworthgov.granicus.com/MediaPlayer.php?view_id=12&clip_id=4529,District 9 Town Hall Meeting District 9 Town Hall Meeting,District 9 Town Hall Meeting District 9 Town Hall Meeting,fort-worth-tx-public-info-meetings
6540eef2dc2e,29b2aeae3bc596f4,5e8da7f2-486b-4b81-8507-5115efa606e5,"Ad Hoc Council Committee on Emergency Medical Response - Feb 06, 2024",Ad Hoc Council Committee on Emergency Medical Response,fort-worth-tx-ad-hoc-council-committee-on-emergency-medical-response
6540eef2dc2e,29ce8d3e3f25f687,https://fortworthgov.granicus.com/MediaPlayer.php?view_id=12&clip_id=6354,District 9 Budget Meeting District 9 Budget Meeting,District 9 Budget Meeting District 9 Budget Meeting,fort-worth-tx-public-info-meetings
6540eef2dc2e,29f672d4b9cd99e8,https://fortworthgov.granicus.com/MediaPlayer.php?view_id=12&clip_id=5410,"Evans & Rosedale Community Meeting of February 7, 2024 Evans & Rosedale Community Meeting of February 7, 2024","Evans & Rosedale Community Meeting of February 7, 2024 Evans & Rosedale Community Meeting of February 7, 2024",fort-worth-tx-public-info-meetings
6540eef2dc2e,2a05853184741130,https://fortworthgov.granicus.com/MediaPlayer.php?view_id=11&clip_id=3562,COVID-19 Press Conference COVID-19 Press Conference,COVID-19 Press Conference COVID-19 Press Conference,fort-worth-tx-public-info-meetings
6540eef2dc2e,2a178a644b27d24c,https://fortworthgov.granicus.com/MediaPlayer.php?view_id=12&clip_id=5351,Research and Innovation Local Government Corporation Research and Innovation Local Government Corporation,Research and Innovation Local Government Corporation Research and Innovation Local Government Corporation,fort-worth-tx-research-and-innovation-local-government-corporation
6540eef2dc2e,2a2319b75772fc94,https://fortworthgov.granicus.com/MediaPlayer.php?view_id=11&clip_id=3610,COVID-19 Community Update (Spanish) COVID-19 Community Update (Spanish),COVID-19 Community Update (Spanish) COVID-19 Community Update (Spanish),fort-worth-tx-public-info-meetings
6540eef2dc2e,2a340416e6d34625,https://fortworthgov.granicus.com/MediaPlayer.php?view_id=10&clip_id=6014,Help Build Our Future District 9 Bond Meeting Help Build Our Future District 9 Bond Meeting,Help Build Our Future District 9 Bond Meeting Help Build Our Future District 9 Bond Meeting,fort-worth-tx-public-info-meetings
6540eef2dc2e,2a49cb3dc17afa1e,https://fortworthgov.granicus.com/MediaPlayer.php?view_id=12&clip_id=1091,HOUSING AND ECONOMIC DEVELOPMENT COMMITTEE HOUSING AND ECONOMIC DEVELOPMENT COMMITTEE,HOUSING AND ECONOMIC DEVELOPMENT COMMITTEE HOUSING AND ECONOMIC DEVELOPMENT COMMITTEE,fort-worth-tx-housing-and-economic-development-committee
6540eef2dc2e,2b36ed653f26d38f,https://fortworthgov.granicus.com/MediaPlayer.php?view_id=12&clip_id=5997,"LDC, CCLGC, RILGC, FWHFC LDC, CCLGC, RILGC, FWHFC","LDC, CCLGC, RILGC, FWHFC LDC, CCLGC, RILGC, FWHFC",fort-worth-tx-central-city-local-government-corporation
6540eef2dc2e,2b36ed653f26d38f,https://fortworthgov.granicus.com/MediaPlayer.php?view_id=12&clip_id=5997,"LDC, CCLGC, RILGC, FWHFC LDC, CCLGC, RILGC, FWHFC","LDC, CCLGC, RILGC, FWHFC LDC, CCLGC, RILGC, FWHFC",fort-worth-tx-fort-worth-local-development-corporation
6540eef2dc2e,2b36ed653f26d38f,https://fortworthgov.granicus.com/MediaPlayer.php?view_id=12&clip_id=5997,"LDC, CCLGC, RILGC, FWHFC LDC, CCLGC, RILGC, FWHFC","LDC, CCLGC, RILGC, FWHFC LDC, CCLGC, RILGC, FWHFC",fort-worth-tx-research-and-innovation-local-government-corporation
6540eef2dc2e,2b3f8693225ffcc6,https://fortworthgov.granicus.com/MediaPlayer.php?view_id=10&clip_id=4757,Bond Election Public Meeting Part 2 Bond Election Public Meeting Part 2,Bond Election Public Meeting Part 2 Bond Election Public Meeting Part 2,fort-worth-tx-public-info-meetings
6540eef2dc2e,2bd6bf09271415bd,https://fortworthgov.granicus.com/MediaPlayer.php?view_id=10&clip_id=6365,District 11 FY2027 Budget Meeting District 11 FY2027 Budget Meeting,District 11 FY2027 Budget Meeting District 11 FY2027 Budget Meeting,fort-worth-tx-public-info-meetings
6540eef2dc2e,2c16a93be335979e,https://fortworthgov.granicus.com/MediaPlayer.php?view_id=12&clip_id=5368,Local Development Corporation Local Development Corporation,Local Development Corporation Local Development Corporation,fort-worth-tx-fort-worth-local-development-corporation
6540eef2dc2e,2c4485921e2a56ae,https://fortworthgov.granicus.com/MediaPlayer.php?view_id=11&clip_id=3560,COVID-19 Community Update (English) COVID-19 Community Update (English),COVID-19 Community Update (English) COVID-19 Community Update (English),fort-worth-tx-public-info-meetings
6540eef2dc2e,2c4eab815e8e0173,https://fortworthgov.granicus.com/MediaPlayer.php?view_id=10&clip_id=5187,"City of Fort Worth summer heat messaging overview of June 22, 2023 City of Fort Worth summer heat messaging overview of June 22, 2023","City of Fort Worth summer heat messaging overview of June 22, 2023 City of Fort Worth summer heat messaging overview of June 22, 2023",fort-worth-tx-public-info-meetings
6540eef2dc2e,2c895d45ca7493a9,https://fortworthgov.granicus.com/MediaPlayer.php?view_id=12&clip_id=5950,District 8 Budget Meeting District 8 Budget Meeting,District 8 Budget Meeting District 8 Budget Meeting,fort-worth-tx-public-info-meetings
6540eef2dc2e,2c9f68838c105e48,https://fortworthgov.granicus.com/MediaPlayer.php?view_id=12&clip_id=6366,District 2 FY2027 Budget Meeting District 2 FY2027 Budget Meeting,District 2 FY2027 Budget Meeting District 2 FY2027 Budget Meeting,fort-worth-tx-public-info-meetings
6540eef2dc2e,2cbb443c003a045c,https://fortworthgov.granicus.com/MediaPlayer.php?view_id=10&clip_id=4240,"AllianceAirport Authority, Inc. AllianceAirport Authority, Inc.","AllianceAirport Authority, Inc. AllianceAirport Authority, Inc.",fort-worth-tx-alliance-airport-authority
6540eef2dc2e,2ce828a60b9e53ee,https://fortworthgov.granicus.com/MediaPlayer.php?view_id=10&clip_id=6026,Help Build Our Future District 10 Bond Meeting Help Build Our Future District 10 Bond Meeting,Help Build Our Future District 10 Bond Meeting Help Build Our Future District 10 Bond Meeting,fort-worth-tx-public-info-meetings
6540eef2dc2e,2ceec4bed4fca5fd,https://fortworthgov.granicus.com/MediaPlayer.php?view_id=11&clip_id=3636,COVID-19 Community Update (English) COVID-19 Community Update (English),COVID-19 Community Update (English) COVID-19 Community Update (English),fort-worth-tx-public-info-meetings
6540eef2dc2e,2cf284f4ff507f3b,https://fortworthgov.granicus.com/MediaPlayer.php?view_id=10&clip_id=3856,"Budget Meeting of August 17, 2020 Budget Meeting of August 17, 2020","Budget Meeting of August 17, 2020 Budget Meeting of August 17, 2020",fort-worth-tx-public-info-meetings
6540eef2dc2e,2d86ae6ee2f2618f,https://fortworthgov.granicus.com/MediaPlayer.php?view_id=10&clip_id=6259,Capital Improvements Advisory Committee Capital Improvements Advisory Committee,Capital Improvements Advisory Committee Capital Improvements Advisory Committee,fort-worth-tx-capital-improvements-advisory-committee
6540eef2dc2e,2e396f36dca27507,https://fortworthgov.granicus.com/MediaPlayer.php?view_id=10&clip_id=5212,"CIAC of April 27, 2022 CIAC of April 27, 2022","CIAC of April 27, 2022 CIAC of April 27, 2022",fort-worth-tx-capital-improvements-advisory-committee
6540eef2dc2e,2e3af8b0cddbd8a1,https://fortworthgov.granicus.com/MediaPlayer.php?view_id=10&clip_id=4107,Library Advisory Board Library Advisory Board,Library Advisory Board Library Advisory Board,fort-worth-tx-library-advisory-board
6540eef2dc2e,2e87d3c31f8aa66a,https://fortworthgov.granicus.com/MediaPlayer.php?view_id=10&clip_id=5683,"Fort Worth Local Development Corporation, Research and Innovation Local Government Corporation, and Fort Worth Housing Finance Corporation Fort Worth Local Development Corporation, Research and Innovation Local Government Corporation, and Fort Worth Housing Finance Corporation","Fort Worth Local Development Corporation, Research and Innovation Local Government Corporation, and Fort Worth Housing Finance Corporation Fort Worth Local Development Corporation, Research and Innovation Local Government Corporation, and Fort Worth Housing Finance Corporation",fort-worth-tx-research-and-innovation-local-government-corporation
6540eef2dc2e,2e8d66f2157c5667,https://fortworthgov.granicus.com/MediaPlayer.php?view_id=10&clip_id=4092,Fort Worth Sports Authority Fort Worth Sports Authority,Fort Worth Sports Authority Fort Worth Sports Authority,fort-worth-tx-fort-worth-sports-authority
6540eef2dc2e,2ea2cb607b5609a8,https://fortworthgov.granicus.com/MediaPlayer.php?view_id=10&clip_id=4514,Fort Worth Sports Authority Fort Worth Sports Authority,Fort Worth Sports Authority Fort Worth Sports Authority,fort-worth-tx-fort-worth-sports-authority
6540eef2dc2e,2ea3b644f0b24310,https://fortworthgov.granicus.com/MediaPlayer.php?view_id=10&clip_id=1107,HOUSING AND ECONOMIC DEVELOPMENT COMMITTEE HOUSING AND ECONOMIC DEVELOPMENT COMMITTEE,HOUSING AND ECONOMIC DEVELOPMENT COMMITTEE HOUSING AND ECONOMIC DEVELOPMENT COMMITTEE,fort-worth-tx-housing-and-economic-development-committee
6540eef2dc2e,2eb50f4eb6b8615e,https://fortworthgov.granicus.com/MediaPlayer.php?view_id=10&clip_id=5627,Capitol Improvements Advisory Committee (CIAC) Capitol Improvements Advisory Committee (CIAC),Capitol Improvements Advisory Committee (CIAC) Capitol Improvements Advisory Committee (CIAC),fort-worth-tx-capital-improvements-advisory-committee
6540eef2dc2e,2f1164478f70dd59,https://fortworthgov.granicus.com/MediaPlayer.php?view_id=9&clip_id=5396,Ad Hoc Council Committee on Emergency Medical Response Ad Hoc Council Committee on Emergency Medical Response,Ad Hoc Council Committee on Emergency Medical Response Ad Hoc Council Committee on Emergency Medical Response,fort-worth-tx-ad-hoc-council-committee-on-emergency-medical-response
6540eef2dc2e,30023465ab5c87c6,https://fortworthgov.granicus.com/MediaPlayer.php?view_id=10&clip_id=5947,District 5 Budget Meeting District 5 Budget Meeting,District 5 Budget Meeting District 5 Budget Meeting,fort-worth-tx-public-info-meetings
6540eef2dc2e,304f707b9dd63255,https://fortworthgov.granicus.com/MediaPlayer.php?view_id=12&clip_id=3907,District 6 Town Hall District 6 Town Hall,District 6 Town Hall District 6 Town Hall,fort-worth-tx-public-info-meetings
6540eef2dc2e,31840bea7ff3e691,https://fortworthgov.granicus.com/MediaPlayer.php?view_id=12&clip_id=5911,"Police Chief Finalists Public Forum of August 14, 2025 Police Chief Finalists Public Forum of August 14, 2025","Police Chief Finalists Public Forum of August 14, 2025 Police Chief Finalists Public Forum of August 14, 2025",fort-worth-tx-public-info-meetings
6540eef2dc2e,3200bbe4827c820b,https://fortworthgov.granicus.com/MediaPlayer.php?view_id=12&clip_id=2201,"Speaker's Podium - Andrea Green - CEO, Community Hospice of Texas - April 24, 2015 Speaker's Podium - Andrea Green - CEO, Community Hospice of Texas - April 24, 2015","Speaker's Podium - Andrea Green - CEO, Community Hospice of Texas - April 24, 2015 Speaker's Podium - Andrea Green - CEO, Community Hospice of Texas",fort-worth-tx-speakers-podium
6540eef2dc2e,320eb01e83fdb079,https://fortworthgov.granicus.com/MediaPlayer.php?view_id=10&clip_id=2078,"Speaker's Podium - Ross Ramsey - Texas Tribune - November 14, 2014 Speaker's Podium - Ross Ramsey - Texas Tribune - November 14, 2014","Speaker's Podium - Ross Ramsey - Texas Tribune - November 14, 2014 Speaker's Podium - Ross Ramsey - Texas Tribune",fort-worth-tx-speakers-podium
6540eef2dc2e,323a52940037ac12,https://fortworthgov.granicus.com/MediaPlayer.php?view_id=12&clip_id=4346,Art Commission Art Commission,Art Commission Art Commission,fort-worth-tx-public-art-commission
6540eef2dc2e,3251246633d4c889,https://fortworthgov.granicus.com/MediaPlayer.php?view_id=10&clip_id=3603,COVID-19 Community Update (Spanish) COVID-19 Community Update (Spanish),COVID-19 Community Update (Spanish) COVID-19 Community Update (Spanish),fort-worth-tx-public-info-meetings
6540eef2dc2e,327fe2335978a61b,https://fortworthgov.granicus.com/MediaPlayer.php?view_id=12&clip_id=4948,State Of the City 2022 State Of the City 2022,State Of the City 2022 State Of the City 2022,fort-worth-tx-public-info-meetings
6540eef2dc2e,329fc45e1e10eabe,https://fortworthgov.granicus.com/MediaPlayer.php?view_id=12&clip_id=1279,HOUSING AND ECONOMIC DEVELOPMENT COMMITTEE HOUSING AND ECONOMIC DEVELOPMENT COMMITTEE,HOUSING AND ECONOMIC DEVELOPMENT COMMITTEE HOUSING AND ECONOMIC DEVELOPMENT COMMITTEE,fort-worth-tx-housing-and-economic-development-committee
6540eef2dc2e,33301be9674469e0,https://fortworthgov.granicus.com/MediaPlayer.php?view_id=12&clip_id=5046,"Progress Update - Evans & Rosedale Project meeting of January 19, 2023 Progress Update - Evans & Rosedale Project meeting of January 19, 2023","Progress Update - Evans & Rosedale Project meeting of January 19, 2023 Progress Update - Evans & Rosedale Project meeting of January 19, 2023",fort-worth-tx-public-info-meetings
6540eef2dc2e,3342d326629f8e2e,3b8d521b-2760-11f0-9f54-005056a89546,"May 1, DDRB Meeting - May 01, 2025","May 1, DDRB Meeting",fort-worth-tx-downtown-design-and-review-board
6540eef2dc2e,3343914078036ea4,https://fortworthgov.granicus.com/MediaPlayer.php?view_id=11&clip_id=3602,COVID-19 Community Update (English) COVID-19 Community Update (English),COVID-19 Community Update (English) COVID-19 Community Update (English),fort-worth-tx-public-info-meetings
6540eef2dc2e,341d7711ff030cb0,https://fortworthgov.granicus.com/MediaPlayer.php?view_id=12&clip_id=4218,Library Advisory Board Library Advisory Board,Library Advisory Board Library Advisory Board,fort-worth-tx-library-advisory-board
6540eef2dc2e,3427dc6a872c8aef,4131657c-c6a6-11ee-8fe8-0050569183fa,"November 9, DDRB Meeting  - Feb 08, 2024","November 9, DDRB Meeting",fort-worth-tx-downtown-design-and-review-board
6540eef2dc2e,342fd2169a653054,https://fortworthgov.granicus.com/MediaPlayer.php?view_id=12&clip_id=4797,"OPOM Community Conversation, May 5, 2022 OPOM Community Conversation, May 5, 2022","OPOM Community Conversation, May 5, 2022 OPOM Community Conversation, May 5, 2022",fort-worth-tx-public-info-meetings
6540eef2dc2e,3432da634351660e,https://fortworthgov.granicus.com/MediaPlayer.php?view_id=10&clip_id=4076,Community Meeting For Greater Northside Infrastructure Improvements Community Meeting For Greater Northside Infrastructure Improvements,Community Meeting For Greater Northside Infrastructure Improvements Community Meeting For Greater Northside Infrastructure Improvements,fort-worth-tx-public-info-meetings
6540eef2dc2e,3456b902c30cbf58,https://fortworthgov.granicus.com/MediaPlayer.php?view_id=10&clip_id=4649,Redistricting Task Force Redistricting Task Force,Redistricting Task Force Redistricting Task Force,fort-worth-tx-redistricting-task-force
6540eef2dc2e,345e1fed751a0f54,https://fortworthgov.granicus.com/MediaPlayer.php?view_id=10&clip_id=4160,Fort Worth Art Commission Fort Worth Art Commission,Fort Worth Art Commission Fort Worth Art Commission,fort-worth-tx-public-art-commission
6540eef2dc2e,346b09de10e3c5e5,https://fortworthgov.granicus.com/MediaPlayer.php?view_id=11&clip_id=3614,COVID-19 Community Update (English) COVID-19 Community Update (English),COVID-19 Community Update (English) COVID-19 Community Update (English),fort-worth-tx-public-info-meetings
6540eef2dc2e,347db331b9ea0e33,https://fortworthgov.granicus.com/MediaPlayer.php?view_id=12&clip_id=4318,Mayors Committee on Persons with Disabilities Mayors Committee on Persons with Disabilities,Mayors Committee on Persons with Disabilities Mayors Committee on Persons with Disabilities,fort-worth-tx-mayor-s-committee-on-persons-with-disabilities
6540eef2dc2e,352ebe555861b884,https://fortworthgov.granicus.com/MediaPlayer.php?view_id=10&clip_id=4467,Fort Worth Art Commission Fort Worth Art Commission,Fort Worth Art Commission Fort Worth Art Commission,fort-worth-tx-public-art-commission
6540eef2dc2e,3531a9a297583152,https://fortworthgov.granicus.com/MediaPlayer.php?view_id=10&clip_id=4047,Human Relations Commission Human Relations Commission,Human Relations Commission Human Relations Commission,fort-worth-tx-human-relations-commission
6540eef2dc2e,356e26453902b423,https://fortworthgov.granicus.com/MediaPlayer.php?view_id=10&clip_id=4544,"Tax Foreclosed Property meeting, September 18, 2021 Tax Foreclosed Property meeting, September 18, 2021","Tax Foreclosed Property meeting, September 18, 2021 Tax Foreclosed Property meeting, September 18, 2021",fort-worth-tx-public-info-meetings
6540eef2dc2e,35fdac09311fdcb7,https://fortworthgov.granicus.com/MediaPlayer.php?view_id=10&clip_id=4755,Entrepreneurship and Innovation Committee Entrepreneurship and Innovation Committee,Entrepreneurship and Innovation Committee Entrepreneurship and Innovation Committee,fort-worth-tx-entrepreneurship-and-innovation-committee
6540eef2dc2e,3613508efff74a3e,https://fortworthgov.granicus.com/MediaPlayer.php?view_id=10&clip_id=1646,T Board Meeting T Board Meeting,T Board Meeting T Board Meeting,fort-worth-tx-trinity-metro-board
6540eef2dc2e,363dd8d62d82f14c,https://fortworthgov.granicus.com/MediaPlayer.php?view_id=12&clip_id=4530,District 3 Town Hall Meeting District 3 Town Hall Meeting,District 3 Town Hall Meeting District 3 Town Hall Meeting,fort-worth-tx-public-info-meetings
6540eef2dc2e,3647e215212b8731,https://fortworthgov.granicus.com/MediaPlayer.php?view_id=12&clip_id=6366,District 2 FY2027 Budget Meeting District 2 FY2027 Budget Meeting,District 2 FY2027 Budget Meeting District 2 FY2027 Budget Meeting,fort-worth-tx-public-info-meetings
6540eef2dc2e,36a47f9d9e232cba,https://fortworthgov.granicus.com/MediaPlayer.php?view_id=10&clip_id=3904,Pedestrian and Bicycle Advisory Commission Pedestrian and Bicycle Advisory Commission,Pedestrian and Bicycle Advisory Commission Pedestrian and Bicycle Advisory Commission,fort-worth-tx-pedestrian-and-bicycle-advisory-commission
6540eef2dc2e,3710db8bfd0d470a,https://fortworthgov.granicus.com/MediaPlayer.php?view_id=10&clip_id=5284,"Fort Worth Local Development Corporation, Research and Innovation Local Government Corporation, and Legislative Affairs Committee Fort Worth Local Development Corporation, Research and Innovation Local Government Corporation, and Legislative Affairs Committee","Fort Worth Local Development Corporation, Research and Innovation Local Government Corporation, and Legislative Affairs Committee Fort Worth Local Development Corporation, Research and Innovation Local Government Corporation, and Legislative Affairs Committee",fort-worth-tx-research-and-innovation-local-government-corporation
6540eef2dc2e,373e7a5e40c9a81e,https://fortworthgov.granicus.com/MediaPlayer.php?view_id=10&clip_id=5922,District 10 Budget Meeting District 10 Budget Meeting,District 10 Budget Meeting District 10 Budget Meeting,fort-worth-tx-public-info-meetings
6540eef2dc2e,37759a9daabf9406,https://fortworthgov.granicus.com/MediaPlayer.php?view_id=10&clip_id=4956,Neighborhood Quality and Revitalization Committee Neighborhood Quality and Revitalization Committee,Neighborhood Quality and Revitalization Committee Neighborhood Quality and Revitalization Committee,fort-worth-tx-neighborhood-quality-and-revitalization-committee
6540eef2dc2e,378e9eac11d89b4d,https://fortworthgov.granicus.com/MediaPlayer.php?view_id=11&clip_id=3594,COVID-19 Community Update (English) COVID-19 Community Update (English),COVID-19 Community Update (English) COVID-19 Community Update (English),fort-worth-tx-public-info-meetings
6540eef2dc2e,37c1e288a9d991f4,https://fortworthgov.granicus.com/MediaPlayer.php?view_id=10&clip_id=3092,Race and Culture Task Force Race and Culture Task Force,Race and Culture Task Force Race and Culture Task Force,fort-worth-tx-race-and-culture-task-force
6540eef2dc2e,380d3b0b2eeb532d,https://fortworthgov.granicus.com/MediaPlayer.php?view_id=12&clip_id=4978,Entrepreneurship and Innovation Committee Entrepreneurship and Innovation Committee,Entrepreneurship and Innovation Committee Entrepreneurship and Innovation Committee,fort-worth-tx-entrepreneurship-and-innovation-committee
6540eef2dc2e,3847e5b5fe0e7473,https://fortworthgov.granicus.com/MediaPlayer.php?view_id=10&clip_id=3036,Race anc Culture Task Force Race anc Culture Task Force,Race anc Culture Task Force Race anc Culture Task Force,fort-worth-tx-race-and-culture-task-force
6540eef2dc2e,385f48ad745addde,https://fortworthgov.granicus.com/MediaPlayer.php?view_id=10&clip_id=2486,"Speaker's Podium - Jeff Williams, Mayor of Arlington - May 13, 2016 Speaker's Podium - Jeff Williams, Mayor of Arlington - May 13, 2016","Speaker's Podium - Jeff Williams, Mayor of Arlington - May 13, 2016 Speaker's Podium - Jeff Williams, Mayor of Arlington",fort-worth-tx-speakers-podium
6540eef2dc2e,395b82d842d5bad3,https://fortworthgov.granicus.com/MediaPlayer.php?view_id=10&clip_id=3682,Ad Hoc Municipal Court Advisory Committee Ad Hoc Municipal Court Advisory Committee,Ad Hoc Municipal Court Advisory Committee Ad Hoc Municipal Court Advisory Committee,fort-worth-tx-ad-hoc-municipal-court-advisory-committee
6540eef2dc2e,39f34180a8ac4f0c,https://fortworthgov.granicus.com/MediaPlayer.php?view_id=10&clip_id=4878,Entrepreneurship and Innovation Committee Entrepreneurship and Innovation Committee,Entrepreneurship and Innovation Committee Entrepreneurship and Innovation Committee,fort-worth-tx-entrepreneurship-and-innovation-committee
6540eef2dc2e,3a3ff477ec35f844,https://fortworthgov.granicus.com/MediaPlayer.php?view_id=12&clip_id=3868,District 8 Town Hall - 2021 Budget District 8 Town Hall - 2021 Budget,District 8 Town Hall - 2021 Budget District 8 Town Hall - 2021 Budget,fort-worth-tx-public-info-meetings
6540eef2dc2e,3ab7c14e68a4512b,https://fortworthgov.granicus.com/MediaPlayer.php?view_id=10&clip_id=5528,Neighborhood Quality and Revitalization Committee Neighborhood Quality and Revitalization Committee,Neighborhood Quality and Revitalization Committee Neighborhood Quality and Revitalization Committee,fort-worth-tx-neighborhood-quality-and-revitalization-committee
6540eef2dc2e,3ac049c71665d252,https://fortworthgov.granicus.com/MediaPlayer.php?view_id=10&clip_id=6362,District 7 FY2027 Budget Meeting District 7 FY2027 Budget Meeting,District 7 FY2027 Budget Meeting District 7 FY2027 Budget Meeting,fort-worth-tx-public-info-meetings
6540eef2dc2e,3af36383897d3c27,https://fortworthgov.granicus.com/MediaPlayer.php?view_id=12&clip_id=5924,"Police Chief Press Conference | August 22, 2025 Police Chief Press Conference | August 22, 2025","Police Chief Press Conference | August 22, 2025 Police Chief Press Conference | August 22, 2025",fort-worth-tx-public-info-meetings
6540eef2dc2e,3b23d5ef75b7e502,https://fortworthgov.granicus.com/MediaPlayer.php?view_id=12&clip_id=3957,Park and Recreation Advisory Board Park and Recreation Advisory Board,Park and Recreation Advisory Board Park and Recreation Advisory Board,fort-worth-tx-park-and-recreation-advisory-board
6540eef2dc2e,3b4478e780d2d6ab,https://fortworthgov.granicus.com/MediaPlayer.php?view_id=10&clip_id=6398,Northwest Fort Worth Town Hall Northwest Fort Worth Town Hall,Northwest Fort Worth Town Hall Northwest Fort Worth Town Hall,fort-worth-tx-public-info-meetings
6540eef2dc2e,3b48f19b7a872737,https://fortworthgov.granicus.com/MediaPlayer.php?view_id=12&clip_id=1077,HOUSING AND ECONOMIC DEVELOPMENT COMMITTEE HOUSING AND ECONOMIC DEVELOPMENT COMMITTEE,HOUSING AND ECONOMIC DEVELOPMENT COMMITTEE HOUSING AND ECONOMIC DEVELOPMENT COMMITTEE,fort-worth-tx-housing-and-economic-development-committee
6540eef2dc2e,3bd1486132c0535c,c45af53f-16bf-11ee-aabb-0050569183fa,"February Downtown Design Review Board - Feb 09, 2023",February Downtown Design Review Board,fort-worth-tx-downtown-design-and-review-board
6540eef2dc2e,3c32dc91c7992992,https://fortworthgov.granicus.com/MediaPlayer.php?view_id=12&clip_id=5745,Local Development Corporation Local Development Corporation,Local Development Corporation Local Development Corporation,fort-worth-tx-fort-worth-local-development-corporation
6540eef2dc2e,3c331a743aa196a7,https://fortworthgov.granicus.com/MediaPlayer.php?view_id=11&clip_id=3595,COVID-19 Community Update (Spanish) COVID-19 Community Update (Spanish),COVID-19 Community Update (Spanish) COVID-19 Community Update (Spanish),fort-worth-tx-public-info-meetings
6540eef2dc2e,3c3c64f5084d36cd,https://fortworthgov.granicus.com/MediaPlayer.php?view_id=12&clip_id=1329,HOUSING AND ECONOMIC DEVELOPMENT COMMITTEE HOUSING AND ECONOMIC DEVELOPMENT COMMITTEE,HOUSING AND ECONOMIC DEVELOPMENT COMMITTEE HOUSING AND ECONOMIC DEVELOPMENT COMMITTEE,fort-worth-tx-housing-and-economic-development-committee
6540eef2dc2e,3c4dc3d2d7959c6c,https://fortworthgov.granicus.com/MediaPlayer.php?view_id=10&clip_id=2592,"Speaker's Podium - J.D. Granger, Trinity River Vision Authority - November 4, 2016 Speaker's Podium - J.D. Granger, Trinity River Vision Authority - November 4, 2016","Speaker's Podium - J.D. Granger, Trinity River Vision Authority - November 4, 2016 Speaker's Podium - J.D. Granger, Trinity River Vision Authority",fort-worth-tx-speakers-podium
6540eef2dc2e,3c70d13a9cd32b41,https://fortworthgov.granicus.com/MediaPlayer.php?view_id=12&clip_id=4532,District 2 Town Hall Meeting District 2 Town Hall Meeting,District 2 Town Hall Meeting District 2 Town Hall Meeting,fort-worth-tx-public-info-meetings
6540eef2dc2e,3c91718f428ba2ab,https://fortworthgov.granicus.com/MediaPlayer.php?view_id=10&clip_id=3380,"Public Forum: Candidates for Diversity and Inclusion Director of October 28, 2019 Public Forum: Candidates for Diversity and Inclusion Director of October 28, 2019","Public Forum: Candidates for Diversity and Inclusion Director of October 28, 2019 Public Forum: Candidates for Diversity and Inclusion Director of October 28, 2019",fort-worth-tx-public-info-meetings
6540eef2dc2e,3cbadaeb13696901,https://fortworthgov.granicus.com/MediaPlayer.php?view_id=12&clip_id=4015,Minority And Women Business Enterprise Advisory Committee Minority And Women Business Enterprise Advisory Committee,Minority And Women Business Enterprise Advisory Committee Minority And Women Business Enterprise Advisory Committee,fort-worth-tx-minority-and-women-business-enterprise-advisory-committee
6540eef2dc2e,3d347d95a1ada2a9,https://fortworthgov.granicus.com/MediaPlayer.php?view_id=12&clip_id=5237,"Convention Center District Expansion Town Hall Meeting of August 9, 2023 Convention Center District Expansion Town Hall Meeting of August 9, 2023","Convention Center District Expansion Town Hall Meeting of August 9, 2023 Convention Center District Expansion Town Hall Meeting of August 9, 2023",fort-worth-tx-public-info-meetings
6540eef2dc2e,3d8e82c89c898931,https://fortworthgov.granicus.com/MediaPlayer.php?view_id=10&clip_id=4046,Pedestrian and Bicycle Advisory Committee Pedestrian and Bicycle Advisory Committee,Pedestrian and Bicycle Advisory Committee Pedestrian and Bicycle Advisory Committee,fort-worth-tx-pedestrian-and-bicycle-advisory-commission
6540eef2dc2e,3da5b82b05418132,https://fortworthgov.granicus.com/MediaPlayer.php?view_id=10&clip_id=4220,"Redistricting Task Force of February 4, 2021 Redistricting Task Force of February 4, 2021","Redistricting Task Force of February 4, 2021 Redistricting Task Force of February 4, 2021",fort-worth-tx-redistricting-task-force
6540eef2dc2e,3e6da8d1ac23e3c0,https://fortworthgov.granicus.com/MediaPlayer.php?view_id=12&clip_id=4044,Park Board Park Board,Park Board Park Board,fort-worth-tx-park-and-recreation-advisory-board
6540eef2dc2e,3e7ad17b662e42c0,https://fortworthgov.granicus.com/MediaPlayer.php?view_id=12&clip_id=2570,"Speaker's Podium - U.S./Japanese Girl Scouts - October 7, 2016 Speaker's Podium - U.S./Japanese Girl Scouts - October 7, 2016","Speaker's Podium - U.S./Japanese Girl Scouts - October 7, 2016 Speaker's Podium - U.S./Japanese Girl Scouts",fort-worth-tx-speakers-podium
6540eef2dc2e,3ec1b720103b27e8,71e29f71-24e5-11ee-b4fc-0050569183fa,"Capitol Improvements Advisory Committee (CIAC) - Sep 14, 2022",Capitol Improvements Advisory Committee (CIAC),fort-worth-tx-capital-improvements-advisory-committee
6540eef2dc2e,3ee35fd410eae4a4,https://fortworthgov.granicus.com/MediaPlayer.php?view_id=12&clip_id=1236,HOUSING AND ECONOMIC DEVELOPMENT COMMITTEE HOUSING AND ECONOMIC DEVELOPMENT COMMITTEE,HOUSING AND ECONOMIC DEVELOPMENT COMMITTEE HOUSING AND ECONOMIC DEVELOPMENT COMMITTEE,fort-worth-tx-housing-and-economic-development-committee
6540eef2dc2e,3f0007c600ee0ec7,https://fortworthgov.granicus.com/MediaPlayer.php?view_id=12&clip_id=4162,"Virtual Community Construction Meeting - Rosemont, Shaw Clarke & Worth Heights Area Lead Replacement And Infras Virtual Community Construction Meeting - Rosemont, Shaw Clarke & Worth Heights Area Lead Replacement And Infras","Virtual Community Construction Meeting - Rosemont, Shaw Clarke & Worth Heights Area Lead Replacement And Infras Virtual Community Construction Meeting - Rosemont, Shaw Clarke & Worth Heights Area Lead Replacement And Infras",fort-worth-tx-public-info-meetings
6540eef2dc2e,3f0ab0f37545a0c7,https://fortworthgov.granicus.com/MediaPlayer.php?view_id=12&clip_id=4185,Redistricting Task Force Redistricting Task Force,Redistricting Task Force Redistricting Task Force,fort-worth-tx-redistricting-task-force
6540eef2dc2e,3f35120c94a9abe4,https://fortworthgov.granicus.com/MediaPlayer.php?view_id=9&clip_id=5510,Ad Hoc Council Committee on Emergency Medical Response Meeting Ad Hoc Council Committee on Emergency Medical Response Meeting,Ad Hoc Council Committee on Emergency Medical Response Meeting Ad Hoc Council Committee on Emergency Medical Response Meeting,fort-worth-tx-ad-hoc-council-committee-on-emergency-medical-response
6540eef2dc2e,3f555d7d1b99cd11,https://fortworthgov.granicus.com/MediaPlayer.php?view_id=10&clip_id=4475,COVID-19 Community Update COVID-19 Community Update,COVID-19 Community Update COVID-19 Community Update,fort-worth-tx-public-info-meetings
6540eef2dc2e,3f6b963e51efb55a,https://fortworthgov.granicus.com/MediaPlayer.php?view_id=12&clip_id=4624,Listening Circle with Dr. J: Public Safety Listening Circle with Dr. J: Public Safety,Listening Circle with Dr. J: Public Safety Listening Circle with Dr. J: Public Safety,fort-worth-tx-public-info-meetings
6540eef2dc2e,4067490c273a14d4,https://fortworthgov.granicus.com/MediaPlayer.php?view_id=12&clip_id=4435,Pedestrian and Bicycle Advisory Commission Pedestrian and Bicycle Advisory Commission,Pedestrian and Bicycle Advisory Commission Pedestrian and Bicycle Advisory Commission,fort-worth-tx-pedestrian-and-bicycle-advisory-commission
6540eef2dc2e,406f5a321dea5025,https://fortworthgov.granicus.com/MediaPlayer.php?view_id=12&clip_id=289,Housing and Economic Development Committee Housing and Economic Development Committee,Housing and Economic Development Committee Housing and Economic Development Committee,fort-worth-tx-housing-and-economic-development-committee
6540eef2dc2e,407513a3f10ce67b,1df2d0ef-71f6-40d6-8558-7d961b2d6e9e,"Ad Hoc Council Committee on Emergency Medical Response - Aug 29, 2023",Ad Hoc Council Committee on Emergency Medical Response,fort-worth-tx-ad-hoc-council-committee-on-emergency-medical-response
6540eef2dc2e,40c3da5511c3153b,3d4eecaa-4e54-11f1-9b4d-005056a89546,"Press Conference: Illegal Gun Fire Education Campaign - May 12, 2026",Press Conference: Illegal Gun Fire Education Campaign,fort-worth-tx-public-info-meetings
6540eef2dc2e,4135f2928b4683ba,https://fortworthgov.granicus.com/MediaPlayer.php?view_id=10&clip_id=4601,"Art Commission of November 15, 2021 Art Commission of November 15, 2021","Art Commission of November 15, 2021 Art Commission of November 15, 2021",fort-worth-tx-public-art-commission
6540eef2dc2e,4142f6960f707d06,https://fortworthgov.granicus.com/MediaPlayer.php?view_id=10&clip_id=1452,T Board Meeting T Board Meeting,T Board Meeting T Board Meeting,fort-worth-tx-trinity-metro-board
6540eef2dc2e,415d92088fdb7ba0,https://fortworthgov.granicus.com/MediaPlayer.php?view_id=12&clip_id=2053,"Speakers Podium - David Cooke - City Manager, City of Fort Worth - October, 10, 2014 Speakers Podium - David Cooke - City Manager, City of Fort Worth - October, 10, 2014","Speakers Podium - David Cooke - City Manager, City of Fort Worth - October, 10, 2014 Speakers Podium - David Cooke - City Manager, City of Fort Worth - October, 10, 2014",fort-worth-tx-speakers-podium
6540eef2dc2e,419160ca2fbe3359,https://fortworthgov.granicus.com/MediaPlayer.php?view_id=10&clip_id=2740,"Speaker's Podium - Ed Schneider, BRIT - May 19, 2017 Speaker's Podium - Ed Schneider, BRIT - May 19, 2017","Speaker's Podium - Ed Schneider, BRIT - May 19, 2017 Speaker's Podium - Ed Schneider, BRIT",fort-worth-tx-speakers-podium
6540eef2dc2e,420c71adbf7c6f22,https://fortworthgov.granicus.com/MediaPlayer.php?view_id=10&clip_id=5305,Redevelopment Of Community Arts Center at 1300 Gendy Street - Public Meeting Redevelopment Of Community Arts Center at 1300 Gendy Street - Public Meeting,Redevelopment Of Community Arts Center at 1300 Gendy Street - Public Meeting Redevelopment Of Community Arts Center at 1300 Gendy Street - Public Meeting,fort-worth-tx-public-info-meetings
6540eef2dc2e,42212093a2a28ca9,https://fortworthgov.granicus.com/MediaPlayer.php?view_id=12&clip_id=5620,Entrepreneurship And Innovation Committee Entrepreneurship And Innovation Committee,Entrepreneurship And Innovation Committee Entrepreneurship And Innovation Committee,fort-worth-tx-entrepreneurship-and-innovation-committee
6540eef2dc2e,422c490d48508a14,https://fortworthgov.granicus.com/MediaPlayer.php?view_id=10&clip_id=4346,Art Commission Art Commission,Art Commission Art Commission,fort-worth-tx-public-art-commission
6540eef2dc2e,4236f530808f4a90,https://fortworthgov.granicus.com/MediaPlayer.php?view_id=10&clip_id=4250,Pedestrian and Bicycle Advisory Commission Pedestrian and Bicycle Advisory Commission,Pedestrian and Bicycle Advisory Commission Pedestrian and Bicycle Advisory Commission,fort-worth-tx-pedestrian-and-bicycle-advisory-commission
6540eef2dc2e,42719dd77d078372,703a926b-8e76-11f0-a766-005056a89546,"District 9 Budget Meeting  - Sep 08, 2025",District 9 Budget Meeting,fort-worth-tx-public-info-meetings
6540eef2dc2e,42cd625d5f013a16,https://fortworthgov.granicus.com/MediaPlayer.php?view_id=10&clip_id=5351,Research and Innovation Local Government Corporation Research and Innovation Local Government Corporation,Research and Innovation Local Government Corporation Research and Innovation Local Government Corporation,fort-worth-tx-research-and-innovation-local-government-corporation
6540eef2dc2e,431075abc4cbca9d,https://fortworthgov.granicus.com/MediaPlayer.php?view_id=12&clip_id=1820,HOUSING AND ECONOMIC DEVELOPMENT COMMITTEE HOUSING AND ECONOMIC DEVELOPMENT COMMITTEE,HOUSING AND ECONOMIC DEVELOPMENT COMMITTEE HOUSING AND ECONOMIC DEVELOPMENT COMMITTEE,fort-worth-tx-housing-and-economic-development-committee
6540eef2dc2e,4318db631cf92950,https://fortworthgov.granicus.com/MediaPlayer.php?view_id=10&clip_id=2301,"Speaker's Podium - Gerry Fraley, Sportswriter - Dallas Morning News - August 28, 2015 Speaker's Podium - Gerry Fraley, Sportswriter - Dallas Morning News - August 28, 2015","Speaker's Podium - Gerry Fraley, Sportswriter - Dallas Morning News - August 28, 2015 Speaker's Podium - Gerry Fraley, Sportswriter - Dallas Morning News",fort-worth-tx-speakers-podium
6540eef2dc2e,437b87ec9a8d5b9d,https://fortworthgov.granicus.com/MediaPlayer.php?view_id=10&clip_id=2375,"Speaker's Podium - Tom Ferguson, CEO, AZZ Inc. - December 4, 2015 Speaker's Podium - Tom Ferguson, CEO, AZZ Inc. - December 4, 2015","Speaker's Podium - Tom Ferguson, CEO, AZZ Inc. - December 4, 2015 Speaker's Podium - Tom Ferguson, CEO, AZZ Inc.",fort-worth-tx-speakers-podium
6540eef2dc2e,438740893e584ee6,https://fortworthgov.granicus.com/MediaPlayer.php?view_id=10&clip_id=4287,District 8 Town Hall District 8 Town Hall,District 8 Town Hall District 8 Town Hall,fort-worth-tx-public-info-meetings
6540eef2dc2e,43da3ad558d1ba09,https://fortworthgov.granicus.com/MediaPlayer.php?view_id=12&clip_id=1440,T Board Meeting T Board Meeting,T Board Meeting T Board Meeting,fort-worth-tx-trinity-metro-board
6540eef2dc2e,4412fead855917fa,https://fortworthgov.granicus.com/MediaPlayer.php?view_id=12&clip_id=5673,Neighborhood Quality and Revitalization Committee Neighborhood Quality and Revitalization Committee,Neighborhood Quality and Revitalization Committee Neighborhood Quality and Revitalization Committee,fort-worth-tx-neighborhood-quality-and-revitalization-committee
6540eef2dc2e,443911af73631964,https://fortworthgov.granicus.com/MediaPlayer.php?view_id=12&clip_id=2123,HOUSING AND ECONOMIC DEVELOPMENT COMMITTEE HOUSING AND ECONOMIC DEVELOPMENT COMMITTEE,HOUSING AND ECONOMIC DEVELOPMENT COMMITTEE HOUSING AND ECONOMIC DEVELOPMENT COMMITTEE,fort-worth-tx-housing-and-economic-development-committee
6540eef2dc2e,449c34cb421799dd,https://fortworthgov.granicus.com/MediaPlayer.php?view_id=12&clip_id=4078,Art Commission Art Commission,Art Commission Art Commission,fort-worth-tx-public-art-commission
6540eef2dc2e,45056b63ce112f27,https://fortworthgov.granicus.com/MediaPlayer.php?view_id=12&clip_id=5172,Neighborhood Quality and Revitalization Committee Neighborhood Quality and Revitalization Committee,Neighborhood Quality and Revitalization Committee Neighborhood Quality and Revitalization Committee,fort-worth-tx-neighborhood-quality-and-revitalization-committee
6540eef2dc2e,453ce1771c9805bb,https://fortworthgov.granicus.com/MediaPlayer.php?view_id=12&clip_id=4189,Press Conference Press Conference,Press Conference Press Conference,fort-worth-tx-public-info-meetings
6540eef2dc2e,45d4a985280fb5b8,https://fortworthgov.granicus.com/MediaPlayer.php?view_id=10&clip_id=1831,T Board of Directors T Board of Directors,T Board of Directors T Board of Directors,fort-worth-tx-trinity-metro-board
6540eef2dc2e,46691020b08e804c,https://fortworthgov.granicus.com/MediaPlayer.php?view_id=12&clip_id=5550,Neighborhood Quality and Revitalization Committee Neighborhood Quality and Revitalization Committee,Neighborhood Quality and Revitalization Committee Neighborhood Quality and Revitalization Committee,fort-worth-tx-neighborhood-quality-and-revitalization-committee
6540eef2dc2e,466d4c8e3a262323,https://fortworthgov.granicus.com/MediaPlayer.php?view_id=11&clip_id=3589,COVID-19 Community Update COVID-19 Community Update,COVID-19 Community Update COVID-19 Community Update,fort-worth-tx-public-info-meetings
6540eef2dc2e,467c1e55f41518b7,https://fortworthgov.granicus.com/MediaPlayer.php?view_id=11&clip_id=3558,COVID-19 Community Update (Spanish) COVID-19 Community Update (Spanish),COVID-19 Community Update (Spanish) COVID-19 Community Update (Spanish),fort-worth-tx-public-info-meetings
6540eef2dc2e,46c07314ec557048,https://fortworthgov.granicus.com/MediaPlayer.php?view_id=12&clip_id=3969,Water and Wastewater Capital Improvements Plan Citizen Advisory Committee Water and Wastewater Capital Improvements Plan Citizen Advisory Committee,Water and Wastewater Capital Improvements Plan Citizen Advisory Committee Water and Wastewater Capital Improvements Plan Citizen Advisory Committee,fort-worth-tx-water-and-wastewater-capital-improvements-plans-citizen-advisory-committee
6540eef2dc2e,46dd83771634882f,https://fortworthgov.granicus.com/MediaPlayer.php?view_id=10&clip_id=5108,1300 Gendy Task Force Public Meeting 1300 Gendy Task Force Public Meeting,1300 Gendy Task Force Public Meeting 1300 Gendy Task Force Public Meeting,fort-worth-tx-public-info-meetings
6540eef2dc2e,47507407cae3e67b,https://fortworthgov.granicus.com/MediaPlayer.php?view_id=12&clip_id=2184,Caffeinated Town Hall from WJ Turner Elementary School Caffeinated Town Hall from WJ Turner Elementary School,Caffeinated Town Hall from WJ Turner Elementary School Caffeinated Town Hall from WJ Turner Elementary School,fort-worth-tx-public-info-meetings
6540eef2dc2e,476de79456945924,https://fortworthgov.granicus.com/MediaPlayer.php?view_id=10&clip_id=6008,Help Build Our Future District 3 Bond Meeting Help Build Our Future District 3 Bond Meeting,Help Build Our Future District 3 Bond Meeting Help Build Our Future District 3 Bond Meeting,fort-worth-tx-public-info-meetings
6540eef2dc2e,4777c1c8612baacc,https://fortworthgov.granicus.com/MediaPlayer.php?view_id=12&clip_id=2610,"Speaker's Podium - Bruce Frankel, Day Resource Center - December 9, 2016 Speaker's Podium - Bruce Frankel, Day Resource Center - December 9, 2016","Speaker's Podium - Bruce Frankel, Day Resource Center - December 9, 2016 Speaker's Podium - Bruce Frankel, Day Resource Center",fort-worth-tx-speakers-podium
6540eef2dc2e,47796576962dbb4a,https://fortworthgov.granicus.com/MediaPlayer.php?view_id=12&clip_id=833,HOUSING AND ECONOMIC DEVELOPMENT COMMITTEE HOUSING AND ECONOMIC DEVELOPMENT COMMITTEE,HOUSING AND ECONOMIC DEVELOPMENT COMMITTEE HOUSING AND ECONOMIC DEVELOPMENT COMMITTEE,fort-worth-tx-housing-and-economic-development-committee
6540eef2dc2e,4780df388422d14e,https://fortworthgov.granicus.com/MediaPlayer.php?view_id=10&clip_id=4229,Mayor's Committee on Persons with Disabilities Mayor's Committee on Persons with Disabilities,Mayor's Committee on Persons with Disabilities Mayor's Committee on Persons with Disabilities,fort-worth-tx-mayor-s-committee-on-persons-with-disabilities
6540eef2dc2e,4852a939237ccfb8,https://fortworthgov.granicus.com/MediaPlayer.php?view_id=10&clip_id=2376,"Speaker's Podium - Gary Wortel, Star-Telegram - December 11, 2015 Speaker's Podium - Gary Wortel, Star-Telegram - December 11, 2015","Speaker's Podium - Gary Wortel, Star-Telegram - December 11, 2015 Speaker's Podium - Gary Wortel, Star-Telegram",fort-worth-tx-speakers-podium
6540eef2dc2e,48ba206f8053815c,https://fortworthgov.granicus.com/MediaPlayer.php?view_id=10&clip_id=1674,HOUSING AND ECONOMIC DEVELOPMENT COMMITTEE HOUSING AND ECONOMIC DEVELOPMENT COMMITTEE,HOUSING AND ECONOMIC DEVELOPMENT COMMITTEE HOUSING AND ECONOMIC DEVELOPMENT COMMITTEE,fort-worth-tx-housing-and-economic-development-committee
6540eef2dc2e,48c0a1c97ea898fd,https://fortworthgov.granicus.com/MediaPlayer.php?view_id=12&clip_id=3971,Community Meeting For University Drive Community Meeting For University Drive,Community Meeting For University Drive Community Meeting For University Drive,fort-worth-tx-public-info-meetings
6540eef2dc2e,48c2a492c1225362,https://fortworthgov.granicus.com/MediaPlayer.php?view_id=10&clip_id=5939,District 11 Budget Meeting District 11 Budget Meeting,District 11 Budget Meeting District 11 Budget Meeting,fort-worth-tx-public-info-meetings
6540eef2dc2e,48e36a8ba8c0a27a,https://fortworthgov.granicus.com/MediaPlayer.php?view_id=9&clip_id=4581,Special Called Joint Meeting With Redistricting Task Force Special Called Joint Meeting With Redistricting Task Force,Special Called Joint Meeting With Redistricting Task Force Special Called Joint Meeting With Redistricting Task Force,fort-worth-tx-redistricting-task-force
6540eef2dc2e,49009f046b58ccd7,https://fortworthgov.granicus.com/MediaPlayer.php?view_id=12&clip_id=4113,Community Meeting - Handley Area And Central Meadowbrook Area Street Improvements Community Meeting - Handley Area And Central Meadowbrook Area Street Improvements,Community Meeting - Handley Area And Central Meadowbrook Area Street Improvements Community Meeting - Handley Area And Central Meadowbrook Area Street Improvements,fort-worth-tx-public-info-meetings
6540eef2dc2e,49190db41e85910c,https://fortworthgov.granicus.com/MediaPlayer.php?view_id=12&clip_id=3709,"FW Sports Authority, Inc. Quarterly Board Meeting May 26, 2020 FW Sports Authority, Inc. Quarterly Board Meeting May 26, 2020","FW Sports Authority, Inc. Quarterly Board Meeting May 26, 2020 FW Sports Authority, Inc. Quarterly Board Meeting May 26, 2020",fort-worth-tx-fort-worth-sports-authority
6540eef2dc2e,4946b9fce978673b,https://fortworthgov.granicus.com/MediaPlayer.php?view_id=10&clip_id=4596,Listening Circle with Dr. J: Traffic Infrastructure Listening Circle with Dr. J: Traffic Infrastructure,Listening Circle with Dr. J: Traffic Infrastructure Listening Circle with Dr. J: Traffic Infrastructure,fort-worth-tx-public-info-meetings
6540eef2dc2e,49748d7a8cbce050,https://fortworthgov.granicus.com/MediaPlayer.php?view_id=10&clip_id=3971,Community Meeting For University Drive Community Meeting For University Drive,Community Meeting For University Drive Community Meeting For University Drive,fort-worth-tx-public-info-meetings
6540eef2dc2e,4a31e58601796fd7,https://fortworthgov.granicus.com/MediaPlayer.php?view_id=10&clip_id=5013,Neighborhood Quality and Revitalization Committee Neighborhood Quality and Revitalization Committee,Neighborhood Quality and Revitalization Committee Neighborhood Quality and Revitalization Committee,fort-worth-tx-neighborhood-quality-and-revitalization-committee
6540eef2dc2e,4a3c91d7437dd85a,https://fortworthgov.granicus.com/MediaPlayer.php?view_id=12&clip_id=4564,OPOM Community Conversation OPOM Community Conversation,OPOM Community Conversation OPOM Community Conversation,fort-worth-tx-public-info-meetings
6540eef2dc2e,4a3f6aba059d4c6a,https://fortworthgov.granicus.com/MediaPlayer.php?view_id=10&clip_id=6354,District 9 FY2027 Budget Meeting District 9 FY2027 Budget Meeting,District 9 FY2027 Budget Meeting District 9 FY2027 Budget Meeting,fort-worth-tx-public-info-meetings
6540eef2dc2e,4a687157002c442a,https://fortworthgov.granicus.com/MediaPlayer.php?view_id=10&clip_id=2017,"Caffeinated Town Hall - the Bastion - September 6, 2014 Caffeinated Town Hall - the Bastion - September 6, 2014","Caffeinated Town Hall - the Bastion - September 6, 2014 Caffeinated Town Hall - the Bastion",fort-worth-tx-public-info-meetings
6540eef2dc2e,4ac1c52b50ca290e,https://fortworthgov.granicus.com/MediaPlayer.php?view_id=10&clip_id=4258,Fort Worth Human Relations Commission Fort Worth Human Relations Commission,Fort Worth Human Relations Commission Fort Worth Human Relations Commission,fort-worth-tx-human-relations-commission
6540eef2dc2e,4ac795a8a0381dd8,4285ed36-f8a8-42bc-8efc-d1858d701a57,"District 10 Budget Meeting - Aug 21, 2025",District 10 Budget Meeting,fort-worth-tx-public-info-meetings
6540eef2dc2e,4b0de8e8f96d87a8,https://fortworthgov.granicus.com/MediaPlayer.php?view_id=10&clip_id=4119,Park & Recreation Advisory Board Park & Recreation Advisory Board,Park & Recreation Advisory Board Park & Recreation Advisory Board,fort-worth-tx-park-and-recreation-advisory-board
6540eef2dc2e,4b0f274794cae41a,https://fortworthgov.granicus.com/MediaPlayer.php?view_id=12&clip_id=6362,District 7 FY2027 Budget Meeting District 7 FY2027 Budget Meeting,District 7 FY2027 Budget Meeting District 7 FY2027 Budget Meeting,fort-worth-tx-public-info-meetings
6540eef2dc2e,4b40a967598c5f24,https://fortworthgov.granicus.com/MediaPlayer.php?view_id=11&clip_id=3567,COVID-19 Community Update (English) COVID-19 Community Update (English),COVID-19 Community Update (English) COVID-19 Community Update (English),fort-worth-tx-public-info-meetings
6540eef2dc2e,4ba40b9f733fc5fd,https://fortworthgov.granicus.com/MediaPlayer.php?view_id=12&clip_id=1451,T Board Meeting T Board Meeting,T Board Meeting T Board Meeting,fort-worth-tx-trinity-metro-board
6540eef2dc2e,4c2d37bda8f1f82f,https://fortworthgov.granicus.com/MediaPlayer.php?view_id=11&clip_id=3581,COVID-19 Community Update (Spanish) COVID-19 Community Update (Spanish),COVID-19 Community Update (Spanish) COVID-19 Community Update (Spanish),fort-worth-tx-public-info-meetings
6540eef2dc2e,4c4e9284fe64f4bb,https://fortworthgov.granicus.com/MediaPlayer.php?view_id=10&clip_id=2110,"Speaker's Podium - Jeff Banister & Tom Grieve - Texas Rangers Baseball Club - January 9, 2015 Speaker's Podium - Jeff Banister & Tom Grieve - Texas Rangers Baseball Club - January 9, 2015","Speaker's Podium - Jeff Banister & Tom Grieve - Texas Rangers Baseball Club - January 9, 2015 Speaker's Podium - Jeff Banister & Tom Grieve - Texas Rangers Baseball Club",fort-worth-tx-speakers-podium
6540eef2dc2e,4c68baab70212a72,https://fortworthgov.granicus.com/MediaPlayer.php?view_id=10&clip_id=5796,Capital Improvements Advisory Committee Capital Improvements Advisory Committee,Capital Improvements Advisory Committee Capital Improvements Advisory Committee,fort-worth-tx-capital-improvements-advisory-committee
6540eef2dc2e,4c76e2c3565c9120,https://fortworthgov.granicus.com/MediaPlayer.php?view_id=12&clip_id=5938,District 4 Budget Meeting District 4 Budget Meeting,District 4 Budget Meeting District 4 Budget Meeting,fort-worth-tx-public-info-meetings
6540eef2dc2e,4c93d0f3335ae365,https://fortworthgov.granicus.com/MediaPlayer.php?view_id=12&clip_id=2305,CHARTER REVIEW TASK FORCE CHARTER REVIEW TASK FORCE,CHARTER REVIEW TASK FORCE CHARTER REVIEW TASK FORCE,fort-worth-tx-charter-review-task-force
6540eef2dc2e,4ca1c3e5b7e795fe,https://fortworthgov.granicus.com/MediaPlayer.php?view_id=10&clip_id=3989,Mayor's Committee on Persons with Disabilities Mayor's Committee on Persons with Disabilities,Mayor's Committee on Persons with Disabilities Mayor's Committee on Persons with Disabilities,fort-worth-tx-mayor-s-committee-on-persons-with-disabilities
6540eef2dc2e,4cc0394d8e8943f3,https://fortworthgov.granicus.com/MediaPlayer.php?view_id=12&clip_id=3948,Redistricting Task Force Redistricting Task Force,Redistricting Task Force Redistricting Task Force,fort-worth-tx-redistricting-task-force
6540eef2dc2e,4ccafa420384df7f,https://fortworthgov.granicus.com/MediaPlayer.php?view_id=10&clip_id=2267,"Caffeinated Town Hall - City Life Center, August 1, 2015 Caffeinated Town Hall - City Life Center, August 1, 2015","Caffeinated Town Hall - City Life Center, August 1, 2015 Caffeinated Town Hall - City Life Center, August 1, 2015",fort-worth-tx-public-info-meetings
6540eef2dc2e,4d2d437afc6fe9cb,https://fortworthgov.granicus.com/MediaPlayer.php?view_id=10&clip_id=5246,Neighborhood Conservation Plan & Housing Affordability Strategy Meeting Neighborhood Conservation Plan & Housing Affordability Strategy Meeting,Neighborhood Conservation Plan & Housing Affordability Strategy Meeting Neighborhood Conservation Plan & Housing Affordability Strategy Meeting,fort-worth-tx-public-info-meetings
6540eef2dc2e,4d4ba6e8a25c7d72,https://fortworthgov.granicus.com/MediaPlayer.php?view_id=12&clip_id=1506,T Board Meeting T Board Meeting,T Board Meeting T Board Meeting,fort-worth-tx-trinity-metro-board
6540eef2dc2e,4d574f5e64f0e694,276410bc-bf4a-11f0-a7da-005056a89546,"Help Build Our Future District 11 Bond Meeting - Nov 08, 2025",Help Build Our Future District 11 Bond Meeting,fort-worth-tx-public-info-meetings
6540eef2dc2e,4d6fd10ca9726ed7,https://fortworthgov.granicus.com/MediaPlayer.php?view_id=10&clip_id=3560,COVID-19 Community Update (English) COVID-19 Community Update (English),COVID-19 Community Update (English) COVID-19 Community Update (English),fort-worth-tx-public-info-meetings
6540eef2dc2e,4d9d536f72418712,https://fortworthgov.granicus.com/MediaPlayer.php?view_id=12&clip_id=3933,District 3 Town Hall District 3 Town Hall,District 3 Town Hall District 3 Town Hall,fort-worth-tx-public-info-meetings
6540eef2dc2e,4dc77404e4036b62,https://fortworthgov.granicus.com/MediaPlayer.php?view_id=12&clip_id=1481,Redistricting Public Meeting Redistricting Public Meeting,Redistricting Public Meeting Redistricting Public Meeting,fort-worth-tx-public-info-meetings
6540eef2dc2e,4e97efc2dcdbe327,https://fortworthgov.granicus.com/MediaPlayer.php?view_id=10&clip_id=2853,Race and Culture Task Force Race and Culture Task Force,Race and Culture Task Force Race and Culture Task Force,fort-worth-tx-race-and-culture-task-force
6540eef2dc2e,4ee2c820a8b9863b,https://fortworthgov.granicus.com/MediaPlayer.php?view_id=10&clip_id=2798,Task Force Meeting by Task Force on Race and Culture Task Force Meeting by Task Force on Race and Culture,Task Force Meeting by Task Force on Race and Culture Task Force Meeting by Task Force on Race and Culture,fort-worth-tx-race-and-culture-task-force
6540eef2dc2e,4f459acbf81528ee,https://fortworthgov.granicus.com/MediaPlayer.php?view_id=10&clip_id=2095,"Speaker's Podium - Brad Barnes - Fort Worth Stock Show & Rodeo - December 12, 2014 Speaker's Podium - Brad Barnes - Fort Worth Stock Show & Rodeo - December 12, 2014","Speaker's Podium - Brad Barnes - Fort Worth Stock Show & Rodeo - December 12, 2014 Speaker's Podium - Brad Barnes - Fort Worth Stock Show & Rodeo",fort-worth-tx-speakers-podium
6540eef2dc2e,4f79f40412186aac,https://fortworthgov.granicus.com/MediaPlayer.php?view_id=10&clip_id=1489,HOUSING AND ECONOMIC DEVELOPMENT COMMITTEE HOUSING AND ECONOMIC DEVELOPMENT COMMITTEE,HOUSING AND ECONOMIC DEVELOPMENT COMMITTEE HOUSING AND ECONOMIC DEVELOPMENT COMMITTEE,fort-worth-tx-housing-and-economic-development-committee
6540eef2dc2e,4fae9129011f7182,https://fortworthgov.granicus.com/MediaPlayer.php?view_id=12&clip_id=5683,"Fort Worth Local Development Corporation, Research and Innovation Local Government Corporation, and Fort Worth Housing Finance Corporation Fort Worth Local Development Corporation, Research and Innovation Local Government Corporation, and Fort Worth Housing Finance Corporation","Fort Worth Local Development Corporation, Research and Innovation Local Government Corporation, and Fort Worth Housing Finance Corporation Fort Worth Local Development Corporation, Research and Innovation Local Government Corporation, and Fort Worth Housing Finance Corporation",fort-worth-tx-research-and-innovation-local-government-corporation
6540eef2dc2e,4fecd6f746a14fa8,https://fortworthgov.granicus.com/MediaPlayer.php?view_id=12&clip_id=1162,HOUSING AND ECONOMIC DEVELOPMENT COMMITTEE HOUSING AND ECONOMIC DEVELOPMENT COMMITTEE,HOUSING AND ECONOMIC DEVELOPMENT COMMITTEE HOUSING AND ECONOMIC DEVELOPMENT COMMITTEE,fort-worth-tx-housing-and-economic-development-committee
6540eef2dc2e,504fefbb125f1403,https://fortworthgov.granicus.com/MediaPlayer.php?view_id=12&clip_id=5947,District 5 Budget Meeting District 5 Budget Meeting,District 5 Budget Meeting District 5 Budget Meeting,fort-worth-tx-public-info-meetings
6540eef2dc2e,50dffd175e01f79d,https://fortworthgov.granicus.com/MediaPlayer.php?view_id=10&clip_id=3793,Art Commission Special Called Meeting Art Commission Special Called Meeting,Art Commission Special Called Meeting Art Commission Special Called Meeting,fort-worth-tx-public-art-commission
6540eef2dc2e,514072037636d5f0,https://fortworthgov.granicus.com/MediaPlayer.php?view_id=12&clip_id=4229,Mayor's Committee on Persons with Disabilities Mayor's Committee on Persons with Disabilities,Mayor's Committee on Persons with Disabilities Mayor's Committee on Persons with Disabilities,fort-worth-tx-mayor-s-committee-on-persons-with-disabilities
6540eef2dc2e,517663c3f742b969,https://fortworthgov.granicus.com/MediaPlayer.php?view_id=12&clip_id=2325,"Speaker's Podium - Chris Young, CIFAL Atlanta - September 25, 2015 Speaker's Podium - Chris Young, CIFAL Atlanta - September 25, 2015","Speaker's Podium - Chris Young, CIFAL Atlanta - September 25, 2015 Speaker's Podium - Chris Young, CIFAL Atlanta",fort-worth-tx-speakers-podium
6540eef2dc2e,518b3a757d879637,https://fortworthgov.granicus.com/MediaPlayer.php?view_id=12&clip_id=4684,Entrepreneurship and Innovation Committee Entrepreneurship and Innovation Committee,Entrepreneurship and Innovation Committee Entrepreneurship and Innovation Committee,fort-worth-tx-entrepreneurship-and-innovation-committee
6540eef2dc2e,5208f0de325b53bf,https://fortworthgov.granicus.com/MediaPlayer.php?view_id=12&clip_id=2376,"Speaker's Podium - Gary Wortel, Star-Telegram - December 11, 2015 Speaker's Podium - Gary Wortel, Star-Telegram - December 11, 2015","Speaker's Podium - Gary Wortel, Star-Telegram - December 11, 2015 Speaker's Podium - Gary Wortel, Star-Telegram",fort-worth-tx-speakers-podium
6540eef2dc2e,52c214bfbd0232a5,https://fortworthgov.granicus.com/MediaPlayer.php?view_id=12&clip_id=4279,Mayor's Committee on Persons with Disabilities Mayor's Committee on Persons with Disabilities,Mayor's Committee on Persons with Disabilities Mayor's Committee on Persons with Disabilities,fort-worth-tx-mayor-s-committee-on-persons-with-disabilities
6540eef2dc2e,52db0015959cfb70,https://fortworthgov.granicus.com/MediaPlayer.php?view_id=12&clip_id=1900,HOUSING AND ECONOMIC DEVELOPMENT COMMITTEE HOUSING AND ECONOMIC DEVELOPMENT COMMITTEE,HOUSING AND ECONOMIC DEVELOPMENT COMMITTEE HOUSING AND ECONOMIC DEVELOPMENT COMMITTEE,fort-worth-tx-housing-and-economic-development-committee
6540eef2dc2e,52fd742de9f222be,https://fortworthgov.granicus.com/MediaPlayer.php?view_id=12&clip_id=2437,"Speaker's Podium - Miguel Harth-Bedoya, Fort Worth Symphony - March 4, 2016 Speaker's Podium - Miguel Harth-Bedoya, Fort Worth Symphony - March 4, 2016","Speaker's Podium - Miguel Harth-Bedoya, Fort Worth Symphony - March 4, 2016 Speaker's Podium - Miguel Harth-Bedoya, Fort Worth Symphony",fort-worth-tx-speakers-podium
6540eef2dc2e,5320a110497871c1,https://fortworthgov.granicus.com/MediaPlayer.php?view_id=10&clip_id=2104,HOUSING AND ECONOMIC DEVELOPMENT COMMITTEE HOUSING AND ECONOMIC DEVELOPMENT COMMITTEE,HOUSING AND ECONOMIC DEVELOPMENT COMMITTEE HOUSING AND ECONOMIC DEVELOPMENT COMMITTEE,fort-worth-tx-housing-and-economic-development-committee
6540eef2dc2e,5335a6a6302a977a,https://fortworthgov.granicus.com/MediaPlayer.php?view_id=10&clip_id=6019,Help Build Our Future District 6 Bond Meeting Help Build Our Future District 6 Bond Meeting,Help Build Our Future District 6 Bond Meeting Help Build Our Future District 6 Bond Meeting,fort-worth-tx-public-info-meetings
6540eef2dc2e,5367aca3f8f74bc3,https://fortworthgov.granicus.com/MediaPlayer.php?view_id=12&clip_id=4299,Park and Recreation Advisory Board Park and Recreation Advisory Board,Park and Recreation Advisory Board Park and Recreation Advisory Board,fort-worth-tx-park-and-recreation-advisory-board
6540eef2dc2e,53c60b1890def5dc,https://fortworthgov.granicus.com/MediaPlayer.php?view_id=12&clip_id=1077,HOUSING AND ECONOMIC DEVELOPMENT COMMITTEE HOUSING AND ECONOMIC DEVELOPMENT COMMITTEE,HOUSING AND ECONOMIC DEVELOPMENT COMMITTEE HOUSING AND ECONOMIC DEVELOPMENT COMMITTEE,fort-worth-tx-housing-and-economic-development-committee
6540eef2dc2e,53d0af1780433e11,https://fortworthgov.granicus.com/MediaPlayer.php?view_id=12&clip_id=4955,Entrepreneurship and Innovation Committee Entrepreneurship and Innovation Committee,Entrepreneurship and Innovation Committee Entrepreneurship and Innovation Committee,fort-worth-tx-entrepreneurship-and-innovation-committee
6540eef2dc2e,53e031f0abc49bf9,https://fortworthgov.granicus.com/MediaPlayer.php?view_id=12&clip_id=6244,Press Conference: Illegal Gun Fire Education Campaign Press Conference: Illegal Gun Fire Education Campaign,Press Conference: Illegal Gun Fire Education Campaign Press Conference: Illegal Gun Fire Education Campaign,fort-worth-tx-public-info-meetings
6540eef2dc2e,54152feeda1c2b9d,https://fortworthgov.granicus.com/MediaPlayer.php?view_id=12&clip_id=4638,Neighborhood Quality and Revitalization Committee Neighborhood Quality and Revitalization Committee,Neighborhood Quality and Revitalization Committee Neighborhood Quality and Revitalization Committee,fort-worth-tx-neighborhood-quality-and-revitalization-committee
6540eef2dc2e,54287af2fe15ddcd,https://fortworthgov.granicus.com/MediaPlayer.php?view_id=12&clip_id=6177,2026 Bond & Charter Public Education Meeting 2026 Bond & Charter Public Education Meeting,2026 Bond & Charter Public Education Meeting 2026 Bond & Charter Public Education Meeting,fort-worth-tx-public-info-meetings
6540eef2dc2e,54c63de7516fd867,https://fortworthgov.granicus.com/MediaPlayer.php?view_id=12&clip_id=2456,"Speaker's Podium - Robert Earley - JPS Health Network - April 22, 2016 Speaker's Podium - Robert Earley - JPS Health Network - April 22, 2016","Speaker's Podium - Robert Earley - JPS Health Network - April 22, 2016 Speaker's Podium - Robert Earley - JPS Health Network",fort-worth-tx-speakers-podium
6540eef2dc2e,54df47e0a1b4eb58,https://fortworthgov.granicus.com/MediaPlayer.php?view_id=12&clip_id=3888,"Fort Worth Sports Authority, Inc. Quarterly Board Meeting, August 25, 2020 Fort Worth Sports Authority, Inc. Quarterly Board Meeting, August 25, 2020","Fort Worth Sports Authority, Inc. Quarterly Board Meeting, August 25, 2020 Fort Worth Sports Authority, Inc. Quarterly Board Meeting, August 25, 2020",fort-worth-tx-fort-worth-sports-authority
6540eef2dc2e,54fe64578053e086,https://fortworthgov.granicus.com/MediaPlayer.php?view_id=10&clip_id=5291,Fort Worth State of the City 2023 | Mayor Mattie Parker Fort Worth State of the City 2023 | Mayor Mattie Parker,Fort Worth State of the City 2023 | Mayor Mattie Parker Fort Worth State of the City 2023 | Mayor Mattie Parker,fort-worth-tx-public-info-meetings
6540eef2dc2e,55088d59ed8df942,https://fortworthgov.granicus.com/MediaPlayer.php?view_id=12&clip_id=6363,District 6 FY2027 Budget Meeting District 6 FY2027 Budget Meeting,District 6 FY2027 Budget Meeting District 6 FY2027 Budget Meeting,fort-worth-tx-public-info-meetings
6540eef2dc2e,55187c86c257734b,https://fortworthgov.granicus.com/MediaPlayer.php?view_id=10&clip_id=2702,"Speaker's Podium - George Fassett, Thumbtechs - April 28, 2017 Speaker's Podium - George Fassett, Thumbtechs - April 28, 2017","Speaker's Podium - George Fassett, Thumbtechs - April 28, 2017 Speaker's Podium - George Fassett, Thumbtechs",fort-worth-tx-speakers-podium
6540eef2dc2e,552bb557e27cbc56,https://fortworthgov.granicus.com/MediaPlayer.php?view_id=10&clip_id=5207,Capitol Improvements Advisory Committee (CIAC) Capitol Improvements Advisory Committee (CIAC),Capitol Improvements Advisory Committee (CIAC) Capitol Improvements Advisory Committee (CIAC),fort-worth-tx-capital-improvements-advisory-committee
6540eef2dc2e,559c9d5abdefcfe0,https://fortworthgov.granicus.com/MediaPlayer.php?view_id=11&clip_id=3564,COVID-19 Community Update (English) COVID-19 Community Update (English),COVID-19 Community Update (English) COVID-19 Community Update (English),fort-worth-tx-public-info-meetings
6540eef2dc2e,55f082d53e2b98f9,https://fortworthgov.granicus.com/MediaPlayer.php?view_id=10&clip_id=4530,District 3 Town Hall Meeting District 3 Town Hall Meeting,District 3 Town Hall Meeting District 3 Town Hall Meeting,fort-worth-tx-public-info-meetings
6540eef2dc2e,569c06be5f79c31c,https://fortworthgov.granicus.com/MediaPlayer.php?view_id=10&clip_id=5209,Capitol Improvements Advisory Committee (CIAC) Capitol Improvements Advisory Committee (CIAC),Capitol Improvements Advisory Committee (CIAC) Capitol Improvements Advisory Committee (CIAC),fort-worth-tx-capital-improvements-advisory-committee
6540eef2dc2e,56b3fad0cc4a048b,https://fortworthgov.granicus.com/MediaPlayer.php?view_id=10&clip_id=5214,"CIAC of September 14, 2022 CIAC of September 14, 2022","CIAC of September 14, 2022 CIAC of September 14, 2022",fort-worth-tx-capital-improvements-advisory-committee
6540eef2dc2e,56de9e9f688c7e03,https://fortworthgov.granicus.com/MediaPlayer.php?view_id=10&clip_id=6377,District 5 FY2027 Budget Meeting District 5 FY2027 Budget Meeting,District 5 FY2027 Budget Meeting District 5 FY2027 Budget Meeting,fort-worth-tx-public-info-meetings
6540eef2dc2e,57056088be58a626,https://fortworthgov.granicus.com/MediaPlayer.php?view_id=10&clip_id=1279,HOUSING AND ECONOMIC DEVELOPMENT COMMITTEE HOUSING AND ECONOMIC DEVELOPMENT COMMITTEE,HOUSING AND ECONOMIC DEVELOPMENT COMMITTEE HOUSING AND ECONOMIC DEVELOPMENT COMMITTEE,fort-worth-tx-housing-and-economic-development-committee
6540eef2dc2e,5744197d0c40f618,https://fortworthgov.granicus.com/MediaPlayer.php?view_id=12&clip_id=2743,"Speaker's Podium - Jonathan Townsend, Naval Air Station Fort Worth Joint Reserve Base - July 14, 2017 Speaker's Podium - Jonathan Townsend, Naval Air Station Fort Worth Joint Reserve Base - July 14, 2017","Speaker's Podium - Jonathan Townsend, Naval Air Station Fort Worth Joint Reserve Base - July 14, 2017 Speaker's Podium - Jonathan Townsend, Naval Air Station Fort Worth Joint Reserve Base",fort-worth-tx-speakers-podium
6540eef2dc2e,57525ef357b51a9f,https://fortworthgov.granicus.com/MediaPlayer.php?view_id=10&clip_id=1918,HOUSING AND ECONOMIC DEVELOPMENT COMMITTEE HOUSING AND ECONOMIC DEVELOPMENT COMMITTEE,HOUSING AND ECONOMIC DEVELOPMENT COMMITTEE HOUSING AND ECONOMIC DEVELOPMENT COMMITTEE,fort-worth-tx-housing-and-economic-development-committee
6540eef2dc2e,576ad90ef0340d43,https://fortworthgov.granicus.com/MediaPlayer.php?view_id=10&clip_id=6219,Research and Innovation Local Government Corporation Research and Innovation Local Government Corporation,Research and Innovation Local Government Corporation Research and Innovation Local Government Corporation,fort-worth-tx-research-and-innovation-local-government-corporation
6540eef2dc2e,57f734a8c9bfb489,https://fortworthgov.granicus.com/MediaPlayer.php?view_id=12&clip_id=3780,District Two Town Hall District Two Town Hall,District Two Town Hall District Two Town Hall,fort-worth-tx-public-info-meetings
6540eef2dc2e,5819751c76ed5dd8,https://fortworthgov.granicus.com/MediaPlayer.php?view_id=11&clip_id=3548,COVID-19 Community Update (Spanish) COVID-19 Community Update (Spanish),COVID-19 Community Update (Spanish) COVID-19 Community Update (Spanish),fort-worth-tx-public-info-meetings
6540eef2dc2e,583344cf3c83ff6a,https://fortworthgov.granicus.com/MediaPlayer.php?view_id=12&clip_id=3779,Human Relations Commission Human Relations Commission,Human Relations Commission Human Relations Commission,fort-worth-tx-human-relations-commission
6540eef2dc2e,58d009d05cf7734c,https://fortworthgov.granicus.com/MediaPlayer.php?view_id=10&clip_id=3552,COVID-19 Community Update (Spanish) COVID-19 Community Update (Spanish),COVID-19 Community Update (Spanish) COVID-19 Community Update (Spanish),fort-worth-tx-public-info-meetings
6540eef2dc2e,58e1bb0274d43932,https://fortworthgov.granicus.com/MediaPlayer.php?view_id=10&clip_id=2411,"Speaker's Podium - Jim Schlossnagle, Head Coach TCU Baseball - February 5, 2016 Speaker's Podium - Jim Schlossnagle, Head Coach TCU Baseball - February 5, 2016","Speaker's Podium - Jim Schlossnagle, Head Coach TCU Baseball - February 5, 2016 Speaker's Podium - Jim Schlossnagle, Head Coach TCU Baseball",fort-worth-tx-speakers-podium
6540eef2dc2e,58e27408df3b8824,https://fortworthgov.granicus.com/MediaPlayer.php?view_id=10&clip_id=5238,"Ray White Road Widening Improvements meeting of August 10, 2023 Ray White Road Widening Improvements meeting of August 10, 2023","Ray White Road Widening Improvements meeting of August 10, 2023 Ray White Road Widening Improvements meeting of August 10, 2023",fort-worth-tx-public-info-meetings
6540eef2dc2e,597c0a293ecf96c2,https://fortworthgov.granicus.com/MediaPlayer.php?view_id=10&clip_id=5019,"District 5 Leadership Meeting of December 17, 2022 District 5 Leadership Meeting of December 17, 2022","District 5 Leadership Meeting of December 17, 2022 District 5 Leadership Meeting of December 17, 2022",fort-worth-tx-public-info-meetings
6540eef2dc2e,5981f4780609a904,https://fortworthgov.granicus.com/MediaPlayer.php?view_id=10&clip_id=6366,District 2 FY2027 Budget Meeting District 2 FY2027 Budget Meeting,District 2 FY2027 Budget Meeting District 2 FY2027 Budget Meeting,fort-worth-tx-public-info-meetings
6540eef2dc2e,59c03e6b7a505f83,https://fortworthgov.granicus.com/MediaPlayer.php?view_id=9&clip_id=5423,Ad Hoc Committee on Emergency Medical Response Ad Hoc Committee on Emergency Medical Response,Ad Hoc Committee on Emergency Medical Response Ad Hoc Committee on Emergency Medical Response,fort-worth-tx-ad-hoc-council-committee-on-emergency-medical-response
6540eef2dc2e,59c7a899028d594b,https://fortworthgov.granicus.com/MediaPlayer.php?view_id=10&clip_id=1713,T Board of Directors T Board of Directors,T Board of Directors T Board of Directors,fort-worth-tx-trinity-metro-board
6540eef2dc2e,59e20dedd2bea28c,https://fortworthgov.granicus.com/MediaPlayer.php?view_id=12&clip_id=2891,"Neighborhood Workshop: Tarrant County Services - January 20, 2018 Neighborhood Workshop: Tarrant County Services - January 20, 2018","Neighborhood Workshop: Tarrant County Services - January 20, 2018 Neighborhood Workshop: Tarrant County Services",fort-worth-tx-public-info-meetings
6540eef2dc2e,59e98f03117684ff,https://fortworthgov.granicus.com/MediaPlayer.php?view_id=12&clip_id=3721,Human Relations Commission Human Relations Commission,Human Relations Commission Human Relations Commission,fort-worth-tx-human-relations-commission
6540eef2dc2e,5a343bb29b4d7086,https://fortworthgov.granicus.com/MediaPlayer.php?view_id=10&clip_id=2520,"Speaker's Podium - Tempa Sherrill - Stay The Course Veteran Services - July 29, 2016 Speaker's Podium - Tempa Sherrill - Stay The Course Veteran Services - July 29, 2016","Speaker's Podium - Tempa Sherrill - Stay The Course Veteran Services - July 29, 2016 Speaker's Podium - Tempa Sherrill - Stay The Course Veteran Services",fort-worth-tx-speakers-podium
6540eef2dc2e,5a42c40ba703917f,https://fortworthgov.granicus.com/MediaPlayer.php?view_id=10&clip_id=1481,Redistricting Public Meeting Redistricting Public Meeting,Redistricting Public Meeting Redistricting Public Meeting,fort-worth-tx-public-info-meetings
6540eef2dc2e,5a51b760ebe46c65,https://fortworthgov.granicus.com/MediaPlayer.php?view_id=10&clip_id=1644,T Board Meeting T Board Meeting,T Board Meeting T Board Meeting,fort-worth-tx-trinity-metro-board
6540eef2dc2e,5a8cd08aa90f6ec7,https://fortworthgov.granicus.com/MediaPlayer.php?view_id=12&clip_id=3824,Human Relations Commission Human Relations Commission,Human Relations Commission Human Relations Commission,fort-worth-tx-human-relations-commission
6540eef2dc2e,5ae09c272212898e,https://fortworthgov.granicus.com/MediaPlayer.php?view_id=12&clip_id=2921,Race and Culture Task Force Townhall Race and Culture Task Force Townhall,Race and Culture Task Force Townhall Race and Culture Task Force Townhall,fort-worth-tx-public-info-meetings
6540eef2dc2e,5ae09c272212898e,https://fortworthgov.granicus.com/MediaPlayer.php?view_id=12&clip_id=2921,Race and Culture Task Force Townhall Race and Culture Task Force Townhall,Race and Culture Task Force Townhall Race and Culture Task Force Townhall,fort-worth-tx-race-and-culture-task-force
6540eef2dc2e,5af3f91bbfd84d70,https://fortworthgov.granicus.com/MediaPlayer.php?view_id=12&clip_id=6362,District 7 FY2027 Budget Meeting District 7 FY2027 Budget Meeting,District 7 FY2027 Budget Meeting District 7 FY2027 Budget Meeting,fort-worth-tx-public-info-meetings
6540eef2dc2e,5af8346e2e4144e7,https://fortworthgov.granicus.com/MediaPlayer.php?view_id=12&clip_id=2660,"Speaker's Podium - Jacques Marquis, The Cliburn - February 24, 2017 Speaker's Podium - Jacques Marquis, The Cliburn - February 24, 2017","Speaker's Podium - Jacques Marquis, The Cliburn - February 24, 2017 Speaker's Podium - Jacques Marquis, The Cliburn",fort-worth-tx-speakers-podium
6540eef2dc2e,5b04c354d23bfc1b,https://fortworthgov.granicus.com/MediaPlayer.php?view_id=12&clip_id=5132,"Local Development Corporation, Central City Local Government Corporation, Research & Innovation Local Government Corporation, Lone Star Local Government Corporation, and Fort Worth Housing Finance Corporation Local Development Corporation, Central City Local Government Corporation, Research & Innovation Local Government Corporation, Lone Star Local Government Corporation, and Fort Worth Housing Finance Corporation","Local Development Corporation, Central City Local Government Corporation, Research & Innovation Local Government Corporation, Lone Star Local Government Corporation, and Fort Worth Housing Finance Corporation Local Development Corporation, Central City Local Government Corporation, Research & Innovation Local Government Corporation, Lone Star Local Government Corporation, and Fort Worth Housing Finance Corporation",fort-worth-tx-research-and-innovation-local-government-corporation
6540eef2dc2e,5b2fd56631553087,https://fortworthgov.granicus.com/MediaPlayer.php?view_id=12&clip_id=3006,Race and Culture Task Force Race and Culture Task Force,Race and Culture Task Force Race and Culture Task Force,fort-worth-tx-race-and-culture-task-force
6540eef2dc2e,5b62012580e8c3e8,https://fortworthgov.granicus.com/MediaPlayer.php?view_id=10&clip_id=1478,Redistricting Public Meeting Redistricting Public Meeting,Redistricting Public Meeting Redistricting Public Meeting,fort-worth-tx-public-info-meetings
6540eef2dc2e,5b7e801a5072c01a,https://fortworthgov.granicus.com/MediaPlayer.php?view_id=10&clip_id=3824,Human Relations Commission Human Relations Commission,Human Relations Commission Human Relations Commission,fort-worth-tx-human-relations-commission
6540eef2dc2e,5b8a7e939c6a7af4,https://fortworthgov.granicus.com/MediaPlayer.php?view_id=10&clip_id=3780,District Two Town Hall District Two Town Hall,District Two Town Hall District Two Town Hall,fort-worth-tx-public-info-meetings
6540eef2dc2e,5b939d39184afe08,https://fortworthgov.granicus.com/MediaPlayer.php?view_id=10&clip_id=6205,2026 Bond & Charter Public Education Meeting 2026 Bond & Charter Public Education Meeting,2026 Bond & Charter Public Education Meeting 2026 Bond & Charter Public Education Meeting,fort-worth-tx-public-info-meetings
6540eef2dc2e,5c65c3bbe09a5e7c,https://fortworthgov.granicus.com/MediaPlayer.php?view_id=10&clip_id=5135,Capitol Improvements Advisory Committee (CIAC) Capitol Improvements Advisory Committee (CIAC),Capitol Improvements Advisory Committee (CIAC) Capitol Improvements Advisory Committee (CIAC),fort-worth-tx-capital-improvements-advisory-committee
6540eef2dc2e,5c8fad3b3da25d7d,https://fortworthgov.granicus.com/MediaPlayer.php?view_id=10&clip_id=4624,Listening Circle with Dr. J: Public Safety Listening Circle with Dr. J: Public Safety,Listening Circle with Dr. J: Public Safety Listening Circle with Dr. J: Public Safety,fort-worth-tx-public-info-meetings
6540eef2dc2e,5ced483b724c76d8,https://fortworthgov.granicus.com/MediaPlayer.php?view_id=12&clip_id=4514,Fort Worth Sports Authority Fort Worth Sports Authority,Fort Worth Sports Authority Fort Worth Sports Authority,fort-worth-tx-fort-worth-sports-authority
6540eef2dc2e,5d14ecbe88d19c06,https://fortworthgov.granicus.com/MediaPlayer.php?view_id=10&clip_id=3997,Bellaire Drive South Bike Lane Virtual Community Meeting Bellaire Drive South Bike Lane Virtual Community Meeting,Bellaire Drive South Bike Lane Virtual Community Meeting Bellaire Drive South Bike Lane Virtual Community Meeting,fort-worth-tx-public-info-meetings
6540eef2dc2e,5d3220944e68a1ae,https://fortworthgov.granicus.com/MediaPlayer.php?view_id=12&clip_id=3004,"Speaker's Podium - Officer Hannah Rivard, Human Trafficking - June 1, 2018 Speaker's Podium - Officer Hannah Rivard, Human Trafficking - June 1, 2018","Speaker's Podium - Officer Hannah Rivard, Human Trafficking - June 1, 2018 Speaker's Podium - Officer Hannah Rivard, Human Trafficking",fort-worth-tx-speakers-podium
6540eef2dc2e,5d6fe9db94d59ebd,https://fortworthgov.granicus.com/MediaPlayer.php?view_id=12&clip_id=4281,Arts Commission Arts Commission,Arts Commission Arts Commission,fort-worth-tx-public-art-commission
6540eef2dc2e,5da2e40a28818699,https://fortworthgov.granicus.com/MediaPlayer.php?view_id=11&clip_id=3580,COVID-19 Community Update (English) COVID-19 Community Update (English),COVID-19 Community Update (English) COVID-19 Community Update (English),fort-worth-tx-public-info-meetings
6540eef2dc2e,5da571c59d263ba4,https://fortworthgov.granicus.com/MediaPlayer.php?view_id=10&clip_id=1848,HOUSING AND ECONOMIC DEVELOPMENT COMMITTEE HOUSING AND ECONOMIC DEVELOPMENT COMMITTEE,HOUSING AND ECONOMIC DEVELOPMENT COMMITTEE HOUSING AND ECONOMIC DEVELOPMENT COMMITTEE,fort-worth-tx-housing-and-economic-development-committee
6540eef2dc2e,5dc7146ba9eb3167,https://fortworthgov.granicus.com/MediaPlayer.php?view_id=10&clip_id=3741,Mayor's Committee on Persons with Disabilities Mayor's Committee on Persons with Disabilities,Mayor's Committee on Persons with Disabilities Mayor's Committee on Persons with Disabilities,fort-worth-tx-mayor-s-committee-on-persons-with-disabilities
6540eef2dc2e,5dd8e5bec76155a9,https://fortworthgov.granicus.com/MediaPlayer.php?view_id=10&clip_id=6018,Help Build Our Future District 2 Bond Meeting Help Build Our Future District 2 Bond Meeting,Help Build Our Future District 2 Bond Meeting Help Build Our Future District 2 Bond Meeting,fort-worth-tx-public-info-meetings
6540eef2dc2e,5e267b6a0ba5fb79,https://fortworthgov.granicus.com/MediaPlayer.php?view_id=10&clip_id=6020,Help Build Our Future District 5 Bond Meeting Help Build Our Future District 5 Bond Meeting,Help Build Our Future District 5 Bond Meeting Help Build Our Future District 5 Bond Meeting,fort-worth-tx-public-info-meetings
6540eef2dc2e,5e28dbea9ff1808e,https://fortworthgov.granicus.com/MediaPlayer.php?view_id=11&clip_id=3597,COVID-19 Community Update (English) COVID-19 Community Update (English),COVID-19 Community Update (English) COVID-19 Community Update (English),fort-worth-tx-public-info-meetings
6540eef2dc2e,5e2a627d504cb1f3,https://fortworthgov.granicus.com/MediaPlayer.php?view_id=10&clip_id=1236,HOUSING AND ECONOMIC DEVELOPMENT COMMITTEE HOUSING AND ECONOMIC DEVELOPMENT COMMITTEE,HOUSING AND ECONOMIC DEVELOPMENT COMMITTEE HOUSING AND ECONOMIC DEVELOPMENT COMMITTEE,fort-worth-tx-housing-and-economic-development-committee
6540eef2dc2e,5e3ce8c30b9ef74f,https://fortworthgov.granicus.com/MediaPlayer.php?view_id=10&clip_id=4407,Library Advisory Board Library Advisory Board,Library Advisory Board Library Advisory Board,fort-worth-tx-library-advisory-board
6540eef2dc2e,5e7a8362c0c02318,https://fortworthgov.granicus.com/MediaPlayer.php?view_id=12&clip_id=2417,"Speaker's Podium - Fred Slabach, Texas Wesleyan University - February 26, 2016 Speaker's Podium - Fred Slabach, Texas Wesleyan University - February 26, 2016","Speaker's Podium - Fred Slabach, Texas Wesleyan University - February 26, 2016 Speaker's Podium - Fred Slabach, Texas Wesleyan University",fort-worth-tx-speakers-podium
6540eef2dc2e,5e81d90e310014b8,https://fortworthgov.granicus.com/MediaPlayer.php?view_id=12&clip_id=4349,Local Development Corporation Local Development Corporation,Local Development Corporation Local Development Corporation,fort-worth-tx-fort-worth-local-development-corporation
6540eef2dc2e,5f0d5ec80abc15d3,https://fortworthgov.granicus.com/MediaPlayer.php?view_id=10&clip_id=2136,"Speaker's Podium - Homer Erekson - Dean, TCU Neeley School of Business - February 13, 2015 Speaker's Podium - Homer Erekson - Dean, TCU Neeley School of Business - February 13, 2015","Speaker's Podium - Homer Erekson - Dean, TCU Neeley School of Business - February 13, 2015 Speaker's Podium - Homer Erekson - Dean, TCU Neeley School of Business",fort-worth-tx-speakers-podium
6540eef2dc2e,5f130aa5c9c4ae6f,https://fortworthgov.granicus.com/MediaPlayer.php?view_id=12&clip_id=4160,Fort Worth Art Commission Fort Worth Art Commission,Fort Worth Art Commission Fort Worth Art Commission,fort-worth-tx-public-art-commission
6540eef2dc2e,5f19f226b279c288,https://fortworthgov.granicus.com/MediaPlayer.php?view_id=12&clip_id=4239,Ad Hoc Municipal Court Advisory Committee Ad Hoc Municipal Court Advisory Committee,Ad Hoc Municipal Court Advisory Committee Ad Hoc Municipal Court Advisory Committee,fort-worth-tx-ad-hoc-municipal-court-advisory-committee
6540eef2dc2e,5f296416c0a5c3fd,https://fortworthgov.granicus.com/MediaPlayer.php?view_id=12&clip_id=4494,Mayor's Committee on Persons with Disabilities Mayor's Committee on Persons with Disabilities,Mayor's Committee on Persons with Disabilities Mayor's Committee on Persons with Disabilities,fort-worth-tx-mayor-s-committee-on-persons-with-disabilities
6540eef2dc2e,5f3ee0c4806094f5,https://fortworthgov.granicus.com/MediaPlayer.php?view_id=10&clip_id=1162,HOUSING AND ECONOMIC DEVELOPMENT COMMITTEE HOUSING AND ECONOMIC DEVELOPMENT COMMITTEE,HOUSING AND ECONOMIC DEVELOPMENT COMMITTEE HOUSING AND ECONOMIC DEVELOPMENT COMMITTEE,fort-worth-tx-housing-and-economic-development-committee
6540eef2dc2e,5f4acd6300c115f5,https://fortworthgov.granicus.com/MediaPlayer.php?view_id=12&clip_id=4203,Human Relations Commission Human Relations Commission,Human Relations Commission Human Relations Commission,fort-worth-tx-human-relations-commission
6540eef2dc2e,5f939b1028d569b4,https://fortworthgov.granicus.com/MediaPlayer.php?view_id=10&clip_id=1645,T Board Meeting T Board Meeting,T Board Meeting T Board Meeting,fort-worth-tx-trinity-metro-board
6540eef2dc2e,5fa8d9ef0641fbc2,https://fortworthgov.granicus.com/MediaPlayer.php?view_id=10&clip_id=4533,District 5 Town Hall Meeting District 5 Town Hall Meeting,District 5 Town Hall Meeting District 5 Town Hall Meeting,fort-worth-tx-public-info-meetings
6540eef2dc2e,606ee2d79db07312,3a0c6331-844c-11f0-a766-005056a89546,"District 6 Budget Meeting - Aug 28, 2025",District 6 Budget Meeting,fort-worth-tx-public-info-meetings
6540eef2dc2e,60a87b885150e55c,9c0142c1-7f7a-11f0-a766-005056a89546,"Police Chief Press Conference | August 22, 2025 - Aug 22, 2025","Police Chief Press Conference | August 22, 2025",fort-worth-tx-public-info-meetings
6540eef2dc2e,618876e64998a048,https://fortworthgov.granicus.com/MediaPlayer.php?view_id=12&clip_id=1107,HOUSING AND ECONOMIC DEVELOPMENT COMMITTEE HOUSING AND ECONOMIC DEVELOPMENT COMMITTEE,HOUSING AND ECONOMIC DEVELOPMENT COMMITTEE HOUSING AND ECONOMIC DEVELOPMENT COMMITTEE,fort-worth-tx-housing-and-economic-development-committee
6540eef2dc2e,61a68b245093d03b,https://fortworthgov.granicus.com/MediaPlayer.php?view_id=10&clip_id=4435,Pedestrian and Bicycle Advisory Commission Pedestrian and Bicycle Advisory Commission,Pedestrian and Bicycle Advisory Commission Pedestrian and Bicycle Advisory Commission,fort-worth-tx-pedestrian-and-bicycle-advisory-commission
6540eef2dc2e,61ba19a678724dc0,https://fortworthgov.granicus.com/MediaPlayer.php?view_id=12&clip_id=5190,"Press Conference of June 24, 2023 Press Conference of June 24, 2023","Press Conference of June 24, 2023 Press Conference of June 24, 2023",fort-worth-tx-public-info-meetings
6540eef2dc2e,620f66b32c1e91e3,https://fortworthgov.granicus.com/MediaPlayer.php?view_id=12&clip_id=1735,Bond Election Public Meeting Bond Election Public Meeting,Bond Election Public Meeting Bond Election Public Meeting,fort-worth-tx-public-info-meetings
6540eef2dc2e,622a71e00c6efc81,https://fortworthgov.granicus.com/MediaPlayer.php?view_id=12&clip_id=4251,Minority and Women Business Enterprise Advisory Committee Minority and Women Business Enterprise Advisory Committee,Minority and Women Business Enterprise Advisory Committee Minority and Women Business Enterprise Advisory Committee,fort-worth-tx-minority-and-women-business-enterprise-advisory-committee
6540eef2dc2e,62454f6b5126592d,https://fortworthgov.granicus.com/MediaPlayer.php?view_id=10&clip_id=4113,Community Meeting - Handley Area And Central Meadowbrook Area Street Improvements Community Meeting - Handley Area And Central Meadowbrook Area Street Improvements,Community Meeting - Handley Area And Central Meadowbrook Area Street Improvements Community Meeting - Handley Area And Central Meadowbrook Area Street Improvements,fort-worth-tx-public-info-meetings
6540eef2dc2e,62bd8011c83cc284,https://fortworthgov.granicus.com/MediaPlayer.php?view_id=12&clip_id=4092,Fort Worth Sports Authority Fort Worth Sports Authority,Fort Worth Sports Authority Fort Worth Sports Authority,fort-worth-tx-fort-worth-sports-authority
6540eef2dc2e,62d048c6584275c2,https://fortworthgov.granicus.com/MediaPlayer.php?view_id=10&clip_id=1451,T Board Meeting T Board Meeting,T Board Meeting T Board Meeting,fort-worth-tx-trinity-metro-board
6540eef2dc2e,6309e3417bcf9765,https://fortworthgov.granicus.com/MediaPlayer.php?view_id=10&clip_id=6080,Cold Weather Update Press Conference Cold Weather Update Press Conference,Cold Weather Update Press Conference Cold Weather Update Press Conference,fort-worth-tx-public-info-meetings
6540eef2dc2e,630bc72975304e9e,https://fortworthgov.granicus.com/MediaPlayer.php?view_id=11&clip_id=5423,Ad Hoc Committee on Emergency Medical Response Ad Hoc Committee on Emergency Medical Response,Ad Hoc Committee on Emergency Medical Response Ad Hoc Committee on Emergency Medical Response,fort-worth-tx-ad-hoc-council-committee-on-emergency-medical-response
6540eef2dc2e,633383b008efeacc,https://fortworthgov.granicus.com/MediaPlayer.php?view_id=12&clip_id=4422,Mayor's Committee on Persons with Disabilities Mayor's Committee on Persons with Disabilities,Mayor's Committee on Persons with Disabilities Mayor's Committee on Persons with Disabilities,fort-worth-tx-mayor-s-committee-on-persons-with-disabilities
6540eef2dc2e,63403d647071ff8c,https://fortworthgov.granicus.com/MediaPlayer.php?view_id=12&clip_id=4174,Mayor's Committee on Persons with Disabilities Mayor's Committee on Persons with Disabilities,Mayor's Committee on Persons with Disabilities Mayor's Committee on Persons with Disabilities,fort-worth-tx-mayor-s-committee-on-persons-with-disabilities
6540eef2dc2e,6349a92d7ac49d90,https://fortworthgov.granicus.com/MediaPlayer.php?view_id=10&clip_id=3998,Fort Worth Art Commission Fort Worth Art Commission,Fort Worth Art Commission Fort Worth Art Commission,fort-worth-tx-public-art-commission
6540eef2dc2e,637152fefa87f395,https://fortworthgov.granicus.com/MediaPlayer.php?view_id=12&clip_id=1690,HOUSING AND ECONOMIC DEVELOPMENT COMMITTEE HOUSING AND ECONOMIC DEVELOPMENT COMMITTEE,HOUSING AND ECONOMIC DEVELOPMENT COMMITTEE HOUSING AND ECONOMIC DEVELOPMENT COMMITTEE,fort-worth-tx-housing-and-economic-development-committee
6540eef2dc2e,6393b45b66f521f7,https://fortworthgov.granicus.com/MediaPlayer.php?view_id=10&clip_id=5208,"CIAC of November 18, 2022 CIAC of November 18, 2022","CIAC of November 18, 2022 CIAC of November 18, 2022",fort-worth-tx-capital-improvements-advisory-committee
6540eef2dc2e,6404faedd2cddbb2,https://fortworthgov.granicus.com/MediaPlayer.php?view_id=12&clip_id=4250,Pedestrian and Bicycle Advisory Commission Pedestrian and Bicycle Advisory Commission,Pedestrian and Bicycle Advisory Commission Pedestrian and Bicycle Advisory Commission,fort-worth-tx-pedestrian-and-bicycle-advisory-commission
6540eef2dc2e,6494b2049952f629,https://fortworthgov.granicus.com/MediaPlayer.php?view_id=12&clip_id=1385,Salt Water Disposal Well Public Meeting Salt Water Disposal Well Public Meeting,Salt Water Disposal Well Public Meeting Salt Water Disposal Well Public Meeting,fort-worth-tx-public-info-meetings
6540eef2dc2e,6530dc5c2ddb7567,https://fortworthgov.granicus.com/MediaPlayer.php?view_id=10&clip_id=3557,COVID-19 Community Update (Spanish) COVID-19 Community Update (Spanish),COVID-19 Community Update (Spanish) COVID-19 Community Update (Spanish),fort-worth-tx-public-info-meetings
6540eef2dc2e,65550dc02069f7c7,https://fortworthgov.granicus.com/MediaPlayer.php?view_id=10&clip_id=3779,Human Relations Commission Human Relations Commission,Human Relations Commission Human Relations Commission,fort-worth-tx-human-relations-commission
6540eef2dc2e,65fa89f1de561bf1,https://fortworthgov.granicus.com/MediaPlayer.php?view_id=10&clip_id=3581,COVID-19 Community Update (Spanish) COVID-19 Community Update (Spanish),COVID-19 Community Update (Spanish) COVID-19 Community Update (Spanish),fort-worth-tx-public-info-meetings
6540eef2dc2e,664e0d49ab9ceccd,https://fortworthgov.granicus.com/MediaPlayer.php?view_id=10&clip_id=4204,"Art Commission Special Called Meeting of February 1, 2021 Art Commission Special Called Meeting of February 1, 2021","Art Commission Special Called Meeting of February 1, 2021 Art Commission Special Called Meeting of February 1, 2021",fort-worth-tx-public-art-commission
6540eef2dc2e,6664013866e889bf,https://fortworthgov.granicus.com/MediaPlayer.php?view_id=12&clip_id=4197,Park and Recreation Advisory Board Park and Recreation Advisory Board,Park and Recreation Advisory Board Park and Recreation Advisory Board,fort-worth-tx-park-and-recreation-advisory-board
6540eef2dc2e,667f4e0dbe59989b,https://fortworthgov.granicus.com/MediaPlayer.php?view_id=10&clip_id=5134,City Plan Commission and Capital Improvements Advisory Committee (CIAC) City Plan Commission and Capital Improvements Advisory Committee (CIAC),City Plan Commission and Capital Improvements Advisory Committee (CIAC) City Plan Commission and Capital Improvements Advisory Committee (CIAC),fort-worth-tx-capital-improvements-advisory-committee
6540eef2dc2e,668eb1ce4c87b0d7,https://fortworthgov.granicus.com/MediaPlayer.php?view_id=12&clip_id=1153,T Board Meeting T Board Meeting,T Board Meeting T Board Meeting,fort-worth-tx-trinity-metro-board
6540eef2dc2e,66b3483e6c3a6ec1,https://fortworthgov.granicus.com/MediaPlayer.php?view_id=12&clip_id=778,HOUSING AND ECONOMIC DEVELOPMENT COMMITTEE HOUSING AND ECONOMIC DEVELOPMENT COMMITTEE,HOUSING AND ECONOMIC DEVELOPMENT COMMITTEE HOUSING AND ECONOMIC DEVELOPMENT COMMITTEE,fort-worth-tx-housing-and-economic-development-committee
6540eef2dc2e,6706ffe3bae1b029,https://fortworthgov.granicus.com/MediaPlayer.php?view_id=12&clip_id=6205,2026 Bond & Charter Public Education Meeting 2026 Bond & Charter Public Education Meeting,2026 Bond & Charter Public Education Meeting 2026 Bond & Charter Public Education Meeting,fort-worth-tx-public-info-meetings
6540eef2dc2e,671d4dec0a5de2c0,https://fortworthgov.granicus.com/MediaPlayer.php?view_id=12&clip_id=398,Housing and Economic Development Committee Housing and Economic Development Committee,Housing and Economic Development Committee Housing and Economic Development Committee,fort-worth-tx-housing-and-economic-development-committee
6540eef2dc2e,677a6b2c058ddff4,https://fortworthgov.granicus.com/MediaPlayer.php?view_id=12&clip_id=4464,Budget 101 Public Meeting Budget 101 Public Meeting,Budget 101 Public Meeting Budget 101 Public Meeting,fort-worth-tx-public-info-meetings
6540eef2dc2e,67a06d246b63ac0a,https://fortworthgov.granicus.com/MediaPlayer.php?view_id=12&clip_id=6378,District 4 FY2027 Budget Meeting District 4 FY2027 Budget Meeting,District 4 FY2027 Budget Meeting District 4 FY2027 Budget Meeting,fort-worth-tx-public-info-meetings
6540eef2dc2e,67a3414f48bbed6d,https://fortworthgov.granicus.com/MediaPlayer.php?view_id=12&clip_id=5075,Entrepreneurship & Innovation Committee Entrepreneurship & Innovation Committee,Entrepreneurship & Innovation Committee Entrepreneurship & Innovation Committee,fort-worth-tx-entrepreneurship-and-innovation-committee
6540eef2dc2e,67b59a22d90de50b,https://fortworthgov.granicus.com/MediaPlayer.php?view_id=10&clip_id=4233,Fort Worth Art Commission Fort Worth Art Commission,Fort Worth Art Commission Fort Worth Art Commission,fort-worth-tx-public-art-commission
6540eef2dc2e,67ccce2c986e77b1,https://fortworthgov.granicus.com/MediaPlayer.php?view_id=12&clip_id=333,Southwest Parkway Project Workshop Southwest Parkway Project Workshop,Southwest Parkway Project Workshop Southwest Parkway Project Workshop,fort-worth-tx-public-info-meetings
6540eef2dc2e,68278b8b37afb099,https://fortworthgov.granicus.com/MediaPlayer.php?view_id=10&clip_id=5948,District 2 Budget Meeting District 2 Budget Meeting,District 2 Budget Meeting District 2 Budget Meeting,fort-worth-tx-public-info-meetings
6540eef2dc2e,68630d297a8b5c07,https://fortworthgov.granicus.com/MediaPlayer.php?view_id=12&clip_id=5108,1300 Gendy Task Force Public Meeting 1300 Gendy Task Force Public Meeting,1300 Gendy Task Force Public Meeting 1300 Gendy Task Force Public Meeting,fort-worth-tx-public-info-meetings
6540eef2dc2e,6874d6d6791b53ad,https://fortworthgov.granicus.com/MediaPlayer.php?view_id=10&clip_id=3622,COVID-19 Community Update (English) COVID-19 Community Update (English),COVID-19 Community Update (English) COVID-19 Community Update (English),fort-worth-tx-public-info-meetings
6540eef2dc2e,68851fa52597f9fc,https://fortworthgov.granicus.com/MediaPlayer.php?view_id=12&clip_id=6354,District 9 FY2027 Budget Meeting District 9 FY2027 Budget Meeting,District 9 FY2027 Budget Meeting District 9 FY2027 Budget Meeting,fort-worth-tx-public-info-meetings
6540eef2dc2e,68ad9682003e47aa,https://fortworthgov.granicus.com/MediaPlayer.php?view_id=10&clip_id=4011,"Animal Shelter Advisory Committee of October 14, 2020 Animal Shelter Advisory Committee of October 14, 2020","Animal Shelter Advisory Committee of October 14, 2020 Animal Shelter Advisory Committee of October 14, 2020",fort-worth-tx-animal-shelter-advisory-committee
6540eef2dc2e,68b0f03b7c42df7c,https://fortworthgov.granicus.com/MediaPlayer.php?view_id=10&clip_id=4553,District 8 Town Hall Meeting District 8 Town Hall Meeting,District 8 Town Hall Meeting District 8 Town Hall Meeting,fort-worth-tx-public-info-meetings
6540eef2dc2e,690033e55e3c32ae,https://fortworthgov.granicus.com/MediaPlayer.php?view_id=12&clip_id=2917,Race and Culture Task Force Worksession Race and Culture Task Force Worksession,Race and Culture Task Force Worksession Race and Culture Task Force Worksession,fort-worth-tx-race-and-culture-task-force
6540eef2dc2e,690c371ef6822c63,https://fortworthgov.granicus.com/MediaPlayer.php?view_id=10&clip_id=5933,District 6 Budget Meeting District 6 Budget Meeting,District 6 Budget Meeting District 6 Budget Meeting,fort-worth-tx-public-info-meetings
6540eef2dc2e,69338ad782c79fb7,https://fortworthgov.granicus.com/MediaPlayer.php?view_id=10&clip_id=4174,Mayor's Committee on Persons with Disabilities Mayor's Committee on Persons with Disabilities,Mayor's Committee on Persons with Disabilities Mayor's Committee on Persons with Disabilities,fort-worth-tx-mayor-s-committee-on-persons-with-disabilities
6540eef2dc2e,69852fda520e4344,https://fortworthgov.granicus.com/MediaPlayer.php?view_id=10&clip_id=1808,T Board Meeting T Board Meeting,T Board Meeting T Board Meeting,fort-worth-tx-trinity-metro-board
6540eef2dc2e,699b48f19f61e47d,https://fortworthgov.granicus.com/MediaPlayer.php?view_id=12&clip_id=3934,Mayor's Committee on Persons with Disabilities Mayor's Committee on Persons with Disabilities,Mayor's Committee on Persons with Disabilities Mayor's Committee on Persons with Disabilities,fort-worth-tx-mayor-s-committee-on-persons-with-disabilities
6540eef2dc2e,69b21f4a501e6a4a,https://fortworthgov.granicus.com/MediaPlayer.php?view_id=12&clip_id=2664,"Speaker's Podium - Dr. Vistasp Karbhari, University of Texas at Arlington - March 3, 2017 Speaker's Podium - Dr. Vistasp Karbhari, University of Texas at Arlington - March 3, 2017","Speaker's Podium - Dr. Vistasp Karbhari, University of Texas at Arlington - March 3, 2017 Speaker's Podium - Dr. Vistasp Karbhari, University of Texas at Arlington",fort-worth-tx-speakers-podium
6540eef2dc2e,69c0cd4fbd6d859f,https://fortworthgov.granicus.com/MediaPlayer.php?view_id=10&clip_id=5368,Local Development Corporation Local Development Corporation,Local Development Corporation Local Development Corporation,fort-worth-tx-fort-worth-local-development-corporation
6540eef2dc2e,69d328aff8518e48,https://fortworthgov.granicus.com/MediaPlayer.php?view_id=9&clip_id=5403,Ad Hoc Council Committee on Emergency Medical Response Ad Hoc Council Committee on Emergency Medical Response,Ad Hoc Council Committee on Emergency Medical Response Ad Hoc Council Committee on Emergency Medical Response,fort-worth-tx-ad-hoc-council-committee-on-emergency-medical-response
6540eef2dc2e,6a8930ffd99d690c,https://fortworthgov.granicus.com/MediaPlayer.php?view_id=10&clip_id=4176,Police Chief Candidate Public Forum Police Chief Candidate Public Forum,Police Chief Candidate Public Forum Police Chief Candidate Public Forum,fort-worth-tx-public-info-meetings
6540eef2dc2e,6b4dde7b263bdd06,1fd7c016-ae9b-4ccd-ac9d-b8e1b3058f8a,"Crime Control and Prevention District, Local Development Corporation, Central City Local Government Corporation, Research and Innovation Local Government Corporation,  and Legislative and Intergovernmental Affairs  - Jun 24, 2025","Crime Control and Prevention District, Local Development Corporation, Central City Local Government Corporation, Research and Innovation Local Government Corporation,  and Legislative and Intergovernmental Affairs",fort-worth-tx-research-and-innovation-local-government-corporation
6540eef2dc2e,6b521e411c0dd9b6,19872ea7-1744-11ee-aabb-0050569183fa,"June Downtown Design Review Board  - Jun 01, 2023",June Downtown Design Review Board,fort-worth-tx-downtown-design-and-review-board
6540eef2dc2e,6b92f1bc7c148642,https://fortworthgov.granicus.com/MediaPlayer.php?view_id=12&clip_id=3876,District 2 Town Hall District 2 Town Hall,District 2 Town Hall District 2 Town Hall,fort-worth-tx-public-info-meetings
6540eef2dc2e,6baf1bf5f92c0937,https://fortworthgov.granicus.com/MediaPlayer.php?view_id=10&clip_id=3614,COVID-19 Community Update (English) COVID-19 Community Update (English),COVID-19 Community Update (English) COVID-19 Community Update (English),fort-worth-tx-public-info-meetings
6540eef2dc2e,6c654d5c0137e86a,https://fortworthgov.granicus.com/MediaPlayer.php?view_id=10&clip_id=5694,Neighborhood Quality and Revitalization Committee Neighborhood Quality and Revitalization Committee,Neighborhood Quality and Revitalization Committee Neighborhood Quality and Revitalization Committee,fort-worth-tx-neighborhood-quality-and-revitalization-committee
6540eef2dc2e,6c685985ba987223,https://fortworthgov.granicus.com/MediaPlayer.php?view_id=10&clip_id=4916,Budget Engagement Meeting - City Manager's presentation Budget Engagement Meeting - City Manager's presentation,Budget Engagement Meeting - City Manager's presentation Budget Engagement Meeting - City Manager's presentation,fort-worth-tx-public-info-meetings
6540eef2dc2e,6c792c4160d80546,https://fortworthgov.granicus.com/MediaPlayer.php?view_id=10&clip_id=4840,Entrepreneurship and Innovation Committee Entrepreneurship and Innovation Committee,Entrepreneurship and Innovation Committee Entrepreneurship and Innovation Committee,fort-worth-tx-entrepreneurship-and-innovation-committee
6540eef2dc2e,6cc730efcd88bc62,https://fortworthgov.granicus.com/MediaPlayer.php?view_id=12&clip_id=2740,"Speaker's Podium - Ed Schneider, BRIT - May 19, 2017 Speaker's Podium - Ed Schneider, BRIT - May 19, 2017","Speaker's Podium - Ed Schneider, BRIT - May 19, 2017 Speaker's Podium - Ed Schneider, BRIT",fort-worth-tx-speakers-podium
6540eef2dc2e,6ce81fdb6219f2a6,https://fortworthgov.granicus.com/MediaPlayer.php?view_id=9&clip_id=1598,ARTS FUNDING TASK FORCE ARTS FUNDING TASK FORCE,ARTS FUNDING TASK FORCE ARTS FUNDING TASK FORCE,fort-worth-tx-arts-funding-task-force
6540eef2dc2e,6d136cc29d2823db,https://fortworthgov.granicus.com/MediaPlayer.php?view_id=10&clip_id=3609,COVID-19 Community Update (English) COVID-19 Community Update (English),COVID-19 Community Update (English) COVID-19 Community Update (English),fort-worth-tx-public-info-meetings
6540eef2dc2e,6d8a3a21ac7267ef,https://fortworthgov.granicus.com/MediaPlayer.php?view_id=10&clip_id=2342,"Speaker's Podium - Rachel Croson - Dean, UTA School of Business - October 23, 2015 Speaker's Podium - Rachel Croson - Dean, UTA School of Business - October 23, 2015","Speaker's Podium - Rachel Croson - Dean, UTA School of Business - October 23, 2015 Speaker's Podium - Rachel Croson - Dean, UTA School of Business",fort-worth-tx-speakers-podium
6540eef2dc2e,6dfa6fb590cca7c4,https://fortworthgov.granicus.com/MediaPlayer.php?view_id=12&clip_id=2929,Race and Culture Task Force Race and Culture Task Force,Race and Culture Task Force Race and Culture Task Force,fort-worth-tx-race-and-culture-task-force
6540eef2dc2e,6e152d55b181b9ea,https://fortworthgov.granicus.com/MediaPlayer.php?view_id=10&clip_id=1505,T Board Meeting T Board Meeting,T Board Meeting T Board Meeting,fort-worth-tx-trinity-metro-board
6540eef2dc2e,6e582668996fb3c8,https://fortworthgov.granicus.com/MediaPlayer.php?view_id=12&clip_id=698,HOUSING AND ECONOMIC DEVELOPMENT COMMITTEE HOUSING AND ECONOMIC DEVELOPMENT COMMITTEE,HOUSING AND ECONOMIC DEVELOPMENT COMMITTEE HOUSING AND ECONOMIC DEVELOPMENT COMMITTEE,fort-worth-tx-housing-and-economic-development-committee
6540eef2dc2e,6ed76e1ca34760e8,https://fortworthgov.granicus.com/MediaPlayer.php?view_id=12&clip_id=1642,T Board Meeting T Board Meeting,T Board Meeting T Board Meeting,fort-worth-tx-trinity-metro-board
6540eef2dc2e,6f141cd13ccb3f6e,https://fortworthgov.granicus.com/MediaPlayer.php?view_id=10&clip_id=2984,"Speaker's Podium - Manya Shorr, Fort Worth Library - May 18, 2018 Speaker's Podium - Manya Shorr, Fort Worth Library - May 18, 2018","Speaker's Podium - Manya Shorr, Fort Worth Library - May 18, 2018 Speaker's Podium - Manya Shorr, Fort Worth Library",fort-worth-tx-speakers-podium
6540eef2dc2e,6f3f6bccb2904cb8,https://fortworthgov.granicus.com/MediaPlayer.php?view_id=12&clip_id=4087,Redistricting Task Force Redistricting Task Force,Redistricting Task Force Redistricting Task Force,fort-worth-tx-redistricting-task-force
6540eef2dc2e,6f87d80c9ada10c3,https://fortworthgov.granicus.com/MediaPlayer.php?view_id=12&clip_id=1194,HOUSING AND ECONOMIC DEVELOPMENT COMMITTEE HOUSING AND ECONOMIC DEVELOPMENT COMMITTEE,HOUSING AND ECONOMIC DEVELOPMENT COMMITTEE HOUSING AND ECONOMIC DEVELOPMENT COMMITTEE,fort-worth-tx-housing-and-economic-development-committee
6540eef2dc2e,700f5ee14f649694,https://fortworthgov.granicus.com/MediaPlayer.php?view_id=12&clip_id=4828,Neighborhood Quality and Revitalization Committee Neighborhood Quality and Revitalization Committee,Neighborhood Quality and Revitalization Committee Neighborhood Quality and Revitalization Committee,fort-worth-tx-neighborhood-quality-and-revitalization-committee
6540eef2dc2e,70b0e8a408877ccb,https://fortworthgov.granicus.com/MediaPlayer.php?view_id=12&clip_id=1918,HOUSING AND ECONOMIC DEVELOPMENT COMMITTEE HOUSING AND ECONOMIC DEVELOPMENT COMMITTEE,HOUSING AND ECONOMIC DEVELOPMENT COMMITTEE HOUSING AND ECONOMIC DEVELOPMENT COMMITTEE,fort-worth-tx-housing-and-economic-development-committee
6540eef2dc2e,70c453455e10151c,https://fortworthgov.granicus.com/MediaPlayer.php?view_id=12&clip_id=1602,HOUSING AND ECONOMIC DEVELOPMENT COMMITTEE HOUSING AND ECONOMIC DEVELOPMENT COMMITTEE,HOUSING AND ECONOMIC DEVELOPMENT COMMITTEE HOUSING AND ECONOMIC DEVELOPMENT COMMITTEE,fort-worth-tx-housing-and-economic-development-committee
6540eef2dc2e,717c552d8a35e293,https://fortworthgov.granicus.com/MediaPlayer.php?view_id=12&clip_id=5031,Neighborhood Quality and Revitalization Committee Neighborhood Quality and Revitalization Committee,Neighborhood Quality and Revitalization Committee Neighborhood Quality and Revitalization Committee,fort-worth-tx-neighborhood-quality-and-revitalization-committee
6540eef2dc2e,7191f5cfb4831fca,8c9d9220-e61d-11ee-98bb-0050569183fa,"Ad Hoc Council Committee On Emergency Medical Response  - Mar 19, 2024",Ad Hoc Council Committee On Emergency Medical Response,fort-worth-tx-ad-hoc-council-committee-on-emergency-medical-response
6540eef2dc2e,723c419cbd79a8ac,https://fortworthgov.granicus.com/MediaPlayer.php?view_id=10&clip_id=2085,HOUSING AND ECONOMIC DEVELOPMENT COMMITTEE HOUSING AND ECONOMIC DEVELOPMENT COMMITTEE,HOUSING AND ECONOMIC DEVELOPMENT COMMITTEE HOUSING AND ECONOMIC DEVELOPMENT COMMITTEE,fort-worth-tx-housing-and-economic-development-committee
6540eef2dc2e,7265d7da16a02c0d,https://fortworthgov.granicus.com/MediaPlayer.php?view_id=10&clip_id=4186,"Alliance Airport Authority January 12, 2021 Alliance Airport Authority January 12, 2021","Alliance Airport Authority January 12, 2021 Alliance Airport Authority January 12, 2021",fort-worth-tx-alliance-airport-authority
6540eef2dc2e,726c034363b39573,https://fortworthgov.granicus.com/MediaPlayer.php?view_id=10&clip_id=3556,COVID-19 Community Update (Spanish) COVID-19 Community Update (Spanish),COVID-19 Community Update (Spanish) COVID-19 Community Update (Spanish),fort-worth-tx-public-info-meetings
6540eef2dc2e,726d52e3c8e71d38,https://fortworthgov.granicus.com/MediaPlayer.php?view_id=10&clip_id=5937,District 7 Budget Meeting District 7 Budget Meeting,District 7 Budget Meeting District 7 Budget Meeting,fort-worth-tx-public-info-meetings
6540eef2dc2e,72898ec0a6aa8169,https://fortworthgov.granicus.com/MediaPlayer.php?view_id=10&clip_id=3562,COVID-19 Press Conference COVID-19 Press Conference,COVID-19 Press Conference COVID-19 Press Conference,fort-worth-tx-public-info-meetings
6540eef2dc2e,72abb8d0b739aa96,https://fortworthgov.granicus.com/MediaPlayer.php?view_id=10&clip_id=2638,"Practical Tips for Successful Meetings Neighborhood Workshop - January 7, 2017 Practical Tips for Successful Meetings Neighborhood Workshop - January 7, 2017","Practical Tips for Successful Meetings Neighborhood Workshop - January 7, 2017 Practical Tips for Successful Meetings Neighborhood Workshop",fort-worth-tx-public-info-meetings
6540eef2dc2e,72bb92a9c707f969,https://fortworthgov.granicus.com/MediaPlayer.php?view_id=12&clip_id=1714,T Board Meeting T Board Meeting,T Board Meeting T Board Meeting,fort-worth-tx-trinity-metro-board
6540eef2dc2e,72ce4840fd8e2963,https://fortworthgov.granicus.com/MediaPlayer.php?view_id=11&clip_id=3632,COVID-19 Community Update (English) COVID-19 Community Update (English),COVID-19 Community Update (English) COVID-19 Community Update (English),fort-worth-tx-public-info-meetings
6540eef2dc2e,72e4111ebf259a8f,https://fortworthgov.granicus.com/MediaPlayer.php?view_id=10&clip_id=2894,"Neighborhood Workshop: Helping The Homeless - January 20, 2018 Neighborhood Workshop: Helping The Homeless - January 20, 2018","Neighborhood Workshop: Helping The Homeless - January 20, 2018 Neighborhood Workshop: Helping The Homeless",fort-worth-tx-public-info-meetings
6540eef2dc2e,73024c8e57f9324b,https://fortworthgov.granicus.com/MediaPlayer.php?view_id=10&clip_id=4356,"Community Design Meeting For The New York, Main, Morningside, Capps, Page And Alley Infrastructure Improvement Community Design Meeting For The New York, Main, Morningside, Capps, Page And Alley Infrastructure Improvement","Community Design Meeting For The New York, Main, Morningside, Capps, Page And Alley Infrastructure Improvement Community Design Meeting For The New York, Main, Morningside, Capps, Page And Alley Infrastructure Improvement",fort-worth-tx-public-info-meetings
6540eef2dc2e,73e4e18b708b0911,https://fortworthgov.granicus.com/MediaPlayer.php?view_id=11&clip_id=3622,COVID-19 Community Update (English) COVID-19 Community Update (English),COVID-19 Community Update (English) COVID-19 Community Update (English),fort-worth-tx-public-info-meetings
6540eef2dc2e,740b2fba2873dca0,https://fortworthgov.granicus.com/MediaPlayer.php?view_id=10&clip_id=4058,AD HOC Municipal Court Advisory Committee AD HOC Municipal Court Advisory Committee,AD HOC Municipal Court Advisory Committee AD HOC Municipal Court Advisory Committee,fort-worth-tx-ad-hoc-municipal-court-advisory-committee
6540eef2dc2e,742769f867950f3b,https://fortworthgov.granicus.com/MediaPlayer.php?view_id=10&clip_id=1440,T Board Meeting T Board Meeting,T Board Meeting T Board Meeting,fort-worth-tx-trinity-metro-board
6540eef2dc2e,7432b2679aa655cd,https://fortworthgov.granicus.com/MediaPlayer.php?view_id=10&clip_id=6364,District 8 FY2027 Budget Meeting District 8 FY2027 Budget Meeting,District 8 FY2027 Budget Meeting District 8 FY2027 Budget Meeting,fort-worth-tx-public-info-meetings
6540eef2dc2e,743c59ff72120075,https://fortworthgov.granicus.com/MediaPlayer.php?view_id=12&clip_id=4808,Neighborhood Quality and Revitalization Committee Neighborhood Quality and Revitalization Committee,Neighborhood Quality and Revitalization Committee Neighborhood Quality and Revitalization Committee,fort-worth-tx-neighborhood-quality-and-revitalization-committee
6540eef2dc2e,745837fecf0dee9b,https://fortworthgov.granicus.com/MediaPlayer.php?view_id=11&clip_id=3572,COVID-19 Community Update (English) COVID-19 Community Update (English),COVID-19 Community Update (English) COVID-19 Community Update (English),fort-worth-tx-public-info-meetings
6540eef2dc2e,747f295a0ba8135a,7638a2a1-8ff7-11f0-8df7-005056a89546,"District 2 Budget Meeting  - Sep 11, 2025",District 2 Budget Meeting,fort-worth-tx-public-info-meetings
6540eef2dc2e,7526e88416bbb511,https://fortworthgov.granicus.com/MediaPlayer.php?view_id=10&clip_id=3939,Art Commission SPECIAL CALLED MEETING Art Commission SPECIAL CALLED MEETING,Art Commission SPECIAL CALLED MEETING Art Commission SPECIAL CALLED MEETING,fort-worth-tx-public-art-commission
6540eef2dc2e,7548aba7ad4ae119,https://fortworthgov.granicus.com/MediaPlayer.php?view_id=10&clip_id=2170,Public Input Meeting for CCPD FY2016 Budget Public Input Meeting for CCPD FY2016 Budget,Public Input Meeting for CCPD FY2016 Budget Public Input Meeting for CCPD FY2016 Budget,fort-worth-tx-public-info-meetings
6540eef2dc2e,7555ae69ada8c6b7,https://fortworthgov.granicus.com/MediaPlayer.php?view_id=12&clip_id=2563,"Speaker's Podium - Dr. Jon Levine, Texas A&M Veterinarian Medicine - September 23, 2016 Speaker's Podium - Dr. Jon Levine, Texas A&M Veterinarian Medicine - September 23, 2016","Speaker's Podium - Dr. Jon Levine, Texas A&M Veterinarian Medicine - September 23, 2016 Speaker's Podium - Dr. Jon Levine, Texas A&M Veterinarian Medicine",fort-worth-tx-speakers-podium
6540eef2dc2e,759836eea15f7b0d,https://fortworthgov.granicus.com/MediaPlayer.php?view_id=10&clip_id=2929,Race and Culture Task Force Race and Culture Task Force,Race and Culture Task Force Race and Culture Task Force,fort-worth-tx-race-and-culture-task-force
6540eef2dc2e,75aad4239b14151e,https://fortworthgov.granicus.com/MediaPlayer.php?view_id=10&clip_id=5338,Capitol Improvements Advisory Committee (CIAC) Capitol Improvements Advisory Committee (CIAC),Capitol Improvements Advisory Committee (CIAC) Capitol Improvements Advisory Committee (CIAC),fort-worth-tx-capital-improvements-advisory-committee
6540eef2dc2e,760d77dde54437b7,https://fortworthgov.granicus.com/MediaPlayer.php?view_id=12&clip_id=2999,Race and Culture Task Force Race and Culture Task Force,Race and Culture Task Force Race and Culture Task Force,fort-worth-tx-race-and-culture-task-force
6540eef2dc2e,760f9e1f527a4fc7,https://fortworthgov.granicus.com/MediaPlayer.php?view_id=12&clip_id=269,State of the City Address 2009 State of the City Address 2009,State of the City Address 2009 State of the City Address 2009,fort-worth-tx-public-info-meetings
6540eef2dc2e,762e3eb0682f26e3,https://fortworthgov.granicus.com/MediaPlayer.php?view_id=12&clip_id=2088,"Caffeinated Town Hall - Frank Kent Honda - December 6, 2014 Caffeinated Town Hall - Frank Kent Honda - December 6, 2014","Caffeinated Town Hall - Frank Kent Honda - December 6, 2014 Caffeinated Town Hall - Frank Kent Honda",fort-worth-tx-public-info-meetings
6540eef2dc2e,7647f25f9b4ddfb7,https://fortworthgov.granicus.com/MediaPlayer.php?view_id=12&clip_id=5992,Help Build Our Future District 7 Bond Meeting Help Build Our Future District 7 Bond Meeting,Help Build Our Future District 7 Bond Meeting Help Build Our Future District 7 Bond Meeting,fort-worth-tx-public-info-meetings
6540eef2dc2e,76678b88b2a0f332,fece66c3-eee5-4690-b3b7-28b7ce4e4179,"Capital Improvements Advisory Committee for Transportation Impact Fees - Nov 15, 2024",Capital Improvements Advisory Committee for Transportation Impact Fees,fort-worth-tx-capital-improvements-advisory-committee
6540eef2dc2e,7698584b1f799344,https://fortworthgov.granicus.com/MediaPlayer.php?view_id=10&clip_id=5992,Help Build Our Future District 7 Bond Meeting Help Build Our Future District 7 Bond Meeting,Help Build Our Future District 7 Bond Meeting Help Build Our Future District 7 Bond Meeting,fort-worth-tx-public-info-meetings
6540eef2dc2e,769f61b1bdc73f3f,https://fortworthgov.granicus.com/MediaPlayer.php?view_id=9&clip_id=6307,Research and Innovation Local Government Corporation Research and Innovation Local Government Corporation,Research and Innovation Local Government Corporation Research and Innovation Local Government Corporation,fort-worth-tx-research-and-innovation-local-government-corporation
6540eef2dc2e,76b0ac529639fe11,https://fortworthgov.granicus.com/MediaPlayer.php?view_id=10&clip_id=5055,"City of Fort Worth Winter Weather Update January 31, 2023 City of Fort Worth Winter Weather Update January 31, 2023","City of Fort Worth Winter Weather Update January 31, 2023 City of Fort Worth Winter Weather Update January 31, 2023",fort-worth-tx-public-info-meetings
6540eef2dc2e,770e546faef3f2c6,https://fortworthgov.granicus.com/MediaPlayer.php?view_id=12&clip_id=1144,HOUSING AND ECONOMIC DEVELOPMENT COMMITTEE HOUSING AND ECONOMIC DEVELOPMENT COMMITTEE,HOUSING AND ECONOMIC DEVELOPMENT COMMITTEE HOUSING AND ECONOMIC DEVELOPMENT COMMITTEE,fort-worth-tx-housing-and-economic-development-committee
6540eef2dc2e,7718409c4fb6cb32,https://fortworthgov.granicus.com/MediaPlayer.php?view_id=10&clip_id=5100,Entrepreneurship and Innovation Committee Entrepreneurship and Innovation Committee,Entrepreneurship and Innovation Committee Entrepreneurship and Innovation Committee,fort-worth-tx-entrepreneurship-and-innovation-committee
6540eef2dc2e,773ce889605aaffe,https://fortworthgov.granicus.com/MediaPlayer.php?view_id=12&clip_id=1153,T Board Meeting T Board Meeting,T Board Meeting T Board Meeting,fort-worth-tx-trinity-metro-board
6540eef2dc2e,788f07fee2320fee,https://fortworthgov.granicus.com/MediaPlayer.php?view_id=10&clip_id=1385,Salt Water Disposal Well Public Meeting Salt Water Disposal Well Public Meeting,Salt Water Disposal Well Public Meeting Salt Water Disposal Well Public Meeting,fort-worth-tx-public-info-meetings
6540eef2dc2e,789392e0a28ad9fb,https://fortworthgov.granicus.com/MediaPlayer.php?view_id=12&clip_id=2357,"Speaker's Podium - Terry Montesi, Trademark Property Company - November 13, 2015 Speaker's Podium - Terry Montesi, Trademark Property Company - November 13, 2015","Speaker's Podium - Terry Montesi, Trademark Property Company - November 13, 2015 Speaker's Podium - Terry Montesi, Trademark Property Company",fort-worth-tx-speakers-podium
6540eef2dc2e,78bd11f2c0e10d42,https://fortworthgov.granicus.com/MediaPlayer.php?view_id=10&clip_id=4477,Human Relations Commission Human Relations Commission,Human Relations Commission Human Relations Commission,fort-worth-tx-human-relations-commission
6540eef2dc2e,791d14a9181a2318,aed72b33-ed9f-453a-8a41-321e08d7411f,"FW Housing Finance Corp (immediately following the Council meeting beginning at 10 a.m.) - Nov 18, 2025",FW Housing Finance Corp (immediately following the Council meeting beginning at 10 a.m.),fort-worth-tx-fort-worth-housing-finance-corporation
6540eef2dc2e,7a80b4676dfdeda5,https://fortworthgov.granicus.com/MediaPlayer.php?view_id=10&clip_id=3597,COVID-19 Community Update (English) COVID-19 Community Update (English),COVID-19 Community Update (English) COVID-19 Community Update (English),fort-worth-tx-public-info-meetings
6540eef2dc2e,7abe2061c825b071,https://fortworthgov.granicus.com/MediaPlayer.php?view_id=10&clip_id=2088,"Caffeinated Town Hall - Frank Kent Honda - December 6, 2014 Caffeinated Town Hall - Frank Kent Honda - December 6, 2014","Caffeinated Town Hall - Frank Kent Honda - December 6, 2014 Caffeinated Town Hall - Frank Kent Honda",fort-worth-tx-public-info-meetings
6540eef2dc2e,7b084e36e24eeb34,https://fortworthgov.granicus.com/MediaPlayer.php?view_id=10&clip_id=6207,2026 Bond & Charter Public Education Meeting 2026 Bond & Charter Public Education Meeting,2026 Bond & Charter Public Education Meeting 2026 Bond & Charter Public Education Meeting,fort-worth-tx-public-info-meetings
6540eef2dc2e,7b6d47e5b0ffa8fe,77e4252f-c0cd-11f0-a7da-005056a89546,"Help Build Our Future District 2 Bond Meeting - Nov 12, 2025",Help Build Our Future District 2 Bond Meeting,fort-worth-tx-public-info-meetings
6540eef2dc2e,7b82dbb31da5425b,https://fortworthgov.granicus.com/MediaPlayer.php?view_id=12&clip_id=3851,Human Relations Commission - Mayor's Committee on Persons with Disabilities Human Relations Commission - Mayor's Committee on Persons with Disabilities,Human Relations Commission - Mayor's Committee on Persons with Disabilities Human Relations Commission - Mayor's Committee on Persons with Disabilities,fort-worth-tx-human-relations-commission
6540eef2dc2e,7b82dbb31da5425b,https://fortworthgov.granicus.com/MediaPlayer.php?view_id=12&clip_id=3851,Human Relations Commission - Mayor's Committee on Persons with Disabilities Human Relations Commission - Mayor's Committee on Persons with Disabilities,Human Relations Commission - Mayor's Committee on Persons with Disabilities Human Relations Commission - Mayor's Committee on Persons with Disabilities,fort-worth-tx-mayor-s-committee-on-persons-with-disabilities
6540eef2dc2e,7be81d550924481f,https://fortworthgov.granicus.com/MediaPlayer.php?view_id=12&clip_id=2301,"Speaker's Podium - Gerry Fraley, Sportswriter - Dallas Morning News - August 28, 2015 Speaker's Podium - Gerry Fraley, Sportswriter - Dallas Morning News - August 28, 2015","Speaker's Podium - Gerry Fraley, Sportswriter - Dallas Morning News - August 28, 2015 Speaker's Podium - Gerry Fraley, Sportswriter - Dallas Morning News",fort-worth-tx-speakers-podium
6540eef2dc2e,7c095b1ca9a0a014,https://fortworthgov.granicus.com/MediaPlayer.php?view_id=10&clip_id=3121,"Speaker's Podium - Dr. D. Newell Williams, Brite Divinity School - February 1, 2019 Speaker's Podium - Dr. D. Newell Williams, Brite Divinity School - February 1, 2019","Speaker's Podium - Dr. D. Newell Williams, Brite Divinity School - February 1, 2019 Speaker's Podium - Dr. D. Newell Williams, Brite Divinity School",fort-worth-tx-speakers-podium
6540eef2dc2e,7c1c073b9566220f,https://fortworthgov.granicus.com/MediaPlayer.php?view_id=10&clip_id=4994,7th Annual Business Fair Panel Discussion 7th Annual Business Fair Panel Discussion,7th Annual Business Fair Panel Discussion 7th Annual Business Fair Panel Discussion,fort-worth-tx-public-info-meetings
6540eef2dc2e,7c39e5dc3f452ab7,https://fortworthgov.granicus.com/MediaPlayer.php?view_id=12&clip_id=5393,Entrepreneurship and Innovation Committee Entrepreneurship and Innovation Committee,Entrepreneurship and Innovation Committee Entrepreneurship and Innovation Committee,fort-worth-tx-entrepreneurship-and-innovation-committee
6540eef2dc2e,7cc1c9bf69808bea,9b6dc9c8-ae07-488b-b9eb-64f498f00f96,"Ad Hoc Council Committee on Emergency Medical Response Meeting - Apr 30, 2024",Ad Hoc Council Committee on Emergency Medical Response Meeting,fort-worth-tx-ad-hoc-council-committee-on-emergency-medical-response
6540eef2dc2e,7d59913810c9306c,https://fortworthgov.granicus.com/MediaPlayer.php?view_id=10&clip_id=3877,Minority and Women Business Enterprise Advisory Committee Minority and Women Business Enterprise Advisory Committee,Minority and Women Business Enterprise Advisory Committee Minority and Women Business Enterprise Advisory Committee,fort-worth-tx-minority-and-women-business-enterprise-advisory-committee
6540eef2dc2e,7d5f53c7cae8abb2,https://fortworthgov.granicus.com/MediaPlayer.php?view_id=10&clip_id=1155,T Board Meeting T Board Meeting,T Board Meeting T Board Meeting,fort-worth-tx-trinity-metro-board
6540eef2dc2e,7dbb339358a59fe1,https://fortworthgov.granicus.com/MediaPlayer.php?view_id=10&clip_id=4077,Community Meeting - Handley Area And Central Meadowbrook Area Street Improvements Community Meeting - Handley Area And Central Meadowbrook Area Street Improvements,Community Meeting - Handley Area And Central Meadowbrook Area Street Improvements Community Meeting - Handley Area And Central Meadowbrook Area Street Improvements,fort-worth-tx-public-info-meetings
6540eef2dc2e,7df7b08ff9dbdfbe,https://fortworthgov.granicus.com/MediaPlayer.php?view_id=10&clip_id=1386,HOUSING AND ECONOMIC DEVELOPMENT COMMITTEE HOUSING AND ECONOMIC DEVELOPMENT COMMITTEE,HOUSING AND ECONOMIC DEVELOPMENT COMMITTEE HOUSING AND ECONOMIC DEVELOPMENT COMMITTEE,fort-worth-tx-housing-and-economic-development-committee
6540eef2dc2e,7e2532b4878e8d31,https://fortworthgov.granicus.com/MediaPlayer.php?view_id=12&clip_id=5370,Neighborhood Quality and Revitalization Committee Neighborhood Quality and Revitalization Committee,Neighborhood Quality and Revitalization Committee Neighborhood Quality and Revitalization Committee,fort-worth-tx-neighborhood-quality-and-revitalization-committee
6540eef2dc2e,7e36202c4e8c6cca,https://fortworthgov.granicus.com/MediaPlayer.php?view_id=10&clip_id=1525,HOUSING AND ECONOMIC DEVELOPMENT COMMITTEE HOUSING AND ECONOMIC DEVELOPMENT COMMITTEE,HOUSING AND ECONOMIC DEVELOPMENT COMMITTEE HOUSING AND ECONOMIC DEVELOPMENT COMMITTEE,fort-worth-tx-housing-and-economic-development-committee
6540eef2dc2e,7f1632e3068c3966,https://fortworthgov.granicus.com/MediaPlayer.php?view_id=12&clip_id=4477,Human Relations Commission Human Relations Commission,Human Relations Commission Human Relations Commission,fort-worth-tx-human-relations-commission
6540eef2dc2e,7fb4f6d0da99625f,https://fortworthgov.granicus.com/MediaPlayer.php?view_id=10&clip_id=4321,"FW Sports Authority, Inc. FW Sports Authority, Inc.","FW Sports Authority, Inc. FW Sports Authority, Inc.",fort-worth-tx-fort-worth-sports-authority
6540eef2dc2e,7fd5958f9cf8674f,https://fortworthgov.granicus.com/MediaPlayer.php?view_id=10&clip_id=3864,Risinger At I35 Improvements Risinger At I35 Improvements,Risinger At I35 Improvements Risinger At I35 Improvements,fort-worth-tx-public-info-meetings
6540eef2dc2e,7fefbfa5967c28d5,https://fortworthgov.granicus.com/MediaPlayer.php?view_id=10&clip_id=3705,Pedestrian and Bicycle Advisory Commission Pedestrian and Bicycle Advisory Commission,Pedestrian and Bicycle Advisory Commission Pedestrian and Bicycle Advisory Commission,fort-worth-tx-pedestrian-and-bicycle-advisory-commission
6540eef2dc2e,7fff0072b7cd2e52,https://fortworthgov.granicus.com/MediaPlayer.php?view_id=11&clip_id=3628,COVID-19 Community Update (English) COVID-19 Community Update (English),COVID-19 Community Update (English) COVID-19 Community Update (English),fort-worth-tx-public-info-meetings
6540eef2dc2e,8025430830068170,https://fortworthgov.granicus.com/MediaPlayer.php?view_id=12&clip_id=1646,T Board Meeting T Board Meeting,T Board Meeting T Board Meeting,fort-worth-tx-trinity-metro-board
6540eef2dc2e,80d28cb5fdba9a38,https://fortworthgov.granicus.com/MediaPlayer.php?view_id=10&clip_id=2123,HOUSING AND ECONOMIC DEVELOPMENT COMMITTEE HOUSING AND ECONOMIC DEVELOPMENT COMMITTEE,HOUSING AND ECONOMIC DEVELOPMENT COMMITTEE HOUSING AND ECONOMIC DEVELOPMENT COMMITTEE,fort-worth-tx-housing-and-economic-development-committee
6540eef2dc2e,80dad5cca7f65616,https://fortworthgov.granicus.com/MediaPlayer.php?view_id=10&clip_id=4124,Community Meeting For East 4Th Streeteast 1St Street Striping And Bicycle Trail Improvements Community Meeting For East 4Th Streeteast 1St Street Striping And Bicycle Trail Improvements,Community Meeting For East 4Th Streeteast 1St Street Striping And Bicycle Trail Improvements Community Meeting For East 4Th Streeteast 1St Street Striping And Bicycle Trail Improvements,fort-worth-tx-public-info-meetings
6540eef2dc2e,80e17e1a5a5de341,https://fortworthgov.granicus.com/MediaPlayer.php?view_id=10&clip_id=1144,HOUSING AND ECONOMIC DEVELOPMENT COMMITTEE HOUSING AND ECONOMIC DEVELOPMENT COMMITTEE,HOUSING AND ECONOMIC DEVELOPMENT COMMITTEE HOUSING AND ECONOMIC DEVELOPMENT COMMITTEE,fort-worth-tx-housing-and-economic-development-committee
6540eef2dc2e,81b3ee5f6cb4d38a,https://fortworthgov.granicus.com/MediaPlayer.php?view_id=10&clip_id=4948,State Of the City 2022 State Of the City 2022,State Of the City 2022 State Of the City 2022,fort-worth-tx-public-info-meetings
6540eef2dc2e,8247b2db6e7d42a1,https://fortworthgov.granicus.com/MediaPlayer.php?view_id=10&clip_id=6177,2026 Bond & Charter Public Education Meeting 2026 Bond & Charter Public Education Meeting,2026 Bond & Charter Public Education Meeting 2026 Bond & Charter Public Education Meeting,fort-worth-tx-public-info-meetings
6540eef2dc2e,82671a8dcbbbf4e3,https://fortworthgov.granicus.com/MediaPlayer.php?view_id=12&clip_id=2588,"Speaker's Podium - Randal Mays, Junior Achievement - October 28, 2016 Speaker's Podium - Randal Mays, Junior Achievement - October 28, 2016","Speaker's Podium - Randal Mays, Junior Achievement - October 28, 2016 Speaker's Podium - Randal Mays, Junior Achievement",fort-worth-tx-speakers-podium
6540eef2dc2e,829d2a66fecaa9db,https://fortworthgov.granicus.com/MediaPlayer.php?view_id=10&clip_id=2527,"Speaker's Podium - Jamie Dixon, TCU Basketball Coach - August 5, 2016 Speaker's Podium - Jamie Dixon, TCU Basketball Coach - August 5, 2016","Speaker's Podium - Jamie Dixon, TCU Basketball Coach - August 5, 2016 Speaker's Podium - Jamie Dixon, TCU Basketball Coach",fort-worth-tx-speakers-podium
6540eef2dc2e,82a520460a97c9b9,https://fortworthgov.granicus.com/MediaPlayer.php?view_id=10&clip_id=4881,"Neighborhood Quality And Revitalization of August 9, 2022 Neighborhood Quality And Revitalization of August 9, 2022","Neighborhood Quality And Revitalization of August 9, 2022 Neighborhood Quality And Revitalization of August 9, 2022",fort-worth-tx-neighborhood-quality-and-revitalization-committee
6540eef2dc2e,82d20fad8a0544c2,https://fortworthgov.granicus.com/MediaPlayer.php?view_id=10&clip_id=2563,"Speaker's Podium - Dr. Jon Levine, Texas A&M Veterinarian Medicine - September 23, 2016 Speaker's Podium - Dr. Jon Levine, Texas A&M Veterinarian Medicine - September 23, 2016","Speaker's Podium - Dr. Jon Levine, Texas A&M Veterinarian Medicine - September 23, 2016 Speaker's Podium - Dr. Jon Levine, Texas A&M Veterinarian Medicine",fort-worth-tx-speakers-podium
6540eef2dc2e,8337512cd0dbc763,https://fortworthgov.granicus.com/MediaPlayer.php?view_id=9&clip_id=4603,Special Called Meeting to Draw and Submit a Proposed Ten-District Map to the Redistricting Task Force Special Called Meeting to Draw and Submit a Proposed Ten-District Map to the Redistricting Task Force,Special Called Meeting to Draw and Submit a Proposed Ten-District Map to the Redistricting Task Force Special Called Meeting to Draw and Submit a Proposed Ten-District Map to the Redistricting Task Force,fort-worth-tx-redistricting-task-force
6540eef2dc2e,839bb45f66d03a46,https://fortworthgov.granicus.com/MediaPlayer.php?view_id=10&clip_id=5210,Capitol Improvements Advisory Committee (CIAC) Capitol Improvements Advisory Committee (CIAC),Capitol Improvements Advisory Committee (CIAC) Capitol Improvements Advisory Committee (CIAC),fort-worth-tx-capital-improvements-advisory-committee
6540eef2dc2e,83c9b49411efdc67,https://fortworthgov.granicus.com/MediaPlayer.php?view_id=12&clip_id=4525,District 6 Town Hall Meeting District 6 Town Hall Meeting,District 6 Town Hall Meeting District 6 Town Hall Meeting,fort-worth-tx-public-info-meetings
6540eef2dc2e,841b626ff39f5164,https://fortworthgov.granicus.com/MediaPlayer.php?view_id=10&clip_id=1480,Redistricting Public Meeting Redistricting Public Meeting,Redistricting Public Meeting Redistricting Public Meeting,fort-worth-tx-public-info-meetings
6540eef2dc2e,842c3da0580f267a,https://fortworthgov.granicus.com/MediaPlayer.php?view_id=12&clip_id=3758,Minority and Women Business Enterprise Advisory Committee Minority and Women Business Enterprise Advisory Committee,Minority and Women Business Enterprise Advisory Committee Minority and Women Business Enterprise Advisory Committee,fort-worth-tx-minority-and-women-business-enterprise-advisory-committee
6540eef2dc2e,84479feb3122e2c2,https://fortworthgov.granicus.com/MediaPlayer.php?view_id=10&clip_id=5069,Neighborhood Quality and Revitalization Committee Neighborhood Quality and Revitalization Committee,Neighborhood Quality and Revitalization Committee Neighborhood Quality and Revitalization Committee,fort-worth-tx-neighborhood-quality-and-revitalization-committee
6540eef2dc2e,845e46c72c4436ed,https://fortworthgov.granicus.com/MediaPlayer.php?view_id=10&clip_id=2059,"Speaker's Podium - Dr. Michael Williams - President, UNT Health Science Center - October 17, 2014 Speaker's Podium - Dr. Michael Williams - President, UNT Health Science Center - October 17, 2014","Speaker's Podium - Dr. Michael Williams - President, UNT Health Science Center - October 17, 2014 Speaker's Podium - Dr. Michael Williams - President, UNT Health Science Center",fort-worth-tx-speakers-podium
6540eef2dc2e,8476e55e1e8255b7,https://fortworthgov.granicus.com/MediaPlayer.php?view_id=10&clip_id=5719,Entrepreneurship and Innovation Committee Entrepreneurship and Innovation Committee,Entrepreneurship and Innovation Committee Entrepreneurship and Innovation Committee,fort-worth-tx-entrepreneurship-and-innovation-committee
6540eef2dc2e,8487afea2ad4a402,https://fortworthgov.granicus.com/MediaPlayer.php?view_id=12&clip_id=4601,"Art Commission of November 15, 2021 Art Commission of November 15, 2021","Art Commission of November 15, 2021 Art Commission of November 15, 2021",fort-worth-tx-public-art-commission
6540eef2dc2e,84b4e3c61738865a,https://fortworthgov.granicus.com/MediaPlayer.php?view_id=12&clip_id=4182,Aviation Advisory Board Aviation Advisory Board,Aviation Advisory Board Aviation Advisory Board,fort-worth-tx-aviation-advisory-board
6540eef2dc2e,850d1c58e73256f9,b1e3b20b-d5d7-11f0-bb28-005056a89546,"December DDRB - Dec 10, 2025",December DDRB,fort-worth-tx-downtown-design-and-review-board
6540eef2dc2e,8518c513a61f0305,https://fortworthgov.granicus.com/MediaPlayer.php?view_id=12&clip_id=5195,"Crime Control and Prevention District, Local Development Corporation, Central City Local Government Corporation, Research and Innovation Local Government Corporation, Lone Star Local Government Corporation, and Housing Finance Corporation Crime Control and Prevention District, Local Development Corporation, Central City Local Government Corporation, Research and Innovation Local Government Corporation, Lone Star Local Government Corporation, and Housing Finance Corporation","Crime Control and Prevention District, Local Development Corporation, Central City Local Government Corporation, Research and Innovation Local Government Corporation, Lone Star Local Government Corporation, and Housing Finance Corporation Crime Control and Prevention District, Local Development Corporation, Central City Local Government Corporation, Research and Innovation Local Government Corporation, Lone Star Local Government Corporation, and Housing Finance Corporation",fort-worth-tx-research-and-innovation-local-government-corporation
6540eef2dc2e,8560372df8a701f2,https://fortworthgov.granicus.com/MediaPlayer.php?view_id=10&clip_id=3548,COVID-19 Community Update (Spanish) COVID-19 Community Update (Spanish),COVID-19 Community Update (Spanish) COVID-19 Community Update (Spanish),fort-worth-tx-public-info-meetings
6540eef2dc2e,85925878cc450260,https://fortworthgov.granicus.com/MediaPlayer.php?view_id=10&clip_id=3933,District 3 Town Hall District 3 Town Hall,District 3 Town Hall District 3 Town Hall,fort-worth-tx-public-info-meetings
6540eef2dc2e,86463b4c5f33e570,https://fortworthgov.granicus.com/MediaPlayer.php?view_id=12&clip_id=2885,Race and Culture Task Force Race and Culture Task Force,Race and Culture Task Force Race and Culture Task Force,fort-worth-tx-race-and-culture-task-force
6540eef2dc2e,864e2d85f43547f7,https://fortworthgov.granicus.com/MediaPlayer.php?view_id=12&clip_id=6000,Help Build Our Future District 8 Bond Meeting Help Build Our Future District 8 Bond Meeting,Help Build Our Future District 8 Bond Meeting Help Build Our Future District 8 Bond Meeting,fort-worth-tx-public-info-meetings
6540eef2dc2e,869aa8b3a87a9796,https://fortworthgov.granicus.com/MediaPlayer.php?view_id=10&clip_id=5012,Entrepreneurship and Innovation Committee Entrepreneurship and Innovation Committee,Entrepreneurship and Innovation Committee Entrepreneurship and Innovation Committee,fort-worth-tx-entrepreneurship-and-innovation-committee
6540eef2dc2e,86cea6db5562d10d,https://fortworthgov.granicus.com/MediaPlayer.php?view_id=10&clip_id=3709,"FW Sports Authority, Inc. Quarterly Board Meeting May 26, 2020 FW Sports Authority, Inc. Quarterly Board Meeting May 26, 2020","FW Sports Authority, Inc. Quarterly Board Meeting May 26, 2020 FW Sports Authority, Inc. Quarterly Board Meeting May 26, 2020",fort-worth-tx-fort-worth-sports-authority
6540eef2dc2e,86d0e69a01ade7a6,https://fortworthgov.granicus.com/MediaPlayer.php?view_id=12&clip_id=5528,Neighborhood Quality and Revitalization Committee Neighborhood Quality and Revitalization Committee,Neighborhood Quality and Revitalization Committee Neighborhood Quality and Revitalization Committee,fort-worth-tx-neighborhood-quality-and-revitalization-committee
6540eef2dc2e,872dc42f47d78f6d,https://fortworthgov.granicus.com/MediaPlayer.php?view_id=12&clip_id=2364,"Speaker's Podium - Jeff Whitfield, Rotary Peace Fellow - November 20, 2016 Speaker's Podium - Jeff Whitfield, Rotary Peace Fellow - November 20, 2016","Speaker's Podium - Jeff Whitfield, Rotary Peace Fellow - November 20, 2016 Speaker's Podium - Jeff Whitfield, Rotary Peace Fellow",fort-worth-tx-speakers-podium
6540eef2dc2e,8759ff6e55e81998,https://fortworthgov.granicus.com/MediaPlayer.php?view_id=12&clip_id=5655,Neighborhood Quality and Revitalization Committee Neighborhood Quality and Revitalization Committee,Neighborhood Quality and Revitalization Committee Neighborhood Quality and Revitalization Committee,fort-worth-tx-neighborhood-quality-and-revitalization-committee
6540eef2dc2e,8762257d82a60ada,https://fortworthgov.granicus.com/MediaPlayer.php?view_id=12&clip_id=5489,Ad Hoc Committee on Emergency Medical Response Ad Hoc Committee on Emergency Medical Response,Ad Hoc Committee on Emergency Medical Response Ad Hoc Committee on Emergency Medical Response,fort-worth-tx-ad-hoc-council-committee-on-emergency-medical-response
6540eef2dc2e,87af66f231c9917b,https://fortworthgov.granicus.com/MediaPlayer.php?view_id=12&clip_id=6013,Help Build Our Future District 11 Bond Meeting Help Build Our Future District 11 Bond Meeting,Help Build Our Future District 11 Bond Meeting Help Build Our Future District 11 Bond Meeting,fort-worth-tx-public-info-meetings
6540eef2dc2e,88120d72e8fcc470,https://fortworthgov.granicus.com/MediaPlayer.php?view_id=12&clip_id=6206,2026 Bond & Charter Public Education Meeting 2026 Bond & Charter Public Education Meeting,2026 Bond & Charter Public Education Meeting 2026 Bond & Charter Public Education Meeting,fort-worth-tx-public-info-meetings
6540eef2dc2e,882b4a947e60cd08,2d4c4208-79df-11f0-a766-005056a89546,"Police Chief Finalists Public Forum of August 14, 2025 - Aug 15, 2025","Police Chief Finalists Public Forum of August 14, 2025",fort-worth-tx-public-info-meetings
6540eef2dc2e,883eed50d9fb426f,https://fortworthgov.granicus.com/MediaPlayer.php?view_id=12&clip_id=4287,District 8 Town Hall District 8 Town Hall,District 8 Town Hall District 8 Town Hall,fort-worth-tx-public-info-meetings
6540eef2dc2e,886626c4365e174f,https://fortworthgov.granicus.com/MediaPlayer.php?view_id=12&clip_id=4121,Mayor's Committee on Persons with Disabilites Mayor's Committee on Persons with Disabilites,Mayor's Committee on Persons with Disabilites Mayor's Committee on Persons with Disabilites,fort-worth-tx-mayor-s-committee-on-persons-with-disabilities
6540eef2dc2e,887c4c9446d92aa4,https://fortworthgov.granicus.com/MediaPlayer.php?view_id=12&clip_id=5010,Altamesa/McCart Safe Community Collaboration Altamesa/McCart Safe Community Collaboration,Altamesa/McCart Safe Community Collaboration Altamesa/McCart Safe Community Collaboration,fort-worth-tx-public-info-meetings
6540eef2dc2e,88c802246a8bbc85,https://fortworthgov.granicus.com/MediaPlayer.php?view_id=12&clip_id=1664,T Board Meeting T Board Meeting,T Board Meeting T Board Meeting,fort-worth-tx-trinity-metro-board
6540eef2dc2e,891b49d2608f4326,https://fortworthgov.granicus.com/MediaPlayer.php?view_id=10&clip_id=1557,HOUSING AND ECONOMIC DEVELOPMENT COMMITTEE HOUSING AND ECONOMIC DEVELOPMENT COMMITTEE,HOUSING AND ECONOMIC DEVELOPMENT COMMITTEE HOUSING AND ECONOMIC DEVELOPMENT COMMITTEE,fort-worth-tx-housing-and-economic-development-committee
6540eef2dc2e,8963839f3c67150d,https://fortworthgov.granicus.com/MediaPlayer.php?view_id=12&clip_id=2753,"Speaker's Podium - Roderick McLean, Lockheed Martin - July 28, 2017 Speaker's Podium - Roderick McLean, Lockheed Martin - July 28, 2017","Speaker's Podium - Roderick McLean, Lockheed Martin - July 28, 2017 Speaker's Podium - Roderick McLean, Lockheed Martin",fort-worth-tx-speakers-podium
6540eef2dc2e,898259470626a36d,https://fortworthgov.granicus.com/MediaPlayer.php?view_id=11&clip_id=3617,COVID-19 Community Update (Spanish) COVID-19 Community Update (Spanish),COVID-19 Community Update (Spanish) COVID-19 Community Update (Spanish),fort-worth-tx-public-info-meetings
6540eef2dc2e,898b2af552990cd3,https://fortworthgov.granicus.com/MediaPlayer.php?view_id=12&clip_id=4047,Human Relations Commission Human Relations Commission,Human Relations Commission Human Relations Commission,fort-worth-tx-human-relations-commission
6540eef2dc2e,8a0770d064e33520,https://fortworthgov.granicus.com/MediaPlayer.php?view_id=12&clip_id=1074,Modern Streetcar Town Hall Meeting Modern Streetcar Town Hall Meeting,Modern Streetcar Town Hall Meeting Modern Streetcar Town Hall Meeting,fort-worth-tx-public-info-meetings
6540eef2dc2e,8a4bac93749edea5,https://fortworthgov.granicus.com/MediaPlayer.php?view_id=12&clip_id=4544,"Tax Foreclosed Property meeting, September 18, 2021 Tax Foreclosed Property meeting, September 18, 2021","Tax Foreclosed Property meeting, September 18, 2021 Tax Foreclosed Property meeting, September 18, 2021",fort-worth-tx-public-info-meetings
6540eef2dc2e,8ac44e58fa1b5b03,https://fortworthgov.granicus.com/MediaPlayer.php?view_id=10&clip_id=3004,"Speaker's Podium - Officer Hannah Rivard, Human Trafficking - June 1, 2018 Speaker's Podium - Officer Hannah Rivard, Human Trafficking - June 1, 2018","Speaker's Podium - Officer Hannah Rivard, Human Trafficking - June 1, 2018 Speaker's Podium - Officer Hannah Rivard, Human Trafficking",fort-worth-tx-speakers-podium
6540eef2dc2e,8ad4bb2f8ee24f92,https://fortworthgov.granicus.com/MediaPlayer.php?view_id=11&clip_id=3615,COVID-19 Community Update (English) COVID-19 Community Update (English),COVID-19 Community Update (English) COVID-19 Community Update (English),fort-worth-tx-public-info-meetings
6540eef2dc2e,8aed7eaff53a7f2d,c3b7c563-05ff-4d7e-be3c-3f5a955bbdd9,"Research and Innovation Local Government Corporation - Apr 28, 2026",Research and Innovation Local Government Corporation,fort-worth-tx-research-and-innovation-local-government-corporation
6540eef2dc2e,8b11f025e32000d0,https://fortworthgov.granicus.com/MediaPlayer.php?view_id=10&clip_id=6013,Help Build Our Future District 11 Bond Meeting Help Build Our Future District 11 Bond Meeting,Help Build Our Future District 11 Bond Meeting Help Build Our Future District 11 Bond Meeting,fort-worth-tx-public-info-meetings
6540eef2dc2e,8b18f4d3417dfad4,https://fortworthgov.granicus.com/MediaPlayer.php?view_id=12&clip_id=2592,"Speaker's Podium - J.D. Granger, Trinity River Vision Authority - November 4, 2016 Speaker's Podium - J.D. Granger, Trinity River Vision Authority - November 4, 2016","Speaker's Podium - J.D. Granger, Trinity River Vision Authority - November 4, 2016 Speaker's Podium - J.D. Granger, Trinity River Vision Authority",fort-worth-tx-speakers-podium
6540eef2dc2e,8b279a5819745bb9,https://fortworthgov.granicus.com/MediaPlayer.php?view_id=10&clip_id=2836,"Speaker's Podium - Lex Keen, PURF - November 10, 2017 Speaker's Podium - Lex Keen, PURF - November 10, 2017","Speaker's Podium - Lex Keen, PURF - November 10, 2017 Speaker's Podium - Lex Keen, PURF",fort-worth-tx-speakers-podium
6540eef2dc2e,8b2db5113805da73,https://fortworthgov.granicus.com/MediaPlayer.php?view_id=12&clip_id=1932,"Speaker's Podium - Andy Taft - Plan 2023 - March 16, 2014 Speaker's Podium - Andy Taft - Plan 2023 - March 16, 2014","Speaker's Podium - Andy Taft - Plan 2023 - March 16, 2014 Speaker's Podium - Andy Taft - Plan 2023",fort-worth-tx-speakers-podium
6540eef2dc2e,8b53abd982eef1cc,https://fortworthgov.granicus.com/MediaPlayer.php?view_id=12&clip_id=4533,District 5 Town Hall Meeting District 5 Town Hall Meeting,District 5 Town Hall Meeting District 5 Town Hall Meeting,fort-worth-tx-public-info-meetings
6540eef2dc2e,8b8da067a8ca7e6b,https://fortworthgov.granicus.com/MediaPlayer.php?view_id=10&clip_id=3558,COVID-19 Community Update (Spanish) COVID-19 Community Update (Spanish),COVID-19 Community Update (Spanish) COVID-19 Community Update (Spanish),fort-worth-tx-public-info-meetings
6540eef2dc2e,8b965c806e611137,https://fortworthgov.granicus.com/MediaPlayer.php?view_id=12&clip_id=5305,Redevelopment Of Community Arts Center at 1300 Gendy Street - Public Meeting Redevelopment Of Community Arts Center at 1300 Gendy Street - Public Meeting,Redevelopment Of Community Arts Center at 1300 Gendy Street - Public Meeting Redevelopment Of Community Arts Center at 1300 Gendy Street - Public Meeting,fort-worth-tx-public-info-meetings
6540eef2dc2e,8bad9c847db208d8,https://fortworthgov.granicus.com/MediaPlayer.php?view_id=10&clip_id=2974,"Speaker's Podium - Cristo Rey Fort Worth High School - May 11, 2018 Speaker's Podium - Cristo Rey Fort Worth High School - May 11, 2018","Speaker's Podium - Cristo Rey Fort Worth High School - May 11, 2018 Speaker's Podium - Cristo Rey Fort Worth High School",fort-worth-tx-speakers-podium
6540eef2dc2e,8bad9cd37fba5085,https://fortworthgov.granicus.com/MediaPlayer.php?view_id=11&clip_id=3569,COVID-19 Community Update (Spanish) COVID-19 Community Update (Spanish),COVID-19 Community Update (Spanish) COVID-19 Community Update (Spanish),fort-worth-tx-public-info-meetings
6540eef2dc2e,8c5c33e8d2390ca5,https://fortworthgov.granicus.com/MediaPlayer.php?view_id=10&clip_id=1418,HOUSING AND ECONOMIC DEVELOPMENT COMMITTEE HOUSING AND ECONOMIC DEVELOPMENT COMMITTEE,HOUSING AND ECONOMIC DEVELOPMENT COMMITTEE HOUSING AND ECONOMIC DEVELOPMENT COMMITTEE,fort-worth-tx-housing-and-economic-development-committee
6540eef2dc2e,8c5ed31ec5d2b3e0,https://fortworthgov.granicus.com/MediaPlayer.php?view_id=12&clip_id=5182,"Echo Heights Public Meeting of June 12, 2023 Echo Heights Public Meeting of June 12, 2023","Echo Heights Public Meeting of June 12, 2023 Echo Heights Public Meeting of June 12, 2023",fort-worth-tx-public-info-meetings
6540eef2dc2e,8cd4281fbc71cb96,https://fortworthgov.granicus.com/MediaPlayer.php?view_id=12&clip_id=5466,"Local Development Corporation of March 26, 2024 Local Development Corporation of March 26, 2024","Local Development Corporation of March 26, 2024 Local Development Corporation of March 26, 2024",fort-worth-tx-fort-worth-local-development-corporation
6540eef2dc2e,8ce48b2c634611d1,c7daa1c0-7281-11ed-9024-0050569183fa,"Downtown Design Review Board - Dec 01, 2022",Downtown Design Review Board,fort-worth-tx-downtown-design-and-review-board
6540eef2dc2e,8d87e92fd7e33cbb,https://fortworthgov.granicus.com/MediaPlayer.php?view_id=10&clip_id=4180,Animal Shelter Advisory Committee Animal Shelter Advisory Committee,Animal Shelter Advisory Committee Animal Shelter Advisory Committee,fort-worth-tx-animal-shelter-advisory-committee
6540eef2dc2e,8da984d4124a7df8,https://fortworthgov.granicus.com/MediaPlayer.php?view_id=12&clip_id=4599,Fall 2021 Virtual OPOM Community Conversations Fall 2021 Virtual OPOM Community Conversations,Fall 2021 Virtual OPOM Community Conversations Fall 2021 Virtual OPOM Community Conversations,fort-worth-tx-public-info-meetings
6540eef2dc2e,8dc4aa953c1103cc,https://fortworthgov.granicus.com/MediaPlayer.php?view_id=10&clip_id=3721,Human Relations Commission Human Relations Commission,Human Relations Commission Human Relations Commission,fort-worth-tx-human-relations-commission
6540eef2dc2e,8e07bc98263da32f,https://fortworthgov.granicus.com/MediaPlayer.php?view_id=12&clip_id=2624,"Keep Fort Worth Beautiful Neighborhood Workshop - January 7, 2017 Keep Fort Worth Beautiful Neighborhood Workshop - January 7, 2017","Keep Fort Worth Beautiful Neighborhood Workshop - January 7, 2017 Keep Fort Worth Beautiful Neighborhood Workshop",fort-worth-tx-public-info-meetings
6540eef2dc2e,8e1f3ead3f407ba9,https://fortworthgov.granicus.com/MediaPlayer.php?view_id=12&clip_id=4467,Fort Worth Art Commission Fort Worth Art Commission,Fort Worth Art Commission Fort Worth Art Commission,fort-worth-tx-public-art-commission
6540eef2dc2e,8e25c225c1077840,https://fortworthgov.granicus.com/MediaPlayer.php?view_id=5&clip_id=6354,District 9 Budget Meeting District 9 Budget Meeting,District 9 Budget Meeting District 9 Budget Meeting,fort-worth-tx-public-info-meetings
6540eef2dc2e,8e437bbd7204b5a8,https://fortworthgov.granicus.com/MediaPlayer.php?view_id=10&clip_id=4044,Park Board Park Board,Park Board Park Board,fort-worth-tx-park-and-recreation-advisory-board
6540eef2dc2e,8f14b761aeae545b,https://fortworthgov.granicus.com/MediaPlayer.php?view_id=12&clip_id=5030,Entrepreneurship and Innovation Committee - CANCELED Entrepreneurship and Innovation Committee - CANCELED,Entrepreneurship and Innovation Committee - CANCELED Entrepreneurship and Innovation Committee - CANCELED,fort-worth-tx-entrepreneurship-and-innovation-committee
6540eef2dc2e,8f173d43f36925b6,a2e2d249-19ce-4281-99b5-363a79f78a3c,"LDC, CCLGC, RILGC, FWHFC - Oct 28, 2025","LDC, CCLGC, RILGC, FWHFC",fort-worth-tx-central-city-local-government-corporation
6540eef2dc2e,8f173d43f36925b6,a2e2d249-19ce-4281-99b5-363a79f78a3c,"LDC, CCLGC, RILGC, FWHFC - Oct 28, 2025","LDC, CCLGC, RILGC, FWHFC",fort-worth-tx-fort-worth-housing-finance-corporation
6540eef2dc2e,8f173d43f36925b6,a2e2d249-19ce-4281-99b5-363a79f78a3c,"LDC, CCLGC, RILGC, FWHFC - Oct 28, 2025","LDC, CCLGC, RILGC, FWHFC",fort-worth-tx-fort-worth-local-development-corporation
6540eef2dc2e,8f173d43f36925b6,a2e2d249-19ce-4281-99b5-363a79f78a3c,"LDC, CCLGC, RILGC, FWHFC - Oct 28, 2025","LDC, CCLGC, RILGC, FWHFC",fort-worth-tx-research-and-innovation-local-government-corporation
6540eef2dc2e,8f2bf081f9c762f7,https://fortworthgov.granicus.com/MediaPlayer.php?view_id=10&clip_id=4978,Entrepreneurship and Innovation Committee Entrepreneurship and Innovation Committee,Entrepreneurship and Innovation Committee Entrepreneurship and Innovation Committee,fort-worth-tx-entrepreneurship-and-innovation-committee
6540eef2dc2e,8f7acbc9ec755952,https://fortworthgov.granicus.com/MediaPlayer.php?view_id=10&clip_id=3995,Community Meeting For Riverside Area Street Reconstruction Community Meeting For Riverside Area Street Reconstruction,Community Meeting For Riverside Area Street Reconstruction Community Meeting For Riverside Area Street Reconstruction,fort-worth-tx-public-info-meetings
6540eef2dc2e,8fa08b8c43ad5304,https://fortworthgov.granicus.com/MediaPlayer.php?view_id=12&clip_id=3939,Art Commission SPECIAL CALLED MEETING Art Commission SPECIAL CALLED MEETING,Art Commission SPECIAL CALLED MEETING Art Commission SPECIAL CALLED MEETING,fort-worth-tx-public-art-commission
6540eef2dc2e,8fa7e22e59e1077c,https://fortworthgov.granicus.com/MediaPlayer.php?view_id=9&clip_id=5804,Joint City Council and Park and Recreation Advisory Board Joint City Council and Park and Recreation Advisory Board,Joint City Council and Park and Recreation Advisory Board Joint City Council and Park and Recreation Advisory Board,fort-worth-tx-park-and-recreation-advisory-board
6540eef2dc2e,8fbf34d82a4595fa,26d273df-ec73-43ce-b73d-b45af36c636a,"Joint City Council and Park and Recreation Advisory Board - May 06, 2025",Joint City Council and Park and Recreation Advisory Board,fort-worth-tx-park-and-recreation-advisory-board
6540eef2dc2e,9005a3c3af9a42c8,https://fortworthgov.granicus.com/MediaPlayer.php?view_id=10&clip_id=4658,Redistricting Task Force Redistricting Task Force,Redistricting Task Force Redistricting Task Force,fort-worth-tx-redistricting-task-force
6540eef2dc2e,903bbc60990a34fa,https://fortworthgov.granicus.com/MediaPlayer.php?view_id=10&clip_id=3589,COVID-19 Community Update COVID-19 Community Update,COVID-19 Community Update COVID-19 Community Update,fort-worth-tx-public-info-meetings
6540eef2dc2e,90634f4522265206,c3ed8694-8ccf-11f0-a766-005056a89546,"District 11 Budget Meeting  - Sep 06, 2025",District 11 Budget Meeting,fort-worth-tx-public-info-meetings
6540eef2dc2e,90a2b795eeccac50,https://fortworthgov.granicus.com/MediaPlayer.php?view_id=10&clip_id=5231,Stop Six Neighborhood Hub Community Meeting Stop Six Neighborhood Hub Community Meeting,Stop Six Neighborhood Hub Community Meeting Stop Six Neighborhood Hub Community Meeting,fort-worth-tx-public-info-meetings
6540eef2dc2e,910142675e3e1173,https://fortworthgov.granicus.com/MediaPlayer.php?view_id=12&clip_id=2104,HOUSING AND ECONOMIC DEVELOPMENT COMMITTEE HOUSING AND ECONOMIC DEVELOPMENT COMMITTEE,HOUSING AND ECONOMIC DEVELOPMENT COMMITTEE HOUSING AND ECONOMIC DEVELOPMENT COMMITTEE,fort-worth-tx-housing-and-economic-development-committee
6540eef2dc2e,91346e1e1a69e8a5,https://fortworthgov.granicus.com/MediaPlayer.php?view_id=10&clip_id=5225,"CIAC of August 24, 2022 CIAC of August 24, 2022","CIAC of August 24, 2022 CIAC of August 24, 2022",fort-worth-tx-capital-improvements-advisory-committee
6540eef2dc2e,914b574a7e584421,https://fortworthgov.granicus.com/MediaPlayer.php?view_id=12&clip_id=1831,T Board of Directors T Board of Directors,T Board of Directors T Board of Directors,fort-worth-tx-trinity-metro-board
6540eef2dc2e,9168b5c588c70077,https://fortworthgov.granicus.com/MediaPlayer.php?view_id=12&clip_id=3073,Race and Culture Task Force Race and Culture Task Force,Race and Culture Task Force Race and Culture Task Force,fort-worth-tx-race-and-culture-task-force
6540eef2dc2e,918a1c5bb0bd1b33,https://fortworthgov.granicus.com/MediaPlayer.php?view_id=10&clip_id=2357,"Speaker's Podium - Terry Montesi, Trademark Property Company - November 13, 2015 Speaker's Podium - Terry Montesi, Trademark Property Company - November 13, 2015","Speaker's Podium - Terry Montesi, Trademark Property Company - November 13, 2015 Speaker's Podium - Terry Montesi, Trademark Property Company",fort-worth-tx-speakers-podium
6540eef2dc2e,91d4dad3de09731c,c977f74a-8a84-11f0-a766-005056a89546,"District 3 Budget Meeting  - Sep 03, 2025",District 3 Budget Meeting,fort-worth-tx-public-info-meetings
6540eef2dc2e,924eb4b5080b34cb,https://fortworthgov.granicus.com/MediaPlayer.php?view_id=12&clip_id=4356,"Community Design Meeting For The New York, Main, Morningside, Capps, Page And Alley Infrastructure Improvement Community Design Meeting For The New York, Main, Morningside, Capps, Page And Alley Infrastructure Improvement","Community Design Meeting For The New York, Main, Morningside, Capps, Page And Alley Infrastructure Improvement Community Design Meeting For The New York, Main, Morningside, Capps, Page And Alley Infrastructure Improvement",fort-worth-tx-public-info-meetings
6540eef2dc2e,92c9de811dd4a19a,https://fortworthgov.granicus.com/MediaPlayer.php?view_id=12&clip_id=1674,HOUSING AND ECONOMIC DEVELOPMENT COMMITTEE HOUSING AND ECONOMIC DEVELOPMENT COMMITTEE,HOUSING AND ECONOMIC DEVELOPMENT COMMITTEE HOUSING AND ECONOMIC DEVELOPMENT COMMITTEE,fort-worth-tx-housing-and-economic-development-committee
6540eef2dc2e,92f8ecb3db84de8d,https://fortworthgov.granicus.com/MediaPlayer.php?view_id=10&clip_id=5330,Neighborhood Quality and Revitalization Committee Neighborhood Quality and Revitalization Committee,Neighborhood Quality and Revitalization Committee Neighborhood Quality and Revitalization Committee,fort-worth-tx-neighborhood-quality-and-revitalization-committee
6540eef2dc2e,92fd89e03fac650f,https://fortworthgov.granicus.com/MediaPlayer.php?view_id=10&clip_id=3616,COVID-19 Community Update (Spanish) COVID-19 Community Update (Spanish),COVID-19 Community Update (Spanish) COVID-19 Community Update (Spanish),fort-worth-tx-public-info-meetings
6540eef2dc2e,9335d8dadc648ab7,https://fortworthgov.granicus.com/MediaPlayer.php?view_id=10&clip_id=4927,Entrepreneurship and Innovation Committee Entrepreneurship and Innovation Committee,Entrepreneurship and Innovation Committee Entrepreneurship and Innovation Committee,fort-worth-tx-entrepreneurship-and-innovation-committee
6540eef2dc2e,936aa52c84bc5245,https://fortworthgov.granicus.com/MediaPlayer.php?view_id=12&clip_id=1452,T Board Meeting T Board Meeting,T Board Meeting T Board Meeting,fort-worth-tx-trinity-metro-board
6540eef2dc2e,94f52513ce2caef9,https://fortworthgov.granicus.com/MediaPlayer.php?view_id=10&clip_id=1936,"Speaker's Podium - Robert Hinkle - North Tarrant Express - May 30, 2014 Speaker's Podium - Robert Hinkle - North Tarrant Express - May 30, 2014","Speaker's Podium - Robert Hinkle - North Tarrant Express - May 30, 2014 Speaker's Podium - Robert Hinkle - North Tarrant Express",fort-worth-tx-speakers-podium
6540eef2dc2e,9506bc073895e75d,https://fortworthgov.granicus.com/MediaPlayer.php?view_id=12&clip_id=3841,Ad Hoc Municipal Court Advisory Committee Ad Hoc Municipal Court Advisory Committee,Ad Hoc Municipal Court Advisory Committee Ad Hoc Municipal Court Advisory Committee,fort-worth-tx-ad-hoc-municipal-court-advisory-committee
6540eef2dc2e,951b0360c8a8f954,https://fortworthgov.granicus.com/MediaPlayer.php?view_id=11&clip_id=3633,COVID-19 Community Update (Spanish) COVID-19 Community Update (Spanish),COVID-19 Community Update (Spanish) COVID-19 Community Update (Spanish),fort-worth-tx-public-info-meetings
6540eef2dc2e,956f04f13974c049,https://fortworthgov.granicus.com/MediaPlayer.php?view_id=10&clip_id=3868,District 8 Town Hall - 2021 Budget District 8 Town Hall - 2021 Budget,District 8 Town Hall - 2021 Budget District 8 Town Hall - 2021 Budget,fort-worth-tx-public-info-meetings
6540eef2dc2e,96338a26cfced777,d491b0c0-ca1f-11f0-a7da-005056a89546,"November UDC - Nov 25, 2025",November UDC,fort-worth-tx-urban-design-commission
6540eef2dc2e,9667cf361ba6c57f,81863783-c8fd-4101-952c-a08bb3770376,"Research and Innovation Local Government Corporation - Jun 23, 2026",Research and Innovation Local Government Corporation,fort-worth-tx-research-and-innovation-local-government-corporation
6540eef2dc2e,96bf16524c3e7a94,https://fortworthgov.granicus.com/MediaPlayer.php?view_id=11&clip_id=3555,COVID-19 Community Update (English) COVID-19 Community Update (English),COVID-19 Community Update (English) COVID-19 Community Update (English),fort-worth-tx-public-info-meetings
6540eef2dc2e,96c38ef232a45236,https://fortworthgov.granicus.com/MediaPlayer.php?view_id=12&clip_id=3095,"Speaker's Podium - Col. Mickey Addison, USAF, Retired - November 11, 2018 Speaker's Podium - Col. Mickey Addison, USAF, Retired - November 11, 2018","Speaker's Podium - Col. Mickey Addison, USAF, Retired - November 11, 2018 Speaker's Podium - Col. Mickey Addison, USAF, Retired",fort-worth-tx-speakers-podium
6540eef2dc2e,974584264ed3e348,https://fortworthgov.granicus.com/MediaPlayer.php?view_id=10&clip_id=3948,Redistricting Task Force Redistricting Task Force,Redistricting Task Force Redistricting Task Force,fort-worth-tx-redistricting-task-force
6540eef2dc2e,97502ac01693c79b,https://fortworthgov.granicus.com/MediaPlayer.php?view_id=12&clip_id=4840,Entrepreneurship and Innovation Committee Entrepreneurship and Innovation Committee,Entrepreneurship and Innovation Committee Entrepreneurship and Innovation Committee,fort-worth-tx-entrepreneurship-and-innovation-committee
6540eef2dc2e,976194f83a477f4b,https://fortworthgov.granicus.com/MediaPlayer.php?view_id=10&clip_id=2859,Race and Culture Task Force Race and Culture Task Force,Race and Culture Task Force Race and Culture Task Force,fort-worth-tx-race-and-culture-task-force
6540eef2dc2e,9768aa86fe4f4962,https://fortworthgov.granicus.com/MediaPlayer.php?view_id=10&clip_id=4306,Transportation & Public Works Community Meeting Transportation & Public Works Community Meeting,Transportation & Public Works Community Meeting Transportation & Public Works Community Meeting,fort-worth-tx-public-info-meetings
6540eef2dc2e,979453c33b98c15c,https://fortworthgov.granicus.com/MediaPlayer.php?view_id=10&clip_id=5293,Neighborhood Quality and Revitalization Committee Neighborhood Quality and Revitalization Committee,Neighborhood Quality and Revitalization Committee Neighborhood Quality and Revitalization Committee,fort-worth-tx-neighborhood-quality-and-revitalization-committee
6540eef2dc2e,981c9fc22af8558b,https://fortworthgov.granicus.com/MediaPlayer.php?view_id=11&clip_id=4475,COVID-19 Community Update COVID-19 Community Update,COVID-19 Community Update COVID-19 Community Update,fort-worth-tx-public-info-meetings
6540eef2dc2e,98231c4c454fb2b8,https://fortworthgov.granicus.com/MediaPlayer.php?view_id=12&clip_id=3864,Risinger At I35 Improvements Risinger At I35 Improvements,Risinger At I35 Improvements Risinger At I35 Improvements,fort-worth-tx-public-info-meetings
6540eef2dc2e,985027e7f06134a0,https://fortworthgov.granicus.com/MediaPlayer.php?view_id=12&clip_id=4114,Human Relations Commission Human Relations Commission,Human Relations Commission Human Relations Commission,fort-worth-tx-human-relations-commission
6540eef2dc2e,986a4ae0386a6b14,https://fortworthgov.granicus.com/MediaPlayer.php?view_id=10&clip_id=5164,Public Forum for Police Oversight Monitor Candidates Public Forum for Police Oversight Monitor Candidates,Public Forum for Police Oversight Monitor Candidates Public Forum for Police Oversight Monitor Candidates,fort-worth-tx-public-info-meetings
6540eef2dc2e,98708ecb4fddb73c,e81172e0-42e6-11f0-b7f5-005056a89546,"June 5, DDRB Meeting - Jun 06, 2025","June 5, DDRB Meeting",fort-worth-tx-downtown-design-and-review-board
6540eef2dc2e,9892038d291603e2,https://fortworthgov.granicus.com/MediaPlayer.php?view_id=12&clip_id=254,Housing and Economic Development Committee #1 Housing and Economic Development Committee #1,Housing and Economic Development Committee #1 Housing and Economic Development Committee #1,fort-worth-tx-housing-and-economic-development-committee
6540eef2dc2e,98f031a6526bec00,https://fortworthgov.granicus.com/MediaPlayer.php?view_id=10&clip_id=3462,"Speakers Podium - Chef Tim Love - December 13, 2019 Speakers Podium - Chef Tim Love - December 13, 2019","Speakers Podium - Chef Tim Love - December 13, 2019 Speakers Podium - Chef Tim Love",fort-worth-tx-speakers-podium
6540eef2dc2e,990624cbf1c9f7a0,https://fortworthgov.granicus.com/MediaPlayer.php?view_id=12&clip_id=1743,HOUSING AND ECONOMIC DEVELOPMENT COMMITTEE HOUSING AND ECONOMIC DEVELOPMENT COMMITTEE,HOUSING AND ECONOMIC DEVELOPMENT COMMITTEE HOUSING AND ECONOMIC DEVELOPMENT COMMITTEE,fort-worth-tx-housing-and-economic-development-committee
6540eef2dc2e,994ea2662d4530d7,https://fortworthgov.granicus.com/MediaPlayer.php?view_id=10&clip_id=4551,Water and Wastewater CIP Citizens Advisory Committee Water and Wastewater CIP Citizens Advisory Committee,Water and Wastewater CIP Citizens Advisory Committee Water and Wastewater CIP Citizens Advisory Committee,fort-worth-tx-water-and-wastewater-capital-improvements-plans-citizen-advisory-committee
6540eef2dc2e,99ab227f2a38f9ad,https://fortworthgov.granicus.com/MediaPlayer.php?view_id=10&clip_id=4599,Fall 2021 Virtual OPOM Community Conversations Fall 2021 Virtual OPOM Community Conversations,Fall 2021 Virtual OPOM Community Conversations Fall 2021 Virtual OPOM Community Conversations,fort-worth-tx-public-info-meetings
6540eef2dc2e,99cc12296060a431,https://fortworthgov.granicus.com/MediaPlayer.php?view_id=12&clip_id=4739,Listening Circle With Dr. J - Egrets Update Listening Circle With Dr. J - Egrets Update,Listening Circle With Dr. J - Egrets Update Listening Circle With Dr. J - Egrets Update,fort-worth-tx-public-info-meetings
6540eef2dc2e,9acab372828b2629,https://fortworthgov.granicus.com/MediaPlayer.php?view_id=10&clip_id=3106,"Speaker's Podium - Mike Sanborn, Baylor Scott & White All Saints Medical Center - November 30, 2018 Speaker's Podium - Mike Sanborn, Baylor Scott & White All Saints Medical Center - November 30, 2018","Speaker's Podium - Mike Sanborn, Baylor Scott & White All Saints Medical Center - November 30, 2018 Speaker's Podium - Mike Sanborn, Baylor Scott & White All Saints Medical Center",fort-worth-tx-speakers-podium
6540eef2dc2e,9b2d893088e84d35,https://fortworthgov.granicus.com/MediaPlayer.php?view_id=10&clip_id=4296,Transportation & Public Works Community Meeting Transportation & Public Works Community Meeting,Transportation & Public Works Community Meeting Transportation & Public Works Community Meeting,fort-worth-tx-public-info-meetings
6540eef2dc2e,9b2f363c52bbcf23,https://fortworthgov.granicus.com/MediaPlayer.php?view_id=10&clip_id=5132,"Local Development Corporation, Central City Local Government Corporation, Research & Innovation Local Government Corporation, Lone Star Local Government Corporation, and Fort Worth Housing Finance Corporation Local Development Corporation, Central City Local Government Corporation, Research & Innovation Local Government Corporation, Lone Star Local Government Corporation, and Fort Worth Housing Finance Corporation","Local Development Corporation, Central City Local Government Corporation, Research & Innovation Local Government Corporation, Lone Star Local Government Corporation, and Fort Worth Housing Finance Corporation Local Development Corporation, Central City Local Government Corporation, Research & Innovation Local Government Corporation, Lone Star Local Government Corporation, and Fort Worth Housing Finance Corporation",fort-worth-tx-research-and-innovation-local-government-corporation
6540eef2dc2e,9b390cfbf45c8df0,6a4bde74-bf4d-11f0-a7da-005056a89546,"Help Build Our Future District 9 Bond Meeting - Nov 10, 2025",Help Build Our Future District 9 Bond Meeting,fort-worth-tx-public-info-meetings
6540eef2dc2e,9b5856ee0c119314,https://fortworthgov.granicus.com/MediaPlayer.php?view_id=10&clip_id=5971,Future Downtown Library Community Report Future Downtown Library Community Report,Future Downtown Library Community Report Future Downtown Library Community Report,fort-worth-tx-public-info-meetings
6540eef2dc2e,9bb80fb1540716b7,https://fortworthgov.granicus.com/MediaPlayer.php?view_id=10&clip_id=3720,Press Conference Press Conference,Press Conference Press Conference,fort-worth-tx-public-info-meetings
6540eef2dc2e,9c5a2b2adbe88053,https://fortworthgov.granicus.com/MediaPlayer.php?view_id=12&clip_id=2911,Race and Culture Task Force Race and Culture Task Force,Race and Culture Task Force Race and Culture Task Force,fort-worth-tx-race-and-culture-task-force
6540eef2dc2e,9c63774e29fefc85,https://fortworthgov.granicus.com/MediaPlayer.php?view_id=10&clip_id=1303,Digital Town Hall Digital Town Hall,Digital Town Hall Digital Town Hall,fort-worth-tx-public-info-meetings
6540eef2dc2e,9c693cee19e72802,https://fortworthgov.granicus.com/MediaPlayer.php?view_id=12&clip_id=2859,Race and Culture Task Force Race and Culture Task Force,Race and Culture Task Force Race and Culture Task Force,fort-worth-tx-race-and-culture-task-force
6540eef2dc2e,9c7ef638320576c4,https://fortworthgov.granicus.com/MediaPlayer.php?view_id=12&clip_id=2963,Race and Culture Task Force Race and Culture Task Force,Race and Culture Task Force Race and Culture Task Force,fort-worth-tx-race-and-culture-task-force
6540eef2dc2e,9cc972adea92e892,https://fortworthgov.granicus.com/MediaPlayer.php?view_id=10&clip_id=2356,CHARTER REVIEW TASK FORCE CHARTER REVIEW TASK FORCE,CHARTER REVIEW TASK FORCE CHARTER REVIEW TASK FORCE,fort-worth-tx-charter-review-task-force
6540eef2dc2e,9d6ff31a5006bbe5,https://fortworthgov.granicus.com/MediaPlayer.php?view_id=12&clip_id=4979,Neighborhood Quality and Revitalization Committee Neighborhood Quality and Revitalization Committee,Neighborhood Quality and Revitalization Committee Neighborhood Quality and Revitalization Committee,fort-worth-tx-neighborhood-quality-and-revitalization-committee
6540eef2dc2e,9d863c413ac1472b,https://fortworthgov.granicus.com/MediaPlayer.php?view_id=10&clip_id=4683,Mobility: Infrastructure and Transportation Committee & Neighborhood Quality and Revitalization Committee Mobility: Infrastructure and Transportation Committee & Neighborhood Quality and Revitalization Committee,Mobility: Infrastructure and Transportation Committee & Neighborhood Quality and Revitalization Committee Mobility: Infrastructure and Transportation Committee & Neighborhood Quality and Revitalization Committee,fort-worth-tx-infrastructure-and-growth-committee
6540eef2dc2e,9d863c413ac1472b,https://fortworthgov.granicus.com/MediaPlayer.php?view_id=10&clip_id=4683,Mobility: Infrastructure and Transportation Committee & Neighborhood Quality and Revitalization Committee Mobility: Infrastructure and Transportation Committee & Neighborhood Quality and Revitalization Committee,Mobility: Infrastructure and Transportation Committee & Neighborhood Quality and Revitalization Committee Mobility: Infrastructure and Transportation Committee & Neighborhood Quality and Revitalization Committee,fort-worth-tx-neighborhood-quality-and-revitalization-committee
6540eef2dc2e,9e27c02530ef0d82,https://fortworthgov.granicus.com/MediaPlayer.php?view_id=12&clip_id=2605,"Speaker's Podium - Mike Berry, Hillwood Properties - December 2, 2016 Speaker's Podium - Mike Berry, Hillwood Properties - December 2, 2016","Speaker's Podium - Mike Berry, Hillwood Properties - December 2, 2016 Speaker's Podium - Mike Berry, Hillwood Properties",fort-worth-tx-speakers-podium
6540eef2dc2e,9edad34901baae99,8b0c5e26-4c4d-4d82-b900-212a1176d71c,"Capital Improvements Advisory Committee - May 20, 2026",Capital Improvements Advisory Committee,fort-worth-tx-capital-improvements-advisory-committee
6540eef2dc2e,9f105974c4835ef6,https://fortworthgov.granicus.com/MediaPlayer.php?view_id=12&clip_id=2029,"Speaker's Podium - Fred Slaback - President, Texas Wesleyan University - September 26, 2014 Speaker's Podium - Fred Slaback - President, Texas Wesleyan University - September 26, 2014","Speaker's Podium - Fred Slaback - President, Texas Wesleyan University - September 26, 2014 Speaker's Podium - Fred Slaback - President, Texas Wesleyan University",fort-worth-tx-speakers-podium
6540eef2dc2e,9f78a16a1c7f4ae3,https://fortworthgov.granicus.com/MediaPlayer.php?view_id=10&clip_id=3953,"AllianceAirport Authority, Inc., Central City Local Development Corporation, and Fort Worth Local Development Corporation, and AllianceAirport Authority, Inc., Central City Local Development Corporation, and Fort Worth Local Development Corporation, and","AllianceAirport Authority, Inc., Central City Local Development Corporation, and Fort Worth Local Development Corporation, and AllianceAirport Authority, Inc., Central City Local Development Corporation, and Fort Worth Local Development Corporation, and",fort-worth-tx-alliance-airport-authority
6540eef2dc2e,9f78a16a1c7f4ae3,https://fortworthgov.granicus.com/MediaPlayer.php?view_id=10&clip_id=3953,"AllianceAirport Authority, Inc., Central City Local Development Corporation, and Fort Worth Local Development Corporation, and AllianceAirport Authority, Inc., Central City Local Development Corporation, and Fort Worth Local Development Corporation, and","AllianceAirport Authority, Inc., Central City Local Development Corporation, and Fort Worth Local Development Corporation, and AllianceAirport Authority, Inc., Central City Local Development Corporation, and Fort Worth Local Development Corporation, and",fort-worth-tx-central-city-local-government-corporation
6540eef2dc2e,9f8fdaceb8294998,https://fortworthgov.granicus.com/MediaPlayer.php?view_id=10&clip_id=3968,Library Advisory Board Library Advisory Board,Library Advisory Board Library Advisory Board,fort-worth-tx-library-advisory-board
6540eef2dc2e,9fadf0f4db4352b2,https://fortworthgov.granicus.com/MediaPlayer.php?view_id=12&clip_id=4524,District 4 Town Hall Meeting District 4 Town Hall Meeting,District 4 Town Hall Meeting District 4 Town Hall Meeting,fort-worth-tx-public-info-meetings
6540eef2dc2e,9fc18f65eec69ebb,https://fortworthgov.granicus.com/MediaPlayer.php?view_id=12&clip_id=4077,Community Meeting - Handley Area And Central Meadowbrook Area Street Improvements Community Meeting - Handley Area And Central Meadowbrook Area Street Improvements,Community Meeting - Handley Area And Central Meadowbrook Area Street Improvements Community Meeting - Handley Area And Central Meadowbrook Area Street Improvements,fort-worth-tx-public-info-meetings
6540eef2dc2e,9fdf9ff296721ac8,https://fortworthgov.granicus.com/MediaPlayer.php?view_id=10&clip_id=1946,"Speaker's Podium - Dr. Mike Jacobson - College of Pharmacy UNTHSC - June 13, 2014 Speaker's Podium - Dr. Mike Jacobson - College of Pharmacy UNTHSC - June 13, 2014","Speaker's Podium - Dr. Mike Jacobson - College of Pharmacy UNTHSC - June 13, 2014 Speaker's Podium - Dr. Mike Jacobson - College of Pharmacy UNTHSC",fort-worth-tx-speakers-podium
6540eef2dc2e,a025c14f401f5917,https://fortworthgov.granicus.com/MediaPlayer.php?view_id=9&clip_id=5447,Ad Hoc Council Committee On Emergency Medical Response Ad Hoc Council Committee On Emergency Medical Response,Ad Hoc Council Committee On Emergency Medical Response Ad Hoc Council Committee On Emergency Medical Response,fort-worth-tx-ad-hoc-council-committee-on-emergency-medical-response
6540eef2dc2e,a0e0b98c9909603f,https://fortworthgov.granicus.com/MediaPlayer.php?view_id=12&clip_id=1848,HOUSING AND ECONOMIC DEVELOPMENT COMMITTEE HOUSING AND ECONOMIC DEVELOPMENT COMMITTEE,HOUSING AND ECONOMIC DEVELOPMENT COMMITTEE HOUSING AND ECONOMIC DEVELOPMENT COMMITTEE,fort-worth-tx-housing-and-economic-development-committee
6540eef2dc2e,a0e32384ea22d936,https://fortworthgov.granicus.com/MediaPlayer.php?view_id=10&clip_id=3504,"Speaker's Podium - Bob Tallman - January 31, 2020 Speaker's Podium - Bob Tallman - January 31, 2020","Speaker's Podium - Bob Tallman - January 31, 2020 Speaker's Podium - Bob Tallman",fort-worth-tx-speakers-podium
6540eef2dc2e,a18bf06000151b1b,https://fortworthgov.granicus.com/MediaPlayer.php?view_id=10&clip_id=6354,District 9 Budget Meeting District 9 Budget Meeting,District 9 Budget Meeting District 9 Budget Meeting,fort-worth-tx-public-info-meetings
6540eef2dc2e,a192e5b49d55c713,https://fortworthgov.granicus.com/MediaPlayer.php?view_id=10&clip_id=3841,Ad Hoc Municipal Court Advisory Committee Ad Hoc Municipal Court Advisory Committee,Ad Hoc Municipal Court Advisory Committee Ad Hoc Municipal Court Advisory Committee,fort-worth-tx-ad-hoc-municipal-court-advisory-committee
6540eef2dc2e,a1a1ff8545b2659b,https://fortworthgov.granicus.com/MediaPlayer.php?view_id=10&clip_id=4751,Bond Election Public Education Meeting Bond Election Public Education Meeting,Bond Election Public Education Meeting Bond Election Public Education Meeting,fort-worth-tx-public-info-meetings
6540eef2dc2e,a1b1e4f6fe7e9512,https://fortworthgov.granicus.com/MediaPlayer.php?view_id=10&clip_id=3888,"Fort Worth Sports Authority, Inc. Quarterly Board Meeting, August 25, 2020 Fort Worth Sports Authority, Inc. Quarterly Board Meeting, August 25, 2020","Fort Worth Sports Authority, Inc. Quarterly Board Meeting, August 25, 2020 Fort Worth Sports Authority, Inc. Quarterly Board Meeting, August 25, 2020",fort-worth-tx-fort-worth-sports-authority
6540eef2dc2e,a1edb5f95667d256,https://fortworthgov.granicus.com/MediaPlayer.php?view_id=10&clip_id=4239,Ad Hoc Municipal Court Advisory Committee Ad Hoc Municipal Court Advisory Committee,Ad Hoc Municipal Court Advisory Committee Ad Hoc Municipal Court Advisory Committee,fort-worth-tx-ad-hoc-municipal-court-advisory-committee
6540eef2dc2e,a20af816b9476f0e,https://fortworthgov.granicus.com/MediaPlayer.php?view_id=12&clip_id=1634,T Board Meeting T Board Meeting,T Board Meeting T Board Meeting,fort-worth-tx-trinity-metro-board
6540eef2dc2e,a245f160d3537db5,https://fortworthgov.granicus.com/MediaPlayer.php?view_id=12&clip_id=5945,District 9 Budget Meeting District 9 Budget Meeting,District 9 Budget Meeting District 9 Budget Meeting,fort-worth-tx-public-info-meetings
6540eef2dc2e,a29ae48c8c4110b5,https://fortworthgov.granicus.com/MediaPlayer.php?view_id=10&clip_id=2066,"Speaker's Podium - Tim Weiser - Deputy Commissioner, Big 12 Conference - October 24, 2014 Speaker's Podium - Tim Weiser - Deputy Commissioner, Big 12 Conference - October 24, 2014","Speaker's Podium - Tim Weiser - Deputy Commissioner, Big 12 Conference - October 24, 2014 Speaker's Podium - Tim Weiser - Deputy Commissioner, Big 12 Conference",fort-worth-tx-speakers-podium
6540eef2dc2e,a29b1761ca9bea2d,https://fortworthgov.granicus.com/MediaPlayer.php?view_id=10&clip_id=5306,Entrepreneurship and Innovation Committee Entrepreneurship and Innovation Committee,Entrepreneurship and Innovation Committee Entrepreneurship and Innovation Committee,fort-worth-tx-entrepreneurship-and-innovation-committee
6540eef2dc2e,a2af1163234c29d4,https://fortworthgov.granicus.com/MediaPlayer.php?view_id=12&clip_id=2688,"Speaker's Podium - Mary J. Eisenhower, People To People International - March 31, 2017 Speaker's Podium - Mary J. Eisenhower, People To People International - March 31, 2017","Speaker's Podium - Mary J. Eisenhower, People To People International - March 31, 2017 Speaker's Podium - Mary J. Eisenhower, People To People International",fort-worth-tx-speakers-podium
6540eef2dc2e,a2bf3c330f3bcc00,https://fortworthgov.granicus.com/MediaPlayer.php?view_id=12&clip_id=3960,Redistricting Task Force Demo Redistricting Task Force Demo,Redistricting Task Force Demo Redistricting Task Force Demo,fort-worth-tx-redistricting-task-force
6540eef2dc2e,a316520edfe746db,https://fortworthgov.granicus.com/MediaPlayer.php?view_id=10&clip_id=2417,"Speaker's Podium - Fred Slabach, Texas Wesleyan University - February 26, 2016 Speaker's Podium - Fred Slabach, Texas Wesleyan University - February 26, 2016","Speaker's Podium - Fred Slabach, Texas Wesleyan University - February 26, 2016 Speaker's Podium - Fred Slabach, Texas Wesleyan University",fort-worth-tx-speakers-podium
6540eef2dc2e,a43019951fd3ae60,https://fortworthgov.granicus.com/MediaPlayer.php?view_id=12&clip_id=2893,"Neighborhood Workshop: Race & Culture - January 20, 2018 Neighborhood Workshop: Race & Culture - January 20, 2018","Neighborhood Workshop: Race & Culture - January 20, 2018 Neighborhood Workshop: Race & Culture",fort-worth-tx-public-info-meetings
6540eef2dc2e,a4e4dbf4b0ea03f0,https://fortworthgov.granicus.com/MediaPlayer.php?view_id=12&clip_id=1760,Water Task Force Water Task Force,Water Task Force Water Task Force,fort-worth-tx-water-utility-task-force
6540eef2dc2e,a50ecc242f16c9ea,https://fortworthgov.granicus.com/MediaPlayer.php?view_id=12&clip_id=2983,Race and Culture Task Force Race and Culture Task Force,Race and Culture Task Force Race and Culture Task Force,fort-worth-tx-race-and-culture-task-force
6540eef2dc2e,a51cf7268580ccba,https://fortworthgov.granicus.com/MediaPlayer.php?view_id=10&clip_id=3578,COVID-19 Community Update (Spanish) COVID-19 Community Update (Spanish),COVID-19 Community Update (Spanish) COVID-19 Community Update (Spanish),fort-worth-tx-public-info-meetings
6540eef2dc2e,a5501d922062f0f6,https://fortworthgov.granicus.com/MediaPlayer.php?view_id=10&clip_id=2364,"Speaker's Podium - Jeff Whitfield, Rotary Peace Fellow - November 20, 2016 Speaker's Podium - Jeff Whitfield, Rotary Peace Fellow - November 20, 2016","Speaker's Podium - Jeff Whitfield, Rotary Peace Fellow - November 20, 2016 Speaker's Podium - Jeff Whitfield, Rotary Peace Fellow",fort-worth-tx-speakers-podium
6540eef2dc2e,a55ef3137b2f329e,https://fortworthgov.granicus.com/MediaPlayer.php?view_id=10&clip_id=5307,Entrepreneurship and Innovation Committee Entrepreneurship and Innovation Committee,Entrepreneurship and Innovation Committee Entrepreneurship and Innovation Committee,fort-worth-tx-entrepreneurship-and-innovation-committee
6540eef2dc2e,a5975c40b71369ed,https://fortworthgov.granicus.com/MediaPlayer.php?view_id=10&clip_id=4197,Park and Recreation Advisory Board Park and Recreation Advisory Board,Park and Recreation Advisory Board Park and Recreation Advisory Board,fort-worth-tx-park-and-recreation-advisory-board
6540eef2dc2e,a5f1efc4f2f5cc9a,https://fortworthgov.granicus.com/MediaPlayer.php?view_id=12&clip_id=702,Rainbow Lounge Investigation Report Rainbow Lounge Investigation Report,Rainbow Lounge Investigation Report Rainbow Lounge Investigation Report,fort-worth-tx-public-info-meetings
6540eef2dc2e,a61169890b2756e1,https://fortworthgov.granicus.com/MediaPlayer.php?view_id=12&clip_id=4842,Neighborhood Quality and Revitalization Committee Neighborhood Quality and Revitalization Committee,Neighborhood Quality and Revitalization Committee Neighborhood Quality and Revitalization Committee,fort-worth-tx-neighborhood-quality-and-revitalization-committee
6540eef2dc2e,a6439f60aaa682b3,33b679db-7113-11ef-9b71-005056a89546,"Capitol Improvements Advisory Committee (CIAC) - Sep 11, 2024",Capitol Improvements Advisory Committee (CIAC),fort-worth-tx-capital-improvements-advisory-committee
6540eef2dc2e,a6c43183fb2791e5,https://fortworthgov.granicus.com/MediaPlayer.php?view_id=10&clip_id=5679,Capital Improvements Advisory Committee for Transportation Impact Fees Capital Improvements Advisory Committee for Transportation Impact Fees,Capital Improvements Advisory Committee for Transportation Impact Fees Capital Improvements Advisory Committee for Transportation Impact Fees,fort-worth-tx-capital-improvements-advisory-committee
6540eef2dc2e,a6d46422c53f48d3,https://fortworthgov.granicus.com/MediaPlayer.php?view_id=12&clip_id=6080,Cold Weather Update Press Conference Cold Weather Update Press Conference,Cold Weather Update Press Conference Cold Weather Update Press Conference,fort-worth-tx-public-info-meetings
6540eef2dc2e,a734d8a183e3e2b1,https://fortworthgov.granicus.com/MediaPlayer.php?view_id=10&clip_id=4678,Special Called Art Commission Meeting Special Called Art Commission Meeting,Special Called Art Commission Meeting Special Called Art Commission Meeting,fort-worth-tx-public-art-commission
6540eef2dc2e,a7362b8ca9cb050c,https://fortworthgov.granicus.com/MediaPlayer.php?view_id=12&clip_id=2267,"Caffeinated Town Hall - City Life Center, August 1, 2015 Caffeinated Town Hall - City Life Center, August 1, 2015","Caffeinated Town Hall - City Life Center, August 1, 2015 Caffeinated Town Hall - City Life Center, August 1, 2015",fort-worth-tx-public-info-meetings
6540eef2dc2e,a7b126d7672ecfe7,https://fortworthgov.granicus.com/MediaPlayer.php?view_id=12&clip_id=4058,AD HOC Municipal Court Advisory Committee AD HOC Municipal Court Advisory Committee,AD HOC Municipal Court Advisory Committee AD HOC Municipal Court Advisory Committee,fort-worth-tx-ad-hoc-municipal-court-advisory-committee
6540eef2dc2e,a7bb979c403457b4,https://fortworthgov.granicus.com/MediaPlayer.php?view_id=11&clip_id=3609,COVID-19 Community Update (English) COVID-19 Community Update (English),COVID-19 Community Update (English) COVID-19 Community Update (English),fort-worth-tx-public-info-meetings
6540eef2dc2e,a7cf5de62989f1d4,https://fortworthgov.granicus.com/MediaPlayer.php?view_id=10&clip_id=4189,Press Conference Press Conference,Press Conference Press Conference,fort-worth-tx-public-info-meetings
6540eef2dc2e,a7f07cd5e374acc1,c350ff4e-8965-11ee-852f-0050569183fa,"Capitol Improvements Advisory Committee (CIAC) - Nov 17, 2023",Capitol Improvements Advisory Committee (CIAC),fort-worth-tx-capital-improvements-advisory-committee
6540eef2dc2e,a810578c990dc84e,https://fortworthgov.granicus.com/MediaPlayer.php?view_id=12&clip_id=2003,JAVA - A Caffeinated Town Hall with Mayor Betsy Price and Councilmember Sal Espino JAVA - A Caffeinated Town Hall with Mayor Betsy Price and Councilmember Sal Espino,JAVA - A Caffeinated Town Hall with Mayor Betsy Price and Councilmember Sal Espino JAVA - A Caffeinated Town Hall with Mayor Betsy Price and Councilmember Sal Espino,fort-worth-tx-public-info-meetings
6540eef2dc2e,a85a339645e94700,https://fortworthgov.granicus.com/MediaPlayer.php?view_id=11&clip_id=3598,COVID-19 Community Update (Spanish) COVID-19 Community Update (Spanish),COVID-19 Community Update (Spanish) COVID-19 Community Update (Spanish),fort-worth-tx-public-info-meetings
6540eef2dc2e,a89acfa12b5dc999,https://fortworthgov.granicus.com/MediaPlayer.php?view_id=12&clip_id=3953,"AllianceAirport Authority, Inc., Central City Local Development Corporation, and Fort Worth Local Development Corporation, and AllianceAirport Authority, Inc., Central City Local Development Corporation, and Fort Worth Local Development Corporation, and","AllianceAirport Authority, Inc., Central City Local Development Corporation, and Fort Worth Local Development Corporation, and AllianceAirport Authority, Inc., Central City Local Development Corporation, and Fort Worth Local Development Corporation, and",fort-worth-tx-alliance-airport-authority
6540eef2dc2e,a89acfa12b5dc999,https://fortworthgov.granicus.com/MediaPlayer.php?view_id=12&clip_id=3953,"AllianceAirport Authority, Inc., Central City Local Development Corporation, and Fort Worth Local Development Corporation, and AllianceAirport Authority, Inc., Central City Local Development Corporation, and Fort Worth Local Development Corporation, and","AllianceAirport Authority, Inc., Central City Local Development Corporation, and Fort Worth Local Development Corporation, and AllianceAirport Authority, Inc., Central City Local Development Corporation, and Fort Worth Local Development Corporation, and",fort-worth-tx-central-city-local-government-corporation
6540eef2dc2e,a91a46a669d87d90,https://fortworthgov.granicus.com/MediaPlayer.php?view_id=12&clip_id=3769,"Park Advisory Board Meeting of June 24, 2020 Park Advisory Board Meeting of June 24, 2020","Park Advisory Board Meeting of June 24, 2020 Park Advisory Board Meeting of June 24, 2020",fort-worth-tx-park-and-recreation-advisory-board
6540eef2dc2e,a94673ce58e70a6b,https://fortworthgov.granicus.com/MediaPlayer.php?view_id=10&clip_id=2184,Caffeinated Town Hall from WJ Turner Elementary School Caffeinated Town Hall from WJ Turner Elementary School,Caffeinated Town Hall from WJ Turner Elementary School Caffeinated Town Hall from WJ Turner Elementary School,fort-worth-tx-public-info-meetings
6540eef2dc2e,a9af805418a9165d,https://fortworthgov.granicus.com/MediaPlayer.php?view_id=12&clip_id=4083,Community Meeting For Bomber Heights And Overton Park Street Improvements Community Meeting For Bomber Heights And Overton Park Street Improvements,Community Meeting For Bomber Heights And Overton Park Street Improvements Community Meeting For Bomber Heights And Overton Park Street Improvements,fort-worth-tx-public-info-meetings
6540eef2dc2e,a9d7336c0bf433b9,https://fortworthgov.granicus.com/MediaPlayer.php?view_id=12&clip_id=2708,"Affordable Housing 101 Forum of May 13, 2017 Affordable Housing 101 Forum of May 13, 2017","Affordable Housing 101 Forum of May 13, 2017 Affordable Housing 101 Forum of May 13, 2017",fort-worth-tx-public-info-meetings
6540eef2dc2e,a9fc96ab9e5bdf40,https://fortworthgov.granicus.com/MediaPlayer.php?view_id=10&clip_id=3594,COVID-19 Community Update (English) COVID-19 Community Update (English),COVID-19 Community Update (English) COVID-19 Community Update (English),fort-worth-tx-public-info-meetings
6540eef2dc2e,aa13c99cfa0c7807,https://fortworthgov.granicus.com/MediaPlayer.php?view_id=10&clip_id=1154,T Board Meeting T Board Meeting,T Board Meeting T Board Meeting,fort-worth-tx-trinity-metro-board
6540eef2dc2e,aa23b921bdd9cca2,https://fortworthgov.granicus.com/MediaPlayer.php?view_id=12&clip_id=3811,Park and Recreation Advisory Board Park and Recreation Advisory Board,Park and Recreation Advisory Board Park and Recreation Advisory Board,fort-worth-tx-park-and-recreation-advisory-board
6540eef2dc2e,aa6fd2106178eb37,295a8a12-1f9b-494f-a252-0bb2c2df9e6c,"RESEARCH & INNOVATION LOCAL GOVERNMENT CORP. (immediately following LDC) - Aug 26, 2025",RESEARCH & INNOVATION LOCAL GOVERNMENT CORP. (immediately following LDC),fort-worth-tx-research-and-innovation-local-government-corporation
6540eef2dc2e,aa79f20f2e9a4361,https://fortworthgov.granicus.com/MediaPlayer.php?view_id=10&clip_id=1443,HOUSING AND ECONOMIC DEVELOPMENT COMMITTEE HOUSING AND ECONOMIC DEVELOPMENT COMMITTEE,HOUSING AND ECONOMIC DEVELOPMENT COMMITTEE HOUSING AND ECONOMIC DEVELOPMENT COMMITTEE,fort-worth-tx-housing-and-economic-development-committee
6540eef2dc2e,aaa637ed67ac39bc,https://fortworthgov.granicus.com/MediaPlayer.php?view_id=12&clip_id=5246,Neighborhood Conservation Plan & Housing Affordability Strategy Meeting Neighborhood Conservation Plan & Housing Affordability Strategy Meeting,Neighborhood Conservation Plan & Housing Affordability Strategy Meeting Neighborhood Conservation Plan & Housing Affordability Strategy Meeting,fort-worth-tx-public-info-meetings
6540eef2dc2e,aaea6f064b2de229,https://fortworthgov.granicus.com/MediaPlayer.php?view_id=10&clip_id=1368,HOUSING AND ECONOMIC DEVELOPMENT COMMITTEE HOUSING AND ECONOMIC DEVELOPMENT COMMITTEE,HOUSING AND ECONOMIC DEVELOPMENT COMMITTEE HOUSING AND ECONOMIC DEVELOPMENT COMMITTEE,fort-worth-tx-housing-and-economic-development-committee
6540eef2dc2e,aafa3f40c46ec58e,5af95531-18db-11f1-bb28-005056a89546,"Downtown Design Review Board  - Mar 05, 2026",Downtown Design Review Board,fort-worth-tx-downtown-design-and-review-board
6540eef2dc2e,aafd7fc66cd91733,https://fortworthgov.granicus.com/MediaPlayer.php?view_id=12&clip_id=5931,RESEARCH & INNOVATION LOCAL GOVERNMENT CORP. (immediately following LDC) RESEARCH & INNOVATION LOCAL GOVERNMENT CORP. (immediately following LDC),RESEARCH & INNOVATION LOCAL GOVERNMENT CORP. (immediately following LDC) RESEARCH & INNOVATION LOCAL GOVERNMENT CORP. (immediately following LDC),fort-worth-tx-research-and-innovation-local-government-corporation
6540eef2dc2e,aaffd7fd5be0519d,https://fortworthgov.granicus.com/MediaPlayer.php?view_id=12&clip_id=1883,HOUSING AND ECONOMIC DEVELOPMENT COMMITTEE HOUSING AND ECONOMIC DEVELOPMENT COMMITTEE,HOUSING AND ECONOMIC DEVELOPMENT COMMITTEE HOUSING AND ECONOMIC DEVELOPMENT COMMITTEE,fort-worth-tx-housing-and-economic-development-committee
6540eef2dc2e,ab02c3bfce126cd8,https://fortworthgov.granicus.com/MediaPlayer.php?view_id=12&clip_id=6378,District 4 FY2027 Budget Meeting District 4 FY2027 Budget Meeting,District 4 FY2027 Budget Meeting District 4 FY2027 Budget Meeting,fort-worth-tx-public-info-meetings
6540eef2dc2e,ab0cd00fc9930cb4,https://fortworthgov.granicus.com/MediaPlayer.php?view_id=10&clip_id=3587,COVID-19 Community Update (Spanish) COVID-19 Community Update (Spanish),COVID-19 Community Update (Spanish) COVID-19 Community Update (Spanish),fort-worth-tx-public-info-meetings
6540eef2dc2e,ab1af845eec7805a,https://fortworthgov.granicus.com/MediaPlayer.php?view_id=12&clip_id=4176,Police Chief Candidate Public Forum Police Chief Candidate Public Forum,Police Chief Candidate Public Forum Police Chief Candidate Public Forum,fort-worth-tx-public-info-meetings
6540eef2dc2e,ab6f57837297dec3,https://fortworthgov.granicus.com/MediaPlayer.php?view_id=12&clip_id=5646,District 8 Town Hall District 8 Town Hall,District 8 Town Hall District 8 Town Hall,fort-worth-tx-public-info-meetings
6540eef2dc2e,ac2df44ae09bf3e6,https://fortworthgov.granicus.com/MediaPlayer.php?view_id=10&clip_id=1760,Water Task Force Water Task Force,Water Task Force Water Task Force,fort-worth-tx-water-utility-task-force
6540eef2dc2e,ac3b6f2db4cbe5ec,https://fortworthgov.granicus.com/MediaPlayer.php?view_id=10&clip_id=3636,COVID-19 Community Update (English) COVID-19 Community Update (English),COVID-19 Community Update (English) COVID-19 Community Update (English),fort-worth-tx-public-info-meetings
6540eef2dc2e,ac3ba8ebb9bb9ecb,https://fortworthgov.granicus.com/MediaPlayer.php?view_id=12&clip_id=4596,Listening Circle with Dr. J: Traffic Infrastructure Listening Circle with Dr. J: Traffic Infrastructure,Listening Circle with Dr. J: Traffic Infrastructure Listening Circle with Dr. J: Traffic Infrastructure,fort-worth-tx-public-info-meetings
6540eef2dc2e,ac46661bb776a079,https://fortworthgov.granicus.com/MediaPlayer.php?view_id=11&clip_id=3542,COVID-19 Community Update (English) COVID-19 Community Update (English),COVID-19 Community Update (English) COVID-19 Community Update (English),fort-worth-tx-public-info-meetings
6540eef2dc2e,ac9412a7919a5c39,https://fortworthgov.granicus.com/MediaPlayer.php?view_id=12&clip_id=1482,Redistricting Public Meeting Redistricting Public Meeting,Redistricting Public Meeting Redistricting Public Meeting,fort-worth-tx-public-info-meetings
6540eef2dc2e,aca08ab00038fd6d,https://fortworthgov.granicus.com/MediaPlayer.php?view_id=12&clip_id=4155,"Redistricting 101 with Spanish subtitle January 4, 2021 Redistricting 101 with Spanish subtitle January 4, 2021","Redistricting 101 with Spanish subtitle January 4, 2021 Redistricting 101 with Spanish subtitle January 4, 2021",fort-worth-tx-public-info-meetings
6540eef2dc2e,aca7fc061c266dca,4b6f5217-b443-11f0-8df7-005056a89546,"Help Build Our Future District 8 Bond Meeting - Oct 27, 2025",Help Build Our Future District 8 Bond Meeting,fort-worth-tx-public-info-meetings
6540eef2dc2e,acb546d018239f6c,https://fortworthgov.granicus.com/MediaPlayer.php?view_id=10&clip_id=5370,Neighborhood Quality and Revitalization Committee Neighborhood Quality and Revitalization Committee,Neighborhood Quality and Revitalization Committee Neighborhood Quality and Revitalization Committee,fort-worth-tx-neighborhood-quality-and-revitalization-committee
6540eef2dc2e,acc6b61c4f62fc97,https://fortworthgov.granicus.com/MediaPlayer.php?view_id=10&clip_id=4110,Capital Improvement Advisory Committee on Transportation Impact Fees Capital Improvement Advisory Committee on Transportation Impact Fees,Capital Improvement Advisory Committee on Transportation Impact Fees Capital Improvement Advisory Committee on Transportation Impact Fees,fort-worth-tx-capital-improvements-advisory-committee
6540eef2dc2e,acfe33e47c38b212,https://fortworthgov.granicus.com/MediaPlayer.php?view_id=10&clip_id=3617,COVID-19 Community Update (Spanish) COVID-19 Community Update (Spanish),COVID-19 Community Update (Spanish) COVID-19 Community Update (Spanish),fort-worth-tx-public-info-meetings
6540eef2dc2e,ad1658510a51469f,https://fortworthgov.granicus.com/MediaPlayer.php?view_id=10&clip_id=4203,Human Relations Commission Human Relations Commission,Human Relations Commission Human Relations Commission,fort-worth-tx-human-relations-commission
6540eef2dc2e,ad2369e5760d7cbc,https://fortworthgov.granicus.com/MediaPlayer.php?view_id=10&clip_id=3628,COVID-19 Community Update (English) COVID-19 Community Update (English),COVID-19 Community Update (English) COVID-19 Community Update (English),fort-worth-tx-public-info-meetings
6540eef2dc2e,ad9ae684c442fd0c,https://fortworthgov.granicus.com/MediaPlayer.php?view_id=10&clip_id=3591,COVID-19 Community Update COVID-19 Community Update,COVID-19 Community Update COVID-19 Community Update,fort-worth-tx-public-info-meetings
6540eef2dc2e,ae00b0819693f772,https://fortworthgov.granicus.com/MediaPlayer.php?view_id=10&clip_id=3564,COVID-19 Community Update (English) COVID-19 Community Update (English),COVID-19 Community Update (English) COVID-19 Community Update (English),fort-worth-tx-public-info-meetings
6540eef2dc2e,ae0134e59a57fceb,https://fortworthgov.granicus.com/MediaPlayer.php?view_id=10&clip_id=5336,"Capital Improvements Advisory Committee of November 17, 2023 (CIAC) Capital Improvements Advisory Committee of November 17, 2023 (CIAC)","Capital Improvements Advisory Committee of November 17, 2023 (CIAC) Capital Improvements Advisory Committee of November 17, 2023 (CIAC)",fort-worth-tx-capital-improvements-advisory-committee
6540eef2dc2e,ae3da0295f8c7dfc,https://fortworthgov.granicus.com/MediaPlayer.php?view_id=12&clip_id=5349,Local Development Corporation Local Development Corporation,Local Development Corporation Local Development Corporation,fort-worth-tx-fort-worth-local-development-corporation
6540eef2dc2e,ae5e5b109c1c4198,https://fortworthgov.granicus.com/MediaPlayer.php?view_id=12&clip_id=5284,"Fort Worth Local Development Corporation, Research and Innovation Local Government Corporation, and Legislative Affairs Committee Fort Worth Local Development Corporation, Research and Innovation Local Government Corporation, and Legislative Affairs Committee","Fort Worth Local Development Corporation, Research and Innovation Local Government Corporation, and Legislative Affairs Committee Fort Worth Local Development Corporation, Research and Innovation Local Government Corporation, and Legislative Affairs Committee",fort-worth-tx-research-and-innovation-local-government-corporation
6540eef2dc2e,ae8713666fbc3676,https://fortworthgov.granicus.com/MediaPlayer.php?view_id=12&clip_id=2318,CHARTER REVIEW TASK FORCE CHARTER REVIEW TASK FORCE,CHARTER REVIEW TASK FORCE CHARTER REVIEW TASK FORCE,fort-worth-tx-charter-review-task-force
6540eef2dc2e,aec31d59bf01d4ff,fd596e04-24cb-11ee-b4fc-0050569183fa,"Capitol Improvements Advisory Committee (CIAC) - Nov 18, 2022",Capitol Improvements Advisory Committee (CIAC),fort-worth-tx-capital-improvements-advisory-committee
6540eef2dc2e,af1001a271004cf5,https://fortworthgov.granicus.com/MediaPlayer.php?view_id=10&clip_id=3550,COVID-19 Community Update (English) COVID-19 Community Update (English),COVID-19 Community Update (English) COVID-19 Community Update (English),fort-worth-tx-public-info-meetings
6540eef2dc2e,af14e8346f20d449,https://fortworthgov.granicus.com/MediaPlayer.php?view_id=12&clip_id=1489,HOUSING AND ECONOMIC DEVELOPMENT COMMITTEE HOUSING AND ECONOMIC DEVELOPMENT COMMITTEE,HOUSING AND ECONOMIC DEVELOPMENT COMMITTEE HOUSING AND ECONOMIC DEVELOPMENT COMMITTEE,fort-worth-tx-housing-and-economic-development-committee
6540eef2dc2e,af4854571025c559,https://fortworthgov.granicus.com/MediaPlayer.php?view_id=12&clip_id=1074,Modern Streetcar Town Hall Meeting Modern Streetcar Town Hall Meeting,Modern Streetcar Town Hall Meeting Modern Streetcar Town Hall Meeting,fort-worth-tx-public-info-meetings
6540eef2dc2e,af6889d8586beef6,https://fortworthgov.granicus.com/MediaPlayer.php?view_id=10&clip_id=1941,"Speaker's Podium - Joel Burns - Fort Worth City Council Member, District 9 - June 6, 2014 Speaker's Podium - Joel Burns - Fort Worth City Council Member, District 9 - June 6, 2014","Speaker's Podium - Joel Burns - Fort Worth City Council Member, District 9 - June 6, 2014 Speaker's Podium - Joel Burns - Fort Worth City Council Member, District 9",fort-worth-tx-speakers-podium
6540eef2dc2e,af7600c67478f75c,https://fortworthgov.granicus.com/MediaPlayer.php?view_id=10&clip_id=5655,Neighborhood Quality and Revitalization Committee Neighborhood Quality and Revitalization Committee,Neighborhood Quality and Revitalization Committee Neighborhood Quality and Revitalization Committee,fort-worth-tx-neighborhood-quality-and-revitalization-committee
6540eef2dc2e,af762805b1752384,https://fortworthgov.granicus.com/MediaPlayer.php?view_id=10&clip_id=4670,Redistricting Task Force Redistricting Task Force,Redistricting Task Force Redistricting Task Force,fort-worth-tx-redistricting-task-force
6540eef2dc2e,afa77a7a1d7e0ba5,cee10081-faa1-4dcd-bfcd-277e1e55c9cb,"Ad Hoc Council Committee on Emergency Medical Response - Jan 23, 2024",Ad Hoc Council Committee on Emergency Medical Response,fort-worth-tx-ad-hoc-council-committee-on-emergency-medical-response
6540eef2dc2e,afad3e5d5c77a876,https://fortworthgov.granicus.com/MediaPlayer.php?view_id=11&clip_id=3603,COVID-19 Community Update (Spanish) COVID-19 Community Update (Spanish),COVID-19 Community Update (Spanish) COVID-19 Community Update (Spanish),fort-worth-tx-public-info-meetings
6540eef2dc2e,b00839e1a24aaae1,https://fortworthgov.granicus.com/MediaPlayer.php?view_id=12&clip_id=550,HOUSING AND ECONOMIC DEVELOPMENT COMMITTEE HOUSING AND ECONOMIC DEVELOPMENT COMMITTEE,HOUSING AND ECONOMIC DEVELOPMENT COMMITTEE HOUSING AND ECONOMIC DEVELOPMENT COMMITTEE,fort-worth-tx-housing-and-economic-development-committee
6540eef2dc2e,b03c7e4cf88ff354,https://fortworthgov.granicus.com/MediaPlayer.php?view_id=10&clip_id=4529,District 9 Town Hall Meeting District 9 Town Hall Meeting,District 9 Town Hall Meeting District 9 Town Hall Meeting,fort-worth-tx-public-info-meetings
6540eef2dc2e,b0808fc968ee47de,https://fortworthgov.granicus.com/MediaPlayer.php?view_id=10&clip_id=2624,"Keep Fort Worth Beautiful Neighborhood Workshop - January 7, 2017 Keep Fort Worth Beautiful Neighborhood Workshop - January 7, 2017","Keep Fort Worth Beautiful Neighborhood Workshop - January 7, 2017 Keep Fort Worth Beautiful Neighborhood Workshop",fort-worth-tx-public-info-meetings
6540eef2dc2e,b0be5458f48a6d70,https://fortworthgov.granicus.com/MediaPlayer.php?view_id=10&clip_id=3061,Race and Culture Task Force Race and Culture Task Force,Race and Culture Task Force Race and Culture Task Force,fort-worth-tx-race-and-culture-task-force
6540eef2dc2e,b0c6b2e093333130,https://fortworthgov.granicus.com/MediaPlayer.php?view_id=10&clip_id=4408,Human Relations Commission Human Relations Commission,Human Relations Commission Human Relations Commission,fort-worth-tx-human-relations-commission
6540eef2dc2e,b0d356b5182764fb,https://fortworthgov.granicus.com/MediaPlayer.php?view_id=10&clip_id=2660,"Speaker's Podium - Jacques Marquis, The Cliburn - February 24, 2017 Speaker's Podium - Jacques Marquis, The Cliburn - February 24, 2017","Speaker's Podium - Jacques Marquis, The Cliburn - February 24, 2017 Speaker's Podium - Jacques Marquis, The Cliburn",fort-worth-tx-speakers-podium
6540eef2dc2e,b0ef5dab74fe9634,https://fortworthgov.granicus.com/MediaPlayer.php?view_id=10&clip_id=5480,Neighborhood Quality and Revitalization Committee Neighborhood Quality and Revitalization Committee,Neighborhood Quality and Revitalization Committee Neighborhood Quality and Revitalization Committee,fort-worth-tx-neighborhood-quality-and-revitalization-committee
6540eef2dc2e,b102f9395e5adeeb,https://fortworthgov.granicus.com/MediaPlayer.php?view_id=12&clip_id=5187,"City of Fort Worth summer heat messaging overview of June 22, 2023 City of Fort Worth summer heat messaging overview of June 22, 2023","City of Fort Worth summer heat messaging overview of June 22, 2023 City of Fort Worth summer heat messaging overview of June 22, 2023",fort-worth-tx-public-info-meetings
6540eef2dc2e,b1653e3b87a5f69a,https://fortworthgov.granicus.com/MediaPlayer.php?view_id=12&clip_id=4296,Transportation & Public Works Community Meeting Transportation & Public Works Community Meeting,Transportation & Public Works Community Meeting Transportation & Public Works Community Meeting,fort-worth-tx-public-info-meetings
6540eef2dc2e,b1fe4ec4cdd564cd,https://fortworthgov.granicus.com/MediaPlayer.php?view_id=12&clip_id=4036,Community Meeting For University Drive Community Meeting For University Drive,Community Meeting For University Drive Community Meeting For University Drive,fort-worth-tx-public-info-meetings
6540eef2dc2e,b3b6bb52418b2ecc,https://fortworthgov.granicus.com/MediaPlayer.php?view_id=10&clip_id=5931,RESEARCH & INNOVATION LOCAL GOVERNMENT CORP. (immediately following LDC) RESEARCH & INNOVATION LOCAL GOVERNMENT CORP. (immediately following LDC),RESEARCH & INNOVATION LOCAL GOVERNMENT CORP. (immediately following LDC) RESEARCH & INNOVATION LOCAL GOVERNMENT CORP. (immediately following LDC),fort-worth-tx-research-and-innovation-local-government-corporation
6540eef2dc2e,b3d4b79dd7a69d09,https://fortworthgov.granicus.com/MediaPlayer.php?view_id=10&clip_id=4345,Pedestrian and Bicycle Advisory Commission Pedestrian and Bicycle Advisory Commission,Pedestrian and Bicycle Advisory Commission Pedestrian and Bicycle Advisory Commission,fort-worth-tx-pedestrian-and-bicycle-advisory-commission
6540eef2dc2e,b3e6878837287bd2,78310e86-e559-11ef-a9e2-005056a89546,"February 6, DDRB  - Feb 07, 2025","February 6, DDRB",fort-worth-tx-downtown-design-and-review-board
6540eef2dc2e,b3fd9f8f9463b0fb,https://fortworthgov.granicus.com/MediaPlayer.php?view_id=10&clip_id=3006,Race and Culture Task Force Race and Culture Task Force,Race and Culture Task Force Race and Culture Task Force,fort-worth-tx-race-and-culture-task-force
6540eef2dc2e,b3ffad3d21aff7f5,https://fortworthgov.granicus.com/MediaPlayer.php?view_id=10&clip_id=3572,COVID-19 Community Update (English) COVID-19 Community Update (English),COVID-19 Community Update (English) COVID-19 Community Update (English),fort-worth-tx-public-info-meetings
6540eef2dc2e,b4b6bf80bf19a392,c7a1cb64-4701-4544-b1a5-aadef0d5e74c,"Ad Hoc Council Committee on Emergency Medical Response - Sep 12, 2023",Ad Hoc Council Committee on Emergency Medical Response,fort-worth-tx-ad-hoc-council-committee-on-emergency-medical-response
6540eef2dc2e,b4f3e9d843985a62,https://fortworthgov.granicus.com/MediaPlayer.php?view_id=10&clip_id=2730,Juneteenth 2017: A Conversation With Opal Lee Juneteenth 2017: A Conversation With Opal Lee,Juneteenth 2017: A Conversation With Opal Lee Juneteenth 2017: A Conversation With Opal Lee,fort-worth-tx-public-info-meetings
6540eef2dc2e,b4f7d8c5d15aca8e,https://fortworthgov.granicus.com/MediaPlayer.php?view_id=12&clip_id=1478,Redistricting Public Meeting Redistricting Public Meeting,Redistricting Public Meeting Redistricting Public Meeting,fort-worth-tx-public-info-meetings
6540eef2dc2e,b5827c42f4b41d06,https://fortworthgov.granicus.com/MediaPlayer.php?view_id=12&clip_id=4068,Park and Recreation Advisory Board Park and Recreation Advisory Board,Park and Recreation Advisory Board Park and Recreation Advisory Board,fort-worth-tx-park-and-recreation-advisory-board
6540eef2dc2e,b5aad4cc4a785050,https://fortworthgov.granicus.com/MediaPlayer.php?view_id=10&clip_id=3573,COVID-19 Community Update (Spanish) COVID-19 Community Update (Spanish),COVID-19 Community Update (Spanish) COVID-19 Community Update (Spanish),fort-worth-tx-public-info-meetings
6540eef2dc2e,b5bf2fab987867e9,https://fortworthgov.granicus.com/MediaPlayer.php?view_id=11&clip_id=3565,COVID-19 Community Update (Spanish) COVID-19 Community Update (Spanish),COVID-19 Community Update (Spanish) COVID-19 Community Update (Spanish),fort-worth-tx-public-info-meetings
6540eef2dc2e,b5efb51af99b6a06,https://fortworthgov.granicus.com/MediaPlayer.php?view_id=12&clip_id=3502,"Speaker's Podium - Medal of Honor Museum - January 24, 2020 Speaker's Podium - Medal of Honor Museum - January 24, 2020","Speaker's Podium - Medal of Honor Museum - January 24, 2020 Speaker's Podium - Medal of Honor Museum",fort-worth-tx-speakers-podium
6540eef2dc2e,b6258f63ea8707f2,https://fortworthgov.granicus.com/MediaPlayer.php?view_id=10&clip_id=2151,Caffeineted Town Hall from Chisolm Trail Community Center Caffeineted Town Hall from Chisolm Trail Community Center,Caffeineted Town Hall from Chisolm Trail Community Center Caffeineted Town Hall from Chisolm Trail Community Center,fort-worth-tx-public-info-meetings
6540eef2dc2e,b661e5b91b5b762e,https://fortworthgov.granicus.com/MediaPlayer.php?view_id=12&clip_id=1155,T Board Meeting T Board Meeting,T Board Meeting T Board Meeting,fort-worth-tx-trinity-metro-board
6540eef2dc2e,b66ea2c604e3994b,https://fortworthgov.granicus.com/MediaPlayer.php?view_id=10&clip_id=1820,HOUSING AND ECONOMIC DEVELOPMENT COMMITTEE HOUSING AND ECONOMIC DEVELOPMENT COMMITTEE,HOUSING AND ECONOMIC DEVELOPMENT COMMITTEE HOUSING AND ECONOMIC DEVELOPMENT COMMITTEE,fort-worth-tx-housing-and-economic-development-committee
6540eef2dc2e,b698f5988908874e,https://fortworthgov.granicus.com/MediaPlayer.php?view_id=10&clip_id=3817,"FY2021 Budget Public Meeting of July 29, 2020 FY2021 Budget Public Meeting of July 29, 2020","FY2021 Budget Public Meeting of July 29, 2020 FY2021 Budget Public Meeting of July 29, 2020",fort-worth-tx-public-info-meetings
6540eef2dc2e,b6a6051dbadd907c,https://fortworthgov.granicus.com/MediaPlayer.php?view_id=10&clip_id=3627,COVID-19 Community Update (Spanish) COVID-19 Community Update (Spanish),COVID-19 Community Update (Spanish) COVID-19 Community Update (Spanish),fort-worth-tx-public-info-meetings
6540eef2dc2e,b6c7c14c109dfe9d,https://fortworthgov.granicus.com/MediaPlayer.php?view_id=10&clip_id=3934,Mayor's Committee on Persons with Disabilities Mayor's Committee on Persons with Disabilities,Mayor's Committee on Persons with Disabilities Mayor's Committee on Persons with Disabilities,fort-worth-tx-mayor-s-committee-on-persons-with-disabilities
6540eef2dc2e,b6ecc20c38d50a0c,https://fortworthgov.granicus.com/MediaPlayer.php?view_id=10&clip_id=4797,"OPOM Community Conversation, May 5, 2022 OPOM Community Conversation, May 5, 2022","OPOM Community Conversation, May 5, 2022 OPOM Community Conversation, May 5, 2022",fort-worth-tx-public-info-meetings
6540eef2dc2e,b75c7f05164e2725,https://fortworthgov.granicus.com/MediaPlayer.php?view_id=10&clip_id=3542,COVID-19 Community Update (English) COVID-19 Community Update (English),COVID-19 Community Update (English) COVID-19 Community Update (English),fort-worth-tx-public-info-meetings
6540eef2dc2e,b78df676924caa5f,https://fortworthgov.granicus.com/MediaPlayer.php?view_id=10&clip_id=1900,HOUSING AND ECONOMIC DEVELOPMENT COMMITTEE HOUSING AND ECONOMIC DEVELOPMENT COMMITTEE,HOUSING AND ECONOMIC DEVELOPMENT COMMITTEE HOUSING AND ECONOMIC DEVELOPMENT COMMITTEE,fort-worth-tx-housing-and-economic-development-committee
6540eef2dc2e,b79fac4c315c6969,https://fortworthgov.granicus.com/MediaPlayer.php?view_id=12&clip_id=3682,Ad Hoc Municipal Court Advisory Committee Ad Hoc Municipal Court Advisory Committee,Ad Hoc Municipal Court Advisory Committee Ad Hoc Municipal Court Advisory Committee,fort-worth-tx-ad-hoc-municipal-court-advisory-committee
6540eef2dc2e,b7ab2f4f85bc5023,https://fortworthgov.granicus.com/MediaPlayer.php?view_id=10&clip_id=2027,"Speaker's Podium - Jim Riddlesperger - Professor of Political Science, TCU - September 19, 2014 Speaker's Podium - Jim Riddlesperger - Professor of Political Science, TCU - September 19, 2014","Speaker's Podium - Jim Riddlesperger - Professor of Political Science, TCU - September 19, 2014 Speaker's Podium - Jim Riddlesperger - Professor of Political Science, TCU",fort-worth-tx-speakers-podium
6540eef2dc2e,b8024667978115bc,https://fortworthgov.granicus.com/MediaPlayer.php?view_id=12&clip_id=803,HOUSING AND ECONOMIC DEVELOPMENT COMMITTEE HOUSING AND ECONOMIC DEVELOPMENT COMMITTEE,HOUSING AND ECONOMIC DEVELOPMENT COMMITTEE HOUSING AND ECONOMIC DEVELOPMENT COMMITTEE,fort-worth-tx-housing-and-economic-development-committee
6540eef2dc2e,b892571e4884ed6c,https://fortworthgov.granicus.com/MediaPlayer.php?view_id=12&clip_id=1653,HOUSING AND ECONOMIC DEVELOPMENT COMMITTEE HOUSING AND ECONOMIC DEVELOPMENT COMMITTEE,HOUSING AND ECONOMIC DEVELOPMENT COMMITTEE HOUSING AND ECONOMIC DEVELOPMENT COMMITTEE,fort-worth-tx-housing-and-economic-development-committee
6540eef2dc2e,b8bc6c7eafca9638,https://fortworthgov.granicus.com/MediaPlayer.php?view_id=12&clip_id=1401,HOUSING AND ECONOMIC DEVELOPMENT COMMITTEE HOUSING AND ECONOMIC DEVELOPMENT COMMITTEE,HOUSING AND ECONOMIC DEVELOPMENT COMMITTEE HOUSING AND ECONOMIC DEVELOPMENT COMMITTEE,fort-worth-tx-housing-and-economic-development-committee
6540eef2dc2e,b8bc9a5d816da592,https://fortworthgov.granicus.com/MediaPlayer.php?view_id=10&clip_id=6244,Press Conference: Illegal Gun Fire Education Campaign Press Conference: Illegal Gun Fire Education Campaign,Press Conference: Illegal Gun Fire Education Campaign Press Conference: Illegal Gun Fire Education Campaign,fort-worth-tx-public-info-meetings
6540eef2dc2e,b94c78816a86b58e,https://fortworthgov.granicus.com/MediaPlayer.php?view_id=12&clip_id=5948,District 2 Budget Meeting District 2 Budget Meeting,District 2 Budget Meeting District 2 Budget Meeting,fort-worth-tx-public-info-meetings
6540eef2dc2e,b95316932afc0c62,https://fortworthgov.granicus.com/MediaPlayer.php?view_id=12&clip_id=5012,Entrepreneurship and Innovation Committee Entrepreneurship and Innovation Committee,Entrepreneurship and Innovation Committee Entrepreneurship and Innovation Committee,fort-worth-tx-entrepreneurship-and-innovation-committee
6540eef2dc2e,b9a742f312ac3b82,https://fortworthgov.granicus.com/MediaPlayer.php?view_id=10&clip_id=1647,T Board Meeting T Board Meeting,T Board Meeting T Board Meeting,fort-worth-tx-trinity-metro-board
6540eef2dc2e,b9caf64d101f91a0,630050c2-d306-4b57-a771-74465872bc9c,"Ad Hoc Council Committee on Emergency Medical Response - Nov 07, 2023",Ad Hoc Council Committee on Emergency Medical Response,fort-worth-tx-ad-hoc-council-committee-on-emergency-medical-response
6540eef2dc2e,ba0ff1957a7e02a4,https://fortworthgov.granicus.com/MediaPlayer.php?view_id=12&clip_id=1778,T Board Meeting T Board Meeting,T Board Meeting T Board Meeting,fort-worth-tx-trinity-metro-board
6540eef2dc2e,ba1dc4a44840ad9d,https://fortworthgov.granicus.com/MediaPlayer.php?view_id=10&clip_id=5393,Entrepreneurship and Innovation Committee Entrepreneurship and Innovation Committee,Entrepreneurship and Innovation Committee Entrepreneurship and Innovation Committee,fort-worth-tx-entrepreneurship-and-innovation-committee
6540eef2dc2e,bac4cb8960bbbe65,https://fortworthgov.granicus.com/MediaPlayer.php?view_id=12&clip_id=4670,Redistricting Task Force Redistricting Task Force,Redistricting Task Force Redistricting Task Force,fort-worth-tx-redistricting-task-force
6540eef2dc2e,bae3f9d5d0ef9526,https://fortworthgov.granicus.com/MediaPlayer.php?view_id=10&clip_id=4281,Arts Commission Arts Commission,Arts Commission Arts Commission,fort-worth-tx-public-art-commission
6540eef2dc2e,baebae06932b8803,https://fortworthgov.granicus.com/MediaPlayer.php?view_id=10&clip_id=1653,HOUSING AND ECONOMIC DEVELOPMENT COMMITTEE HOUSING AND ECONOMIC DEVELOPMENT COMMITTEE,HOUSING AND ECONOMIC DEVELOPMENT COMMITTEE HOUSING AND ECONOMIC DEVELOPMENT COMMITTEE,fort-worth-tx-housing-and-economic-development-committee
6540eef2dc2e,baf747b0738fb208,https://fortworthgov.granicus.com/MediaPlayer.php?view_id=9&clip_id=4398,Aviation Advisory Board Aviation Advisory Board,Aviation Advisory Board Aviation Advisory Board,fort-worth-tx-aviation-advisory-board
6540eef2dc2e,bafd178e3442ab1c,https://fortworthgov.granicus.com/MediaPlayer.php?view_id=11&clip_id=3625,COVID-19 Community Update (English) COVID-19 Community Update (English),COVID-19 Community Update (English) COVID-19 Community Update (English),fort-worth-tx-public-info-meetings
6540eef2dc2e,bc09d3f559ea8f07,https://fortworthgov.granicus.com/MediaPlayer.php?view_id=10&clip_id=2983,Race and Culture Task Force Race and Culture Task Force,Race and Culture Task Force Race and Culture Task Force,fort-worth-tx-race-and-culture-task-force
6540eef2dc2e,bc4323b5da77c026,7967992b-3819-11f1-bb28-005056a89546,"2026 Bond & Charter Public Education Meeting - Apr 02, 2026",2026 Bond & Charter Public Education Meeting,fort-worth-tx-public-info-meetings
6540eef2dc2e,bd20624aa24f9ee9,https://fortworthgov.granicus.com/MediaPlayer.php?view_id=12&clip_id=2702,"Speaker's Podium - George Fassett, Thumbtechs - April 28, 2017 Speaker's Podium - George Fassett, Thumbtechs - April 28, 2017","Speaker's Podium - George Fassett, Thumbtechs - April 28, 2017 Speaker's Podium - George Fassett, Thumbtechs",fort-worth-tx-speakers-podium
6540eef2dc2e,bd725be89be4edef,https://fortworthgov.granicus.com/MediaPlayer.php?view_id=12&clip_id=1644,T Board Meeting T Board Meeting,T Board Meeting T Board Meeting,fort-worth-tx-trinity-metro-board
6540eef2dc2e,bd8f8c381226972c,https://fortworthgov.granicus.com/MediaPlayer.php?view_id=9&clip_id=1573,ARTS FUNDING TASK FORCE ARTS FUNDING TASK FORCE,ARTS FUNDING TASK FORCE ARTS FUNDING TASK FORCE,fort-worth-tx-arts-funding-task-force
6540eef2dc2e,bde03cfadfe1098b,https://fortworthgov.granicus.com/MediaPlayer.php?view_id=12&clip_id=3997,Bellaire Drive South Bike Lane Virtual Community Meeting Bellaire Drive South Bike Lane Virtual Community Meeting,Bellaire Drive South Bike Lane Virtual Community Meeting Bellaire Drive South Bike Lane Virtual Community Meeting,fort-worth-tx-public-info-meetings
6540eef2dc2e,be171cfa9fcd89d3,https://fortworthgov.granicus.com/MediaPlayer.php?view_id=10&clip_id=2753,"Speaker's Podium - Roderick McLean, Lockheed Martin - July 28, 2017 Speaker's Podium - Roderick McLean, Lockheed Martin - July 28, 2017","Speaker's Podium - Roderick McLean, Lockheed Martin - July 28, 2017 Speaker's Podium - Roderick McLean, Lockheed Martin",fort-worth-tx-speakers-podium
6540eef2dc2e,be3321c720bc7f35,https://fortworthgov.granicus.com/MediaPlayer.php?view_id=12&clip_id=6377,District 5 FY2027 Budget Meeting District 5 FY2027 Budget Meeting,District 5 FY2027 Budget Meeting District 5 FY2027 Budget Meeting,fort-worth-tx-public-info-meetings
6540eef2dc2e,beaba94b1abfed70,https://fortworthgov.granicus.com/MediaPlayer.php?view_id=12&clip_id=5488,District 6 Open House District 6 Open House,District 6 Open House District 6 Open House,fort-worth-tx-public-info-meetings
6540eef2dc2e,bec86b3ac89e9633,https://fortworthgov.granicus.com/MediaPlayer.php?view_id=10&clip_id=3996,Community Meeting For Shoreview Culvert Improvements Community Meeting For Shoreview Culvert Improvements,Community Meeting For Shoreview Culvert Improvements Community Meeting For Shoreview Culvert Improvements,fort-worth-tx-public-info-meetings
6540eef2dc2e,bef75b3878da452a,https://fortworthgov.granicus.com/MediaPlayer.php?view_id=12&clip_id=4345,Pedestrian and Bicycle Advisory Commission Pedestrian and Bicycle Advisory Commission,Pedestrian and Bicycle Advisory Commission Pedestrian and Bicycle Advisory Commission,fort-worth-tx-pedestrian-and-bicycle-advisory-commission
6540eef2dc2e,bf0a43d1937096e0,https://fortworthgov.granicus.com/MediaPlayer.php?view_id=12&clip_id=1988,Caffeinated Town Hall from Villages of Woodland Springs Caffeinated Town Hall from Villages of Woodland Springs,Caffeinated Town Hall from Villages of Woodland Springs Caffeinated Town Hall from Villages of Woodland Springs,fort-worth-tx-public-info-meetings
6540eef2dc2e,bf69739d9aa3e9d9,https://fortworthgov.granicus.com/MediaPlayer.php?view_id=12&clip_id=6026,Help Build Our Future District 10 Bond Meeting Help Build Our Future District 10 Bond Meeting,Help Build Our Future District 10 Bond Meeting Help Build Our Future District 10 Bond Meeting,fort-worth-tx-public-info-meetings
6540eef2dc2e,bf9c0552696b52f1,https://fortworthgov.granicus.com/MediaPlayer.php?view_id=10&clip_id=2416,"Speaker's Podium - Richard Marquez, Texans Can Academies - February 19, 2016 Speaker's Podium - Richard Marquez, Texans Can Academies - February 19, 2016","Speaker's Podium - Richard Marquez, Texans Can Academies - February 19, 2016 Speaker's Podium - Richard Marquez, Texans Can Academies",fort-worth-tx-speakers-podium
6540eef2dc2e,bfadd2d6e46ec593,https://fortworthgov.granicus.com/MediaPlayer.php?view_id=12&clip_id=2151,Caffeineted Town Hall from Chisolm Trail Community Center Caffeineted Town Hall from Chisolm Trail Community Center,Caffeineted Town Hall from Chisolm Trail Community Center Caffeineted Town Hall from Chisolm Trail Community Center,fort-worth-tx-public-info-meetings
6540eef2dc2e,bfb0fdcbebec3dc1,https://fortworthgov.granicus.com/MediaPlayer.php?view_id=12&clip_id=4119,Park & Recreation Advisory Board Park & Recreation Advisory Board,Park & Recreation Advisory Board Park & Recreation Advisory Board,fort-worth-tx-park-and-recreation-advisory-board
6540eef2dc2e,bfbe75e128663071,https://fortworthgov.granicus.com/MediaPlayer.php?view_id=12&clip_id=4204,"Art Commission Special Called Meeting of February 1, 2021 Art Commission Special Called Meeting of February 1, 2021","Art Commission Special Called Meeting of February 1, 2021 Art Commission Special Called Meeting of February 1, 2021",fort-worth-tx-public-art-commission
6540eef2dc2e,c05038abb2c7b45c,https://fortworthgov.granicus.com/MediaPlayer.php?view_id=9&clip_id=4072,Aviation Advisory Board Aviation Advisory Board,Aviation Advisory Board Aviation Advisory Board,fort-worth-tx-aviation-advisory-board
6540eef2dc2e,c0a60fbaba2af33c,https://fortworthgov.granicus.com/MediaPlayer.php?view_id=11&clip_id=3637,COVID-19 Community Update (Spanish) COVID-19 Community Update (Spanish),COVID-19 Community Update (Spanish) COVID-19 Community Update (Spanish),fort-worth-tx-public-info-meetings
6540eef2dc2e,c0f383053a22077a,https://fortworthgov.granicus.com/MediaPlayer.php?view_id=12&clip_id=4053,Community Meeting For Lebow Channel At 28th Street Community Meeting For Lebow Channel At 28th Street,Community Meeting For Lebow Channel At 28th Street Community Meeting For Lebow Channel At 28th Street,fort-worth-tx-public-info-meetings
6540eef2dc2e,c0fbf51c647a447a,https://fortworthgov.granicus.com/MediaPlayer.php?view_id=10&clip_id=2538,"Speaker's Podium - Dr. Joyce Mauk, The Child Study Center - August 19, 2016 Speaker's Podium - Dr. Joyce Mauk, The Child Study Center - August 19, 2016","Speaker's Podium - Dr. Joyce Mauk, The Child Study Center - August 19, 2016 Speaker's Podium - Dr. Joyce Mauk, The Child Study Center",fort-worth-tx-speakers-podium
6540eef2dc2e,c12a6e6f75604510,https://fortworthgov.granicus.com/MediaPlayer.php?view_id=10&clip_id=6378,District 4 FY2027 Budget Meeting District 4 FY2027 Budget Meeting,District 4 FY2027 Budget Meeting District 4 FY2027 Budget Meeting,fort-worth-tx-public-info-meetings
6540eef2dc2e,c135d06bf4c7952e,https://fortworthgov.granicus.com/MediaPlayer.php?view_id=12&clip_id=3857,District 9 Budget Town Hall District 9 Budget Town Hall,District 9 Budget Town Hall District 9 Budget Town Hall,fort-worth-tx-public-info-meetings
6540eef2dc2e,c16aea564429f9eb,https://fortworthgov.granicus.com/MediaPlayer.php?view_id=12&clip_id=4321,"FW Sports Authority, Inc. FW Sports Authority, Inc.","FW Sports Authority, Inc. FW Sports Authority, Inc.",fort-worth-tx-fort-worth-sports-authority
6540eef2dc2e,c1a1b8880e8fd5f5,https://fortworthgov.granicus.com/MediaPlayer.php?view_id=10&clip_id=4353,Water and Wastewater Capital Improvements Plans Citizen Advisory Committee Water and Wastewater Capital Improvements Plans Citizen Advisory Committee,Water and Wastewater Capital Improvements Plans Citizen Advisory Committee Water and Wastewater Capital Improvements Plans Citizen Advisory Committee,fort-worth-tx-water-and-wastewater-capital-improvements-plans-citizen-advisory-committee
6540eef2dc2e,c1e19bfa17f113e1,https://fortworthgov.granicus.com/MediaPlayer.php?view_id=12&clip_id=1479,Redistricting Public Meeting Redistricting Public Meeting,Redistricting Public Meeting Redistricting Public Meeting,fort-worth-tx-public-info-meetings
6540eef2dc2e,c1ef1b166401b49c,https://fortworthgov.granicus.com/MediaPlayer.php?view_id=10&clip_id=5031,Neighborhood Quality and Revitalization Committee Neighborhood Quality and Revitalization Committee,Neighborhood Quality and Revitalization Committee Neighborhood Quality and Revitalization Committee,fort-worth-tx-neighborhood-quality-and-revitalization-committee
6540eef2dc2e,c1fb82e73dbf9238,https://fortworthgov.granicus.com/MediaPlayer.php?view_id=10&clip_id=2921,Race and Culture Task Force Townhall Race and Culture Task Force Townhall,Race and Culture Task Force Townhall Race and Culture Task Force Townhall,fort-worth-tx-public-info-meetings
6540eef2dc2e,c1fb82e73dbf9238,https://fortworthgov.granicus.com/MediaPlayer.php?view_id=10&clip_id=2921,Race and Culture Task Force Townhall Race and Culture Task Force Townhall,Race and Culture Task Force Townhall Race and Culture Task Force Townhall,fort-worth-tx-race-and-culture-task-force
6540eef2dc2e,c21fe9a1bdc2376a,https://fortworthgov.granicus.com/MediaPlayer.php?view_id=10&clip_id=1743,HOUSING AND ECONOMIC DEVELOPMENT COMMITTEE HOUSING AND ECONOMIC DEVELOPMENT COMMITTEE,HOUSING AND ECONOMIC DEVELOPMENT COMMITTEE HOUSING AND ECONOMIC DEVELOPMENT COMMITTEE,fort-worth-tx-housing-and-economic-development-committee
6540eef2dc2e,c22b59215b1a17f3,https://fortworthgov.granicus.com/MediaPlayer.php?view_id=12&clip_id=4553,District 8 Town Hall Meeting District 8 Town Hall Meeting,District 8 Town Hall Meeting District 8 Town Hall Meeting,fort-worth-tx-public-info-meetings
6540eef2dc2e,c26ddd165ae7e7d0,https://fortworthgov.granicus.com/MediaPlayer.php?view_id=10&clip_id=4155,"Redistricting 101 with Spanish subtitle January 4, 2021 Redistricting 101 with Spanish subtitle January 4, 2021","Redistricting 101 with Spanish subtitle January 4, 2021 Redistricting 101 with Spanish subtitle January 4, 2021",fort-worth-tx-public-info-meetings
6540eef2dc2e,c2734f6b701039d6,https://fortworthgov.granicus.com/MediaPlayer.php?view_id=10&clip_id=5945,District 9 Budget Meeting District 9 Budget Meeting,District 9 Budget Meeting District 9 Budget Meeting,fort-worth-tx-public-info-meetings
6540eef2dc2e,c2908fd48c663672,https://fortworthgov.granicus.com/MediaPlayer.php?view_id=10&clip_id=5195,"Crime Control and Prevention District, Local Development Corporation, Central City Local Government Corporation, Research and Innovation Local Government Corporation, Lone Star Local Government Corporation, and Housing Finance Corporation Crime Control and Prevention District, Local Development Corporation, Central City Local Government Corporation, Research and Innovation Local Government Corporation, Lone Star Local Government Corporation, and Housing Finance Corporation","Crime Control and Prevention District, Local Development Corporation, Central City Local Government Corporation, Research and Innovation Local Government Corporation, Lone Star Local Government Corporation, and Housing Finance Corporation Crime Control and Prevention District, Local Development Corporation, Central City Local Government Corporation, Research and Innovation Local Government Corporation, Lone Star Local Government Corporation, and Housing Finance Corporation",fort-worth-tx-research-and-innovation-local-government-corporation
6540eef2dc2e,c29ccc03a9171cd0,89cc98ef-c79a-11ee-8fe8-0050569183fa,"December Downtown Design Review Board  - Feb 09, 2024",December Downtown Design Review Board,fort-worth-tx-downtown-design-and-review-board
6540eef2dc2e,c2baf04cea2da951,https://fortworthgov.granicus.com/MediaPlayer.php?view_id=10&clip_id=3549,COVID-19 Community Update (English) COVID-19 Community Update (English),COVID-19 Community Update (English) COVID-19 Community Update (English),fort-worth-tx-public-info-meetings
6540eef2dc2e,c2edfbba7430bbac,bb885d37-932d-11f0-8df7-005056a89546,"District 8 Budget Meeting  - Sep 15, 2025",District 8 Budget Meeting,fort-worth-tx-public-info-meetings
6540eef2dc2e,c32bedecce08ca22,https://fortworthgov.granicus.com/MediaPlayer.php?view_id=12&clip_id=4916,Budget Engagement Meeting - City Manager's presentation Budget Engagement Meeting - City Manager's presentation,Budget Engagement Meeting - City Manager's presentation Budget Engagement Meeting - City Manager's presentation,fort-worth-tx-public-info-meetings
6540eef2dc2e,c33c5206caa51d60,https://fortworthgov.granicus.com/MediaPlayer.php?view_id=12&clip_id=1443,HOUSING AND ECONOMIC DEVELOPMENT COMMITTEE HOUSING AND ECONOMIC DEVELOPMENT COMMITTEE,HOUSING AND ECONOMIC DEVELOPMENT COMMITTEE HOUSING AND ECONOMIC DEVELOPMENT COMMITTEE,fort-worth-tx-housing-and-economic-development-committee
6540eef2dc2e,c3518c6aa5b568d7,https://fortworthgov.granicus.com/MediaPlayer.php?view_id=12&clip_id=2255,"Speaker's Podium - Terri Sexton & Michelle Taylor - Texas Ballet Theater - July 24, 2015 Speaker's Podium - Terri Sexton & Michelle Taylor - Texas Ballet Theater - July 24, 2015","Speaker's Podium - Terri Sexton & Michelle Taylor - Texas Ballet Theater - July 24, 2015 Speaker's Podium - Terri Sexton & Michelle Taylor - Texas Ballet Theater",fort-worth-tx-speakers-podium
6540eef2dc2e,c3663abe447c105c,https://fortworthgov.granicus.com/MediaPlayer.php?view_id=9&clip_id=5266,Ad Hoc Council Committee on Emergency Medical Response Ad Hoc Council Committee on Emergency Medical Response,Ad Hoc Council Committee on Emergency Medical Response Ad Hoc Council Committee on Emergency Medical Response,fort-worth-tx-ad-hoc-council-committee-on-emergency-medical-response
6540eef2dc2e,c372fb159b219cb7,https://fortworthgov.granicus.com/MediaPlayer.php?view_id=10&clip_id=3879,District 5 Town Hall Meeting District 5 Town Hall Meeting,District 5 Town Hall Meeting District 5 Town Hall Meeting,fort-worth-tx-public-info-meetings
6540eef2dc2e,c37cfc95610a33f9,https://fortworthgov.granicus.com/MediaPlayer.php?view_id=12&clip_id=4651,Neighborhood Quality and Revitalization Committee Neighborhood Quality and Revitalization Committee,Neighborhood Quality and Revitalization Committee Neighborhood Quality and Revitalization Committee,fort-worth-tx-neighborhood-quality-and-revitalization-committee
6540eef2dc2e,c424df4499d2d3b5,https://fortworthgov.granicus.com/MediaPlayer.php?view_id=10&clip_id=2893,"Neighborhood Workshop: Race & Culture - January 20, 2018 Neighborhood Workshop: Race & Culture - January 20, 2018","Neighborhood Workshop: Race & Culture - January 20, 2018 Neighborhood Workshop: Race & Culture",fort-worth-tx-public-info-meetings
6540eef2dc2e,c4cb0560fe6e836a,https://fortworthgov.granicus.com/MediaPlayer.php?view_id=10&clip_id=3633,COVID-19 Community Update (Spanish) COVID-19 Community Update (Spanish),COVID-19 Community Update (Spanish) COVID-19 Community Update (Spanish),fort-worth-tx-public-info-meetings
6540eef2dc2e,c4df492dc637019d,https://fortworthgov.granicus.com/MediaPlayer.php?view_id=10&clip_id=3577,COVID-19 Community Update (English) COVID-19 Community Update (English),COVID-19 Community Update (English) COVID-19 Community Update (English),fort-worth-tx-public-info-meetings
6540eef2dc2e,c4f754a905ffb7d0,https://fortworthgov.granicus.com/MediaPlayer.php?view_id=12&clip_id=6008,Help Build Our Future District 3 Bond Meeting Help Build Our Future District 3 Bond Meeting,Help Build Our Future District 3 Bond Meeting Help Build Our Future District 3 Bond Meeting,fort-worth-tx-public-info-meetings
6540eef2dc2e,c51853c983db5070,https://fortworthgov.granicus.com/MediaPlayer.php?view_id=10&clip_id=2215,"Speaker's Podium - Colonel Scott Taylor, U.S. Army - May 15, 2015 Speaker's Podium - Colonel Scott Taylor, U.S. Army - May 15, 2015","Speaker's Podium - Colonel Scott Taylor, U.S. Army - May 15, 2015 Speaker's Podium - Colonel Scott Taylor, U.S. Army",fort-worth-tx-speakers-podium
6540eef2dc2e,c5504fba88229257,https://fortworthgov.granicus.com/MediaPlayer.php?view_id=12&clip_id=4152,Redistricting 101 Redistricting 101,Redistricting 101 Redistricting 101,fort-worth-tx-public-info-meetings
6540eef2dc2e,c55c5c1feb4a3aa9,https://fortworthgov.granicus.com/MediaPlayer.php?view_id=12&clip_id=3741,Mayor's Committee on Persons with Disabilities Mayor's Committee on Persons with Disabilities,Mayor's Committee on Persons with Disabilities Mayor's Committee on Persons with Disabilities,fort-worth-tx-mayor-s-committee-on-persons-with-disabilities
6540eef2dc2e,c5910e57a2eb8810,https://fortworthgov.granicus.com/MediaPlayer.php?view_id=12&clip_id=5141,Neighborhood Quality and Revitalization Committee Neighborhood Quality and Revitalization Committee,Neighborhood Quality and Revitalization Committee Neighborhood Quality and Revitalization Committee,fort-worth-tx-neighborhood-quality-and-revitalization-committee
6540eef2dc2e,c593627ef655360e,https://fortworthgov.granicus.com/MediaPlayer.php?view_id=12&clip_id=4757,Bond Election Public Meeting Part 2 Bond Election Public Meeting Part 2,Bond Election Public Meeting Part 2 Bond Election Public Meeting Part 2,fort-worth-tx-public-info-meetings
6540eef2dc2e,c5a6b737f28239ad,https://fortworthgov.granicus.com/MediaPlayer.php?view_id=10&clip_id=1329,HOUSING AND ECONOMIC DEVELOPMENT COMMITTEE HOUSING AND ECONOMIC DEVELOPMENT COMMITTEE,HOUSING AND ECONOMIC DEVELOPMENT COMMITTEE HOUSING AND ECONOMIC DEVELOPMENT COMMITTEE,fort-worth-tx-housing-and-economic-development-committee
6540eef2dc2e,c5cfe9386eb37670,https://fortworthgov.granicus.com/MediaPlayer.php?view_id=12&clip_id=184,Housing and Economic Development Committee Housing and Economic Development Committee,Housing and Economic Development Committee Housing and Economic Development Committee,fort-worth-tx-housing-and-economic-development-committee
6540eef2dc2e,c5d7ffdd747467a5,https://fortworthgov.granicus.com/MediaPlayer.php?view_id=12&clip_id=4915,"FY2023 Budget Conversation - August 25, 2022 FY2023 Budget Conversation - August 25, 2022","FY2023 Budget Conversation - August 25, 2022 FY2023 Budget Conversation",fort-worth-tx-public-info-meetings
6540eef2dc2e,c6888605830c0fe3,https://fortworthgov.granicus.com/MediaPlayer.php?view_id=10&clip_id=5924,"Police Chief Press Conference | August 22, 2025 Police Chief Press Conference | August 22, 2025","Police Chief Press Conference | August 22, 2025 Police Chief Press Conference | August 22, 2025",fort-worth-tx-public-info-meetings
6540eef2dc2e,c692c10b485a7fc7,https://fortworthgov.granicus.com/MediaPlayer.php?view_id=10&clip_id=2029,"Speaker's Podium - Fred Slaback - President, Texas Wesleyan University - September 26, 2014 Speaker's Podium - Fred Slaback - President, Texas Wesleyan University - September 26, 2014","Speaker's Podium - Fred Slaback - President, Texas Wesleyan University - September 26, 2014 Speaker's Podium - Fred Slaback - President, Texas Wesleyan University",fort-worth-tx-speakers-podium
6540eef2dc2e,c70ddfdee6a901e5,https://fortworthgov.granicus.com/MediaPlayer.php?view_id=12&clip_id=4313,Human Relations Commission Human Relations Commission,Human Relations Commission Human Relations Commission,fort-worth-tx-human-relations-commission
6540eef2dc2e,c71c707211ac0b94,9b87b7e5-0584-42b9-9626-2bce6af785f6,"Future Downtown Library Community Report  - Oct 01, 2025",Future Downtown Library Community Report,fort-worth-tx-public-info-meetings
6540eef2dc2e,c7444dc27bcbef52,https://fortworthgov.granicus.com/MediaPlayer.php?view_id=10&clip_id=4299,Park and Recreation Advisory Board Park and Recreation Advisory Board,Park and Recreation Advisory Board Park and Recreation Advisory Board,fort-worth-tx-park-and-recreation-advisory-board
6540eef2dc2e,c78d887d5e979ecb,https://fortworthgov.granicus.com/MediaPlayer.php?view_id=10&clip_id=4078,Art Commission Art Commission,Art Commission Art Commission,fort-worth-tx-public-art-commission
6540eef2dc2e,c7974173b245bca5,https://fortworthgov.granicus.com/MediaPlayer.php?view_id=10&clip_id=4114,Human Relations Commission Human Relations Commission,Human Relations Commission Human Relations Commission,fort-worth-tx-human-relations-commission
6540eef2dc2e,c79f21e8bd3d93a9,https://fortworthgov.granicus.com/MediaPlayer.php?view_id=10&clip_id=4915,"FY2023 Budget Conversation - August 25, 2022 FY2023 Budget Conversation - August 25, 2022","FY2023 Budget Conversation - August 25, 2022 FY2023 Budget Conversation",fort-worth-tx-public-info-meetings
6540eef2dc2e,c7c9019acff2d8cc,https://fortworthgov.granicus.com/MediaPlayer.php?view_id=12&clip_id=2121,"Speaker's Podium - Joy Webster - MorningStar Partners, LP - January 23, 2015 Speaker's Podium - Joy Webster - MorningStar Partners, LP - January 23, 2015","Speaker's Podium - Joy Webster - MorningStar Partners, LP - January 23, 2015 Speaker's Podium - Joy Webster - MorningStar Partners, LP",fort-worth-tx-speakers-podium
6540eef2dc2e,c7f501f8865b21b2,https://fortworthgov.granicus.com/MediaPlayer.php?view_id=12&clip_id=2356,CHARTER REVIEW TASK FORCE CHARTER REVIEW TASK FORCE,CHARTER REVIEW TASK FORCE CHARTER REVIEW TASK FORCE,fort-worth-tx-charter-review-task-force
6540eef2dc2e,c8242a1f0b947c96,https://fortworthgov.granicus.com/MediaPlayer.php?view_id=12&clip_id=268,State of the City Address 2009 State of the City Address 2009,State of the City Address 2009 State of the City Address 2009,fort-worth-tx-public-info-meetings
6540eef2dc2e,c83665c826eeac8d,https://fortworthgov.granicus.com/MediaPlayer.php?view_id=12&clip_id=4240,"AllianceAirport Authority, Inc. AllianceAirport Authority, Inc.","AllianceAirport Authority, Inc. AllianceAirport Authority, Inc.",fort-worth-tx-alliance-airport-authority
6540eef2dc2e,c8381520c8366ffa,https://fortworthgov.granicus.com/MediaPlayer.php?view_id=12&clip_id=4471,"""Listening Circle with Dr. J"": A Discussion on Egrets ""Listening Circle with Dr. J"": A Discussion on Egrets","""Listening Circle with Dr. J"": A Discussion on Egrets ""Listening Circle with Dr. J"": A Discussion on Egrets",fort-worth-tx-public-info-meetings
6540eef2dc2e,c865cf14db550d08,https://fortworthgov.granicus.com/MediaPlayer.php?view_id=10&clip_id=3586,COVID-19 Community Update (English) COVID-19 Community Update (English),COVID-19 Community Update (English) COVID-19 Community Update (English),fort-worth-tx-public-info-meetings
6540eef2dc2e,c86cc416e9dc4644,https://fortworthgov.granicus.com/MediaPlayer.php?view_id=10&clip_id=2999,Race and Culture Task Force Race and Culture Task Force,Race and Culture Task Force Race and Culture Task Force,fort-worth-tx-race-and-culture-task-force
6540eef2dc2e,c8848eb0b388ba49,https://fortworthgov.granicus.com/MediaPlayer.php?view_id=12&clip_id=2520,"Speaker's Podium - Tempa Sherrill - Stay The Course Veteran Services - July 29, 2016 Speaker's Podium - Tempa Sherrill - Stay The Course Veteran Services - July 29, 2016","Speaker's Podium - Tempa Sherrill - Stay The Course Veteran Services - July 29, 2016 Speaker's Podium - Tempa Sherrill - Stay The Course Veteran Services",fort-worth-tx-speakers-podium
6540eef2dc2e,c89958cb73770704,https://fortworthgov.granicus.com/MediaPlayer.php?view_id=10&clip_id=5116,Entrepreneurship and Innovation Committee Entrepreneurship and Innovation Committee,Entrepreneurship and Innovation Committee Entrepreneurship and Innovation Committee,fort-worth-tx-entrepreneurship-and-innovation-committee
6540eef2dc2e,c8ba802b20bf1297,https://fortworthgov.granicus.com/MediaPlayer.php?view_id=10&clip_id=3758,Minority and Women Business Enterprise Advisory Committee Minority and Women Business Enterprise Advisory Committee,Minority and Women Business Enterprise Advisory Committee Minority and Women Business Enterprise Advisory Committee,fort-worth-tx-minority-and-women-business-enterprise-advisory-committee
6540eef2dc2e,c8c3ea54ebdca849,https://fortworthgov.granicus.com/MediaPlayer.php?view_id=12&clip_id=4306,Transportation & Public Works Community Meeting Transportation & Public Works Community Meeting,Transportation & Public Works Community Meeting Transportation & Public Works Community Meeting,fort-worth-tx-public-info-meetings
6540eef2dc2e,c8cf4155842fbad7,https://fortworthgov.granicus.com/MediaPlayer.php?view_id=12&clip_id=4128,Art Commission Art Commission,Art Commission Art Commission,fort-worth-tx-public-art-commission
6540eef2dc2e,c8f47b66d25e08e2,571720af-6c85-11ef-9b71-005056a89546,"April Downtown Design Review Board - Sep 06, 2024",April Downtown Design Review Board,fort-worth-tx-downtown-design-and-review-board
6540eef2dc2e,c94aea3db520228e,https://fortworthgov.granicus.com/MediaPlayer.php?view_id=10&clip_id=2255,"Speaker's Podium - Terri Sexton & Michelle Taylor - Texas Ballet Theater - July 24, 2015 Speaker's Podium - Terri Sexton & Michelle Taylor - Texas Ballet Theater - July 24, 2015","Speaker's Podium - Terri Sexton & Michelle Taylor - Texas Ballet Theater - July 24, 2015 Speaker's Podium - Terri Sexton & Michelle Taylor - Texas Ballet Theater",fort-worth-tx-speakers-podium
6540eef2dc2e,c99e2aa82870ec0c,https://fortworthgov.granicus.com/MediaPlayer.php?view_id=12&clip_id=5293,Neighborhood Quality and Revitalization Committee Neighborhood Quality and Revitalization Committee,Neighborhood Quality and Revitalization Committee Neighborhood Quality and Revitalization Committee,fort-worth-tx-neighborhood-quality-and-revitalization-committee
6540eef2dc2e,c9b374b036b6f635,https://fortworthgov.granicus.com/MediaPlayer.php?view_id=12&clip_id=6219,Research and Innovation Local Government Corporation Research and Innovation Local Government Corporation,Research and Innovation Local Government Corporation Research and Innovation Local Government Corporation,fort-worth-tx-research-and-innovation-local-government-corporation
6540eef2dc2e,c9bc8ef0ca21d5dd,https://fortworthgov.granicus.com/MediaPlayer.php?view_id=12&clip_id=4110,Capital Improvement Advisory Committee on Transportation Impact Fees Capital Improvement Advisory Committee on Transportation Impact Fees,Capital Improvement Advisory Committee on Transportation Impact Fees Capital Improvement Advisory Committee on Transportation Impact Fees,fort-worth-tx-capital-improvements-advisory-committee
6540eef2dc2e,c9d2ff870185972a,https://fortworthgov.granicus.com/MediaPlayer.php?view_id=12&clip_id=1309,HOUSING AND ECONOMIC DEVELOPMENT COMMITTEE HOUSING AND ECONOMIC DEVELOPMENT COMMITTEE,HOUSING AND ECONOMIC DEVELOPMENT COMMITTEE HOUSING AND ECONOMIC DEVELOPMENT COMMITTEE,fort-worth-tx-housing-and-economic-development-committee
6540eef2dc2e,ca92f41e4f10f5fb,https://fortworthgov.granicus.com/MediaPlayer.php?view_id=10&clip_id=1506,T Board Meeting T Board Meeting,T Board Meeting T Board Meeting,fort-worth-tx-trinity-metro-board
6540eef2dc2e,cab6d7113a93d977,https://fortworthgov.granicus.com/MediaPlayer.php?view_id=12&clip_id=2984,"Speaker's Podium - Manya Shorr, Fort Worth Library - May 18, 2018 Speaker's Podium - Manya Shorr, Fort Worth Library - May 18, 2018","Speaker's Podium - Manya Shorr, Fort Worth Library - May 18, 2018 Speaker's Podium - Manya Shorr, Fort Worth Library",fort-worth-tx-speakers-podium
6540eef2dc2e,cab74a2417833fd3,https://fortworthgov.granicus.com/MediaPlayer.php?view_id=12&clip_id=2853,Race and Culture Task Force Race and Culture Task Force,Race and Culture Task Force Race and Culture Task Force,fort-worth-tx-race-and-culture-task-force
6540eef2dc2e,cad6762d2b0171a0,https://fortworthgov.granicus.com/MediaPlayer.php?view_id=10&clip_id=4083,Community Meeting For Bomber Heights And Overton Park Street Improvements Community Meeting For Bomber Heights And Overton Park Street Improvements,Community Meeting For Bomber Heights And Overton Park Street Improvements Community Meeting For Bomber Heights And Overton Park Street Improvements,fort-worth-tx-public-info-meetings
6540eef2dc2e,caf4ce36d9b302c9,https://fortworthgov.granicus.com/MediaPlayer.php?view_id=12&clip_id=997,HOUSING AND ECONOMIC DEVELOPMENT COMMITTEE HOUSING AND ECONOMIC DEVELOPMENT COMMITTEE,HOUSING AND ECONOMIC DEVELOPMENT COMMITTEE HOUSING AND ECONOMIC DEVELOPMENT COMMITTEE,fort-worth-tx-housing-and-economic-development-committee
6540eef2dc2e,cb65ac4b45f38ea5,https://fortworthgov.granicus.com/MediaPlayer.php?view_id=12&clip_id=4107,Library Advisory Board Library Advisory Board,Library Advisory Board Library Advisory Board,fort-worth-tx-library-advisory-board
6540eef2dc2e,cb6ed209fffe01c8,01b3f653-c3d4-11f0-a7da-005056a89546,"Help Build Our Future District 5 Bond Meeting  - Nov 15, 2025",Help Build Our Future District 5 Bond Meeting,fort-worth-tx-public-info-meetings
6540eef2dc2e,cb9d598a0cbd72cd,https://fortworthgov.granicus.com/MediaPlayer.php?view_id=10&clip_id=3637,COVID-19 Community Update (Spanish) COVID-19 Community Update (Spanish),COVID-19 Community Update (Spanish) COVID-19 Community Update (Spanish),fort-worth-tx-public-info-meetings
6540eef2dc2e,cba4daea72b2d415,https://fortworthgov.granicus.com/MediaPlayer.php?view_id=10&clip_id=5410,"Evans & Rosedale Community Meeting of February 7, 2024 Evans & Rosedale Community Meeting of February 7, 2024","Evans & Rosedale Community Meeting of February 7, 2024 Evans & Rosedale Community Meeting of February 7, 2024",fort-worth-tx-public-info-meetings
6540eef2dc2e,cc02c29b81fb9468,https://fortworthgov.granicus.com/MediaPlayer.php?view_id=10&clip_id=1309,HOUSING AND ECONOMIC DEVELOPMENT COMMITTEE HOUSING AND ECONOMIC DEVELOPMENT COMMITTEE,HOUSING AND ECONOMIC DEVELOPMENT COMMITTEE HOUSING AND ECONOMIC DEVELOPMENT COMMITTEE,fort-worth-tx-housing-and-economic-development-committee
6540eef2dc2e,cc062f37979be202,https://fortworthgov.granicus.com/MediaPlayer.php?view_id=10&clip_id=4318,Mayors Committee on Persons with Disabilities Mayors Committee on Persons with Disabilities,Mayors Committee on Persons with Disabilities Mayors Committee on Persons with Disabilities,fort-worth-tx-mayor-s-committee-on-persons-with-disabilities
6540eef2dc2e,cc40834db20d06e3,https://fortworthgov.granicus.com/MediaPlayer.php?view_id=12&clip_id=3380,"Public Forum: Candidates for Diversity and Inclusion Director of October 28, 2019 Public Forum: Candidates for Diversity and Inclusion Director of October 28, 2019","Public Forum: Candidates for Diversity and Inclusion Director of October 28, 2019 Public Forum: Candidates for Diversity and Inclusion Director of October 28, 2019",fort-worth-tx-public-info-meetings
6540eef2dc2e,cc450ec566c5c016,https://fortworthgov.granicus.com/MediaPlayer.php?view_id=12&clip_id=4575,Listening Circle with Dr. J: A Discussion on Water Listening Circle with Dr. J: A Discussion on Water,Listening Circle with Dr. J: A Discussion on Water Listening Circle with Dr. J: A Discussion on Water,fort-worth-tx-public-info-meetings
6540eef2dc2e,cc71c3c185831f76,https://fortworthgov.granicus.com/MediaPlayer.php?view_id=10&clip_id=5641,Local Development Corporation & Research and Innovation Local Government Corporation Local Development Corporation & Research and Innovation Local Government Corporation,Local Development Corporation & Research and Innovation Local Government Corporation Local Development Corporation & Research and Innovation Local Government Corporation,fort-worth-tx-research-and-innovation-local-government-corporation
6540eef2dc2e,ccb7b189b2b155f1,https://fortworthgov.granicus.com/MediaPlayer.php?view_id=12&clip_id=6018,Help Build Our Future District 2 Bond Meeting Help Build Our Future District 2 Bond Meeting,Help Build Our Future District 2 Bond Meeting Help Build Our Future District 2 Bond Meeting,fort-worth-tx-public-info-meetings
6540eef2dc2e,ccc1c64b3d95d987,https://fortworthgov.granicus.com/MediaPlayer.php?view_id=12&clip_id=5988,State of the City 2025 State of the City 2025,State of the City 2025 State of the City 2025,fort-worth-tx-public-info-meetings
6540eef2dc2e,ccc7759038246c02,https://fortworthgov.granicus.com/MediaPlayer.php?view_id=12&clip_id=1303,Digital Town Hall Digital Town Hall,Digital Town Hall Digital Town Hall,fort-worth-tx-public-info-meetings
6540eef2dc2e,ccd1a56960370ccc,https://fortworthgov.granicus.com/MediaPlayer.php?view_id=10&clip_id=5938,District 4 Budget Meeting District 4 Budget Meeting,District 4 Budget Meeting District 4 Budget Meeting,fort-worth-tx-public-info-meetings
6540eef2dc2e,ccd6ccd1435c0ab6,https://fortworthgov.granicus.com/MediaPlayer.php?view_id=12&clip_id=3106,"Speaker's Podium - Mike Sanborn, Baylor Scott & White All Saints Medical Center - November 30, 2018 Speaker's Podium - Mike Sanborn, Baylor Scott & White All Saints Medical Center - November 30, 2018","Speaker's Podium - Mike Sanborn, Baylor Scott & White All Saints Medical Center - November 30, 2018 Speaker's Podium - Mike Sanborn, Baylor Scott & White All Saints Medical Center",fort-worth-tx-speakers-podium
6540eef2dc2e,ccf53033c86d7580,https://fortworthgov.granicus.com/MediaPlayer.php?view_id=12&clip_id=4878,Entrepreneurship and Innovation Committee Entrepreneurship and Innovation Committee,Entrepreneurship and Innovation Committee Entrepreneurship and Innovation Committee,fort-worth-tx-entrepreneurship-and-innovation-committee
6540eef2dc2e,cd2b76ff1f7d5d95,https://fortworthgov.granicus.com/MediaPlayer.php?view_id=12&clip_id=2416,"Speaker's Podium - Richard Marquez, Texans Can Academies - February 19, 2016 Speaker's Podium - Richard Marquez, Texans Can Academies - February 19, 2016","Speaker's Podium - Richard Marquez, Texans Can Academies - February 19, 2016 Speaker's Podium - Richard Marquez, Texans Can Academies",fort-worth-tx-speakers-podium
6540eef2dc2e,cd97909823f10be9,https://fortworthgov.granicus.com/MediaPlayer.php?view_id=10&clip_id=6185,2026 Bond & Charter Public Education Meeting 2026 Bond & Charter Public Education Meeting,2026 Bond & Charter Public Education Meeting 2026 Bond & Charter Public Education Meeting,fort-worth-tx-public-info-meetings
6540eef2dc2e,ce8c8d367581d1e2,https://fortworthgov.granicus.com/MediaPlayer.php?view_id=10&clip_id=4575,Listening Circle with Dr. J: A Discussion on Water Listening Circle with Dr. J: A Discussion on Water,Listening Circle with Dr. J: A Discussion on Water Listening Circle with Dr. J: A Discussion on Water,fort-worth-tx-public-info-meetings
6540eef2dc2e,cecbc13a23fffbc0,https://fortworthgov.granicus.com/MediaPlayer.php?view_id=10&clip_id=3073,Race and Culture Task Force Race and Culture Task Force,Race and Culture Task Force Race and Culture Task Force,fort-worth-tx-race-and-culture-task-force
6540eef2dc2e,cf3604dabd2e3a18,https://fortworthgov.granicus.com/MediaPlayer.php?view_id=12&clip_id=4755,Entrepreneurship and Innovation Committee Entrepreneurship and Innovation Committee,Entrepreneurship and Innovation Committee Entrepreneurship and Innovation Committee,fort-worth-tx-entrepreneurship-and-innovation-committee
6540eef2dc2e,cf4cad2c108848f6,https://fortworthgov.granicus.com/MediaPlayer.php?view_id=10&clip_id=4015,Minority And Women Business Enterprise Advisory Committee Minority And Women Business Enterprise Advisory Committee,Minority And Women Business Enterprise Advisory Committee Minority And Women Business Enterprise Advisory Committee,fort-worth-tx-minority-and-women-business-enterprise-advisory-committee
6540eef2dc2e,cfe125c41d748131,https://fortworthgov.granicus.com/MediaPlayer.php?view_id=10&clip_id=5121,District 6 Open House District 6 Open House,District 6 Open House District 6 Open House,fort-worth-tx-public-info-meetings
6540eef2dc2e,cfe6843b26bf7bb8,https://fortworthgov.granicus.com/MediaPlayer.php?view_id=10&clip_id=2797,"Speaker's Podium - Dr. Jay Maddock, Texas A&M School of Public Health - September 22, 2017 Speaker's Podium - Dr. Jay Maddock, Texas A&M School of Public Health - September 22, 2017","Speaker's Podium - Dr. Jay Maddock, Texas A&M School of Public Health - September 22, 2017 Speaker's Podium - Dr. Jay Maddock, Texas A&M School of Public Health",fort-worth-tx-speakers-podium
6540eef2dc2e,cff6d36f1a95b225,https://fortworthgov.granicus.com/MediaPlayer.php?view_id=12&clip_id=1808,T Board Meeting T Board Meeting,T Board Meeting T Board Meeting,fort-worth-tx-trinity-metro-board
6540eef2dc2e,d04377b0b393fa14,https://fortworthgov.granicus.com/MediaPlayer.php?view_id=10&clip_id=1479,Redistricting Public Meeting Redistricting Public Meeting,Redistricting Public Meeting Redistricting Public Meeting,fort-worth-tx-public-info-meetings
6540eef2dc2e,d095b95464b1578f,https://fortworthgov.granicus.com/MediaPlayer.php?view_id=12&clip_id=6185,2026 Bond & Charter Public Education Meeting 2026 Bond & Charter Public Education Meeting,2026 Bond & Charter Public Education Meeting 2026 Bond & Charter Public Education Meeting,fort-worth-tx-public-info-meetings
6540eef2dc2e,d0cdcdce69516024,https://fortworthgov.granicus.com/MediaPlayer.php?view_id=10&clip_id=4524,District 4 Town Hall Meeting District 4 Town Hall Meeting,District 4 Town Hall Meeting District 4 Town Hall Meeting,fort-worth-tx-public-info-meetings
6540eef2dc2e,d169930470cd293e,https://fortworthgov.granicus.com/MediaPlayer.php?view_id=11&clip_id=3624,COVID-19 Community Update (Spanish) COVID-19 Community Update (Spanish),COVID-19 Community Update (Spanish) COVID-19 Community Update (Spanish),fort-worth-tx-public-info-meetings
6540eef2dc2e,d1dea34093486d2b,https://fortworthgov.granicus.com/MediaPlayer.php?view_id=12&clip_id=2236,"Speaker's Podium - Todd Miller & Brian Williams - Fort Worth Police Officers Awards Foundation - July 10, 2015 Speaker's Podium - Todd Miller & Brian Williams - Fort Worth Police Officers Awards Foundation - July 10, 2015","Speaker's Podium - Todd Miller & Brian Williams - Fort Worth Police Officers Awards Foundation - July 10, 2015 Speaker's Podium - Todd Miller & Brian Williams - Fort Worth Police Officers Awards Foundation",fort-worth-tx-speakers-podium
6540eef2dc2e,d23382a947c177ab,https://fortworthgov.granicus.com/MediaPlayer.php?view_id=10&clip_id=2053,"Speakers Podium - David Cooke - City Manager, City of Fort Worth - October, 10, 2014 Speakers Podium - David Cooke - City Manager, City of Fort Worth - October, 10, 2014","Speakers Podium - David Cooke - City Manager, City of Fort Worth - October, 10, 2014 Speakers Podium - David Cooke - City Manager, City of Fort Worth - October, 10, 2014",fort-worth-tx-speakers-podium
6540eef2dc2e,d244a8b09bac0fb2,https://fortworthgov.granicus.com/MediaPlayer.php?view_id=12&clip_id=6377,District 5 FY2027 Budget Meeting District 5 FY2027 Budget Meeting,District 5 FY2027 Budget Meeting District 5 FY2027 Budget Meeting,fort-worth-tx-public-info-meetings
6540eef2dc2e,d2717bfb9d68440b,https://fortworthgov.granicus.com/MediaPlayer.php?view_id=12&clip_id=6014,Help Build Our Future District 9 Bond Meeting Help Build Our Future District 9 Bond Meeting,Help Build Our Future District 9 Bond Meeting Help Build Our Future District 9 Bond Meeting,fort-worth-tx-public-info-meetings
6540eef2dc2e,d2a3c194bf74cf11,https://fortworthgov.granicus.com/MediaPlayer.php?view_id=10&clip_id=2605,"Speaker's Podium - Mike Berry, Hillwood Properties - December 2, 2016 Speaker's Podium - Mike Berry, Hillwood Properties - December 2, 2016","Speaker's Podium - Mike Berry, Hillwood Properties - December 2, 2016 Speaker's Podium - Mike Berry, Hillwood Properties",fort-worth-tx-speakers-podium
6540eef2dc2e,d2b93930bfeaa702,https://fortworthgov.granicus.com/MediaPlayer.php?view_id=12&clip_id=2180,"Speaker's Podium - Barclay Berdan - CEO, Texas Health Resources 3-20-15 - March 20, 2015 Speaker's Podium - Barclay Berdan - CEO, Texas Health Resources 3-20-15 - March 20, 2015","Speaker's Podium - Barclay Berdan - CEO, Texas Health Resources 3-20-15 - March 20, 2015 Speaker's Podium - Barclay Berdan - CEO, Texas Health Resources",fort-worth-tx-speakers-podium
6540eef2dc2e,d2f233d9e643b8b0,https://fortworthgov.granicus.com/MediaPlayer.php?view_id=12&clip_id=2241,"Speaker's Podium - Leta Andrews - July 17, 2015 Speaker's Podium - Leta Andrews - July 17, 2015","Speaker's Podium - Leta Andrews - July 17, 2015 Speaker's Podium - Leta Andrews",fort-worth-tx-speakers-podium
6540eef2dc2e,d383cb88dcdcf043,https://fortworthgov.granicus.com/MediaPlayer.php?view_id=10&clip_id=4532,District 2 Town Hall Meeting District 2 Town Hall Meeting,District 2 Town Hall Meeting District 2 Town Hall Meeting,fort-worth-tx-public-info-meetings
6540eef2dc2e,d3a638adafe6d37b,https://fortworthgov.granicus.com/MediaPlayer.php?view_id=10&clip_id=5046,"Progress Update - Evans & Rosedale Project meeting of January 19, 2023 Progress Update - Evans & Rosedale Project meeting of January 19, 2023","Progress Update - Evans & Rosedale Project meeting of January 19, 2023 Progress Update - Evans & Rosedale Project meeting of January 19, 2023",fort-worth-tx-public-info-meetings
6540eef2dc2e,d3c7cefa52f10b6b,https://fortworthgov.granicus.com/MediaPlayer.php?view_id=10&clip_id=5550,Neighborhood Quality and Revitalization Committee Neighborhood Quality and Revitalization Committee,Neighborhood Quality and Revitalization Committee Neighborhood Quality and Revitalization Committee,fort-worth-tx-neighborhood-quality-and-revitalization-committee
6540eef2dc2e,d4360b220bedaf41,https://fortworthgov.granicus.com/MediaPlayer.php?view_id=12&clip_id=907,HOUSING AND ECONOMIC DEVELOPMENT COMMITTEE HOUSING AND ECONOMIC DEVELOPMENT COMMITTEE,HOUSING AND ECONOMIC DEVELOPMENT COMMITTEE HOUSING AND ECONOMIC DEVELOPMENT COMMITTEE,fort-worth-tx-housing-and-economic-development-committee
6540eef2dc2e,d43f7d7e72948cec,https://fortworthgov.granicus.com/MediaPlayer.php?view_id=12&clip_id=2894,"Neighborhood Workshop: Helping The Homeless - January 20, 2018 Neighborhood Workshop: Helping The Homeless - January 20, 2018","Neighborhood Workshop: Helping The Homeless - January 20, 2018 Neighborhood Workshop: Helping The Homeless",fort-worth-tx-public-info-meetings
6540eef2dc2e,d496bfc146e33bc6,https://fortworthgov.granicus.com/MediaPlayer.php?view_id=10&clip_id=5237,"Convention Center District Expansion Town Hall Meeting of August 9, 2023 Convention Center District Expansion Town Hall Meeting of August 9, 2023","Convention Center District Expansion Town Hall Meeting of August 9, 2023 Convention Center District Expansion Town Hall Meeting of August 9, 2023",fort-worth-tx-public-info-meetings
6540eef2dc2e,d4ea7f98bc0d8934,https://fortworthgov.granicus.com/MediaPlayer.php?view_id=12&clip_id=4956,Neighborhood Quality and Revitalization Committee Neighborhood Quality and Revitalization Committee,Neighborhood Quality and Revitalization Committee Neighborhood Quality and Revitalization Committee,fort-worth-tx-neighborhood-quality-and-revitalization-committee
6540eef2dc2e,d4f5d61c82637e2a,https://fortworthgov.granicus.com/MediaPlayer.php?view_id=10&clip_id=5349,Local Development Corporation Local Development Corporation,Local Development Corporation Local Development Corporation,fort-worth-tx-fort-worth-local-development-corporation
6540eef2dc2e,d55b2fac4cf8a40d,https://fortworthgov.granicus.com/MediaPlayer.php?view_id=12&clip_id=5719,Entrepreneurship and Innovation Committee Entrepreneurship and Innovation Committee,Entrepreneurship and Innovation Committee Entrepreneurship and Innovation Committee,fort-worth-tx-entrepreneurship-and-innovation-committee
6540eef2dc2e,d617743e036df959,https://fortworthgov.granicus.com/MediaPlayer.php?view_id=12&clip_id=4076,Community Meeting For Greater Northside Infrastructure Improvements Community Meeting For Greater Northside Infrastructure Improvements,Community Meeting For Greater Northside Infrastructure Improvements Community Meeting For Greater Northside Infrastructure Improvements,fort-worth-tx-public-info-meetings
6540eef2dc2e,d641b64fbd7801f5,https://fortworthgov.granicus.com/MediaPlayer.php?view_id=12&clip_id=2974,"Speaker's Podium - Cristo Rey Fort Worth High School - May 11, 2018 Speaker's Podium - Cristo Rey Fort Worth High School - May 11, 2018","Speaker's Podium - Cristo Rey Fort Worth High School - May 11, 2018 Speaker's Podium - Cristo Rey Fort Worth High School",fort-worth-tx-speakers-podium
6540eef2dc2e,d6514b51a8143105,https://fortworthgov.granicus.com/MediaPlayer.php?view_id=12&clip_id=6257,Floodplain Management Plan Public Meeting Floodplain Management Plan Public Meeting,Floodplain Management Plan Public Meeting Floodplain Management Plan Public Meeting,fort-worth-tx-public-info-meetings
6540eef2dc2e,d690cbf554a34b89,https://fortworthgov.granicus.com/MediaPlayer.php?view_id=10&clip_id=1932,"Speaker's Podium - Andy Taft - Plan 2023 - March 16, 2014 Speaker's Podium - Andy Taft - Plan 2023 - March 16, 2014","Speaker's Podium - Andy Taft - Plan 2023 - March 16, 2014 Speaker's Podium - Andy Taft - Plan 2023",fort-worth-tx-speakers-podium
6540eef2dc2e,d6e4c2b07ff23bd8,https://fortworthgov.granicus.com/MediaPlayer.php?view_id=10&clip_id=1988,Caffeinated Town Hall from Villages of Woodland Springs Caffeinated Town Hall from Villages of Woodland Springs,Caffeinated Town Hall from Villages of Woodland Springs Caffeinated Town Hall from Villages of Woodland Springs,fort-worth-tx-public-info-meetings
6540eef2dc2e,d6e9d38aa988b2e5,https://fortworthgov.granicus.com/MediaPlayer.php?view_id=10&clip_id=6206,2026 Bond & Charter Public Education Meeting 2026 Bond & Charter Public Education Meeting,2026 Bond & Charter Public Education Meeting 2026 Bond & Charter Public Education Meeting,fort-worth-tx-public-info-meetings
6540eef2dc2e,d7449f0572366012,https://fortworthgov.granicus.com/MediaPlayer.php?view_id=10&clip_id=1357,Salt Water Disposal Public Meeting Salt Water Disposal Public Meeting,Salt Water Disposal Public Meeting Salt Water Disposal Public Meeting,fort-worth-tx-public-info-meetings
6540eef2dc2e,d757969f5df2cfe7,https://fortworthgov.granicus.com/MediaPlayer.php?view_id=11&clip_id=3577,COVID-19 Community Update (English) COVID-19 Community Update (English),COVID-19 Community Update (English) COVID-19 Community Update (English),fort-worth-tx-public-info-meetings
6540eef2dc2e,d788e4329bf8f85a,https://fortworthgov.granicus.com/MediaPlayer.php?view_id=10&clip_id=4178,Redistricting Task Force - Spanish Only Redistricting Task Force - Spanish Only,Redistricting Task Force - Spanish Only Redistricting Task Force - Spanish Only,fort-worth-tx-redistricting-task-force
6540eef2dc2e,d7a97a5a295216c2,https://fortworthgov.granicus.com/MediaPlayer.php?view_id=10&clip_id=3811,Park and Recreation Advisory Board Park and Recreation Advisory Board,Park and Recreation Advisory Board Park and Recreation Advisory Board,fort-worth-tx-park-and-recreation-advisory-board
6540eef2dc2e,d7f82931fc0088e6,https://fortworthgov.granicus.com/MediaPlayer.php?view_id=12&clip_id=1418,HOUSING AND ECONOMIC DEVELOPMENT COMMITTEE HOUSING AND ECONOMIC DEVELOPMENT COMMITTEE,HOUSING AND ECONOMIC DEVELOPMENT COMMITTEE HOUSING AND ECONOMIC DEVELOPMENT COMMITTEE,fort-worth-tx-housing-and-economic-development-committee
6540eef2dc2e,d8249ca3839b8f2a,https://fortworthgov.granicus.com/MediaPlayer.php?view_id=11&clip_id=5396,Ad Hoc Council Committee on Emergency Medical Response Ad Hoc Council Committee on Emergency Medical Response,Ad Hoc Council Committee on Emergency Medical Response Ad Hoc Council Committee on Emergency Medical Response,fort-worth-tx-ad-hoc-council-committee-on-emergency-medical-response
6540eef2dc2e,d838a5c6cfb45471,https://fortworthgov.granicus.com/MediaPlayer.php?view_id=10&clip_id=5489,Ad Hoc Committee on Emergency Medical Response Ad Hoc Committee on Emergency Medical Response,Ad Hoc Committee on Emergency Medical Response Ad Hoc Committee on Emergency Medical Response,fort-worth-tx-ad-hoc-council-committee-on-emergency-medical-response
6540eef2dc2e,d883aa4a6549d4bb,https://fortworthgov.granicus.com/MediaPlayer.php?view_id=11&clip_id=5447,Ad Hoc Council Committee On Emergency Medical Response Ad Hoc Council Committee On Emergency Medical Response,Ad Hoc Council Committee On Emergency Medical Response Ad Hoc Council Committee On Emergency Medical Response,fort-worth-tx-ad-hoc-council-committee-on-emergency-medical-response
6540eef2dc2e,d91ab01b3ff64768,https://fortworthgov.granicus.com/MediaPlayer.php?view_id=10&clip_id=4185,Redistricting Task Force Redistricting Task Force,Redistricting Task Force Redistricting Task Force,fort-worth-tx-redistricting-task-force
6540eef2dc2e,d920d6b731f54a2f,https://fortworthgov.granicus.com/MediaPlayer.php?view_id=12&clip_id=3879,District 5 Town Hall Meeting District 5 Town Hall Meeting,District 5 Town Hall Meeting District 5 Town Hall Meeting,fort-worth-tx-public-info-meetings
6540eef2dc2e,d925b83e7990429a,45f49220-c16f-11f0-a7da-005056a89546,"Help Build Our Future District 6 Bond Meeting - Nov 14, 2025",Help Build Our Future District 6 Bond Meeting,fort-worth-tx-public-info-meetings
6540eef2dc2e,d92cd1459d366110,https://fortworthgov.granicus.com/MediaPlayer.php?view_id=12&clip_id=2110,"Speaker's Podium - Jeff Banister & Tom Grieve - Texas Rangers Baseball Club - January 9, 2015 Speaker's Podium - Jeff Banister & Tom Grieve - Texas Rangers Baseball Club - January 9, 2015","Speaker's Podium - Jeff Banister & Tom Grieve - Texas Rangers Baseball Club - January 9, 2015 Speaker's Podium - Jeff Banister & Tom Grieve - Texas Rangers Baseball Club",fort-worth-tx-speakers-podium
6540eef2dc2e,d96ffa1b0e68999b,https://fortworthgov.granicus.com/MediaPlayer.php?view_id=10&clip_id=5997,"LDC, CCLGC, RILGC, FWHFC LDC, CCLGC, RILGC, FWHFC","LDC, CCLGC, RILGC, FWHFC LDC, CCLGC, RILGC, FWHFC",fort-worth-tx-central-city-local-government-corporation
6540eef2dc2e,d96ffa1b0e68999b,https://fortworthgov.granicus.com/MediaPlayer.php?view_id=10&clip_id=5997,"LDC, CCLGC, RILGC, FWHFC LDC, CCLGC, RILGC, FWHFC","LDC, CCLGC, RILGC, FWHFC LDC, CCLGC, RILGC, FWHFC",fort-worth-tx-fort-worth-local-development-corporation
6540eef2dc2e,d96ffa1b0e68999b,https://fortworthgov.granicus.com/MediaPlayer.php?view_id=10&clip_id=5997,"LDC, CCLGC, RILGC, FWHFC LDC, CCLGC, RILGC, FWHFC","LDC, CCLGC, RILGC, FWHFC LDC, CCLGC, RILGC, FWHFC",fort-worth-tx-research-and-innovation-local-government-corporation
6540eef2dc2e,d992b83e59762192,https://fortworthgov.granicus.com/MediaPlayer.php?view_id=10&clip_id=2664,"Speaker's Podium - Dr. Vistasp Karbhari, University of Texas at Arlington - March 3, 2017 Speaker's Podium - Dr. Vistasp Karbhari, University of Texas at Arlington - March 3, 2017","Speaker's Podium - Dr. Vistasp Karbhari, University of Texas at Arlington - March 3, 2017 Speaker's Podium - Dr. Vistasp Karbhari, University of Texas at Arlington",fort-worth-tx-speakers-podium
6540eef2dc2e,d9d861e7a7f2da9b,https://fortworthgov.granicus.com/MediaPlayer.php?view_id=10&clip_id=2318,CHARTER REVIEW TASK FORCE CHARTER REVIEW TASK FORCE,CHARTER REVIEW TASK FORCE CHARTER REVIEW TASK FORCE,fort-worth-tx-charter-review-task-force
6540eef2dc2e,d9dab5c6bba9c1f5,https://fortworthgov.granicus.com/MediaPlayer.php?view_id=10&clip_id=4471,"""Listening Circle with Dr. J"": A Discussion on Egrets ""Listening Circle with Dr. J"": A Discussion on Egrets","""Listening Circle with Dr. J"": A Discussion on Egrets ""Listening Circle with Dr. J"": A Discussion on Egrets",fort-worth-tx-public-info-meetings
6540eef2dc2e,da010410d655f4c4,https://fortworthgov.granicus.com/MediaPlayer.php?view_id=11&clip_id=3573,COVID-19 Community Update (Spanish) COVID-19 Community Update (Spanish),COVID-19 Community Update (Spanish) COVID-19 Community Update (Spanish),fort-worth-tx-public-info-meetings
6540eef2dc2e,da19f2214c87e32c,https://fortworthgov.granicus.com/MediaPlayer.php?view_id=12&clip_id=3998,Fort Worth Art Commission Fort Worth Art Commission,Fort Worth Art Commission Fort Worth Art Commission,fort-worth-tx-public-art-commission
6540eef2dc2e,da8493142f2c8b7c,https://fortworthgov.granicus.com/MediaPlayer.php?view_id=12&clip_id=5100,Entrepreneurship and Innovation Committee Entrepreneurship and Innovation Committee,Entrepreneurship and Innovation Committee Entrepreneurship and Innovation Committee,fort-worth-tx-entrepreneurship-and-innovation-committee
6540eef2dc2e,da851c71054b8e70,b49ebbc4-af4a-11f0-8df7-005056a89546,"Help Build Our Future District 7 Bond Meeting - Oct 20, 2025",Help Build Our Future District 7 Bond Meeting,fort-worth-tx-public-info-meetings
6540eef2dc2e,db3195b19a764562,https://fortworthgov.granicus.com/MediaPlayer.php?view_id=12&clip_id=2027,"Speaker's Podium - Jim Riddlesperger - Professor of Political Science, TCU - September 19, 2014 Speaker's Podium - Jim Riddlesperger - Professor of Political Science, TCU - September 19, 2014","Speaker's Podium - Jim Riddlesperger - Professor of Political Science, TCU - September 19, 2014 Speaker's Podium - Jim Riddlesperger - Professor of Political Science, TCU",fort-worth-tx-speakers-podium
6540eef2dc2e,dc38f54522726929,https://fortworthgov.granicus.com/MediaPlayer.php?view_id=12&clip_id=1368,HOUSING AND ECONOMIC DEVELOPMENT COMMITTEE HOUSING AND ECONOMIC DEVELOPMENT COMMITTEE,HOUSING AND ECONOMIC DEVELOPMENT COMMITTEE HOUSING AND ECONOMIC DEVELOPMENT COMMITTEE,fort-worth-tx-housing-and-economic-development-committee
6540eef2dc2e,dc440d5a1b7e797a,https://fortworthgov.granicus.com/MediaPlayer.php?view_id=10&clip_id=4162,"Virtual Community Construction Meeting - Rosemont, Shaw Clarke & Worth Heights Area Lead Replacement And Infras Virtual Community Construction Meeting - Rosemont, Shaw Clarke & Worth Heights Area Lead Replacement And Infras","Virtual Community Construction Meeting - Rosemont, Shaw Clarke & Worth Heights Area Lead Replacement And Infras Virtual Community Construction Meeting - Rosemont, Shaw Clarke & Worth Heights Area Lead Replacement And Infras",fort-worth-tx-public-info-meetings
6540eef2dc2e,dc56d9425c0de0bc,https://fortworthgov.granicus.com/MediaPlayer.php?view_id=10&clip_id=3569,COVID-19 Community Update (Spanish) COVID-19 Community Update (Spanish),COVID-19 Community Update (Spanish) COVID-19 Community Update (Spanish),fort-worth-tx-public-info-meetings
6540eef2dc2e,dc96740f87605a2c,https://fortworthgov.granicus.com/MediaPlayer.php?view_id=10&clip_id=4308,Virtual Webex Design Meeting For Lake Worth Water And Sewer Improvements Part 2 Virtual Webex Design Meeting For Lake Worth Water And Sewer Improvements Part 2,Virtual Webex Design Meeting For Lake Worth Water And Sewer Improvements Part 2 Virtual Webex Design Meeting For Lake Worth Water And Sewer Improvements Part 2,fort-worth-tx-public-info-meetings
6540eef2dc2e,dccd3ec08cfbf4ef,https://fortworthgov.granicus.com/MediaPlayer.php?view_id=12&clip_id=3283,"Speaker's Podium - Robert Earley, JPS Health Network - August 16, 2019 Speaker's Podium - Robert Earley, JPS Health Network - August 16, 2019","Speaker's Podium - Robert Earley, JPS Health Network - August 16, 2019 Speaker's Podium - Robert Earley, JPS Health Network",fort-worth-tx-speakers-podium
6540eef2dc2e,dcd994f4457c2fd7,https://fortworthgov.granicus.com/MediaPlayer.php?view_id=10&clip_id=1664,T Board Meeting T Board Meeting,T Board Meeting T Board Meeting,fort-worth-tx-trinity-metro-board
6540eef2dc2e,dcdc1db8280d4bb9,https://fortworthgov.granicus.com/MediaPlayer.php?view_id=10&clip_id=4053,Community Meeting For Lebow Channel At 28th Street Community Meeting For Lebow Channel At 28th Street,Community Meeting For Lebow Channel At 28th Street Community Meeting For Lebow Channel At 28th Street,fort-worth-tx-public-info-meetings
6540eef2dc2e,dd5a39070e46b112,https://fortworthgov.granicus.com/MediaPlayer.php?view_id=10&clip_id=2241,"Speaker's Podium - Leta Andrews - July 17, 2015 Speaker's Podium - Leta Andrews - July 17, 2015","Speaker's Podium - Leta Andrews - July 17, 2015 Speaker's Podium - Leta Andrews",fort-worth-tx-speakers-podium
6540eef2dc2e,dd5c0c2e598f0317,https://fortworthgov.granicus.com/MediaPlayer.php?view_id=10&clip_id=5745,Local Development Corporation Local Development Corporation,Local Development Corporation Local Development Corporation,fort-worth-tx-fort-worth-local-development-corporation
6540eef2dc2e,dd79879b2448fb27,https://fortworthgov.granicus.com/MediaPlayer.php?view_id=12&clip_id=1357,Salt Water Disposal Public Meeting Salt Water Disposal Public Meeting,Salt Water Disposal Public Meeting Salt Water Disposal Public Meeting,fort-worth-tx-public-info-meetings
6540eef2dc2e,ddb018f7f4d560f4,https://fortworthgov.granicus.com/MediaPlayer.php?view_id=10&clip_id=3715,Animal Shelter Advisory Committee Animal Shelter Advisory Committee,Animal Shelter Advisory Committee Animal Shelter Advisory Committee,fort-worth-tx-animal-shelter-advisory-committee
6540eef2dc2e,dde5c2f526443759,5f580d6f-761b-4343-92b0-5af7c62c5814,"Ad Hoc Committee on Emergency Medical Response - Feb 20, 2024",Ad Hoc Committee on Emergency Medical Response,fort-worth-tx-ad-hoc-council-committee-on-emergency-medical-response
6540eef2dc2e,ddf2dc8a21f2ca2b,https://fortworthgov.granicus.com/MediaPlayer.php?view_id=12&clip_id=756,Tracks to the Future - Next Steps: Communications and Coalitions Tracks to the Future - Next Steps: Communications and Coalitions,Tracks to the Future - Next Steps: Communications and Coalitions Tracks to the Future - Next Steps: Communications and Coalitions,fort-worth-tx-public-info-meetings
6540eef2dc2e,de7e98be69e0c01b,https://fortworthgov.granicus.com/MediaPlayer.php?view_id=12&clip_id=4994,7th Annual Business Fair Panel Discussion 7th Annual Business Fair Panel Discussion,7th Annual Business Fair Panel Discussion 7th Annual Business Fair Panel Discussion,fort-worth-tx-public-info-meetings
6540eef2dc2e,deb78ec6df6fd818,https://fortworthgov.granicus.com/MediaPlayer.php?view_id=10&clip_id=4651,Neighborhood Quality and Revitalization Committee Neighborhood Quality and Revitalization Committee,Neighborhood Quality and Revitalization Committee Neighborhood Quality and Revitalization Committee,fort-worth-tx-neighborhood-quality-and-revitalization-committee
6540eef2dc2e,e0b53761812591db,https://fortworthgov.granicus.com/MediaPlayer.php?view_id=12&clip_id=2066,"Speaker's Podium - Tim Weiser - Deputy Commissioner, Big 12 Conference - October 24, 2014 Speaker's Podium - Tim Weiser - Deputy Commissioner, Big 12 Conference - October 24, 2014","Speaker's Podium - Tim Weiser - Deputy Commissioner, Big 12 Conference - October 24, 2014 Speaker's Podium - Tim Weiser - Deputy Commissioner, Big 12 Conference",fort-worth-tx-speakers-podium
6540eef2dc2e,e12bc24e9c3a6ebf,https://fortworthgov.granicus.com/MediaPlayer.php?view_id=10&clip_id=3555,COVID-19 Community Update (English) COVID-19 Community Update (English),COVID-19 Community Update (English) COVID-19 Community Update (English),fort-worth-tx-public-info-meetings
6540eef2dc2e,e14f0415a2a24c88,https://fortworthgov.granicus.com/MediaPlayer.php?view_id=10&clip_id=3632,COVID-19 Community Update (English) COVID-19 Community Update (English),COVID-19 Community Update (English) COVID-19 Community Update (English),fort-worth-tx-public-info-meetings
6540eef2dc2e,e1bc050dad796e97,https://fortworthgov.granicus.com/MediaPlayer.php?view_id=10&clip_id=3769,"Park Advisory Board Meeting of June 24, 2020 Park Advisory Board Meeting of June 24, 2020","Park Advisory Board Meeting of June 24, 2020 Park Advisory Board Meeting of June 24, 2020",fort-worth-tx-park-and-recreation-advisory-board
6540eef2dc2e,e1c37781fa819231,https://fortworthgov.granicus.com/MediaPlayer.php?view_id=12&clip_id=6207,2026 Bond & Charter Public Education Meeting 2026 Bond & Charter Public Education Meeting,2026 Bond & Charter Public Education Meeting 2026 Bond & Charter Public Education Meeting,fort-worth-tx-public-info-meetings
6540eef2dc2e,e21d8c6097577181,26aaa564-1fe3-4407-8927-20d982c0fe23,"2026 Bond & Charter Public Education Meeting - Mar 25, 2026",2026 Bond & Charter Public Education Meeting,fort-worth-tx-public-info-meetings
6540eef2dc2e,e21f822a62be9562,https://fortworthgov.granicus.com/MediaPlayer.php?view_id=10&clip_id=5936,District 3 Budget Meeting District 3 Budget Meeting,District 3 Budget Meeting District 3 Budget Meeting,fort-worth-tx-public-info-meetings
6540eef2dc2e,e24a6dc987adde18,https://fortworthgov.granicus.com/MediaPlayer.php?view_id=10&clip_id=3610,COVID-19 Community Update (Spanish) COVID-19 Community Update (Spanish),COVID-19 Community Update (Spanish) COVID-19 Community Update (Spanish),fort-worth-tx-public-info-meetings
6540eef2dc2e,e253261c04db9fc6,https://fortworthgov.granicus.com/MediaPlayer.php?view_id=12&clip_id=3060,"Speaker's Podium - Robert Ahdieh, Texas A&M School of Law - September, 28, 2018 Speaker's Podium - Robert Ahdieh, Texas A&M School of Law - September, 28, 2018","Speaker's Podium - Robert Ahdieh, Texas A&M School of Law - September, 28, 2018 Speaker's Podium - Robert Ahdieh, Texas A&M School of Law - September, 28, 2018",fort-worth-tx-speakers-podium
6540eef2dc2e,e2715aa9a3a0a8e4,https://fortworthgov.granicus.com/MediaPlayer.php?view_id=9&clip_id=1636,ARTS FUNDING TASK FORCE ARTS FUNDING TASK FORCE,ARTS FUNDING TASK FORCE ARTS FUNDING TASK FORCE,fort-worth-tx-arts-funding-task-force
6540eef2dc2e,e2cc33929016e2a4,https://fortworthgov.granicus.com/MediaPlayer.php?view_id=12&clip_id=4363,Capital Improvements Advisory Committee Capital Improvements Advisory Committee,Capital Improvements Advisory Committee Capital Improvements Advisory Committee,fort-worth-tx-capital-improvements-advisory-committee
6540eef2dc2e,e2d1da386eef35cc,https://fortworthgov.granicus.com/MediaPlayer.php?view_id=12&clip_id=464,Housing and Economic Development Committee Housing and Economic Development Committee,Housing and Economic Development Committee Housing and Economic Development Committee,fort-worth-tx-housing-and-economic-development-committee
6540eef2dc2e,e2dc67b36ef49db4,https://fortworthgov.granicus.com/MediaPlayer.php?view_id=12&clip_id=1091,HOUSING AND ECONOMIC DEVELOPMENT COMMITTEE HOUSING AND ECONOMIC DEVELOPMENT COMMITTEE,HOUSING AND ECONOMIC DEVELOPMENT COMMITTEE HOUSING AND ECONOMIC DEVELOPMENT COMMITTEE,fort-worth-tx-housing-and-economic-development-committee
6540eef2dc2e,e309a85bb1006b54,https://fortworthgov.granicus.com/MediaPlayer.php?view_id=12&clip_id=3715,Animal Shelter Advisory Committee Animal Shelter Advisory Committee,Animal Shelter Advisory Committee Animal Shelter Advisory Committee,fort-worth-tx-animal-shelter-advisory-committee
6540eef2dc2e,e437486f665cd359,https://fortworthgov.granicus.com/MediaPlayer.php?view_id=12&clip_id=752,Tracks to the Future - Street Car Impact on Regional Transit Tracks to the Future - Street Car Impact on Regional Transit,Tracks to the Future - Street Car Impact on Regional Transit Tracks to the Future - Street Car Impact on Regional Transit,fort-worth-tx-public-info-meetings
6540eef2dc2e,e43aa08dd8dbaead,https://fortworthgov.granicus.com/MediaPlayer.php?view_id=12&clip_id=4180,Animal Shelter Advisory Committee Animal Shelter Advisory Committee,Animal Shelter Advisory Committee Animal Shelter Advisory Committee,fort-worth-tx-animal-shelter-advisory-committee
6540eef2dc2e,e465510b5c34d063,https://fortworthgov.granicus.com/MediaPlayer.php?view_id=12&clip_id=1056,Air Quality Study Air Quality Study,Air Quality Study Air Quality Study,fort-worth-tx-public-info-meetings
6540eef2dc2e,e512e1d1c780bb3b,https://fortworthgov.granicus.com/MediaPlayer.php?view_id=10&clip_id=5190,"Press Conference of June 24, 2023 Press Conference of June 24, 2023","Press Conference of June 24, 2023 Press Conference of June 24, 2023",fort-worth-tx-public-info-meetings
6540eef2dc2e,e529c7530b8eccf1,https://fortworthgov.granicus.com/MediaPlayer.php?view_id=10&clip_id=2588,"Speaker's Podium - Randal Mays, Junior Achievement - October 28, 2016 Speaker's Podium - Randal Mays, Junior Achievement - October 28, 2016","Speaker's Podium - Randal Mays, Junior Achievement - October 28, 2016 Speaker's Podium - Randal Mays, Junior Achievement",fort-worth-tx-speakers-podium
6540eef2dc2e,e559c4960a35000d,https://fortworthgov.granicus.com/MediaPlayer.php?view_id=12&clip_id=3904,Pedestrian and Bicycle Advisory Commission Pedestrian and Bicycle Advisory Commission,Pedestrian and Bicycle Advisory Commission Pedestrian and Bicycle Advisory Commission,fort-worth-tx-pedestrian-and-bicycle-advisory-commission
6540eef2dc2e,e583d9b762862d05,https://fortworthgov.granicus.com/MediaPlayer.php?view_id=12&clip_id=4186,"Alliance Airport Authority January 12, 2021 Alliance Airport Authority January 12, 2021","Alliance Airport Authority January 12, 2021 Alliance Airport Authority January 12, 2021",fort-worth-tx-alliance-airport-authority
6540eef2dc2e,e5bd38ff3c96819b,https://fortworthgov.granicus.com/MediaPlayer.php?view_id=10&clip_id=5010,Altamesa/McCart Safe Community Collaboration Altamesa/McCart Safe Community Collaboration,Altamesa/McCart Safe Community Collaboration Altamesa/McCart Safe Community Collaboration,fort-worth-tx-public-info-meetings
6540eef2dc2e,e65372113ae065f1,https://fortworthgov.granicus.com/MediaPlayer.php?view_id=11&clip_id=3557,COVID-19 Community Update (Spanish) COVID-19 Community Update (Spanish),COVID-19 Community Update (Spanish) COVID-19 Community Update (Spanish),fort-worth-tx-public-info-meetings
6540eef2dc2e,e6884fe73d12d4f7,https://fortworthgov.granicus.com/MediaPlayer.php?view_id=10&clip_id=4182,Aviation Advisory Board Aviation Advisory Board,Aviation Advisory Board Aviation Advisory Board,fort-worth-tx-aviation-advisory-board
6540eef2dc2e,e6ea0c9f0921bed2,https://fortworthgov.granicus.com/MediaPlayer.php?view_id=9&clip_id=1620,ARTS FUNDING TASK FORCE ARTS FUNDING TASK FORCE,ARTS FUNDING TASK FORCE ARTS FUNDING TASK FORCE,fort-worth-tx-arts-funding-task-force
6540eef2dc2e,e6fb1f01dbcc74ea,https://fortworthgov.granicus.com/MediaPlayer.php?view_id=10&clip_id=5488,District 6 Open House District 6 Open House,District 6 Open House District 6 Open House,fort-worth-tx-public-info-meetings
6540eef2dc2e,e776cf56c2ecae4f,https://fortworthgov.granicus.com/MediaPlayer.php?view_id=12&clip_id=2879,Economic Development Strategic Plan Workshop Economic Development Strategic Plan Workshop,Economic Development Strategic Plan Workshop Economic Development Strategic Plan Workshop,fort-worth-tx-public-info-meetings
6540eef2dc2e,e7787d103f0e72fd,https://fortworthgov.granicus.com/MediaPlayer.php?view_id=12&clip_id=5164,Public Forum for Police Oversight Monitor Candidates Public Forum for Police Oversight Monitor Candidates,Public Forum for Police Oversight Monitor Candidates Public Forum for Police Oversight Monitor Candidates,fort-worth-tx-public-info-meetings
6540eef2dc2e,e78f1a509c95e583,https://fortworthgov.granicus.com/MediaPlayer.php?view_id=12&clip_id=2797,"Speaker's Podium - Dr. Jay Maddock, Texas A&M School of Public Health - September 22, 2017 Speaker's Podium - Dr. Jay Maddock, Texas A&M School of Public Health - September 22, 2017","Speaker's Podium - Dr. Jay Maddock, Texas A&M School of Public Health - September 22, 2017 Speaker's Podium - Dr. Jay Maddock, Texas A&M School of Public Health",fort-worth-tx-speakers-podium
6540eef2dc2e,e7a1c03225a80ebe,https://fortworthgov.granicus.com/MediaPlayer.php?view_id=10&clip_id=2198,"Speaker's Podium - Paul Kessler - ""Lessons From The Holocaust"" - April 17, 2015 Speaker's Podium - Paul Kessler - ""Lessons From The Holocaust"" - April 17, 2015","Speaker's Podium - Paul Kessler - ""Lessons From The Holocaust"" - April 17, 2015 Speaker's Podium - Paul Kessler - ""Lessons From The Holocaust""",fort-worth-tx-speakers-podium
6540eef2dc2e,e7adf3fc74e93271,https://fortworthgov.granicus.com/MediaPlayer.php?view_id=10&clip_id=3595,COVID-19 Community Update (Spanish) COVID-19 Community Update (Spanish),COVID-19 Community Update (Spanish) COVID-19 Community Update (Spanish),fort-worth-tx-public-info-meetings
6540eef2dc2e,e817eb9016976c92,https://fortworthgov.granicus.com/MediaPlayer.php?view_id=12&clip_id=3793,Art Commission Special Called Meeting Art Commission Special Called Meeting,Art Commission Special Called Meeting Art Commission Special Called Meeting,fort-worth-tx-public-art-commission
6540eef2dc2e,e82c97b52a6bc762,https://fortworthgov.granicus.com/MediaPlayer.php?view_id=10&clip_id=2437,"Speaker's Podium - Miguel Harth-Bedoya, Fort Worth Symphony - March 4, 2016 Speaker's Podium - Miguel Harth-Bedoya, Fort Worth Symphony - March 4, 2016","Speaker's Podium - Miguel Harth-Bedoya, Fort Worth Symphony - March 4, 2016 Speaker's Podium - Miguel Harth-Bedoya, Fort Worth Symphony",fort-worth-tx-speakers-podium
6540eef2dc2e,e83b48f99535946e,https://fortworthgov.granicus.com/MediaPlayer.php?view_id=10&clip_id=6363,District 6 FY2027 Budget Meeting District 6 FY2027 Budget Meeting,District 6 FY2027 Budget Meeting District 6 FY2027 Budget Meeting,fort-worth-tx-public-info-meetings
6540eef2dc2e,e854f39173529500,https://fortworthgov.granicus.com/MediaPlayer.php?view_id=10&clip_id=3978,Human Relations Commission Human Relations Commission,Human Relations Commission Human Relations Commission,fort-worth-tx-human-relations-commission
6540eef2dc2e,e8e12bbec0dabd6a,https://fortworthgov.granicus.com/MediaPlayer.php?view_id=10&clip_id=2676,"Speaker's Podium - Brandom Gengelbach, Fort Worth Chamber of Commerce - March 17, 2017 Speaker's Podium - Brandom Gengelbach, Fort Worth Chamber of Commerce - March 17, 2017","Speaker's Podium - Brandom Gengelbach, Fort Worth Chamber of Commerce - March 17, 2017 Speaker's Podium - Brandom Gengelbach, Fort Worth Chamber of Commerce",fort-worth-tx-speakers-podium
6540eef2dc2e,e90daf2ed1304099,https://fortworthgov.granicus.com/MediaPlayer.php?view_id=10&clip_id=4311,Library Advisory Board Library Advisory Board,Library Advisory Board Library Advisory Board,fort-worth-tx-library-advisory-board
6540eef2dc2e,e9126a17b7df4494,https://fortworthgov.granicus.com/MediaPlayer.php?view_id=12&clip_id=4678,Special Called Art Commission Meeting Special Called Art Commission Meeting,Special Called Art Commission Meeting Special Called Art Commission Meeting,fort-worth-tx-public-art-commission
6540eef2dc2e,e9265b3ef180ba88,https://fortworthgov.granicus.com/MediaPlayer.php?view_id=12&clip_id=4037,Community Meeting For The Museum Way Realignment Community Meeting For The Museum Way Realignment,Community Meeting For The Museum Way Realignment Community Meeting For The Museum Way Realignment,fort-worth-tx-public-info-meetings
6540eef2dc2e,e960eae27bd4a4ef,2ef84012-8a86-11f0-a766-005056a89546,"District 7 Budget Meeting - Aug 25, 2025",District 7 Budget Meeting,fort-worth-tx-public-info-meetings
6540eef2dc2e,e9a6b0dd49527f16,https://fortworthgov.granicus.com/MediaPlayer.php?view_id=12&clip_id=3875,Fort Worth Public Library Advisory Board Meeting Fort Worth Public Library Advisory Board Meeting,Fort Worth Public Library Advisory Board Meeting Fort Worth Public Library Advisory Board Meeting,fort-worth-tx-library-advisory-board
6540eef2dc2e,e9d4d80403afb6e0,https://fortworthgov.granicus.com/MediaPlayer.php?view_id=12&clip_id=6002,Help Build Our Future District 4 Bond Meeting Help Build Our Future District 4 Bond Meeting,Help Build Our Future District 4 Bond Meeting Help Build Our Future District 4 Bond Meeting,fort-worth-tx-public-info-meetings
6540eef2dc2e,ea2e4f5d4d34459b,https://fortworthgov.granicus.com/MediaPlayer.php?view_id=12&clip_id=2190,"Speaker's Podium - Darren Woods - General Director, FW Opera - April 10, 2015 Speaker's Podium - Darren Woods - General Director, FW Opera - April 10, 2015","Speaker's Podium - Darren Woods - General Director, FW Opera - April 10, 2015 Speaker's Podium - Darren Woods - General Director, FW Opera",fort-worth-tx-speakers-podium
6540eef2dc2e,eaa3a32f043508e2,https://fortworthgov.granicus.com/MediaPlayer.php?view_id=10&clip_id=3621,COVID-19 Community Update (Spanish) COVID-19 Community Update (Spanish),COVID-19 Community Update (Spanish) COVID-19 Community Update (Spanish),fort-worth-tx-public-info-meetings
6540eef2dc2e,eab9615eaf6deb70,https://fortworthgov.granicus.com/MediaPlayer.php?view_id=10&clip_id=4828,Neighborhood Quality and Revitalization Committee Neighborhood Quality and Revitalization Committee,Neighborhood Quality and Revitalization Committee Neighborhood Quality and Revitalization Committee,fort-worth-tx-neighborhood-quality-and-revitalization-committee
6540eef2dc2e,eadab1b79f413948,https://fortworthgov.granicus.com/MediaPlayer.php?view_id=11&clip_id=3578,COVID-19 Community Update (Spanish) COVID-19 Community Update (Spanish),COVID-19 Community Update (Spanish) COVID-19 Community Update (Spanish),fort-worth-tx-public-info-meetings
6540eef2dc2e,eadf25e245ad6a88,https://fortworthgov.granicus.com/MediaPlayer.php?view_id=10&clip_id=2190,"Speaker's Podium - Darren Woods - General Director, FW Opera - April 10, 2015 Speaker's Podium - Darren Woods - General Director, FW Opera - April 10, 2015","Speaker's Podium - Darren Woods - General Director, FW Opera - April 10, 2015 Speaker's Podium - Darren Woods - General Director, FW Opera",fort-worth-tx-speakers-podium
6540eef2dc2e,eae122b468cf11e7,https://fortworthgov.granicus.com/MediaPlayer.php?view_id=12&clip_id=864,HOUSING AND ECONOMIC DEVELOPMENT COMMITTEE HOUSING AND ECONOMIC DEVELOPMENT COMMITTEE,HOUSING AND ECONOMIC DEVELOPMENT COMMITTEE HOUSING AND ECONOMIC DEVELOPMENT COMMITTEE,fort-worth-tx-housing-and-economic-development-committee
6540eef2dc2e,eae334331ae14c08,https://fortworthgov.granicus.com/MediaPlayer.php?view_id=10&clip_id=3095,"Speaker's Podium - Col. Mickey Addison, USAF, Retired - November 11, 2018 Speaker's Podium - Col. Mickey Addison, USAF, Retired - November 11, 2018","Speaker's Podium - Col. Mickey Addison, USAF, Retired - November 11, 2018 Speaker's Podium - Col. Mickey Addison, USAF, Retired",fort-worth-tx-speakers-podium
6540eef2dc2e,eb1e4c410d3bc5c9,f0d42135-b677-11f0-8df7-005056a89546,"Help Build Our Future District 4 Bond Meeting - Oct 30, 2025",Help Build Our Future District 4 Bond Meeting,fort-worth-tx-public-info-meetings
6540eef2dc2e,eb2090886b084d25,https://fortworthgov.granicus.com/MediaPlayer.php?view_id=10&clip_id=3969,Water and Wastewater Capital Improvements Plan Citizen Advisory Committee Water and Wastewater Capital Improvements Plan Citizen Advisory Committee,Water and Wastewater Capital Improvements Plan Citizen Advisory Committee Water and Wastewater Capital Improvements Plan Citizen Advisory Committee,fort-worth-tx-water-and-wastewater-capital-improvements-plans-citizen-advisory-committee
6540eef2dc2e,eb51d72f57eaedfb,https://fortworthgov.granicus.com/MediaPlayer.php?view_id=12&clip_id=2215,"Speaker's Podium - Colonel Scott Taylor, U.S. Army - May 15, 2015 Speaker's Podium - Colonel Scott Taylor, U.S. Army - May 15, 2015","Speaker's Podium - Colonel Scott Taylor, U.S. Army - May 15, 2015 Speaker's Podium - Colonel Scott Taylor, U.S. Army",fort-worth-tx-speakers-podium
6540eef2dc2e,eb6ad3765ab194cf,https://fortworthgov.granicus.com/MediaPlayer.php?view_id=11&clip_id=5510,Ad Hoc Council Committee on Emergency Medical Response Meeting Ad Hoc Council Committee on Emergency Medical Response Meeting,Ad Hoc Council Committee on Emergency Medical Response Meeting Ad Hoc Council Committee on Emergency Medical Response Meeting,fort-worth-tx-ad-hoc-council-committee-on-emergency-medical-response
6540eef2dc2e,eb733906238d6c95,https://fortworthgov.granicus.com/MediaPlayer.php?view_id=12&clip_id=2059,"Speaker's Podium - Dr. Michael Williams - President, UNT Health Science Center - October 17, 2014 Speaker's Podium - Dr. Michael Williams - President, UNT Health Science Center - October 17, 2014","Speaker's Podium - Dr. Michael Williams - President, UNT Health Science Center - October 17, 2014 Speaker's Podium - Dr. Michael Williams - President, UNT Health Science Center",fort-worth-tx-speakers-podium
6540eef2dc2e,eb9ddde920a18cfe,https://fortworthgov.granicus.com/MediaPlayer.php?view_id=10&clip_id=5530,Entrepreneurship and Innovation Committee Entrepreneurship and Innovation Committee,Entrepreneurship and Innovation Committee Entrepreneurship and Innovation Committee,fort-worth-tx-entrepreneurship-and-innovation-committee
6540eef2dc2e,ebe5d531df2883ad,https://fortworthgov.granicus.com/MediaPlayer.php?view_id=12&clip_id=5530,Entrepreneurship and Innovation Committee Entrepreneurship and Innovation Committee,Entrepreneurship and Innovation Committee Entrepreneurship and Innovation Committee,fort-worth-tx-entrepreneurship-and-innovation-committee
6540eef2dc2e,ec4cc9c0d35ce3b0,https://fortworthgov.granicus.com/MediaPlayer.php?view_id=12&clip_id=4353,Water and Wastewater Capital Improvements Plans Citizen Advisory Committee Water and Wastewater Capital Improvements Plans Citizen Advisory Committee,Water and Wastewater Capital Improvements Plans Citizen Advisory Committee Water and Wastewater Capital Improvements Plans Citizen Advisory Committee,fort-worth-tx-water-and-wastewater-capital-improvements-plans-citizen-advisory-committee
6540eef2dc2e,ec8141253cb9c73e,b4c10ad5-8ccc-11f0-a766-005056a89546,"District 4 Budget Meeting  - Sep 06, 2025",District 4 Budget Meeting,fort-worth-tx-public-info-meetings
6540eef2dc2e,ecac3f488d3b5e56,https://fortworthgov.granicus.com/MediaPlayer.php?view_id=12&clip_id=5238,"Ray White Road Widening Improvements meeting of August 10, 2023 Ray White Road Widening Improvements meeting of August 10, 2023","Ray White Road Widening Improvements meeting of August 10, 2023 Ray White Road Widening Improvements meeting of August 10, 2023",fort-worth-tx-public-info-meetings
6540eef2dc2e,ed503e63a86ffdb1,https://fortworthgov.granicus.com/MediaPlayer.php?view_id=12&clip_id=3856,"Budget Meeting of August 17, 2020 Budget Meeting of August 17, 2020","Budget Meeting of August 17, 2020 Budget Meeting of August 17, 2020",fort-worth-tx-public-info-meetings
6540eef2dc2e,ed651f44f65b49d6,https://fortworthgov.granicus.com/MediaPlayer.php?view_id=10&clip_id=1721,Virtual Worshop on Water Education Virtual Worshop on Water Education,Virtual Worshop on Water Education Virtual Worshop on Water Education,fort-worth-tx-public-info-meetings
6540eef2dc2e,ed7de578eb07fc20,https://fortworthgov.granicus.com/MediaPlayer.php?view_id=12&clip_id=2343,"Speaker's Podium - Chad Mathews, Lone Star Film Society - October 30, 2015 Speaker's Podium - Chad Mathews, Lone Star Film Society - October 30, 2015","Speaker's Podium - Chad Mathews, Lone Star Film Society - October 30, 2015 Speaker's Podium - Chad Mathews, Lone Star Film Society",fort-worth-tx-speakers-podium
6540eef2dc2e,edc1e7e02653f27c,https://fortworthgov.granicus.com/MediaPlayer.php?view_id=10&clip_id=3283,"Speaker's Podium - Robert Earley, JPS Health Network - August 16, 2019 Speaker's Podium - Robert Earley, JPS Health Network - August 16, 2019","Speaker's Podium - Robert Earley, JPS Health Network - August 16, 2019 Speaker's Podium - Robert Earley, JPS Health Network",fort-worth-tx-speakers-podium
6540eef2dc2e,ee0b40ca3996a52d,0a853ad1-53b6-11f1-9b4d-005056a89546,"Floodplain Management Plan Public Meeting - May 14, 2026",Floodplain Management Plan Public Meeting,fort-worth-tx-public-info-meetings
6540eef2dc2e,ee2d85388e86ae50,https://fortworthgov.granicus.com/MediaPlayer.php?view_id=10&clip_id=2891,"Neighborhood Workshop: Tarrant County Services - January 20, 2018 Neighborhood Workshop: Tarrant County Services - January 20, 2018","Neighborhood Workshop: Tarrant County Services - January 20, 2018 Neighborhood Workshop: Tarrant County Services",fort-worth-tx-public-info-meetings
6540eef2dc2e,ee421829fc0691d4,https://fortworthgov.granicus.com/MediaPlayer.php?view_id=10&clip_id=4525,District 6 Town Hall Meeting District 6 Town Hall Meeting,District 6 Town Hall Meeting District 6 Town Hall Meeting,fort-worth-tx-public-info-meetings
6540eef2dc2e,ee8f7658426da479,https://fortworthgov.granicus.com/MediaPlayer.php?view_id=10&clip_id=2236,"Speaker's Podium - Todd Miller & Brian Williams - Fort Worth Police Officers Awards Foundation - July 10, 2015 Speaker's Podium - Todd Miller & Brian Williams - Fort Worth Police Officers Awards Foundation - July 10, 2015","Speaker's Podium - Todd Miller & Brian Williams - Fort Worth Police Officers Awards Foundation - July 10, 2015 Speaker's Podium - Todd Miller & Brian Williams - Fort Worth Police Officers Awards Foundation",fort-worth-tx-speakers-podium
6540eef2dc2e,ee9d57abc97de46e,https://fortworthgov.granicus.com/MediaPlayer.php?view_id=10&clip_id=3875,Fort Worth Public Library Advisory Board Meeting Fort Worth Public Library Advisory Board Meeting,Fort Worth Public Library Advisory Board Meeting Fort Worth Public Library Advisory Board Meeting,fort-worth-tx-library-advisory-board
6540eef2dc2e,eea2e2c81db3dafd,https://fortworthgov.granicus.com/MediaPlayer.php?view_id=10&clip_id=4251,Minority and Women Business Enterprise Advisory Committee Minority and Women Business Enterprise Advisory Committee,Minority and Women Business Enterprise Advisory Committee Minority and Women Business Enterprise Advisory Committee,fort-worth-tx-minority-and-women-business-enterprise-advisory-committee
6540eef2dc2e,eec89ad99c824d55,https://fortworthgov.granicus.com/MediaPlayer.php?view_id=12&clip_id=4159,Redistricting Task Force Redistricting Task Force,Redistricting Task Force Redistricting Task Force,fort-worth-tx-redistricting-task-force
6540eef2dc2e,eed2fc1f22d37493,https://fortworthgov.granicus.com/MediaPlayer.php?view_id=10&clip_id=1778,T Board Meeting T Board Meeting,T Board Meeting T Board Meeting,fort-worth-tx-trinity-metro-board
6540eef2dc2e,eeddb1ed93c96a8b,https://fortworthgov.granicus.com/MediaPlayer.php?view_id=10&clip_id=2708,"Affordable Housing 101 Forum of May 13, 2017 Affordable Housing 101 Forum of May 13, 2017","Affordable Housing 101 Forum of May 13, 2017 Affordable Housing 101 Forum of May 13, 2017",fort-worth-tx-public-info-meetings
6540eef2dc2e,eefd6afc0f474d8d,https://fortworthgov.granicus.com/MediaPlayer.php?view_id=12&clip_id=4615,OPOM Community Conversation OPOM Community Conversation,OPOM Community Conversation OPOM Community Conversation,fort-worth-tx-public-info-meetings
6540eef2dc2e,ef0f4f3133f7d87d,https://fortworthgov.granicus.com/MediaPlayer.php?view_id=12&clip_id=5307,Entrepreneurship and Innovation Committee Entrepreneurship and Innovation Committee,Entrepreneurship and Innovation Committee Entrepreneurship and Innovation Committee,fort-worth-tx-entrepreneurship-and-innovation-committee
6540eef2dc2e,ef53e5e7ddf2808b,https://fortworthgov.granicus.com/MediaPlayer.php?view_id=12&clip_id=5306,Entrepreneurship and Innovation Committee Entrepreneurship and Innovation Committee,Entrepreneurship and Innovation Committee Entrepreneurship and Innovation Committee,fort-worth-tx-entrepreneurship-and-innovation-committee
6540eef2dc2e,ef6e6a72d97208e2,https://fortworthgov.granicus.com/MediaPlayer.php?view_id=12&clip_id=1525,HOUSING AND ECONOMIC DEVELOPMENT COMMITTEE HOUSING AND ECONOMIC DEVELOPMENT COMMITTEE,HOUSING AND ECONOMIC DEVELOPMENT COMMITTEE HOUSING AND ECONOMIC DEVELOPMENT COMMITTEE,fort-worth-tx-housing-and-economic-development-committee
6540eef2dc2e,efa4547db54be246,https://fortworthgov.granicus.com/MediaPlayer.php?view_id=10&clip_id=4121,Mayor's Committee on Persons with Disabilites Mayor's Committee on Persons with Disabilites,Mayor's Committee on Persons with Disabilites Mayor's Committee on Persons with Disabilites,fort-worth-tx-mayor-s-committee-on-persons-with-disabilities
6540eef2dc2e,efa7aa9be6348cc4,https://fortworthgov.granicus.com/MediaPlayer.php?view_id=10&clip_id=2121,"Speaker's Podium - Joy Webster - MorningStar Partners, LP - January 23, 2015 Speaker's Podium - Joy Webster - MorningStar Partners, LP - January 23, 2015","Speaker's Podium - Joy Webster - MorningStar Partners, LP - January 23, 2015 Speaker's Podium - Joy Webster - MorningStar Partners, LP",fort-worth-tx-speakers-podium
6540eef2dc2e,f0355fad014f723b,https://fortworthgov.granicus.com/MediaPlayer.php?view_id=12&clip_id=3978,Human Relations Commission Human Relations Commission,Human Relations Commission Human Relations Commission,fort-worth-tx-human-relations-commission
6540eef2dc2e,f076de2074d70095,https://fortworthgov.granicus.com/MediaPlayer.php?view_id=12&clip_id=1022,Air Quality Study Presentation Air Quality Study Presentation,Air Quality Study Presentation Air Quality Study Presentation,fort-worth-tx-public-info-meetings
6540eef2dc2e,f09c8a728000ddfc,https://fortworthgov.granicus.com/MediaPlayer.php?view_id=12&clip_id=599,HOUSING AND ECONOMIC DEVELOPMENT COMMITTEE HOUSING AND ECONOMIC DEVELOPMENT COMMITTEE,HOUSING AND ECONOMIC DEVELOPMENT COMMITTEE HOUSING AND ECONOMIC DEVELOPMENT COMMITTEE,fort-worth-tx-housing-and-economic-development-committee
6540eef2dc2e,f0b17e47f3d56527,https://fortworthgov.granicus.com/MediaPlayer.php?view_id=12&clip_id=3995,Community Meeting For Riverside Area Street Reconstruction Community Meeting For Riverside Area Street Reconstruction,Community Meeting For Riverside Area Street Reconstruction Community Meeting For Riverside Area Street Reconstruction,fort-worth-tx-public-info-meetings
6540eef2dc2e,f0b429ba6430f0e3,https://fortworthgov.granicus.com/MediaPlayer.php?view_id=10&clip_id=5141,Neighborhood Quality and Revitalization Committee Neighborhood Quality and Revitalization Committee,Neighborhood Quality and Revitalization Committee Neighborhood Quality and Revitalization Committee,fort-worth-tx-neighborhood-quality-and-revitalization-committee
6540eef2dc2e,f0bb2d218bff15e2,https://fortworthgov.granicus.com/MediaPlayer.php?view_id=12&clip_id=1505,T Board Meeting T Board Meeting,T Board Meeting T Board Meeting,fort-worth-tx-trinity-metro-board
6540eef2dc2e,f0f2ca494a448a8c,https://fortworthgov.granicus.com/MediaPlayer.php?view_id=10&clip_id=1867,HOUSING AND ECONOMIC DEVELOPMENT COMMITTEE HOUSING AND ECONOMIC DEVELOPMENT COMMITTEE,HOUSING AND ECONOMIC DEVELOPMENT COMMITTEE HOUSING AND ECONOMIC DEVELOPMENT COMMITTEE,fort-worth-tx-housing-and-economic-development-committee
6540eef2dc2e,f1383a0d05a45a53,https://fortworthgov.granicus.com/MediaPlayer.php?view_id=12&clip_id=5291,Fort Worth State of the City 2023 | Mayor Mattie Parker Fort Worth State of the City 2023 | Mayor Mattie Parker,Fort Worth State of the City 2023 | Mayor Mattie Parker Fort Worth State of the City 2023 | Mayor Mattie Parker,fort-worth-tx-public-info-meetings
6540eef2dc2e,f14a89b3e7431087,https://fortworthgov.granicus.com/MediaPlayer.php?view_id=10&clip_id=3857,District 9 Budget Town Hall District 9 Budget Town Hall,District 9 Budget Town Hall District 9 Budget Town Hall,fort-worth-tx-public-info-meetings
6540eef2dc2e,f1714890a6504cdc,https://fortworthgov.granicus.com/MediaPlayer.php?view_id=10&clip_id=6000,Help Build Our Future District 8 Bond Meeting Help Build Our Future District 8 Bond Meeting,Help Build Our Future District 8 Bond Meeting Help Build Our Future District 8 Bond Meeting,fort-worth-tx-public-info-meetings
6540eef2dc2e,f22cbd2cebb5c320,https://fortworthgov.granicus.com/MediaPlayer.php?view_id=12&clip_id=6365,District 11 FY2027 Budget Meeting District 11 FY2027 Budget Meeting,District 11 FY2027 Budget Meeting District 11 FY2027 Budget Meeting,fort-worth-tx-public-info-meetings
6540eef2dc2e,f238023474b81eb7,https://fortworthgov.granicus.com/MediaPlayer.php?view_id=11&clip_id=5266,Ad Hoc Council Committee on Emergency Medical Response Ad Hoc Council Committee on Emergency Medical Response,Ad Hoc Council Committee on Emergency Medical Response Ad Hoc Council Committee on Emergency Medical Response,fort-worth-tx-ad-hoc-council-committee-on-emergency-medical-response
6540eef2dc2e,f24e2b7ace5230ff,https://fortworthgov.granicus.com/MediaPlayer.php?view_id=12&clip_id=2395,"Speaker's Podium - Matt Hicks, Texas Rangers - January 22, 2016 Speaker's Podium - Matt Hicks, Texas Rangers - January 22, 2016","Speaker's Podium - Matt Hicks, Texas Rangers - January 22, 2016 Speaker's Podium - Matt Hicks, Texas Rangers",fort-worth-tx-speakers-podium
6540eef2dc2e,f2b0275433829f60,https://fortworthgov.granicus.com/MediaPlayer.php?view_id=10&clip_id=4367,Human Relations Commission Human Relations Commission,Human Relations Commission Human Relations Commission,fort-worth-tx-human-relations-commission
6540eef2dc2e,f2e40937fd054342,https://fortworthgov.granicus.com/MediaPlayer.php?view_id=10&clip_id=2181,"Speaker's Podium - Miguel Harth-Bedoya - Conductor, Fort Worth Symphony Orchestra - March 27, 2015 Speaker's Podium - Miguel Harth-Bedoya - Conductor, Fort Worth Symphony Orchestra - March 27, 2015","Speaker's Podium - Miguel Harth-Bedoya - Conductor, Fort Worth Symphony Orchestra - March 27, 2015 Speaker's Podium - Miguel Harth-Bedoya - Conductor, Fort Worth Symphony Orchestra",fort-worth-tx-speakers-podium
6540eef2dc2e,f2eeb5454e5161e9,https://fortworthgov.granicus.com/MediaPlayer.php?view_id=11&clip_id=3607,COVID-19 Community Update (English) COVID-19 Community Update (English),COVID-19 Community Update (English) COVID-19 Community Update (English),fort-worth-tx-public-info-meetings
6540eef2dc2e,f2f54b13314dc558,https://fortworthgov.granicus.com/MediaPlayer.php?view_id=10&clip_id=4363,Capital Improvements Advisory Committee Capital Improvements Advisory Committee,Capital Improvements Advisory Committee Capital Improvements Advisory Committee,fort-worth-tx-capital-improvements-advisory-committee
6540eef2dc2e,f343d1460cdb2791,https://fortworthgov.granicus.com/MediaPlayer.php?view_id=10&clip_id=5182,"Echo Heights Public Meeting of June 12, 2023 Echo Heights Public Meeting of June 12, 2023","Echo Heights Public Meeting of June 12, 2023 Echo Heights Public Meeting of June 12, 2023",fort-worth-tx-public-info-meetings
6540eef2dc2e,f36b2399dfd0abc5,https://fortworthgov.granicus.com/MediaPlayer.php?view_id=11&clip_id=2170,Public Input Meeting for CCPD FY2016 Budget Public Input Meeting for CCPD FY2016 Budget,Public Input Meeting for CCPD FY2016 Budget Public Input Meeting for CCPD FY2016 Budget,fort-worth-tx-public-info-meetings
6540eef2dc2e,f395326936fbb5c6,https://fortworthgov.granicus.com/MediaPlayer.php?view_id=12&clip_id=2836,"Speaker's Podium - Lex Keen, PURF - November 10, 2017 Speaker's Podium - Lex Keen, PURF - November 10, 2017","Speaker's Podium - Lex Keen, PURF - November 10, 2017 Speaker's Podium - Lex Keen, PURF",fort-worth-tx-speakers-podium
6540eef2dc2e,f3f00a823703f601,https://fortworthgov.granicus.com/MediaPlayer.php?view_id=12&clip_id=3968,Library Advisory Board Library Advisory Board,Library Advisory Board Library Advisory Board,fort-worth-tx-library-advisory-board
6540eef2dc2e,f3fb5bb1540f3bb6,https://fortworthgov.granicus.com/MediaPlayer.php?view_id=10&clip_id=4464,Budget 101 Public Meeting Budget 101 Public Meeting,Budget 101 Public Meeting Budget 101 Public Meeting,fort-worth-tx-public-info-meetings
6540eef2dc2e,f47f32c405f920d8,https://fortworthgov.granicus.com/MediaPlayer.php?view_id=10&clip_id=2324,CHARTER REVIEW TASK FORCE CHARTER REVIEW TASK FORCE,CHARTER REVIEW TASK FORCE CHARTER REVIEW TASK FORCE,fort-worth-tx-charter-review-task-force
6540eef2dc2e,f4a1535f36edf005,https://fortworthgov.granicus.com/MediaPlayer.php?view_id=10&clip_id=2201,"Speaker's Podium - Andrea Green - CEO, Community Hospice of Texas - April 24, 2015 Speaker's Podium - Andrea Green - CEO, Community Hospice of Texas - April 24, 2015","Speaker's Podium - Andrea Green - CEO, Community Hospice of Texas - April 24, 2015 Speaker's Podium - Andrea Green - CEO, Community Hospice of Texas",fort-worth-tx-speakers-podium
6540eef2dc2e,f4b7a60631c479e8,https://fortworthgov.granicus.com/MediaPlayer.php?view_id=11&clip_id=3556,COVID-19 Community Update (Spanish) COVID-19 Community Update (Spanish),COVID-19 Community Update (Spanish) COVID-19 Community Update (Spanish),fort-worth-tx-public-info-meetings
6540eef2dc2e,f4c8c4597c9ad539,https://fortworthgov.granicus.com/MediaPlayer.php?view_id=12&clip_id=4551,Water and Wastewater CIP Citizens Advisory Committee Water and Wastewater CIP Citizens Advisory Committee,Water and Wastewater CIP Citizens Advisory Committee Water and Wastewater CIP Citizens Advisory Committee,fort-worth-tx-water-and-wastewater-capital-improvements-plans-citizen-advisory-committee
6540eef2dc2e,f4eab5abe946559c,https://fortworthgov.granicus.com/MediaPlayer.php?view_id=12&clip_id=2375,"Speaker's Podium - Tom Ferguson, CEO, AZZ Inc. - December 4, 2015 Speaker's Podium - Tom Ferguson, CEO, AZZ Inc. - December 4, 2015","Speaker's Podium - Tom Ferguson, CEO, AZZ Inc. - December 4, 2015 Speaker's Podium - Tom Ferguson, CEO, AZZ Inc.",fort-worth-tx-speakers-podium
6540eef2dc2e,f4ff932764a8055f,https://fortworthgov.granicus.com/MediaPlayer.php?view_id=12&clip_id=4220,"Redistricting Task Force of February 4, 2021 Redistricting Task Force of February 4, 2021","Redistricting Task Force of February 4, 2021 Redistricting Task Force of February 4, 2021",fort-worth-tx-redistricting-task-force
6540eef2dc2e,f5401e72d70e2940,https://fortworthgov.granicus.com/MediaPlayer.php?view_id=10&clip_id=4237,Fort Worth Art Commission Special Meeting Fort Worth Art Commission Special Meeting,Fort Worth Art Commission Special Meeting Fort Worth Art Commission Special Meeting,fort-worth-tx-public-art-commission
6540eef2dc2e,f55d3d5b70bac03e,https://fortworthgov.granicus.com/MediaPlayer.php?view_id=12&clip_id=755,Tracks to the Future - Business as Usual or a New Direction? Tracks to the Future - Business as Usual or a New Direction?,Tracks to the Future - Business as Usual or a New Direction? Tracks to the Future - Business as Usual or a New Direction?,fort-worth-tx-public-info-meetings
6540eef2dc2e,f572ed93a0b454a3,fc3a2b77-6c80-11ef-9b71-005056a89546,"February Downtown Design Review Board - Sep 06, 2024",February Downtown Design Review Board,fort-worth-tx-downtown-design-and-review-board
6540eef2dc2e,f5760d734fea9f21,https://fortworthgov.granicus.com/MediaPlayer.php?view_id=12&clip_id=1946,"Speaker's Podium - Dr. Mike Jacobson - College of Pharmacy UNTHSC - June 13, 2014 Speaker's Podium - Dr. Mike Jacobson - College of Pharmacy UNTHSC - June 13, 2014","Speaker's Podium - Dr. Mike Jacobson - College of Pharmacy UNTHSC - June 13, 2014 Speaker's Podium - Dr. Mike Jacobson - College of Pharmacy UNTHSC",fort-worth-tx-speakers-podium
6540eef2dc2e,f5a11b1f6f5c0060,https://fortworthgov.granicus.com/MediaPlayer.php?view_id=10&clip_id=4389,Fort Worth Art Commission Fort Worth Art Commission,Fort Worth Art Commission Fort Worth Art Commission,fort-worth-tx-public-art-commission
6540eef2dc2e,f5f1c090cadbd94c,e1e84269-16c1-11ee-aabb-0050569183fa,"March Downtown Design Review Board  - Mar 02, 2023",March Downtown Design Review Board,fort-worth-tx-downtown-design-and-review-board
6540eef2dc2e,f606a593c8afb763,https://fortworthgov.granicus.com/MediaPlayer.php?view_id=10&clip_id=4808,Neighborhood Quality and Revitalization Committee Neighborhood Quality and Revitalization Committee,Neighborhood Quality and Revitalization Committee Neighborhood Quality and Revitalization Committee,fort-worth-tx-neighborhood-quality-and-revitalization-committee
6540eef2dc2e,f60917136c91c4ed,https://fortworthgov.granicus.com/MediaPlayer.php?view_id=11&clip_id=3549,COVID-19 Community Update (English) COVID-19 Community Update (English),COVID-19 Community Update (English) COVID-19 Community Update (English),fort-worth-tx-public-info-meetings
6540eef2dc2e,f67128e5630f59cb,https://fortworthgov.granicus.com/MediaPlayer.php?view_id=12&clip_id=6019,Help Build Our Future District 6 Bond Meeting Help Build Our Future District 6 Bond Meeting,Help Build Our Future District 6 Bond Meeting Help Build Our Future District 6 Bond Meeting,fort-worth-tx-public-info-meetings
6540eef2dc2e,f68bfe2cb90e6dd2,https://fortworthgov.granicus.com/MediaPlayer.php?view_id=10&clip_id=1934,HOUSING AND ECONOMIC DEVELOPMENT COMMITTEE HOUSING AND ECONOMIC DEVELOPMENT COMMITTEE,HOUSING AND ECONOMIC DEVELOPMENT COMMITTEE HOUSING AND ECONOMIC DEVELOPMENT COMMITTEE,fort-worth-tx-housing-and-economic-development-committee
6540eef2dc2e,f68ceb6c85cc212f,https://fortworthgov.granicus.com/MediaPlayer.php?view_id=10&clip_id=2911,Race and Culture Task Force Race and Culture Task Force,Race and Culture Task Force Race and Culture Task Force,fort-worth-tx-race-and-culture-task-force
6540eef2dc2e,f6a2edfe15316aac,d9f99f36-6c7b-11ef-9b71-005056a89546,"September Downtown Design Review Board - Sep 06, 2024",September Downtown Design Review Board,fort-worth-tx-downtown-design-and-review-board
6540eef2dc2e,f6d02deb2422af7e,https://fortworthgov.granicus.com/MediaPlayer.php?view_id=12&clip_id=5856,"Crime Control and Prevention District, Local Development Corporation, Central City Local Government Corporation, Research and Innovation Local Government Corporation, and Legislative and Intergovernmental Affairs Crime Control and Prevention District, Local Development Corporation, Central City Local Government Corporation, Research and Innovation Local Government Corporation, and Legislative and Intergovernmental Affairs","Crime Control and Prevention District, Local Development Corporation, Central City Local Government Corporation, Research and Innovation Local Government Corporation, and Legislative and Intergovernmental Affairs Crime Control and Prevention District, Local Development Corporation, Central City Local Government Corporation, Research and Innovation Local Government Corporation, and Legislative and Intergovernmental Affairs",fort-worth-tx-research-and-innovation-local-government-corporation
6540eef2dc2e,f7fde6e6eb6a8390,https://fortworthgov.granicus.com/MediaPlayer.php?view_id=12&clip_id=2017,"Caffeinated Town Hall - the Bastion - September 6, 2014 Caffeinated Town Hall - the Bastion - September 6, 2014","Caffeinated Town Hall - the Bastion - September 6, 2014 Caffeinated Town Hall - the Bastion",fort-worth-tx-public-info-meetings
6540eef2dc2e,f80320dd39553827,https://fortworthgov.granicus.com/MediaPlayer.php?view_id=12&clip_id=3462,"Speakers Podium - Chef Tim Love - December 13, 2019 Speakers Podium - Chef Tim Love - December 13, 2019","Speakers Podium - Chef Tim Love - December 13, 2019 Speakers Podium - Chef Tim Love",fort-worth-tx-speakers-podium
6540eef2dc2e,f805548b88e41fbd,https://fortworthgov.granicus.com/MediaPlayer.php?view_id=10&clip_id=3443,Police Monitor Public Forum Police Monitor Public Forum,Police Monitor Public Forum Police Monitor Public Forum,fort-worth-tx-public-info-meetings
6540eef2dc2e,f83f8cb0459a8dc8,https://fortworthgov.granicus.com/MediaPlayer.php?view_id=12&clip_id=5641,Local Development Corporation & Research and Innovation Local Government Corporation Local Development Corporation & Research and Innovation Local Government Corporation,Local Development Corporation & Research and Innovation Local Government Corporation Local Development Corporation & Research and Innovation Local Government Corporation,fort-worth-tx-research-and-innovation-local-government-corporation
6540eef2dc2e,f8da994cf8ec646b,2dd274a4-c4b9-11f0-a7da-005056a89546,"Help Build Our Future District 10 Bond Meeting  - Nov 17, 2025",Help Build Our Future District 10 Bond Meeting,fort-worth-tx-public-info-meetings
6540eef2dc2e,f8f76bd4c6f76135,https://fortworthgov.granicus.com/MediaPlayer.php?view_id=10&clip_id=5673,Neighborhood Quality and Revitalization Committee Neighborhood Quality and Revitalization Committee,Neighborhood Quality and Revitalization Committee Neighborhood Quality and Revitalization Committee,fort-worth-tx-neighborhood-quality-and-revitalization-committee
6540eef2dc2e,f937865b68b09e78,https://fortworthgov.granicus.com/MediaPlayer.php?view_id=10&clip_id=4638,Neighborhood Quality and Revitalization Committee Neighborhood Quality and Revitalization Committee,Neighborhood Quality and Revitalization Committee Neighborhood Quality and Revitalization Committee,fort-worth-tx-neighborhood-quality-and-revitalization-committee
6540eef2dc2e,f98382680c26c338,https://fortworthgov.granicus.com/MediaPlayer.php?view_id=12&clip_id=4233,Fort Worth Art Commission Fort Worth Art Commission,Fort Worth Art Commission Fort Worth Art Commission,fort-worth-tx-public-art-commission
6540eef2dc2e,f9898ef3e77cf6d5,https://fortworthgov.granicus.com/MediaPlayer.php?view_id=10&clip_id=4494,Mayor's Committee on Persons with Disabilities Mayor's Committee on Persons with Disabilities,Mayor's Committee on Persons with Disabilities Mayor's Committee on Persons with Disabilities,fort-worth-tx-mayor-s-committee-on-persons-with-disabilities
6540eef2dc2e,f9da704d1f30942e,https://fortworthgov.granicus.com/MediaPlayer.php?view_id=10&clip_id=5612,"Planning & Priorities Virtual Open House of September 3, 2024 Planning & Priorities Virtual Open House of September 3, 2024","Planning & Priorities Virtual Open House of September 3, 2024 Planning & Priorities Virtual Open House of September 3, 2024",fort-worth-tx-public-info-meetings
6540eef2dc2e,f9df3650f89848a5,https://fortworthgov.granicus.com/MediaPlayer.php?view_id=10&clip_id=5172,Neighborhood Quality and Revitalization Committee Neighborhood Quality and Revitalization Committee,Neighborhood Quality and Revitalization Committee Neighborhood Quality and Revitalization Committee,fort-worth-tx-neighborhood-quality-and-revitalization-committee
6540eef2dc2e,fa3bdf18bb16e13b,https://fortworthgov.granicus.com/MediaPlayer.php?view_id=12&clip_id=3121,"Speaker's Podium - Dr. D. Newell Williams, Brite Divinity School - February 1, 2019 Speaker's Podium - Dr. D. Newell Williams, Brite Divinity School - February 1, 2019","Speaker's Podium - Dr. D. Newell Williams, Brite Divinity School - February 1, 2019 Speaker's Podium - Dr. D. Newell Williams, Brite Divinity School",fort-worth-tx-speakers-podium
6540eef2dc2e,fa6a9de6fdb35ba2,https://fortworthgov.granicus.com/MediaPlayer.php?view_id=12&clip_id=4054,Community Meeting For Sendera Ranch And Diamondback Lane Traffic Signal Community Meeting For Sendera Ranch And Diamondback Lane Traffic Signal,Community Meeting For Sendera Ranch And Diamondback Lane Traffic Signal Community Meeting For Sendera Ranch And Diamondback Lane Traffic Signal,fort-worth-tx-public-info-meetings
6540eef2dc2e,fa8d3f7da512f5bc,https://fortworthgov.granicus.com/MediaPlayer.php?view_id=12&clip_id=3504,"Speaker's Podium - Bob Tallman - January 31, 2020 Speaker's Podium - Bob Tallman - January 31, 2020","Speaker's Podium - Bob Tallman - January 31, 2020 Speaker's Podium - Bob Tallman",fort-worth-tx-speakers-podium
6540eef2dc2e,fab149ee06f8c081,https://fortworthgov.granicus.com/MediaPlayer.php?view_id=12&clip_id=758,HOUSING AND ECONOMIC DEVELOPMENT COMMITTEE HOUSING AND ECONOMIC DEVELOPMENT COMMITTEE,HOUSING AND ECONOMIC DEVELOPMENT COMMITTEE HOUSING AND ECONOMIC DEVELOPMENT COMMITTEE,fort-worth-tx-housing-and-economic-development-committee
6540eef2dc2e,fab89bc0d5d220cb,https://fortworthgov.granicus.com/MediaPlayer.php?view_id=12&clip_id=5933,District 6 Budget Meeting District 6 Budget Meeting,District 6 Budget Meeting District 6 Budget Meeting,fort-worth-tx-public-info-meetings
6540eef2dc2e,fad2d0a9e7eb2b44,https://fortworthgov.granicus.com/MediaPlayer.php?view_id=12&clip_id=5416,Neighborhood Quality and Revitalization Committee Neighborhood Quality and Revitalization Committee,Neighborhood Quality and Revitalization Committee Neighborhood Quality and Revitalization Committee,fort-worth-tx-neighborhood-quality-and-revitalization-committee
6540eef2dc2e,fafba00e28b63436,https://fortworthgov.granicus.com/MediaPlayer.php?view_id=10&clip_id=5213,"CIAC of June 22, 2022 CIAC of June 22, 2022","CIAC of June 22, 2022 CIAC of June 22, 2022",fort-worth-tx-capital-improvements-advisory-committee
6540eef2dc2e,fb60017919feb6c8,https://fortworthgov.granicus.com/MediaPlayer.php?view_id=10&clip_id=2885,Race and Culture Task Force Race and Culture Task Force,Race and Culture Task Force Race and Culture Task Force,fort-worth-tx-race-and-culture-task-force
6540eef2dc2e,fb71405140ec66eb,https://fortworthgov.granicus.com/MediaPlayer.php?view_id=11&clip_id=5322,Ad Hoc Council Committee on Emergency Medical Response Ad Hoc Council Committee on Emergency Medical Response,Ad Hoc Council Committee on Emergency Medical Response Ad Hoc Council Committee on Emergency Medical Response,fort-worth-tx-ad-hoc-council-committee-on-emergency-medical-response
6540eef2dc2e,fb9ab719ee2775dc,https://fortworthgov.granicus.com/MediaPlayer.php?view_id=10&clip_id=4033,Community Meeting For Alemeda Hrom Community Meeting For Alemeda Hrom,Community Meeting For Alemeda Hrom Community Meeting For Alemeda Hrom,fort-worth-tx-public-info-meetings
6540eef2dc2e,fbe1ab37f1c4ce6d,https://fortworthgov.granicus.com/MediaPlayer.php?view_id=10&clip_id=2456,"Speaker's Podium - Robert Earley - JPS Health Network - April 22, 2016 Speaker's Podium - Robert Earley - JPS Health Network - April 22, 2016","Speaker's Podium - Robert Earley - JPS Health Network - April 22, 2016 Speaker's Podium - Robert Earley - JPS Health Network",fort-worth-tx-speakers-podium
6540eef2dc2e,fbfd9c87fc829edd,https://fortworthgov.granicus.com/MediaPlayer.php?view_id=11&clip_id=3621,COVID-19 Community Update (Spanish) COVID-19 Community Update (Spanish),COVID-19 Community Update (Spanish) COVID-19 Community Update (Spanish),fort-worth-tx-public-info-meetings
6540eef2dc2e,fc2a7c14be563f85,https://fortworthgov.granicus.com/MediaPlayer.php?view_id=12&clip_id=4649,Redistricting Task Force Redistricting Task Force,Redistricting Task Force Redistricting Task Force,fort-worth-tx-redistricting-task-force
6540eef2dc2e,fc707196abfc58a9,https://fortworthgov.granicus.com/MediaPlayer.php?view_id=12&clip_id=3061,Race and Culture Task Force Race and Culture Task Force,Race and Culture Task Force Race and Culture Task Force,fort-worth-tx-race-and-culture-task-force
6540eef2dc2e,fc79fc6d281b3a00,https://fortworthgov.granicus.com/MediaPlayer.php?view_id=10&clip_id=1356,Salt Water Disposal Public Meeting Salt Water Disposal Public Meeting,Salt Water Disposal Public Meeting Salt Water Disposal Public Meeting,fort-worth-tx-public-info-meetings
6540eef2dc2e,fc868877b2a33641,https://fortworthgov.granicus.com/MediaPlayer.php?view_id=10&clip_id=4756,Bond Election Public Meeting Part 1 Bond Election Public Meeting Part 1,Bond Election Public Meeting Part 1 Bond Election Public Meeting Part 1,fort-worth-tx-public-info-meetings
6540eef2dc2e,fccb32fe6b06d419,https://fortworthgov.granicus.com/MediaPlayer.php?view_id=12&clip_id=3036,Race anc Culture Task Force Race anc Culture Task Force,Race anc Culture Task Force Race anc Culture Task Force,fort-worth-tx-race-and-culture-task-force
6540eef2dc2e,fcf07d8c1c37d679,8d5b27dc-71b5-4bdb-a5bd-39c49ae75bfb,"Cold Weather Update Press Conference  - Jan 22, 2026",Cold Weather Update Press Conference,fort-worth-tx-public-info-meetings
6540eef2dc2e,fd029388c0632b9f,https://fortworthgov.granicus.com/MediaPlayer.php?view_id=12&clip_id=5936,District 3 Budget Meeting District 3 Budget Meeting,District 3 Budget Meeting District 3 Budget Meeting,fort-worth-tx-public-info-meetings
6540eef2dc2e,fd1d4a8505e8183b,c449435e-381a-11f1-bb28-005056a89546,"2026 Bond & Charter Public Education Meeting - Apr 11, 2026",2026 Bond & Charter Public Education Meeting,fort-worth-tx-public-info-meetings
6540eef2dc2e,fd40213bc762321a,https://fortworthgov.granicus.com/MediaPlayer.php?view_id=11&clip_id=3587,COVID-19 Community Update (Spanish) COVID-19 Community Update (Spanish),COVID-19 Community Update (Spanish) COVID-19 Community Update (Spanish),fort-worth-tx-public-info-meetings
6540eef2dc2e,fd70aa7ad675e73e,https://fortworthgov.granicus.com/MediaPlayer.php?view_id=10&clip_id=3897,Sunset Heights Sidewalk Improvements Sunset Heights Sidewalk Improvements,Sunset Heights Sidewalk Improvements Sunset Heights Sidewalk Improvements,fort-worth-tx-public-info-meetings
6540eef2dc2e,fd71f0d80159fb3e,https://fortworthgov.granicus.com/MediaPlayer.php?view_id=12&clip_id=2085,HOUSING AND ECONOMIC DEVELOPMENT COMMITTEE HOUSING AND ECONOMIC DEVELOPMENT COMMITTEE,HOUSING AND ECONOMIC DEVELOPMENT COMMITTEE HOUSING AND ECONOMIC DEVELOPMENT COMMITTEE,fort-worth-tx-housing-and-economic-development-committee
6540eef2dc2e,fd9d176e586335b1,https://fortworthgov.granicus.com/MediaPlayer.php?view_id=12&clip_id=1386,HOUSING AND ECONOMIC DEVELOPMENT COMMITTEE HOUSING AND ECONOMIC DEVELOPMENT COMMITTEE,HOUSING AND ECONOMIC DEVELOPMENT COMMITTEE HOUSING AND ECONOMIC DEVELOPMENT COMMITTEE,fort-worth-tx-housing-and-economic-development-committee
6540eef2dc2e,fda24dfde5cdd441,https://fortworthgov.granicus.com/MediaPlayer.php?view_id=10&clip_id=2772,"Speaker's Podium - Rev. Charles Foster Johnson, Texas Pastors for Childern - September 8, 2017 Speaker's Podium - Rev. Charles Foster Johnson, Texas Pastors for Childern - September 8, 2017","Speaker's Podium - Rev. Charles Foster Johnson, Texas Pastors for Childern - September 8, 2017 Speaker's Podium - Rev. Charles Foster Johnson, Texas Pastors for Childern",fort-worth-tx-speakers-podium
6540eef2dc2e,fde1d09c7108109f,https://fortworthgov.granicus.com/MediaPlayer.php?view_id=10&clip_id=3607,COVID-19 Community Update (English) COVID-19 Community Update (English),COVID-19 Community Update (English) COVID-19 Community Update (English),fort-worth-tx-public-info-meetings
6540eef2dc2e,fde65dd13c5d1440,https://fortworthgov.granicus.com/MediaPlayer.php?view_id=10&clip_id=3598,COVID-19 Community Update (Spanish) COVID-19 Community Update (Spanish),COVID-19 Community Update (Spanish) COVID-19 Community Update (Spanish),fort-worth-tx-public-info-meetings
6540eef2dc2e,fe0413a18edf9060,https://fortworthgov.granicus.com/MediaPlayer.php?view_id=12&clip_id=1645,T Board Meeting T Board Meeting,T Board Meeting T Board Meeting,fort-worth-tx-trinity-metro-board
6540eef2dc2e,fe568b2b60bfd107,https://fortworthgov.granicus.com/MediaPlayer.php?view_id=10&clip_id=4349,Local Development Corporation Local Development Corporation,Local Development Corporation Local Development Corporation,fort-worth-tx-fort-worth-local-development-corporation
6540eef2dc2e,fe6f948014c48910,https://fortworthgov.granicus.com/MediaPlayer.php?view_id=12&clip_id=255,Housing and Economic Development Committee #2 Housing and Economic Development Committee #2,Housing and Economic Development Committee #2 Housing and Economic Development Committee #2,fort-worth-tx-housing-and-economic-development-committee
6540eef2dc2e,fe6fd2fb94802dca,https://fortworthgov.granicus.com/MediaPlayer.php?view_id=10&clip_id=3899,Park and Recreation Advisory Board Public Hearing Park and Recreation Advisory Board Public Hearing,Park and Recreation Advisory Board Public Hearing Park and Recreation Advisory Board Public Hearing,fort-worth-tx-park-and-recreation-advisory-board
6540eef2dc2e,fe8250d1d86a67cf,https://fortworthgov.granicus.com/MediaPlayer.php?view_id=12&clip_id=4881,"Neighborhood Quality And Revitalization of August 9, 2022 Neighborhood Quality And Revitalization of August 9, 2022","Neighborhood Quality And Revitalization of August 9, 2022 Neighborhood Quality And Revitalization of August 9, 2022",fort-worth-tx-neighborhood-quality-and-revitalization-committee
6540eef2dc2e,fead6755f3201c6e,https://fortworthgov.granicus.com/MediaPlayer.php?view_id=10&clip_id=4612,Redistricting Task Force Redistricting Task Force,Redistricting Task Force Redistricting Task Force,fort-worth-tx-redistricting-task-force
6540eef2dc2e,fee6258eb0ffe13a,https://fortworthgov.granicus.com/MediaPlayer.php?view_id=12&clip_id=4751,Bond Election Public Education Meeting Bond Election Public Education Meeting,Bond Election Public Education Meeting Bond Election Public Education Meeting,fort-worth-tx-public-info-meetings
6540eef2dc2e,feee912b198f2fc1,https://fortworthgov.granicus.com/MediaPlayer.php?view_id=12&clip_id=4612,Redistricting Task Force Redistricting Task Force,Redistricting Task Force Redistricting Task Force,fort-worth-tx-redistricting-task-force
6540eef2dc2e,ff6e5f489e217696,https://fortworthgov.granicus.com/MediaPlayer.php?view_id=10&clip_id=5416,Neighborhood Quality and Revitalization Committee Neighborhood Quality and Revitalization Committee,Neighborhood Quality and Revitalization Committee Neighborhood Quality and Revitalization Committee,fort-worth-tx-neighborhood-quality-and-revitalization-committee
6540eef2dc2e,ffa5783b5f74b348,https://fortworthgov.granicus.com/MediaPlayer.php?view_id=10&clip_id=2547,"Speaker's Podium - Bishop Michael Olson, Catholic Diocese of Fort Worth - August 26, 2016 Speaker's Podium - Bishop Michael Olson, Catholic Diocese of Fort Worth - August 26, 2016","Speaker's Podium - Bishop Michael Olson, Catholic Diocese of Fort Worth - August 26, 2016 Speaker's Podium - Bishop Michael Olson, Catholic Diocese of Fort Worth",fort-worth-tx-speakers-podium
6540eef2dc2e,ffcc4ecc45e36c24,https://fortworthgov.granicus.com/MediaPlayer.php?view_id=10&clip_id=2917,Race and Culture Task Force Worksession Race and Culture Task Force Worksession,Race and Culture Task Force Worksession Race and Culture Task Force Worksession,fort-worth-tx-race-and-culture-task-force
6540eef2dc2e,ffd3a141bedb0ba5,https://fortworthgov.granicus.com/MediaPlayer.php?view_id=12&clip_id=1056,Air Quality Study Air Quality Study,Air Quality Study Air Quality Study,fort-worth-tx-public-info-meetings
76869ed1994f,004da2b397ac892f,203163,"Budget Virtual Town Hall Meeting – Sep 03, 2015",Budget Virtual Town Hall Meeting,dallas-tx-public-info-meetings
76869ed1994f,004ff61ee6604d7f,205576,"State of City Address – Nov 17, 2021",State of City Address,dallas-tx-public-info-meetings
76869ed1994f,0105bdfc0ab4e85a,203234,"Workforce-Education and Equity – Aug 08, 2022",Workforce-Education and Equity,dallas-tx-council-committee-on-government-efficiency
76869ed1994f,0145d259b2446636,205548,"District 4's Dallas 365 Safe Press Conference – May 28, 2020",District 4's Dallas 365 Safe Press Conference,dallas-tx-public-info-meetings
76869ed1994f,018b4c65f8ed2960,292762,"Dallas Area Partnership to End and Prevent Homelessness Local Government Corporation – Jan 04, 2024",Dallas Area Partnership to End and Prevent Homelessness Local Government Corporation,dallas-tx-dallas-area-partnership
76869ed1994f,01d76e2644a09d4d,203168,"Virtual Town Hall Meetings – Aug 22, 2016",Virtual Town Hall Meetings,dallas-tx-public-info-meetings
76869ed1994f,022a5d66d6b66a57,203243,"Youth Commission – May 10, 2016",Youth Commission,dallas-tx-youth-commission
76869ed1994f,028e2d1636ad792d,204048,"Commission on Homelessness – Sep 13, 2016",Commission on Homelessness,dallas-tx-commission-on-homelessness
76869ed1994f,02bf30382f60ac49,361284,"Ad Hoc Committee on General Investigating and Ethics – Nov 18, 2025",Ad Hoc Committee on General Investigating and Ethics,dallas-tx-ad-hoc-committee-on-general-investigating-and-ethics
76869ed1994f,0534302181925d8f,202331,"Legislative Ad Hoc Committee – Dec 10, 2018",Legislative Ad Hoc Committee,dallas-tx-legislative-ad-hoc-committee
76869ed1994f,069f15172f20801e,205571,"News Conference – Jun 28, 2021",News Conference,dallas-tx-public-info-meetings
76869ed1994f,071a355e8c286a88,202450,"District 4 OHS Budget Listening Sessions – Jun 27, 2022",District 4 OHS Budget Listening Sessions,dallas-tx-public-info-meetings
76869ed1994f,071a48b4ab927e10,202758,"Human & Social Needs Committee – Mar 19, 2018",Human & Social Needs Committee,dallas-tx-human-social-needs-committee
76869ed1994f,0750de71178d8750,202807,"Mobility Solutions, Infrastructure and Sustainability Committee – Oct 22, 2018","Mobility Solutions, Infrastructure and Sustainability Committee",dallas-tx-mobility-solutions-infrastructure-and-sustainability-committee
76869ed1994f,07c899bae8c548f1,202346,"Council Ad Hoc Committee on COVID-19 Human and Social Recovery and Assistance – Apr 16, 2020",Council Ad Hoc Committee on COVID-19 Human and Social Recovery and Assistance,dallas-tx-council-ad-hoc-committee-on-covid-19-human-and-social-recovery-and-assistance
76869ed1994f,08132e2ae841efd8,205545,"Small Business Resource Virtual Town Hall Meeting – Mar 26, 2020",Small Business Resource Virtual Town Hall Meeting,dallas-tx-public-info-meetings
76869ed1994f,0844b0ddb99a7012,201677,"District 7 Tele-Budget Town Hall Meeting – Aug 14, 2021",District 7 Tele-Budget Town Hall Meeting,dallas-tx-public-info-meetings
76869ed1994f,085498f1ed328557,202404,"Ad Hoc City Council Canvassing Committee – Nov 21, 2022",Ad Hoc City Council Canvassing Committee,dallas-tx-ad-hoc-city-council-canvassing-committee
76869ed1994f,08680fd7242d4fb6,354439,"Subdivision Review Committee – Sep 04, 2025",Subdivision Review Committee,dallas-tx-city-planning-commission
76869ed1994f,099747c6511075e3,314383,"Workforce-Education and Equity – Sep 09, 2024",Workforce-Education and Equity,dallas-tx-council-committee-on-government-efficiency
76869ed1994f,0a092d6ff19ba4f1,202350,"Council Ad Hoc Committee on COVID-19 Economic Recovery and Assistance – May 05, 2020",Council Ad Hoc Committee on COVID-19 Economic Recovery and Assistance,dallas-tx-council-ad-hoc-committee-on-covid-19-economic-recovery-and-assistance
76869ed1994f,0a90bd247c5e279c,203182,"Virtual Town Hall Meetings – Aug 28, 2018",Virtual Town Hall Meetings,dallas-tx-public-info-meetings
76869ed1994f,0b2af668063a45c3,203262,"Youth Commission – May 08, 2018",Youth Commission,dallas-tx-youth-commission
76869ed1994f,0b7a14aefee1559a,232885,"City of Dallas Scooter Press Conference – May 31, 2023",City of Dallas Scooter Press Conference,dallas-tx-public-info-meetings
76869ed1994f,0ba8bcad6ccca984,229483,"Fentanyl Awareness Day Proclamation Press Conference – May 09, 2023",Fentanyl Awareness Day Proclamation Press Conference,dallas-tx-public-info-meetings
76869ed1994f,0d250613c4db4024,203263,"Youth Commission – Aug 14, 2018",Youth Commission,dallas-tx-youth-commission
76869ed1994f,0d4f9855031794d5,202750,"Human & Social Needs Committee – Sep 18, 2017",Human & Social Needs Committee,dallas-tx-human-social-needs-committee
76869ed1994f,0d7d83cb04cd3e75,205514,"Mayor's Task Force on Confederate Monuments – Sep 07, 2017",Mayor's Task Force on Confederate Monuments,dallas-tx-mayor-s-task-force-on-confederate-monuments
76869ed1994f,0dea1ace5f224551,203247,"Youth Commission – Oct 11, 2016",Youth Commission,dallas-tx-youth-commission
76869ed1994f,0e0e33c4a8483831,202359,"Council Ad Hoc Committee on COVID-19 Recovery and Assistance – Aug 20, 2020",Council Ad Hoc Committee on COVID-19 Recovery and Assistance,dallas-tx-ad-hoc-committee-on-covid-19-recovery-assistance
76869ed1994f,0e0e33c4a8483831,202359,"Council Ad Hoc Committee on COVID-19 Recovery and Assistance – Aug 20, 2020",Council Ad Hoc Committee on COVID-19 Recovery and Assistance,dallas-tx-council-ad-hoc-committee-on-covid-19-recovery-and-assistance
76869ed1994f,0e32ba31bc9c878b,202765,"Human & Social Needs Committee – Aug 06, 2018",Human & Social Needs Committee,dallas-tx-human-social-needs-committee
76869ed1994f,0e6f6ec79d2bf6fc,296936,"Ad Hoc Committee on Pensions – Feb 08, 2024",Ad Hoc Committee on Pensions,dallas-tx-ad-hoc-committee-on-pensions
76869ed1994f,0f4d9516c19ad196,202401,"Ad Hoc Committee on Legislative Affairs – Sep 13, 2022",Ad Hoc Committee on Legislative Affairs,dallas-tx-ad-hoc-committee-on-legislative-affairs
76869ed1994f,110b80c54128ab07,205560,"Dallas Police Chief Forum – Dec 16, 2020",Dallas Police Chief Forum,dallas-tx-public-info-meetings
76869ed1994f,1122d00c2c81ef16,203241,"Youth Commission – Feb 27, 2016",Youth Commission,dallas-tx-youth-commission
76869ed1994f,11537728849d18cc,202799,"Mobility Solutions, Infrastructure and Sustainability Committee – Apr 23, 2018","Mobility Solutions, Infrastructure and Sustainability Committee",dallas-tx-mobility-solutions-infrastructure-and-sustainability-committee
76869ed1994f,11568380d85adadc,203269,"Youth Commission – Mar 19, 2019",Youth Commission,dallas-tx-youth-commission
76869ed1994f,127405667390d87b,226599,"Workforce-Education and Equity – May 08, 2023",Workforce-Education and Equity,dallas-tx-council-committee-on-government-efficiency
76869ed1994f,1393bdc3ef38d3f6,203159,"Budget Virtual Town Hall Meeting – Aug 24, 2015",Budget Virtual Town Hall Meeting,dallas-tx-public-info-meetings
76869ed1994f,143271f69011eedd,312034,"Workforce-Education and Equity – Aug 12, 2024",Workforce-Education and Equity,dallas-tx-council-committee-on-government-efficiency
76869ed1994f,1562fe7424f6c6e7,202339,"Council Ad Hoc Committee on COVID-19 Economic Recovery and Assistance – Mar 24, 2020",Council Ad Hoc Committee on COVID-19 Economic Recovery and Assistance,dallas-tx-council-ad-hoc-committee-on-covid-19-economic-recovery-and-assistance
76869ed1994f,157c0005a9d654c9,395990,"City Council – Aug 12, 2026",City Council,dallas-tx-city-council
76869ed1994f,16300c982b358fe9,270975,"2024 Capital Bond Streets & Transportation Subcommittee Meeting – Aug 22, 2023",2024 Capital Bond Streets & Transportation Subcommittee Meeting,dallas-tx-bond-program-meetings
76869ed1994f,16606fb431fce0d3,202351,"Council Ad Hoc Committee on COVID-19 Human and Social Recovery and Assistance – May 07, 2020",Council Ad Hoc Committee on COVID-19 Human and Social Recovery and Assistance,dallas-tx-council-ad-hoc-committee-on-covid-19-human-and-social-recovery-and-assistance
76869ed1994f,16beadb6a512a270,202367,"Ad Hoc Committee on COVID-19 Recovery and Assistance – Dec 03, 2020",Ad Hoc Committee on COVID-19 Recovery and Assistance,dallas-tx-ad-hoc-committee-on-covid-19-recovery-assistance
76869ed1994f,176a44c9130bad1f,202355,"Council Ad Hoc Committee on COVID-19 Human and Social Recovery and Assistance – Jun 04, 2020",Council Ad Hoc Committee on COVID-19 Human and Social Recovery and Assistance,dallas-tx-council-ad-hoc-committee-on-covid-19-human-and-social-recovery-and-assistance
76869ed1994f,1792e1820b74c082,274636,"Charter Review Commission – Oct 12, 2023",Charter Review Commission,dallas-tx-charter-review-commission
76869ed1994f,17a33e59725e970a,277831,"2024 Bond Critical Facilities Subcommittee Meeting – Oct 25, 2023",2024 Bond Critical Facilities Subcommittee Meeting,dallas-tx-2024-bond-critical-facilities-subcommittee
76869ed1994f,184aefe54353fae0,399356,"Ad Hoc Committee on General Investigating and Ethics – Aug 27, 2026",Ad Hoc Committee on General Investigating and Ethics,dallas-tx-ad-hoc-committee-on-general-investigating-and-ethics
76869ed1994f,1859e031abd8ec91,203176,"Virtual Town Hall Meetings – Aug 23, 2017",Virtual Town Hall Meetings,dallas-tx-public-info-meetings
76869ed1994f,188bd4083f6c5bbb,203260,"Youth Commission – Feb 13, 2018",Youth Commission,dallas-tx-youth-commission
76869ed1994f,188df2acd8e7dc08,301649,"Charter Review Commission – Apr 02, 2024",Charter Review Commission,dallas-tx-charter-review-commission
76869ed1994f,189fcb190f9b5e1c,202818,"Mobility Solutions, Infrastructure and Sustainability Committee – Jun 10, 2019","Mobility Solutions, Infrastructure and Sustainability Committee",dallas-tx-mobility-solutions-infrastructure-and-sustainability-committee
76869ed1994f,18dee167ce70d218,233039,"2024 Bond ECO, HOU, OHS Meeting – May 25, 2023","2024 Bond ECO, HOU, OHS Meeting",dallas-tx-bond-program-meetings
76869ed1994f,191a8aa809998600,205526,"Housing Policy Public Input Virtual Meeting Topic 4 of 4 – Feb 23, 2018",Housing Policy Public Input Virtual Meeting Topic 4 of 4,dallas-tx-public-info-meetings
76869ed1994f,19583c02abe3bda3,202381,"Ad Hoc Committee on General Investigating and Ethics – Oct 14, 2021",Ad Hoc Committee on General Investigating and Ethics,dallas-tx-ad-hoc-committee-on-general-investigating-and-ethics
76869ed1994f,195a36caad052883,202786,"Mobility Solutions, Infrastructure and Sustainability Committee – Aug 28, 2017","Mobility Solutions, Infrastructure and Sustainability Committee",dallas-tx-mobility-solutions-infrastructure-and-sustainability-committee
76869ed1994f,198eb99782d5bf54,203187,"Virtual Town Hall Meetings – Aug 19, 2019",Virtual Town Hall Meetings,dallas-tx-public-info-meetings
76869ed1994f,19d6edbb11a0cfe1,202812,"Mobility Solutions, Infrastructure and Sustainability Committee – Jan 28, 2019","Mobility Solutions, Infrastructure and Sustainability Committee",dallas-tx-mobility-solutions-infrastructure-and-sustainability-committee
76869ed1994f,1a16b64310e99d70,268088,"2024 Bond Program: Allocation Discussion – Jul 31, 2023",2024 Bond Program: Allocation Discussion,dallas-tx-bond-program-meetings
76869ed1994f,1b928e73c18c7473,202759,"Human & Social Needs Committee – Apr 02, 2018",Human & Social Needs Committee,dallas-tx-human-social-needs-committee
76869ed1994f,1bb880d5acecb8d6,313160,"Ad Hoc Committee on Pensions – Aug 22, 2024",Ad Hoc Committee on Pensions,dallas-tx-ad-hoc-committee-on-pensions
76869ed1994f,1bd172ee2da47621,203265,"Youth Commission – Oct 09, 2018",Youth Commission,dallas-tx-youth-commission
76869ed1994f,1d18c34defc9de12,336466,"Workforce-Education and Equity – Mar 04, 2025",Workforce-Education and Equity,dallas-tx-council-committee-on-government-efficiency
76869ed1994f,1dda04b8d9b35454,203245,"Youth Commission – Aug 09, 2016",Youth Commission,dallas-tx-youth-commission
76869ed1994f,1e774395fae13b66,203624,"Charter Review Commission: Community Meeting – Feb 15, 2014",Charter Review Commission: Community Meeting,dallas-tx-public-info-meetings
76869ed1994f,1f1f14cb45227996,203155,"Budget Virtual Town Hall Meeting – Aug 13, 2015",Budget Virtual Town Hall Meeting,dallas-tx-public-info-meetings
76869ed1994f,201b45a16dd415e5,201684,"TELE Town Hall Meetings District 9 – Aug 23, 2022",TELE Town Hall Meetings District 9,dallas-tx-public-info-meetings
76869ed1994f,203bb984655b6c77,202753,"Human & Social Needs Committee – Nov 06, 2017",Human & Social Needs Committee,dallas-tx-human-social-needs-committee
76869ed1994f,20984ddcc5634df0,203214,"Workforce, Education and Equity – Nov 09, 2020","Workforce, Education and Equity",dallas-tx-council-committee-on-government-efficiency
76869ed1994f,2115db89afa6d81b,203270,"Youth Commission – Apr 09, 2019",Youth Commission,dallas-tx-youth-commission
76869ed1994f,212518bfc7d999e6,295803,"Dallas Area Partnership to End and Prevent Homelessness Local Government Corporation – Jan 04, 2024",Dallas Area Partnership to End and Prevent Homelessness Local Government Corporation,dallas-tx-dallas-area-partnership
76869ed1994f,2208bbc7f509d599,203147,"Virtual Town Hall Meeting - District 4 – Aug 18, 2014",Virtual Town Hall Meeting - District 4,dallas-tx-public-info-meetings
76869ed1994f,22a3e26ffd01024b,385213,"Ad Hoc Committee on Legislative Affairs – May 05, 2026",Ad Hoc Committee on Legislative Affairs,dallas-tx-ad-hoc-committee-on-legislative-affairs
76869ed1994f,22c800395df69866,300958,"Charter Review Commission – Mar 26, 2024",Charter Review Commission,dallas-tx-charter-review-commission
76869ed1994f,22d5aa2e6d02e3db,202357,"Council Ad Hoc Committee on COVID-19 Recovery and Assistance – Jun 25, 2020",Council Ad Hoc Committee on COVID-19 Recovery and Assistance,dallas-tx-ad-hoc-committee-on-covid-19-recovery-assistance
76869ed1994f,22d5aa2e6d02e3db,202357,"Council Ad Hoc Committee on COVID-19 Recovery and Assistance – Jun 25, 2020",Council Ad Hoc Committee on COVID-19 Recovery and Assistance,dallas-tx-council-ad-hoc-committee-on-covid-19-recovery-and-assistance
76869ed1994f,22f39b14f39bc82c,202378,"Ad Hoc Committee on COVID-19 Recovery and Assistance – Aug 12, 2021",Ad Hoc Committee on COVID-19 Recovery and Assistance,dallas-tx-ad-hoc-committee-on-covid-19-recovery-assistance
76869ed1994f,233479aed6308cbe,201683,"TELE Town Hall Meetings District 8 – Aug 18, 2022",TELE Town Hall Meetings District 8,dallas-tx-public-info-meetings
76869ed1994f,23ac209c99c5f48a,202394,"Ad Hoc Committee on COVID-19 Recovery & Assistance – Mar 03, 2022",Ad Hoc Committee on COVID-19 Recovery & Assistance,dallas-tx-ad-hoc-committee-on-covid-19-recovery-assistance
76869ed1994f,2479269148232c5a,230445,"Ad Hoc City Council Canvassing Committee – May 17, 2023",Ad Hoc City Council Canvassing Committee,dallas-tx-ad-hoc-city-council-canvassing-committee
76869ed1994f,256993ff3ffeca30,202342,"Council Ad Hoc Committee on COVID-19 Human and Social Recovery and Assistance – Apr 02, 2020",Council Ad Hoc Committee on COVID-19 Human and Social Recovery and Assistance,dallas-tx-council-ad-hoc-committee-on-covid-19-human-and-social-recovery-and-assistance
76869ed1994f,25a330239c9b7b1c,203167,"Budget Virtual Town Hall Meeting – Aug 18, 2016",Budget Virtual Town Hall Meeting,dallas-tx-public-info-meetings
76869ed1994f,268a0d7dd05bfcf3,269031,"Dallas Area Partnership – Jun 29, 2023",Dallas Area Partnership,dallas-tx-dallas-area-partnership
76869ed1994f,272e226232f2667a,202771,"Human & Social Needs Committee – Dec 03, 2018",Human & Social Needs Committee,dallas-tx-human-social-needs-committee
76869ed1994f,284c357f6ff6ab5b,203193,"District 8 Virtual Town Hall Meetings – Aug 13, 2020",District 8 Virtual Town Hall Meetings,dallas-tx-public-info-meetings
76869ed1994f,2909a983721a0eec,344507,"Workforce-Education and Equity – Jun 03, 2025",Workforce-Education and Equity,dallas-tx-council-committee-on-government-efficiency
76869ed1994f,29b25f814a90b8dc,202383,"Ad Hoc Committee on General Investigating and Ethics – Oct 21, 2021",Ad Hoc Committee on General Investigating and Ethics,dallas-tx-ad-hoc-committee-on-general-investigating-and-ethics
76869ed1994f,2a01c8b1ca6826c5,276737,"Charter Review Commission – Oct 12, 2023",Charter Review Commission,dallas-tx-charter-review-commission
76869ed1994f,2a62759e78fcd117,202327,"Legislative Ad Hoc Committee – May 07, 2018",Legislative Ad Hoc Committee,dallas-tx-legislative-ad-hoc-committee
76869ed1994f,2aa55471b96819d0,202389,"Ad Hoc Committee on General Investigating and Ethics – Dec 02, 2021",Ad Hoc Committee on General Investigating and Ethics,dallas-tx-ad-hoc-committee-on-general-investigating-and-ethics
76869ed1994f,2ab2f53d1b027bab,202312,"Legislative AD HOC Committee – Sep 22, 2014",Legislative AD HOC Committee,dallas-tx-legislative-ad-hoc-committee
76869ed1994f,2b172a76868ad86c,259821,"2024 Capital Bond Streets and Transportation Meeting – Jun 13, 2023",2024 Capital Bond Streets and Transportation Meeting,dallas-tx-bond-program-meetings
76869ed1994f,2bc4c440c974dba8,233032,"2024 Capital Bond Streets and Transportation Meeting – May 25, 2023",2024 Capital Bond Streets and Transportation Meeting,dallas-tx-bond-program-meetings
76869ed1994f,2bfb5579e1b8b438,202341,"Council Ad Hoc Committee on COVID-19 Economic Recovery and Assistance – Mar 31, 2020",Council Ad Hoc Committee on COVID-19 Economic Recovery and Assistance,dallas-tx-council-ad-hoc-committee-on-covid-19-economic-recovery-and-assistance
76869ed1994f,2d0564851f19ba71,202760,"Human & Social Needs Committee – Apr 16, 2018",Human & Social Needs Committee,dallas-tx-human-social-needs-committee
76869ed1994f,2d2bc233efd9bf97,269407,"2024 Capital Bond Streets and Transportation Subcommittee Meeting – Aug 10, 2023",2024 Capital Bond Streets and Transportation Subcommittee Meeting,dallas-tx-bond-program-meetings
76869ed1994f,2d70fdbaa7f47a88,203191,"Virtual Town Hall Meetings – Aug 28, 2019",Virtual Town Hall Meetings,dallas-tx-public-info-meetings
76869ed1994f,2facd740dcb49ea0,202382,"Ad Hoc Judicial Nominating Committee – Oct 18, 2021",Ad Hoc Judicial Nominating Committee,dallas-tx-ad-hoc-judicial-nominating-committee
76869ed1994f,301bf72c0a6edbe6,204060,"Commission on Homelessness – Jun 20, 2016",Commission on Homelessness,dallas-tx-commission-on-homelessness
76869ed1994f,3140a4074aada388,202316,"Legislative Ad Hoc Committee – Sep 12, 2016",Legislative Ad Hoc Committee,dallas-tx-legislative-ad-hoc-committee
76869ed1994f,330a713d0df8273b,208138,"Workforce-Education and Equity – Feb 13, 2023",Workforce-Education and Equity,dallas-tx-council-committee-on-government-efficiency
76869ed1994f,338f1387db39f9ae,342729,"Ad Hoc City Council Canvassing Committee – May 14, 2025",Ad Hoc City Council Canvassing Committee,dallas-tx-ad-hoc-city-council-canvassing-committee
76869ed1994f,33bf7d8ddf7d7d53,203268,"Youth Commission – Feb 12, 2019",Youth Commission,dallas-tx-youth-commission
76869ed1994f,33ce1619210b1599,203154,"Budget Virtual Town Hall Meeting – Aug 11, 2015",Budget Virtual Town Hall Meeting,dallas-tx-public-info-meetings
76869ed1994f,344d66b651085cd4,202774,"Human & Social Needs Committee – Mar 18, 2019",Human & Social Needs Committee,dallas-tx-human-social-needs-committee
76869ed1994f,34552834e39c8539,307396,"Workforce-Education and Equity – Jun 10, 2024",Workforce-Education and Equity,dallas-tx-council-committee-on-government-efficiency
76869ed1994f,3468f64a74ef0f03,202810,"Mobility Solutions, Infrastructure and Sustainability Committee – Dec 10, 2018","Mobility Solutions, Infrastructure and Sustainability Committee",dallas-tx-mobility-solutions-infrastructure-and-sustainability-committee
76869ed1994f,34887acb2bfc3786,203276,"Youth Commission – Dec 10, 2019",Youth Commission,dallas-tx-youth-commission
76869ed1994f,34db2abe446959c8,277833,"2024 Bond Critical Facilities Subcommittee Meeting – Oct 30, 2023",2024 Bond Critical Facilities Subcommittee Meeting,dallas-tx-2024-bond-critical-facilities-subcommittee
76869ed1994f,34db3c03c73fffff,203160,"Budget Virtual Town Hall Meeting – Aug 25, 2015",Budget Virtual Town Hall Meeting,dallas-tx-public-info-meetings
76869ed1994f,34e86bce9c659b7a,203222,"Workforce-Education and Equity – Jun 07, 2021",Workforce-Education and Equity,dallas-tx-council-committee-on-government-efficiency
76869ed1994f,34fd38285132aad6,203289,"Youth Commission – Oct 12, 2021",Youth Commission,dallas-tx-youth-commission
76869ed1994f,3502064f89eb5105,205523,"Housing Policy Public Input Virtual Meeting Topic 3 of 4 – Feb 15, 2018",Housing Policy Public Input Virtual Meeting Topic 3 of 4,dallas-tx-public-info-meetings
76869ed1994f,35a39c4954ad4413,247976,"Urban Design Peer Review – Jun 23, 2023",Urban Design Peer Review,dallas-tx-urban-design-peer-review-board
76869ed1994f,36046d10544948be,203227,"Workforce-Education and Equity – Dec 13, 2021",Workforce-Education and Equity,dallas-tx-council-committee-on-government-efficiency
76869ed1994f,368c291a1f9e0cc9,202352,"Council Ad Hoc Committee on COVID-19 Economic Recovery and Assistance – May 12, 2020",Council Ad Hoc Committee on COVID-19 Economic Recovery and Assistance,dallas-tx-council-ad-hoc-committee-on-covid-19-economic-recovery-and-assistance
76869ed1994f,3731fee42cc7f297,205555,"Mayor's Press Conference – Sep 16, 2020",Mayor's Press Conference,dallas-tx-public-info-meetings
76869ed1994f,3734990b1400c5ae,203212,"Workforce, Education and Equity – Aug 10, 2020","Workforce, Education and Equity",dallas-tx-council-committee-on-government-efficiency
76869ed1994f,385eaa4b1a73fda4,203149,"Dallas Virtual Town Hall Meeting - District 4 – Aug 20, 2014",Dallas Virtual Town Hall Meeting - District 4,dallas-tx-public-info-meetings
76869ed1994f,388643150be97a33,203230,"Workforce-Education and Equity – Mar 08, 2022",Workforce-Education and Equity,dallas-tx-council-committee-on-government-efficiency
76869ed1994f,389178a873ae5b7d,233061,"Workforce-Education and Equity – Jun 05, 2023",Workforce-Education and Equity,dallas-tx-council-committee-on-government-efficiency
76869ed1994f,38d57c2ae015044d,270972,"2024 Bond Critical Facilities Subcommittee – Aug 22, 2023",2024 Bond Critical Facilities Subcommittee,dallas-tx-2024-bond-critical-facilities-subcommittee
76869ed1994f,3948fd7b886489fe,202369,"Ad Hoc Committee on COVID-19 Recovery and Assistance – Jan 14, 2021",Ad Hoc Committee on COVID-19 Recovery and Assistance,dallas-tx-ad-hoc-committee-on-covid-19-recovery-assistance
76869ed1994f,3972a4c607d3abbc,375185,"Ad Hoc Committee on General Investigating and Ethics – Feb 13, 2026",Ad Hoc Committee on General Investigating and Ethics,dallas-tx-ad-hoc-committee-on-general-investigating-and-ethics
76869ed1994f,39e360e028391858,203274,"Youth Commission – Oct 08, 2019",Youth Commission,dallas-tx-youth-commission
76869ed1994f,3a337b9f8539b988,205558,"State of City Address – Dec 08, 2020",State of City Address,dallas-tx-public-info-meetings
76869ed1994f,3a976a782d1381d3,202808,"Mobility Solutions, Infrastructure and Sustainability Committee – Nov 12, 2018","Mobility Solutions, Infrastructure and Sustainability Committee",dallas-tx-mobility-solutions-infrastructure-and-sustainability-committee
76869ed1994f,3b6f3b03b4cb001d,202379,"Ad Hoc Committee on General Investigating and Ethics – Sep 10, 2021",Ad Hoc Committee on General Investigating and Ethics,dallas-tx-ad-hoc-committee-on-general-investigating-and-ethics
76869ed1994f,3bdb0d5939ce18ca,202315,"AD HOC Judicial Nominating Committees – Mar 01, 2016",AD HOC Judicial Nominating Committees,dallas-tx-ad-hoc-judicial-nominating-committee
76869ed1994f,3d5c45fbf0c77a2a,203239,"Workforce-Education and Equity – Dec 12, 2022",Workforce-Education and Equity,dallas-tx-council-committee-on-government-efficiency
76869ed1994f,3d88dabec78afc6d,202792,"Mobility Solutions, Infrastructure and Sustainability Committee – Dec 11, 2017","Mobility Solutions, Infrastructure and Sustainability Committee",dallas-tx-mobility-solutions-infrastructure-and-sustainability-committee
76869ed1994f,3e6f5153366a5c24,203267,"Youth Commission – Jan 04, 2019",Youth Commission,dallas-tx-youth-commission
76869ed1994f,3e75e9c238077933,203833,"CPC Bus Tour – Aug 18, 2022",CPC Bus Tour,dallas-tx-city-planning-commission
76869ed1994f,3ef143cf326ce654,202399,"Legislative Ad Hoc Committee – Aug 02, 2022",Legislative Ad Hoc Committee,dallas-tx-legislative-ad-hoc-committee
76869ed1994f,3efa7e89d48f8157,202392,"Ad Hoc Committee on General Investigating and Ethics – Feb 15, 2022",Ad Hoc Committee on General Investigating and Ethics,dallas-tx-ad-hoc-committee-on-general-investigating-and-ethics
76869ed1994f,3f4ad7c2dd66727f,202374,"Ad Hoc Committee on COVID-19 Recovery and Assistance – May 06, 2021",Ad Hoc Committee on COVID-19 Recovery and Assistance,dallas-tx-ad-hoc-committee-on-covid-19-recovery-assistance
76869ed1994f,3fae4e7d8b3ebad9,203231,"Workforce-Education and Equity – Apr 11, 2022",Workforce-Education and Equity,dallas-tx-council-committee-on-government-efficiency
76869ed1994f,3fb6fa40c9535495,202338,"Council Ad Hoc Committee on COVID-19 Human and Social Recovery and Assistance – Mar 22, 2020",Council Ad Hoc Committee on COVID-19 Human and Social Recovery and Assistance,dallas-tx-council-ad-hoc-committee-on-covid-19-human-and-social-recovery-and-assistance
76869ed1994f,3fc0f25ddfb4103f,203993,"Dallas Area Partnership to End and Prevent Homelessness Local Government Corporation – Jan 19, 2018",Dallas Area Partnership to End and Prevent Homelessness Local Government Corporation,dallas-tx-dallas-area-partnership
76869ed1994f,405cdc7bae901827,203199,"District 3 Virtual Town Hall Meetings – Aug 25, 2020",District 3 Virtual Town Hall Meetings,dallas-tx-public-info-meetings
76869ed1994f,414bc1d7e907166f,205497,"Joint Dallas Ebola Update News Conference – Oct 02, 2014",Joint Dallas Ebola Update News Conference,dallas-tx-public-info-meetings
76869ed1994f,418209eeb7f26a3a,272776,"Ad Hoc Committee on Legislative Affairs – Sep 28, 2023",Ad Hoc Committee on Legislative Affairs,dallas-tx-ad-hoc-committee-on-legislative-affairs
76869ed1994f,41841939f00f5cc3,203286,"Youth Commission – May 18, 2021",Youth Commission,dallas-tx-youth-commission
76869ed1994f,41ac27c1f67f099f,298955,"Charter Review Commission – Mar 04, 2024",Charter Review Commission,dallas-tx-charter-review-commission
76869ed1994f,4266625703002805,203251,"Youth Commission – Apr 11, 2017",Youth Commission,dallas-tx-youth-commission
76869ed1994f,4277a01a4662045a,203288,"Youth Commission – Sep 30, 2021",Youth Commission,dallas-tx-youth-commission
76869ed1994f,427b4f7de9ec3a32,269609,"2024 Capital Bond Streets & Transportation Subcommittee Meeting – Aug 15, 2023",2024 Capital Bond Streets & Transportation Subcommittee Meeting,dallas-tx-bond-program-meetings
76869ed1994f,4285558574f63802,230797,"2024 Bond Critical Facilities Meeting – May 11, 2023",2024 Bond Critical Facilities Meeting,dallas-tx-bond-program-meetings
76869ed1994f,429439e283fc3102,202764,"Human & Social Needs Committee – Jun 18, 2018",Human & Social Needs Committee,dallas-tx-human-social-needs-committee
76869ed1994f,43505f11c5499e60,202345,"Council Ad Hoc Committee on COVID-19 Economic Recovery and Assistance – Apr 14, 2020",Council Ad Hoc Committee on COVID-19 Economic Recovery and Assistance,dallas-tx-council-ad-hoc-committee-on-covid-19-economic-recovery-and-assistance
76869ed1994f,442f31413d3e4a3d,202773,"Human & Social Needs Committee – Feb 04, 2019",Human & Social Needs Committee,dallas-tx-human-social-needs-committee
76869ed1994f,44f968dd0f074530,202348,"Council Ad Hoc Committee on COVID-19 Economic Recovery and Assistance – Apr 28, 2020",Council Ad Hoc Committee on COVID-19 Economic Recovery and Assistance,dallas-tx-council-ad-hoc-committee-on-covid-19-economic-recovery-and-assistance
76869ed1994f,452a458eda8e4c84,273421,"2024 Bond Program Special Called Park and Trails Subcommittee Meeting – Sep 12, 2023",2024 Bond Program Special Called Park and Trails Subcommittee Meeting,dallas-tx-bond-program-meetings
76869ed1994f,46092cbebfc9f46d,202398,"Ad Hoc Committee on General Investigating and Ethics – Jun 14, 2022",Ad Hoc Committee on General Investigating and Ethics,dallas-tx-ad-hoc-committee-on-general-investigating-and-ethics
76869ed1994f,471b177553b7748e,233029,"2024 Bond Flood Control & Storm Drainage Meeting – May 25, 2023",2024 Bond Flood Control & Storm Drainage Meeting,dallas-tx-2024-bond-flood-subcommittee
76869ed1994f,473ea154522b1906,203259,"Youth Commission – Jan 09, 2018",Youth Commission,dallas-tx-youth-commission
76869ed1994f,486ea74833afb3b3,202396,"Ad Hoc Judicial Nominating Committee – May 26, 2022",Ad Hoc Judicial Nominating Committee,dallas-tx-ad-hoc-judicial-nominating-committee
76869ed1994f,487d1ca5fd54e105,203275,"Youth Commission – Nov 12, 2019",Youth Commission,dallas-tx-youth-commission
76869ed1994f,4a5de666b59a7a7e,205516,"Mayor's Task Force on Confederate Monuments – Sep 22, 2017",Mayor's Task Force on Confederate Monuments,dallas-tx-mayor-s-task-force-on-confederate-monuments
76869ed1994f,4a6488cbd9d20e1f,205572,"Forward Dallas Neighborhood Summit Press Conference – Aug 28, 2021",Forward Dallas Neighborhood Summit Press Conference,dallas-tx-public-info-meetings
76869ed1994f,4b54f3449990cc52,203208,"Workforce, Education and Equity – Mar 03, 2020","Workforce, Education and Equity",dallas-tx-council-committee-on-government-efficiency
76869ed1994f,4bac8c58b0911f2e,205490,"Conversations About Race – Sep 21, 2013",Conversations About Race,dallas-tx-public-info-meetings
76869ed1994f,4bda072ba3e0ac04,345780,"Ad Hoc City Council Canvassing Committee – Jun 16, 2025",Ad Hoc City Council Canvassing Committee,dallas-tx-ad-hoc-city-council-canvassing-committee
76869ed1994f,4bfe151fd242dee2,202395,"Ad Hoc Committee on COVID-19 Recovery & Assistance – Apr 28, 2022",Ad Hoc Committee on COVID-19 Recovery & Assistance,dallas-tx-ad-hoc-committee-on-covid-19-recovery-assistance
76869ed1994f,4c1363995d4e7810,202747,"Human & Social Needs Committee – Aug 10, 2017",Human & Social Needs Committee,dallas-tx-human-social-needs-committee
76869ed1994f,4c449ed74587d04f,202779,"Human & Social Needs Committee – Jun 03, 2019",Human & Social Needs Committee,dallas-tx-human-social-needs-committee
76869ed1994f,4d6f97a82eeb028d,202791,"Mobility Solutions, Infrastructure and Sustainability Committee – Nov 13, 2017","Mobility Solutions, Infrastructure and Sustainability Committee",dallas-tx-mobility-solutions-infrastructure-and-sustainability-committee
76869ed1994f,4dcaf76820456975,203623,"Charter Review Commission – Feb 18, 2014",Charter Review Commission,dallas-tx-charter-review-commission
76869ed1994f,4e096fc241bf6b3f,203224,"Workforce-Education and Equity – Sep 13, 2021",Workforce-Education and Equity,dallas-tx-council-committee-on-government-efficiency
76869ed1994f,4e1fc680965c6912,389073,"Ad Hoc Committee on Judicial Nominations – May 26, 2026",Ad Hoc Committee on Judicial Nominations,dallas-tx-ad-hoc-judicial-nominating-committee
76869ed1994f,4e63f073a539c02d,203194,"Districts 2 and 6 Virtual Town Hall Meetings – Aug 17, 2020",Districts 2 and 6 Virtual Town Hall Meetings,dallas-tx-public-info-meetings
76869ed1994f,4e766c3cf9570523,203284,"Youth Commission – Mar 09, 2021",Youth Commission,dallas-tx-youth-commission
76869ed1994f,4e972ab535a3266e,202785,"Mobility Solutions, Infrastructure and Sustainability Committee – Aug 14, 2017","Mobility Solutions, Infrastructure and Sustainability Committee",dallas-tx-mobility-solutions-infrastructure-and-sustainability-committee
76869ed1994f,4ef6b8234bc8cb9c,395780,"Council Workshop – Aug 11, 2026",Council Workshop,dallas-tx-city-council
76869ed1994f,4f11a8779a794840,202806,"Mobility Solutions, Infrastructure and Sustainability Committee – Oct 08, 2018","Mobility Solutions, Infrastructure and Sustainability Committee",dallas-tx-mobility-solutions-infrastructure-and-sustainability-committee
76869ed1994f,4f32b3d9b4c3aea4,271132,"Workforce-Education and Equity – Sep 11, 2023",Workforce-Education and Equity,dallas-tx-council-committee-on-government-efficiency
76869ed1994f,4f803ee5d8db3d70,203178,"Virtual Town Hall Meetings – Aug 18, 2018",Virtual Town Hall Meetings,dallas-tx-public-info-meetings
76869ed1994f,4f9bf6331fce5d6a,205565,"Neighborhood Public Meeting for FY 2021-22 Consolidated Plan Budget – Jan 07, 2021",Neighborhood Public Meeting for FY 2021-22 Consolidated Plan Budget,dallas-tx-public-info-meetings
76869ed1994f,519f287da448edfd,204051,"Dallas Area Partnership to End and Prevent Homelessness Local Government Corporation – Feb 16, 2018",Dallas Area Partnership to End and Prevent Homelessness Local Government Corporation,dallas-tx-dallas-area-partnership
76869ed1994f,51be5d231bb36c86,205562,"News Conference – Dec 28, 2020",News Conference,dallas-tx-public-info-meetings
76869ed1994f,52a525639f8208c1,203329,"Dallas Area Partnership to End and Prevent Homelessness Local Government Corporation – Oct 06, 2022",Dallas Area Partnership to End and Prevent Homelessness Local Government Corporation,dallas-tx-dallas-area-partnership
76869ed1994f,52fb8d35bdd6cf29,277054,"2024 Capital Bond Meeting Spanish – Oct 18, 2023",2024 Capital Bond Meeting Spanish,dallas-tx-bond-program-meetings
76869ed1994f,539e25ed8c567da9,202816,"Mobility Solutions, Infrastructure and Sustainability Committee – Apr 22, 2019","Mobility Solutions, Infrastructure and Sustainability Committee",dallas-tx-mobility-solutions-infrastructure-and-sustainability-committee
76869ed1994f,548d205e7577074e,203145,"Virtual Town Hall Meeting – Aug 27, 2013",Virtual Town Hall Meeting,dallas-tx-public-info-meetings
76869ed1994f,548df86d8b562831,202353,"Council Ad Hoc Committee on COVID-19 Human and Social Recovery and Assistance – May 14, 2020",Council Ad Hoc Committee on COVID-19 Human and Social Recovery and Assistance,dallas-tx-council-ad-hoc-committee-on-covid-19-human-and-social-recovery-and-assistance
76869ed1994f,55065fd5e91eab06,202794,"Mobility Solutions, Infrastructure and Sustainability Committee – Jan 22, 2018","Mobility Solutions, Infrastructure and Sustainability Committee",dallas-tx-mobility-solutions-infrastructure-and-sustainability-committee
76869ed1994f,5587b6105ad6cb1d,304117,"Ad Hoc Committee on General Investigating and Ethics – May 02, 2024",Ad Hoc Committee on General Investigating and Ethics,dallas-tx-ad-hoc-committee-on-general-investigating-and-ethics
76869ed1994f,55a32612e0e27504,204042,"Commission on Homelessness – May 24, 2016",Commission on Homelessness,dallas-tx-commission-on-homelessness
76869ed1994f,55aa0c10350dcfe0,202787,"Mobility Solutions, Infrastructure and Sustainability Committee – Sep 11, 2017","Mobility Solutions, Infrastructure and Sustainability Committee",dallas-tx-mobility-solutions-infrastructure-and-sustainability-committee
76869ed1994f,55d1d2e98461c212,259832,"2024 Bond Flood Control & Storm Drainage Meeting – Jun 13, 2023",2024 Bond Flood Control & Storm Drainage Meeting,dallas-tx-2024-bond-flood-subcommittee
76869ed1994f,58211d70a270983b,202815,"Mobility Solutions, Infrastructure and Sustainability Committee – Apr 08, 2019","Mobility Solutions, Infrastructure and Sustainability Committee",dallas-tx-mobility-solutions-infrastructure-and-sustainability-committee
76869ed1994f,586a196a8a55abe5,342292,"Workforce-Education and Equity – May 12, 2025",Workforce-Education and Equity,dallas-tx-council-committee-on-government-efficiency
76869ed1994f,598d7479a76f3244,202393,"Ad Hoc Committee on General Investigating and Ethics – Mar 01, 2022",Ad Hoc Committee on General Investigating and Ethics,dallas-tx-ad-hoc-committee-on-general-investigating-and-ethics
76869ed1994f,59909f0f6d3dfb92,205550,"CM West News Conference – Aug 06, 2020",CM West News Conference,dallas-tx-public-info-meetings
76869ed1994f,59980ba412b92a7e,202371,"Ad Hoc Committee on COVID-19 Recovery and Assistance – Feb 11, 2021",Ad Hoc Committee on COVID-19 Recovery and Assistance,dallas-tx-ad-hoc-committee-on-covid-19-recovery-assistance
76869ed1994f,5a18297c795b0061,205525,"City Manager T.C. Broadnax Presentation – Feb 22, 2018",City Manager T.C. Broadnax Presentation,dallas-tx-public-info-meetings
76869ed1994f,5ad423aaff2fc33c,202337,"Legislative Ad Hoc Committee – Mar 05, 2020",Legislative Ad Hoc Committee,dallas-tx-legislative-ad-hoc-committee
76869ed1994f,5b74e57ed2513722,202370,"Legislative Ad Hoc Committee – Feb 01, 2021",Legislative Ad Hoc Committee,dallas-tx-legislative-ad-hoc-committee
76869ed1994f,5bad329bb6fdf5d3,298991,"Workforce-Education and Equity – Mar 05, 2024",Workforce-Education and Equity,dallas-tx-council-committee-on-government-efficiency
76869ed1994f,5da8a46b27668972,202388,"Ad Hoc Judicial Nominating Committee – Nov 22, 2021",Ad Hoc Judicial Nominating Committee,dallas-tx-ad-hoc-judicial-nominating-committee
76869ed1994f,5daceec3ad2f3ae7,202756,"Human & Social Needs Committee – Feb 05, 2018",Human & Social Needs Committee,dallas-tx-human-social-needs-committee
76869ed1994f,5e7bb28e02a19175,203418,"Automated Red Light Commission – Aug 08, 2017",Automated Red Light Commission,dallas-tx-automated-red-light-commission
76869ed1994f,5e9fdb6ff9e8ef68,202453,"Citizens Bond Task Force: Town Hall Meeting – May 27, 2017",Citizens Bond Task Force: Town Hall Meeting,dallas-tx-bond-program-meetings
76869ed1994f,5f10334442a89395,203308,"Automated Red Light  Commission – Jan 23, 2018",Automated Red Light  Commission,dallas-tx-automated-red-light-commission
76869ed1994f,5f4be4d649eb7080,203249,"Youth Commission – Jan 10, 2017",Youth Commission,dallas-tx-youth-commission
76869ed1994f,5f87c7b4befc4251,203226,"Workforce-Education and Equity – Nov 08, 2021",Workforce-Education and Equity,dallas-tx-council-committee-on-government-efficiency
76869ed1994f,604c6b8f3999ca59,203253,"Youth Commission – Jun 13, 2017",Youth Commission,dallas-tx-youth-commission
76869ed1994f,6066622d6cc2267e,203162,"Budget Virtual Town Hall Meeting – Aug 31, 2015",Budget Virtual Town Hall Meeting,dallas-tx-public-info-meetings
76869ed1994f,6098e769af837e54,203264,"Youth Commission – Sep 11, 2018",Youth Commission,dallas-tx-youth-commission
76869ed1994f,632ad35858cc2a26,319282,"Workforce-Education and Equity – Nov 05, 2024",Workforce-Education and Equity,dallas-tx-council-committee-on-government-efficiency
76869ed1994f,640ca8d3d02eea23,203181,"Virtual Town Hall Meetings – Aug 27, 2018",Virtual Town Hall Meetings,dallas-tx-public-info-meetings
76869ed1994f,644d3368c96f0b6e,307056,"Ad Hoc Judicial Nominating Committee – Jun 04, 2024",Ad Hoc Judicial Nominating Committee,dallas-tx-ad-hoc-judicial-nominating-committee
76869ed1994f,64e32ed824970345,280433,"Charter Review Commission – Nov 07, 2023",Charter Review Commission,dallas-tx-charter-review-commission
76869ed1994f,65119802bba6a41f,203272,"Youth Commission – Jun 11, 2019",Youth Commission,dallas-tx-youth-commission
76869ed1994f,655fccca48b12c30,203637,"Charter Review Commission – Apr 29, 2014",Charter Review Commission,dallas-tx-charter-review-commission
76869ed1994f,659577b9a4133db8,285354,"Ad Hoc Committee on Legislative Affairs – Dec 11, 2023",Ad Hoc Committee on Legislative Affairs,dallas-tx-ad-hoc-committee-on-legislative-affairs
76869ed1994f,662f057532b083ef,270517,"Ad Hoc Committee on Legislative Affairs – Aug 30, 2023",Ad Hoc Committee on Legislative Affairs,dallas-tx-ad-hoc-committee-on-legislative-affairs
76869ed1994f,678f2942788d6666,203197,"District 7 Virtual Town Hall Meetings – Aug 22, 2020",District 7 Virtual Town Hall Meetings,dallas-tx-public-info-meetings
76869ed1994f,67d84eedbd0ea2f6,203166,"Budget Virtual Town Hall Meeting – Aug 17, 2016",Budget Virtual Town Hall Meeting,dallas-tx-public-info-meetings
76869ed1994f,67ee38e2cd8f62f3,296718,"Charter Review Commission – Feb 06, 2024",Charter Review Commission,dallas-tx-charter-review-commission
76869ed1994f,67f50cfeb99f6fed,203232,"Workforce-Education and Equity – May 09, 2022",Workforce-Education and Equity,dallas-tx-council-committee-on-government-efficiency
76869ed1994f,68806728dd8322e5,237215,"2024 Bond Parks and Trails Meeting – May 25, 2023",2024 Bond Parks and Trails Meeting,dallas-tx-bond-program-meetings
76869ed1994f,68c77c1d2654b10d,295687,"Charter Review Commission – Jan 23, 2024",Charter Review Commission,dallas-tx-charter-review-commission
76869ed1994f,68f626643b082daa,388852,"Joint Meeting of the Ad Hoc Committee on Pensions and the Finance Committee – May 21, 2026",Joint Meeting of the Ad Hoc Committee on Pensions and the Finance Committee,dallas-tx-ad-hoc-committee-on-pensions
76869ed1994f,6a684fdba539fb1f,203203,"District 4 Tele-Budget Town Hall Meeting – Aug 26, 2021",District 4 Tele-Budget Town Hall Meeting,dallas-tx-public-info-meetings
76869ed1994f,6b33a282c40421ad,203221,"Workforce-Education and Equity – May 10, 2021",Workforce-Education and Equity,dallas-tx-council-committee-on-government-efficiency
76869ed1994f,6b4dc16be58861fc,203636,"Charter Review Commission – Apr 22, 2014",Charter Review Commission,dallas-tx-charter-review-commission
76869ed1994f,6bc9f544fcd319bc,203165,"Budget Virtual Town Hall Meeting – Aug 16, 2016",Budget Virtual Town Hall Meeting,dallas-tx-public-info-meetings
76869ed1994f,6c23fd550fc164fe,202777,"Human & Social Needs Committee – May 06, 2019",Human & Social Needs Committee,dallas-tx-human-social-needs-committee
76869ed1994f,6c5e3832db53c3bf,237093,"Ad Hoc Committee on Legislative Affairs – Jun 12, 2023",Ad Hoc Committee on Legislative Affairs,dallas-tx-ad-hoc-committee-on-legislative-affairs
76869ed1994f,6c79651e09a01f6a,203421,"Automated Red Light Commission – Apr 30, 2019",Automated Red Light Commission,dallas-tx-automated-red-light-commission
76869ed1994f,6cbf82788ce42fa2,202748,"Human & Social Needs Committee – Aug 21, 2017",Human & Social Needs Committee,dallas-tx-human-social-needs-committee
76869ed1994f,6db25d1e41cef82d,203255,"Youth Commission – Sep 12, 2017",Youth Commission,dallas-tx-youth-commission
76869ed1994f,6fd6fc5338a5d85f,272231,"2024 Bond ECO, HOU, OHS Meeting – Aug 29, 2023","2024 Bond ECO, HOU, OHS Meeting",dallas-tx-bond-program-meetings
76869ed1994f,70d1a3726684643e,205515,"Mayor's Task Force on Confederate Monuments – Sep 15, 2017",Mayor's Task Force on Confederate Monuments,dallas-tx-mayor-s-task-force-on-confederate-monuments
76869ed1994f,710a0bca54c99b2b,205534,"Virtual Town Hall Meeting Citizen Homelessness Commission - Public Input – Jan 23, 2019",Virtual Town Hall Meeting Citizen Homelessness Commission - Public Input,dallas-tx-public-info-meetings
76869ed1994f,7267df641fcb50cd,203237,"Workforce-Education and Equity – Oct 11, 2022",Workforce-Education and Equity,dallas-tx-council-committee-on-government-efficiency
76869ed1994f,7290e0bbd45396fd,203236,"Workforce-Education and Equity – Sep 12, 2022",Workforce-Education and Equity,dallas-tx-council-committee-on-government-efficiency
76869ed1994f,72c404b9ae2b4a71,203142,"Virtual Town Hall Meeting – Aug 14, 2013",Virtual Town Hall Meeting,dallas-tx-public-info-meetings
76869ed1994f,7546c400a4673f73,205491,"Mayor's Press Conference – Oct 23, 2013",Mayor's Press Conference,dallas-tx-public-info-meetings
76869ed1994f,75d1e20b0b47cace,202313,"Legislative Ad HOC Committee – Sep 14, 2015",Legislative Ad HOC Committee,dallas-tx-legislative-ad-hoc-committee
76869ed1994f,760a429ae99206f8,203172,"Virtual Town Hall Meetings – Aug 15, 2017",Virtual Town Hall Meetings,dallas-tx-public-info-meetings
76869ed1994f,76a40cedeed514c5,203213,"Workforce, Education and Equity – Oct 12, 2020","Workforce, Education and Equity",dallas-tx-council-committee-on-government-efficiency
76869ed1994f,77527f61254c5e35,202363,"Council Ad Hoc Committee on COVID-19 Recovery and Assistance – Oct 15, 2020",Council Ad Hoc Committee on COVID-19 Recovery and Assistance,dallas-tx-ad-hoc-committee-on-covid-19-recovery-assistance
76869ed1994f,77527f61254c5e35,202363,"Council Ad Hoc Committee on COVID-19 Recovery and Assistance – Oct 15, 2020",Council Ad Hoc Committee on COVID-19 Recovery and Assistance,dallas-tx-council-ad-hoc-committee-on-covid-19-recovery-and-assistance
76869ed1994f,77ac70b43ab94401,203277,"Youth Commission – Jan 14, 2020",Youth Commission,dallas-tx-youth-commission
76869ed1994f,78173acda7f7efea,269613,"2024 Bond Task Force Streets and Transportation Subcommittee – Jul 17, 2023",2024 Bond Task Force Streets and Transportation Subcommittee,dallas-tx-bond-program-meetings
76869ed1994f,78c5c8fea0fa95a1,225661,"Ad Hoc Committee on General Investigating and Ethics – May 04, 2023",Ad Hoc Committee on General Investigating and Ethics,dallas-tx-ad-hoc-committee-on-general-investigating-and-ethics
76869ed1994f,78f31ffbbc1dd876,247908,"Mayor Back to School Press Conference – Jun 22, 2023",Mayor Back to School Press Conference,dallas-tx-public-info-meetings
76869ed1994f,79a4bfa75acf0fa9,322040,"Workforce-Education and Equity – Dec 09, 2024",Workforce-Education and Equity,dallas-tx-council-committee-on-government-efficiency
76869ed1994f,79d739d52540d539,202362,"Council Ad Hoc Committee on COVID-19 Recovery and Assistance – Oct 01, 2020",Council Ad Hoc Committee on COVID-19 Recovery and Assistance,dallas-tx-ad-hoc-committee-on-covid-19-recovery-assistance
76869ed1994f,79d739d52540d539,202362,"Council Ad Hoc Committee on COVID-19 Recovery and Assistance – Oct 01, 2020",Council Ad Hoc Committee on COVID-19 Recovery and Assistance,dallas-tx-council-ad-hoc-committee-on-covid-19-recovery-and-assistance
76869ed1994f,79e387048fbe5058,204062,"Commission on Homelessness – Jul 05, 2016",Commission on Homelessness,dallas-tx-commission-on-homelessness
76869ed1994f,7b68c131907378d4,202757,"Human & Social Needs Committee – Feb 20, 2018",Human & Social Needs Committee,dallas-tx-human-social-needs-committee
76869ed1994f,7cdd1a656728cd81,202766,"Human & Social Needs Committee – Aug 20, 2018",Human & Social Needs Committee,dallas-tx-human-social-needs-committee
76869ed1994f,7d3c883e69600528,348820,"Zoning Reform Meeting – Jun 26, 2025",Zoning Reform Meeting,dallas-tx-public-info-meetings
76869ed1994f,7df83afa7e0e8efa,202811,"Mobility Solutions, Infrastructure and Sustainability Committee – Jan 14, 2019","Mobility Solutions, Infrastructure and Sustainability Committee",dallas-tx-mobility-solutions-infrastructure-and-sustainability-committee
76869ed1994f,7e3189b8d1df2288,204046,"Commission on Homelessness – Jul 26, 2016",Commission on Homelessness,dallas-tx-commission-on-homelessness
76869ed1994f,7e99cc20d536e10c,205488,"Proposed Annual Budget for Fiscal Year 2013-2014 – Aug 12, 2013",Proposed Annual Budget for Fiscal Year 2013-2014,dallas-tx-public-info-meetings
76869ed1994f,7ebedc5f80b2d129,203417,"Automated Red Light Commission – Apr 18, 2017",Automated Red Light Commission,dallas-tx-automated-red-light-commission
76869ed1994f,80160facdab51d28,205553,"Mayor's Press Conference – Sep 02, 2020",Mayor's Press Conference,dallas-tx-public-info-meetings
76869ed1994f,8019458f0e0d03e3,230799,"2024 Bond Flood Control and Storm Drainage Meeting – May 11, 2023",2024 Bond Flood Control and Storm Drainage Meeting,dallas-tx-2024-bond-flood-subcommittee
76869ed1994f,80ae12b55b47111b,202755,"Human & Social Needs Committee – Jan 16, 2018",Human & Social Needs Committee,dallas-tx-human-social-needs-committee
76869ed1994f,80d6c00de74830bb,203223,"Workforce-Education and Equity – Aug 09, 2021",Workforce-Education and Equity,dallas-tx-council-committee-on-government-efficiency
76869ed1994f,810f98ba669c5d96,204049,"Commission on Homelessness – Oct 18, 2016",Commission on Homelessness,dallas-tx-commission-on-homelessness
76869ed1994f,8110314218eb7782,302531,"Charter Review Commission – Apr 11, 2024",Charter Review Commission,dallas-tx-charter-review-commission
76869ed1994f,81c01df195ab8bd7,203206,"Workforce, Education and Equity – Jan 13, 2020","Workforce, Education and Equity",dallas-tx-council-committee-on-government-efficiency
76869ed1994f,81e334d8c925b93e,306349,"Ad Hoc Committee on Legislative Affairs – May 28, 2024",Ad Hoc Committee on Legislative Affairs,dallas-tx-ad-hoc-committee-on-legislative-affairs
76869ed1994f,8245b3b974aa56a9,201679,"District 8 Tele-Budget Town Hall Meeting – Aug 19, 2021",District 8 Tele-Budget Town Hall Meeting,dallas-tx-public-info-meetings
76869ed1994f,8280ec97799c999e,269612,"2024 Bond Task Force Flood – Aug 15, 2023",2024 Bond Task Force Flood,dallas-tx-bond-program-meetings
76869ed1994f,82e2b3dc8fb8e8dd,280697,"Ad Hoc Committee on Pensions – Nov 09, 2023",Ad Hoc Committee on Pensions,dallas-tx-ad-hoc-committee-on-pensions
76869ed1994f,834f197eb779bbf8,201682,"TELE Town Hall Meetings District 1 & 6 – Aug 16, 2022",TELE Town Hall Meetings District 1 & 6,dallas-tx-public-info-meetings
76869ed1994f,8350cfc2680528a2,202377,"Legislative Ad Hoc Committee – Jun 10, 2021",Legislative Ad Hoc Committee,dallas-tx-legislative-ad-hoc-committee
76869ed1994f,838f8dd028c4183d,204050,"Dallas Area Partnership to End and Prevent Homelessness LGC – Nov 29, 2017",Dallas Area Partnership to End and Prevent Homelessness LGC,dallas-tx-dallas-area-partnership
76869ed1994f,85015855e8e792ca,202390,"Ad Hoc Committee on COVID-19 Recovery & Assistance – Jan 20, 2022",Ad Hoc Committee on COVID-19 Recovery & Assistance,dallas-tx-ad-hoc-committee-on-covid-19-recovery-assistance
76869ed1994f,851b00c7867d4fac,297939,"Charter Review Commission – Feb 20, 2024",Charter Review Commission,dallas-tx-charter-review-commission
76869ed1994f,857445a29b57a762,389800,"Ad Hoc Committee on General Investigating and Ethics – Jun 02, 2026",Ad Hoc Committee on General Investigating and Ethics,dallas-tx-ad-hoc-committee-on-general-investigating-and-ethics
76869ed1994f,8578348e702caf35,277830,"2024 Capital Bond Streets and Transportation Subcommittee Meeting – Oct 27, 2023",2024 Capital Bond Streets and Transportation Subcommittee Meeting,dallas-tx-bond-program-meetings
76869ed1994f,85bd9be7e6191095,202349,"Council Ad Hoc Committee on COVID-19 Human and Social Recovery and Assistance – Apr 30, 2020",Council Ad Hoc Committee on COVID-19 Human and Social Recovery and Assistance,dallas-tx-council-ad-hoc-committee-on-covid-19-human-and-social-recovery-and-assistance
76869ed1994f,866a7c7b95cf6fa1,202751,"Human & Social Needs Committee – Oct 02, 2017",Human & Social Needs Committee,dallas-tx-human-social-needs-committee
76869ed1994f,86d75c3c7e83c646,269055,"Ad Hoc Committee on Legislative Affairs – Aug 14, 2023",Ad Hoc Committee on Legislative Affairs,dallas-tx-ad-hoc-committee-on-legislative-affairs
76869ed1994f,874dcdcf3a6dae1b,202318,"AD HOC Judical Nominations Committee – Oct 18, 2016",AD HOC Judical Nominations Committee,dallas-tx-ad-hoc-judicial-nominating-committee
76869ed1994f,88c58f7092a3cdc8,399021,"City Council – Aug 25, 2026",City Council,dallas-tx-city-council
76869ed1994f,8918c251c163e46b,339881,"Workforce-Education and Equity – Apr 14, 2025",Workforce-Education and Equity,dallas-tx-council-committee-on-government-efficiency
76869ed1994f,89979ae1f1d197ae,294696,"Ad Hoc Committee on Pensions – Jan 11, 2024",Ad Hoc Committee on Pensions,dallas-tx-ad-hoc-committee-on-pensions
76869ed1994f,899b57698249440f,298867,"Special Called Joint Meeting of Economic Development and Workforce, Education, and Equity – Mar 04, 2024","Special Called Joint Meeting of Economic Development and Workforce, Education, and Equity",dallas-tx-council-committee-on-government-efficiency
76869ed1994f,89b74f1e27775b8e,203217,"Workforce, Education and Equity – Feb 08, 2021","Workforce, Education and Equity",dallas-tx-council-committee-on-government-efficiency
76869ed1994f,89e6c6192639ce38,205513,"Mayor's Task Force on Confederate Monuments – Aug 31, 2017",Mayor's Task Force on Confederate Monuments,dallas-tx-mayor-s-task-force-on-confederate-monuments
76869ed1994f,8bb8d2d793574cf8,203170,"Budget Virtual Town Hall Meeting – Sep 08, 2016",Budget Virtual Town Hall Meeting,dallas-tx-public-info-meetings
76869ed1994f,8be375d896c81a0f,320925,"Ad Hoc Judicial Nominating Committee – Nov 20, 2024",Ad Hoc Judicial Nominating Committee,dallas-tx-ad-hoc-judicial-nominating-committee
76869ed1994f,8c0f8201d9778e6a,204045,"Commission on Homelessness – Jul 20, 2016",Commission on Homelessness,dallas-tx-commission-on-homelessness
76869ed1994f,8c22d314a5b4ac82,304390,"Ad Hoc Committee on Legislative Affairs – May 07, 2024",Ad Hoc Committee on Legislative Affairs,dallas-tx-ad-hoc-committee-on-legislative-affairs
76869ed1994f,8c51a6e953b5d5cd,202802,"Mobility Solutions, Infrastructure and Sustainability Committee – Jun 25, 2018","Mobility Solutions, Infrastructure and Sustainability Committee",dallas-tx-mobility-solutions-infrastructure-and-sustainability-committee
76869ed1994f,8cba9a49f14540d0,203143,"Virtual Town Hall Meeting – Aug 15, 2013",Virtual Town Hall Meeting,dallas-tx-public-info-meetings
76869ed1994f,8cfd4a1c857720f8,305309,"Ad Hoc City Council Canvassing Committee – May 15, 2024",Ad Hoc City Council Canvassing Committee,dallas-tx-ad-hoc-city-council-canvassing-committee
76869ed1994f,8df415c088e633ce,202767,"Human & Social Needs Committee – Sep 04, 2018",Human & Social Needs Committee,dallas-tx-human-social-needs-committee
76869ed1994f,8e2117fa2a47b4c5,203627,"Charter Review Commission – Mar 11, 2014",Charter Review Commission,dallas-tx-charter-review-commission
76869ed1994f,8e3ac21afcdd5b9f,205520,"Virtual Neighborhood Public Hearing – Jan 18, 2018",Virtual Neighborhood Public Hearing,dallas-tx-public-info-meetings
76869ed1994f,8e43703d6210901d,272227,"2024 Bond Critical Facilities Subcommittee – Aug 29, 2023",2024 Bond Critical Facilities Subcommittee,dallas-tx-2024-bond-critical-facilities-subcommittee
76869ed1994f,8e6fdaeb3c319497,203287,"Youth Commission – Jun 08, 2021",Youth Commission,dallas-tx-youth-commission
76869ed1994f,8ea9ab06a3aa3fd1,203169,"Virtual Town Hall Meetings – Aug 23, 2016",Virtual Town Hall Meetings,dallas-tx-public-info-meetings
76869ed1994f,90ac8d9f814702d2,205522,"Housing Policy Public Input Virtual Meeting Topic 2 of 4 – Jan 31, 2018",Housing Policy Public Input Virtual Meeting Topic 2 of 4,dallas-tx-public-info-meetings
76869ed1994f,90ea0240bd88e9e5,202384,"Ad Hoc Committee on General Investigating and Ethics – Nov 04, 2021",Ad Hoc Committee on General Investigating and Ethics,dallas-tx-ad-hoc-committee-on-general-investigating-and-ethics
76869ed1994f,9103f66c5848aa24,202361,"Legislative Ad Hoc Committee – Sep 29, 2020",Legislative Ad Hoc Committee,dallas-tx-legislative-ad-hoc-committee
76869ed1994f,91a51580e047d791,202449,"D1, D3, & OHS Budget Listening Session – Jun 21, 2022","D1, D3, & OHS Budget Listening Session",dallas-tx-public-info-meetings
76869ed1994f,91bbc8c1d09c9a5a,203414,"Automated Red Light Commission – Apr 19, 2016",Automated Red Light Commission,dallas-tx-automated-red-light-commission
76869ed1994f,9216aceed179c5ac,272235,"2024 Bond Flood Control & Storm Drainage Meeting – Sep 05, 2023",2024 Bond Flood Control & Storm Drainage Meeting,dallas-tx-2024-bond-flood-subcommittee
76869ed1994f,9239f1b04f4159d8,203250,"Youth Commission – Feb 28, 2017",Youth Commission,dallas-tx-youth-commission
76869ed1994f,93d3efcaf277c83c,203210,"Special Workforce, Education and Equity – May 28, 2020","Special Workforce, Education and Equity",dallas-tx-council-committee-on-government-efficiency
76869ed1994f,93d8b5b9135357b8,203174,"Virtual Town Hall Meetings – Aug 21, 2017",Virtual Town Hall Meetings,dallas-tx-public-info-meetings
76869ed1994f,94174e752580ca6b,205584,"Home for the Holidays News Conference – Nov 29, 2022",Home for the Holidays News Conference,dallas-tx-public-info-meetings
76869ed1994f,9424543d04d90cce,292771,"Workforce-Education and Equity – Jan 08, 2024",Workforce-Education and Equity,dallas-tx-council-committee-on-government-efficiency
76869ed1994f,959c4da466367e2e,223629,"Workforce-Education and Equity – Apr 10, 2023",Workforce-Education and Equity,dallas-tx-council-committee-on-government-efficiency
76869ed1994f,96f947952e98f879,202796,"Mobility Solutions, Infrastructure and Sustainability Committee – Feb 26, 2018","Mobility Solutions, Infrastructure and Sustainability Committee",dallas-tx-mobility-solutions-infrastructure-and-sustainability-committee
76869ed1994f,981793e1bf22a71a,205552,"Mayor Back to School Press Conference – Aug 13, 2020",Mayor Back to School Press Conference,dallas-tx-public-info-meetings
76869ed1994f,9865074b4512ca73,311437,"Dallas Area Partnership to End and Prevent Homelessness Local Government Corporation – Aug 01, 2024",Dallas Area Partnership to End and Prevent Homelessness Local Government Corporation,dallas-tx-dallas-area-partnership
76869ed1994f,98e0bf9c423cc801,205563,"News Conference (Spanish) – Dec 28, 2020",News Conference (Spanish),dallas-tx-public-info-meetings
76869ed1994f,99abab7be68e4611,304928,"Workforce-Education and Equity – May 13, 2024",Workforce-Education and Equity,dallas-tx-council-committee-on-government-efficiency
76869ed1994f,9aef2d0caf5fc97a,203192,"Virtual Town Hall Meetings – Jan 16, 2020",Virtual Town Hall Meetings,dallas-tx-public-info-meetings
76869ed1994f,9b2cb44504fb3369,202347,"Council Ad Hoc Committee on COVID-19 Human and Social Recovery and Assistance – Apr 23, 2020",Council Ad Hoc Committee on COVID-19 Human and Social Recovery and Assistance,dallas-tx-council-ad-hoc-committee-on-covid-19-human-and-social-recovery-and-assistance
76869ed1994f,9be178652a1dd8de,202749,"Human & Social Needs Committee – Sep 05, 2017",Human & Social Needs Committee,dallas-tx-human-social-needs-committee
76869ed1994f,9ca6729c75e95b40,204784,"Urban Design Peer Review Panel – Sep 25, 2015",Urban Design Peer Review Panel,dallas-tx-urban-design-peer-review-board
76869ed1994f,9caec8a2bf9460ec,277474,"Charter Review Commission – Oct 24, 2023",Charter Review Commission,dallas-tx-charter-review-commission
76869ed1994f,9cc60e94f6d58d38,283523,"Charter Review Commission – Dec 05, 2023",Charter Review Commission,dallas-tx-charter-review-commission
76869ed1994f,9db34aa9a2f34ffe,202368,"Ad Hoc Committee on COVID-19 Recovery and Assistance – Dec 17, 2020",Ad Hoc Committee on COVID-19 Recovery and Assistance,dallas-tx-ad-hoc-committee-on-covid-19-recovery-assistance
76869ed1994f,9e3c9f841000e39e,202356,"Council Ad Hoc Committee on COVID-19 Human and Social Recovery and Assistance – Jun 18, 2020",Council Ad Hoc Committee on COVID-19 Human and Social Recovery and Assistance,dallas-tx-council-ad-hoc-committee-on-covid-19-human-and-social-recovery-and-assistance
76869ed1994f,9ea437b81d457c40,302074,"Workforce-Education and Equity – Apr 09, 2024",Workforce-Education and Equity,dallas-tx-council-committee-on-government-efficiency
76869ed1994f,9ea95d916b920aea,202354,"Council Ad Hoc Committee on COVID-19 Human and Social Recovery and Assistance – May 21, 2020",Council Ad Hoc Committee on COVID-19 Human and Social Recovery and Assistance,dallas-tx-council-ad-hoc-committee-on-covid-19-human-and-social-recovery-and-assistance
76869ed1994f,9f9c6ffc35e1a806,203630,"Charter Review Commission: Community Meeting – Mar 25, 2014",Charter Review Commission: Community Meeting,dallas-tx-public-info-meetings
76869ed1994f,a01ea1379833ce47,203228,"Workforce-Education and Equity – Jan 10, 2022",Workforce-Education and Equity,dallas-tx-council-committee-on-government-efficiency
76869ed1994f,a0d3c568e2b94174,270973,"2024 Bond ECONOM – Aug 22, 2023",2024 Bond ECONOM,dallas-tx-2024-bond-economic-development-subcommittee
76869ed1994f,a0f6b75a4739b0b4,203233,"Workforce-Education and Equity – Jun 13, 2022",Workforce-Education and Equity,dallas-tx-council-committee-on-government-efficiency
76869ed1994f,a1c9a272847dd9ff,201678,"District 10 Tele-Budget Town Hall Meeting – Aug 19, 2021",District 10 Tele-Budget Town Hall Meeting,dallas-tx-public-info-meetings
76869ed1994f,a21e90244c41141a,202813,"Mobility Solutions, Infrastructure and Sustainability Committee – Feb 11, 2019","Mobility Solutions, Infrastructure and Sustainability Committee",dallas-tx-mobility-solutions-infrastructure-and-sustainability-committee
76869ed1994f,a25119e9f0d9877a,203161,"Budget Virtual Town Hall Meeting – Aug 27, 2015",Budget Virtual Town Hall Meeting,dallas-tx-public-info-meetings
76869ed1994f,a3630fa804275ea0,203280,"Youth Commission – Sep 08, 2020",Youth Commission,dallas-tx-youth-commission
76869ed1994f,a3a9b06455d9f200,296911,"Dallas Area Partnership to End and Prevent Homelessness Local Government Corporation – Feb 01, 2024",Dallas Area Partnership to End and Prevent Homelessness Local Government Corporation,dallas-tx-dallas-area-partnership
76869ed1994f,a3d0176baf347f82,203150,"Virtual Town Hall Meeting – Aug 22, 2013",Virtual Town Hall Meeting,dallas-tx-public-info-meetings
76869ed1994f,a415df65bb2eb4c8,203173,"Virtual Town Hall Meetings – Aug 17, 2017",Virtual Town Hall Meetings,dallas-tx-public-info-meetings
76869ed1994f,a43c54d442f35a32,202793,"Mobility Solutions, Infrastructure and Sustainability Committee – Jan 08, 2018","Mobility Solutions, Infrastructure and Sustainability Committee",dallas-tx-mobility-solutions-infrastructure-and-sustainability-committee
76869ed1994f,a6361b75e39a3b2a,202800,"Mobility Solutions, Infrastructure and Sustainability Committee – May 14, 2018","Mobility Solutions, Infrastructure and Sustainability Committee",dallas-tx-mobility-solutions-infrastructure-and-sustainability-committee
76869ed1994f,a70c0c71a899aa08,203211,"Workforce, Education and Equity – Jun 08, 2020","Workforce, Education and Equity",dallas-tx-council-committee-on-government-efficiency
76869ed1994f,a71320f8b0eae366,203177,"Virtual Town Hall Meetings – Aug 29, 2017",Virtual Town Hall Meetings,dallas-tx-public-info-meetings
76869ed1994f,a7da37894372290f,203189,"Virtual Town Hall Meetings – Aug 26, 2019",Virtual Town Hall Meetings,dallas-tx-public-info-meetings
76869ed1994f,a7f16e7e67e12e4d,203625,"Charter Review Commission: Community Meeting – Feb 25, 2014",Charter Review Commission: Community Meeting,dallas-tx-public-info-meetings
76869ed1994f,a8693a5e7188f146,202319,"Legislative Ad Hoc Committee – Nov 08, 2016",Legislative Ad Hoc Committee,dallas-tx-legislative-ad-hoc-committee
76869ed1994f,a8e177bddda6fa0f,313531,"Ad Hoc Committee on Legislative Affairs – Aug 27, 2024",Ad Hoc Committee on Legislative Affairs,dallas-tx-ad-hoc-committee-on-legislative-affairs
76869ed1994f,a96a4907719a66b1,203179,"Virtual Town Hall Meetings – Aug 22, 2018",Virtual Town Hall Meetings,dallas-tx-public-info-meetings
76869ed1994f,aa34c272477df3bf,204044,"Commission on Homelessness – Jul 19, 2016",Commission on Homelessness,dallas-tx-commission-on-homelessness
76869ed1994f,aaacc04b3741aa2e,202761,"Human & Social Needs Committee – May 07, 2018",Human & Social Needs Committee,dallas-tx-human-social-needs-committee
76869ed1994f,ab10cb57d0b5078f,203244,"Youth Commission – Jun 07, 2016",Youth Commission,dallas-tx-youth-commission
76869ed1994f,ab44ac95bed9df92,295804,"City of Dallas Neighborhood Public Meeting – Jan 05, 2024",City of Dallas Neighborhood Public Meeting,dallas-tx-public-info-meetings
76869ed1994f,ab6499c236ca6f3a,203279,"Youth Commission – Jun 15, 2020",Youth Commission,dallas-tx-youth-commission
76869ed1994f,abd31dfed87bbc27,203151,"Dallas Virtual Town Hall Meeting - District 8 – Aug 25, 2014",Dallas Virtual Town Hall Meeting - District 8,dallas-tx-public-info-meetings
76869ed1994f,ad16fe09953d8b28,202776,"Human & Social Needs Committee – Apr 15, 2019",Human & Social Needs Committee,dallas-tx-human-social-needs-committee
76869ed1994f,ad501a764bbab529,202768,"Human & Social Needs Committee – Sep 17, 2018",Human & Social Needs Committee,dallas-tx-human-social-needs-committee
76869ed1994f,ad65320fa7cfc008,203307,"Mayor's Task Force on Confederate Monuments – Sep 19, 2017",Mayor's Task Force on Confederate Monuments,dallas-tx-mayor-s-task-force-on-confederate-monuments
76869ed1994f,add34360624a3264,202360,"Council Ad Hoc Committee on COVID-19 Recovery and Assistance – Sep 03, 2020",Council Ad Hoc Committee on COVID-19 Recovery and Assistance,dallas-tx-ad-hoc-committee-on-covid-19-recovery-assistance
76869ed1994f,add34360624a3264,202360,"Council Ad Hoc Committee on COVID-19 Recovery and Assistance – Sep 03, 2020",Council Ad Hoc Committee on COVID-19 Recovery and Assistance,dallas-tx-council-ad-hoc-committee-on-covid-19-recovery-and-assistance
76869ed1994f,ae8f0826293006f0,259823,"2024 Capital Bond Streets and Transportation Meeting – Jun 20, 2023",2024 Capital Bond Streets and Transportation Meeting,dallas-tx-bond-program-meetings
76869ed1994f,af103da3f0a9e757,269277,"District 4 Telephone Town Hall Meeting – Aug 15, 2023",District 4 Telephone Town Hall Meeting,dallas-tx-public-info-meetings
76869ed1994f,af238b000182145d,203622,"Charter Review Commission – Feb 04, 2014",Charter Review Commission,dallas-tx-charter-review-commission
76869ed1994f,affb0e7b54944669,281157,"Charter Review Commission – Nov 14, 2023",Charter Review Commission,dallas-tx-charter-review-commission
76869ed1994f,affd02620fc8a602,402748,"Ad Hoc Committee on Legislative Affairs – Oct 01, 2026",Ad Hoc Committee on Legislative Affairs,dallas-tx-ad-hoc-committee-on-legislative-affairs
76869ed1994f,b019c63c017b55d8,203184,"Virtual Town Hall Meetings – Jan 17, 2019",Virtual Town Hall Meetings,dallas-tx-public-info-meetings
76869ed1994f,b02557132e5a67ae,324983,"Ad Hoc Committee on Legislative Affairs – Jan 06, 2025",Ad Hoc Committee on Legislative Affairs,dallas-tx-ad-hoc-committee-on-legislative-affairs
76869ed1994f,b0471f29622b8165,277827,"2024 Capital Bond Streets and Transportation Subcommittee Meeting – Oct 26, 2023",2024 Capital Bond Streets and Transportation Subcommittee Meeting,dallas-tx-bond-program-meetings
76869ed1994f,b08793fd8f1e4162,203257,"Youth Commission – Nov 14, 2017",Youth Commission,dallas-tx-youth-commission
76869ed1994f,b0c15b237ab3b7fe,202364,"Legislative Ad Hoc Committee – Oct 22, 2020",Legislative Ad Hoc Committee,dallas-tx-legislative-ad-hoc-committee
76869ed1994f,b0f127e12c0ae606,202403,"Ad Hoc Committee on General Investigating and Ethics – Nov 10, 2022",Ad Hoc Committee on General Investigating and Ethics,dallas-tx-ad-hoc-committee-on-general-investigating-and-ethics
76869ed1994f,b10cfe2ba62a8958,259831,"2024 Capital Bond ECONOM Meeting – Jun 13, 2023",2024 Capital Bond ECONOM Meeting,dallas-tx-2024-bond-economic-development-subcommittee
76869ed1994f,b28f5bf275cc5706,259828,"2024 Capital Bond ECONOM Meeting – Jun 20, 2023",2024 Capital Bond ECONOM Meeting,dallas-tx-2024-bond-economic-development-subcommittee
76869ed1994f,b3009531cb33cac7,307262,"Ad Hoc Committee on Pensions – Jun 06, 2024",Ad Hoc Committee on Pensions,dallas-tx-ad-hoc-committee-on-pensions
76869ed1994f,b3073ded2274cd2e,205566,"Spanish Forum on COVID-19 Vaccination – Jan 28, 2021",Spanish Forum on COVID-19 Vaccination,dallas-tx-public-info-meetings
76869ed1994f,b331e0b983bbad52,203152,"Dallas Virtual Town Hall Meeting - Districts 13 & 14 – Aug 26, 2014",Dallas Virtual Town Hall Meeting - Districts 13 & 14,dallas-tx-public-info-meetings
76869ed1994f,b368905c38747db9,233016,"DDF Board Meeting – Feb 24, 2023",DDF Board Meeting,dallas-tx-economic-development
76869ed1994f,b415cc8e48c31427,203207,"Workforce, Education and Equity – Feb 10, 2020","Workforce, Education and Equity",dallas-tx-council-committee-on-government-efficiency
76869ed1994f,b42181e91388de6a,203415,"Automated Red Light Commission – Aug 02, 2016",Automated Red Light Commission,dallas-tx-automated-red-light-commission
76869ed1994f,b45c75cf0cea9ae9,203304,"Art Community Meeting – Aug 09, 2016",Art Community Meeting,dallas-tx-public-info-meetings
76869ed1994f,b4e2d9846919fe83,205498,"Dallas Ebola Case News Conference – Oct 03, 2014",Dallas Ebola Case News Conference,dallas-tx-public-info-meetings
76869ed1994f,b5f6638540a8cb34,203412,"Automated Red Light Commission – Aug 25, 2015",Automated Red Light Commission,dallas-tx-automated-red-light-commission
76869ed1994f,b60ae11661218432,233033,"2024 Bond Critical Facilities Meeting – May 25, 2023",2024 Bond Critical Facilities Meeting,dallas-tx-bond-program-meetings
76869ed1994f,b6277253767d6766,230801,"2024 Bond Parks and Trails Meeting – May 11, 2023",2024 Bond Parks and Trails Meeting,dallas-tx-bond-program-meetings
76869ed1994f,b6e8b436bdf60286,299388,"Dallas Area Partnership to End and Prevent Homelessness Local Government Corporation – Mar 07, 2024",Dallas Area Partnership to End and Prevent Homelessness Local Government Corporation,dallas-tx-dallas-area-partnership
76869ed1994f,b6ea46d703f3ac10,203205,"Workforce, Education and Equity – Dec 09, 2019","Workforce, Education and Equity",dallas-tx-council-committee-on-government-efficiency
76869ed1994f,b7948a1443246062,203148,"Dallas Virtual Town Hall Meeting - District 11 – Aug 19, 2014",Dallas Virtual Town Hall Meeting - District 11,dallas-tx-public-info-meetings
76869ed1994f,b8035035d302e928,202343,"Council Ad Hoc Committee on COVID-19 Economic Recovery and Assistance – Apr 07, 2020",Council Ad Hoc Committee on COVID-19 Economic Recovery and Assistance,dallas-tx-council-ad-hoc-committee-on-covid-19-economic-recovery-and-assistance
76869ed1994f,b83b2e22d8c61589,202778,"Human & Social Needs Committee – May 20, 2019",Human & Social Needs Committee,dallas-tx-human-social-needs-committee
76869ed1994f,b8db35d6c229de68,270978,"2024 Bond Parks and Trails Subcommittee Meeting – Aug 22, 2023",2024 Bond Parks and Trails Subcommittee Meeting,dallas-tx-bond-program-meetings
76869ed1994f,b8de45def3e5d71e,291429,"Ad Hoc Committee on Pensions – Dec 14, 2023",Ad Hoc Committee on Pensions,dallas-tx-ad-hoc-committee-on-pensions
76869ed1994f,b8f384bab6424d47,203229,"Special Workforce-Education and Equity – Mar 04, 2022",Special Workforce-Education and Equity,dallas-tx-council-committee-on-government-efficiency
76869ed1994f,b93c9da0304f0de5,205574,"Mayor's Press Conference – Sep 27, 2021",Mayor's Press Conference,dallas-tx-public-info-meetings
76869ed1994f,b994314039d5d96a,291239,"Charter Review Commission – Dec 12, 2023",Charter Review Commission,dallas-tx-charter-review-commission
76869ed1994f,ba7eb12eab7e991e,203175,"Virtual Town Hall Meetings – Aug 22, 2017",Virtual Town Hall Meetings,dallas-tx-public-info-meetings
76869ed1994f,bb359976c32aa8bb,203218,"Workforce, Education and Equity – Mar 02, 2021","Workforce, Education and Equity",dallas-tx-council-committee-on-government-efficiency
76869ed1994f,bb4f3fd024fef6b9,203157,"Budget Virtual Town Hall Meeting – Aug 19, 2015",Budget Virtual Town Hall Meeting,dallas-tx-public-info-meetings
76869ed1994f,bc577818f4649c9b,387599,"Ad Hoc Judicial Nominating Committee – May 12, 2026",Ad Hoc Judicial Nominating Committee,dallas-tx-ad-hoc-judicial-nominating-committee
76869ed1994f,bc748de95cf425af,202340,"Council Ad Hoc Committee on COVID-19 Human and Social Recovery and Assistance – Mar 27, 2020",Council Ad Hoc Committee on COVID-19 Human and Social Recovery and Assistance,dallas-tx-council-ad-hoc-committee-on-covid-19-human-and-social-recovery-and-assistance
76869ed1994f,bc8a58633d3c571d,204061,"Commission on Homelessness – Jun 21, 2016",Commission on Homelessness,dallas-tx-commission-on-homelessness
76869ed1994f,bc8fe7a16a15bdb0,203413,"Automated Red Light Commission – Jan 19, 2016",Automated Red Light Commission,dallas-tx-automated-red-light-commission
76869ed1994f,bd8c43f6ba88e528,203638,"Charter Review Commission – May 06, 2014",Charter Review Commission,dallas-tx-charter-review-commission
76869ed1994f,bd918169b6a60a22,202391,"Special Called Joint Meeting of the Ad Hoc Committee on Legislative Affairs and the Transportation & Infrastructure Committee – Feb 15, 2022",Special Called Joint Meeting of the Ad Hoc Committee on Legislative Affairs and the Transportation & Infrastructure Committee,dallas-tx-ad-hoc-committee-on-legislative-affairs
76869ed1994f,bda6f8a93039a7b8,202772,"Human & Social Needs Committee – Jan 07, 2019",Human & Social Needs Committee,dallas-tx-human-social-needs-committee
76869ed1994f,bfdb32d94b55abf9,203185,"Virtual Town Hall Meetings – Feb 05, 2019",Virtual Town Hall Meetings,dallas-tx-public-info-meetings
76869ed1994f,c105bfc776a379bb,203419,"Automated Red Light Commission – Apr 24, 2018",Automated Red Light Commission,dallas-tx-automated-red-light-commission
76869ed1994f,c12bc2729188a096,202317,"Legislative Ad Hoc Committee – Oct 10, 2016",Legislative Ad Hoc Committee,dallas-tx-legislative-ad-hoc-committee
76869ed1994f,c1342ceffead3502,307221,"Subdivision Review Committee – Jun 06, 2024",Subdivision Review Committee,dallas-tx-city-planning-commission
76869ed1994f,c241370f103e6964,202762,"Human & Social Needs Committee – May 21, 2018",Human & Social Needs Committee,dallas-tx-human-social-needs-committee
76869ed1994f,c329f09c4ef8c615,202790,"Mobility Solutions, Infrastructure and Sustainability Committee – Oct 23, 2017","Mobility Solutions, Infrastructure and Sustainability Committee",dallas-tx-mobility-solutions-infrastructure-and-sustainability-committee
76869ed1994f,c32b5b2ad4c913f1,202380,"Ad Hoc Committee on COVID-19 Recovery & Assistance – Sep 16, 2021",Ad Hoc Committee on COVID-19 Recovery & Assistance,dallas-tx-ad-hoc-committee-on-covid-19-recovery-assistance
76869ed1994f,c3d92224bb38a0b1,202788,"Mobility Solutions, Infrastructure and Sustainability Committee – Sep 25, 2017","Mobility Solutions, Infrastructure and Sustainability Committee",dallas-tx-mobility-solutions-infrastructure-and-sustainability-committee
76869ed1994f,c40e5f10e53e07c3,202809,"Mobility Solutions, Infrastructure and Sustainability Committee – Nov 26, 2018","Mobility Solutions, Infrastructure and Sustainability Committee",dallas-tx-mobility-solutions-infrastructure-and-sustainability-committee
76869ed1994f,c451846101a70340,276744,"Ad Hoc Committee on Pensions – Oct 12, 2023",Ad Hoc Committee on Pensions,dallas-tx-ad-hoc-committee-on-pensions
76869ed1994f,c57766c0116071f9,203164,"Budget Virtual Town Hall Meeting – Aug 15, 2016",Budget Virtual Town Hall Meeting,dallas-tx-public-info-meetings
76869ed1994f,c5cdca777dc6f505,325875,"Ad Hoc Committee on Legislative Affairs – Jan 15, 2025",Ad Hoc Committee on Legislative Affairs,dallas-tx-ad-hoc-committee-on-legislative-affairs
76869ed1994f,c6520a05bfec116d,202805,"Mobility Solutions, Infrastructure and Sustainability Committee – Sep 24, 2018","Mobility Solutions, Infrastructure and Sustainability Committee",dallas-tx-mobility-solutions-infrastructure-and-sustainability-committee
76869ed1994f,c656d58c0b378d5b,203285,"Youth Commission – Apr 13, 2021",Youth Commission,dallas-tx-youth-commission
76869ed1994f,c66f79923f87cfff,203629,"Charter Review Commission – Mar 25, 2014",Charter Review Commission,dallas-tx-charter-review-commission
76869ed1994f,c692203e926d4f7d,203190,"Virtual Town Hall Meetings – Aug 27, 2019",Virtual Town Hall Meetings,dallas-tx-public-info-meetings
76869ed1994f,c708dc9f83e8a519,203621,"Charter Review Commission Inaugural Meeting – Jan 31, 2014",Charter Review Commission Inaugural Meeting,dallas-tx-charter-review-commission
76869ed1994f,c7a74df247aa421f,203144,"Virtual Town Hall Meeting – Aug 21, 2013",Virtual Town Hall Meeting,dallas-tx-public-info-meetings
76869ed1994f,c869da0dade25780,205493,"Conversations About Race – Feb 22, 2014",Conversations About Race,dallas-tx-public-info-meetings
76869ed1994f,c87a5bf88498f33a,203209,"Workforce, Education and Equity – May 11, 2020","Workforce, Education and Equity",dallas-tx-council-committee-on-government-efficiency
76869ed1994f,c910d5578849ce5a,294713,"Charter Review Commission – Jan 11, 2024",Charter Review Commission,dallas-tx-charter-review-commission
76869ed1994f,cac52d21454ead53,285308,"Workforce-Education and Equity – Dec 11, 2023",Workforce-Education and Equity,dallas-tx-council-committee-on-government-efficiency
76869ed1994f,cb0069730716bae9,203225,"Workforce-Education and Equity – Oct 12, 2021",Workforce-Education and Equity,dallas-tx-council-committee-on-government-efficiency
76869ed1994f,cbbb5400b5643d66,203248,"Youth Commission – Dec 13, 2016",Youth Commission,dallas-tx-youth-commission
76869ed1994f,cc20294751ed222b,203183,"Virtual Town Hall Meetings – Aug 29, 2018",Virtual Town Hall Meetings,dallas-tx-public-info-meetings
76869ed1994f,cc342a8924bc4b48,202752,"Human & Social Needs Committee – Oct 16, 2017",Human & Social Needs Committee,dallas-tx-human-social-needs-committee
76869ed1994f,ccd75108c2e2d1dd,205578,"Racial Equity Audit Report – Jan 18, 2022",Racial Equity Audit Report,dallas-tx-public-info-meetings
76869ed1994f,cd52c9bae1d82903,203632,"Charter Review Commission – Apr 08, 2014",Charter Review Commission,dallas-tx-charter-review-commission
76869ed1994f,cdc2b5474318ba34,271924,"Ad Hoc Committee on Pensions – Sep 19, 2023",Ad Hoc Committee on Pensions,dallas-tx-ad-hoc-committee-on-pensions
76869ed1994f,cf5de921c40c0d8a,202373,"Ad Hoc Committee on COVID-19 Recovery and Assistance – Apr 01, 2021",Ad Hoc Committee on COVID-19 Recovery and Assistance,dallas-tx-ad-hoc-committee-on-covid-19-recovery-assistance
76869ed1994f,cfcb08ab351f3702,203420,"Automated Red Light Commission – Oct 30, 2018",Automated Red Light Commission,dallas-tx-automated-red-light-commission
76869ed1994f,d033f4c7bb59b491,202797,"Mobility Solutions, Infrastructure and Sustainability Committee – Mar 26, 2018","Mobility Solutions, Infrastructure and Sustainability Committee",dallas-tx-mobility-solutions-infrastructure-and-sustainability-committee
76869ed1994f,d0a56792c31f6770,203626,"Charter Review Commission – Mar 04, 2014",Charter Review Commission,dallas-tx-charter-review-commission
76869ed1994f,d2176d8fa993dd75,344112,"Ad Hoc City Council Canvassing Committee – May 28, 2025",Ad Hoc City Council Canvassing Committee,dallas-tx-ad-hoc-city-council-canvassing-committee
76869ed1994f,d2394edfa04e4fcd,203220,"Workforce, Education and Equity – Apr 12, 2021","Workforce, Education and Equity",dallas-tx-council-committee-on-government-efficiency
76869ed1994f,d248e9aec1de229f,203273,"Youth Commission – Sep 10, 2019",Youth Commission,dallas-tx-youth-commission
76869ed1994f,d2bfd4e26c8ebf5e,317614,"Workforce-Education and Equity – Oct 15, 2024",Workforce-Education and Equity,dallas-tx-council-committee-on-government-efficiency
76869ed1994f,d4460befd0d70aa4,202798,"Mobility Solutions, Infrastructure and Sustainability Committee – Apr 09, 2018","Mobility Solutions, Infrastructure and Sustainability Committee",dallas-tx-mobility-solutions-infrastructure-and-sustainability-committee
76869ed1994f,d5e2a0cd1a282172,205509,"Fair Park Foundation Press Conference – Aug 01, 2016",Fair Park Foundation Press Conference,dallas-tx-public-info-meetings
76869ed1994f,d6d651f99414ad30,203196,"Districts 11 and 13 Virtual Town Hall Meetings – Aug 20, 2020",Districts 11 and 13 Virtual Town Hall Meetings,dallas-tx-public-info-meetings
76869ed1994f,d75589a00e9ad1e0,203156,"Budget Virtual Town Hall Meeting – Aug 17, 2015",Budget Virtual Town Hall Meeting,dallas-tx-public-info-meetings
76869ed1994f,d7a4578bbcb52a31,202387,"Ad Hoc Committee on COVID-19 Recovery & Assistance – Nov 18, 2021",Ad Hoc Committee on COVID-19 Recovery & Assistance,dallas-tx-ad-hoc-committee-on-covid-19-recovery-assistance
76869ed1994f,d7ccfb520cf6dcda,202803,"Mobility Solutions, Infrastructure and Sustainability Committee – Aug 13, 2018","Mobility Solutions, Infrastructure and Sustainability Committee",dallas-tx-mobility-solutions-infrastructure-and-sustainability-committee
76869ed1994f,d82aa1a13763e872,203238,"Workforce-Education and Equity – Nov 14, 2022",Workforce-Education and Equity,dallas-tx-council-committee-on-government-efficiency
76869ed1994f,d886db99b13a78b4,203628,"Charter Review Commission – Mar 18, 2014",Charter Review Commission,dallas-tx-charter-review-commission
76869ed1994f,d8c22ed18da90779,319577,"Joint Meeting of the Government Performance and Financial Management Committee and Ad Hoc Committee on Pensions – Nov 07, 2024",Joint Meeting of the Government Performance and Financial Management Committee and Ad Hoc Committee on Pensions,dallas-tx-ad-hoc-committee-on-pensions
76869ed1994f,d91cd3575628d560,302526,"Ad Hoc Committee on Pensions – Apr 11, 2024",Ad Hoc Committee on Pensions,dallas-tx-ad-hoc-committee-on-pensions
76869ed1994f,da8a6579d6d2511f,203242,"Youth Commission – Apr 12, 2016",Youth Commission,dallas-tx-youth-commission
76869ed1994f,dab30c87e46125d4,203158,"Budget Virtual Town Hall Meeting – Aug 20, 2015",Budget Virtual Town Hall Meeting,dallas-tx-public-info-meetings
76869ed1994f,dafc654ecad5a9d0,203266,"Youth Commission – Dec 11, 2018",Youth Commission,dallas-tx-youth-commission
76869ed1994f,db75dc7bea4fdce9,203999,"Dallas Area Partnership to End and Prevent Homelessness Local Government Corporation – May 17, 2018",Dallas Area Partnership to End and Prevent Homelessness Local Government Corporation,dallas-tx-dallas-area-partnership
76869ed1994f,dbf151b017f84d3b,201676,"District 13 Tele-Budget Town Hall Meeting – Aug 16, 2021",District 13 Tele-Budget Town Hall Meeting,dallas-tx-public-info-meetings
76869ed1994f,dca5a67d59e98d05,203252,"Youth Commission – May 09, 2017",Youth Commission,dallas-tx-youth-commission
76869ed1994f,dceffdd6b0546015,202448,"Budget Listening Session for D11, D12, and D13 – Jun 14, 2022","Budget Listening Session for D11, D12, and D13",dallas-tx-public-info-meetings
76869ed1994f,dd1b008965a225a3,205529,"Grow South Annual Reports – May 24, 2018",Grow South Annual Reports,dallas-tx-public-info-meetings
76869ed1994f,dddd96dd977f6fd1,205521,"Housing Policy Public Input Virtual Meeting Topic 1 of 4 – Jan 29, 2018",Housing Policy Public Input Virtual Meeting Topic 1 of 4,dallas-tx-public-info-meetings
76869ed1994f,df11ee0a73e96508,203180,"Virtual Town Hall Meetings – Aug 23, 2018",Virtual Town Hall Meetings,dallas-tx-public-info-meetings
76869ed1994f,e02b238dff94ba16,321892,"State of the Address – Dec 05, 2024",State of the Address,dallas-tx-public-info-meetings
76869ed1994f,e1454b3bae75c857,202754,"Human & Social Needs Committee – Dec 04, 2017",Human & Social Needs Committee,dallas-tx-human-social-needs-committee
76869ed1994f,e155953c8e5d8067,203198,"Districts 1 and 6 Virtual Town Hall Meetings – Aug 24, 2020",Districts 1 and 6 Virtual Town Hall Meetings,dallas-tx-public-info-meetings
76869ed1994f,e1560211fc844521,203215,"Workforce, Education and Equity – Dec 14, 2020","Workforce, Education and Equity",dallas-tx-council-committee-on-government-efficiency
76869ed1994f,e1c1ea89679c6a75,202789,"Mobility Solutions, Infrastructure and Sustainability Committee – Oct 09, 2017","Mobility Solutions, Infrastructure and Sustainability Committee",dallas-tx-mobility-solutions-infrastructure-and-sustainability-committee
76869ed1994f,e1df0b89b7b55634,202330,"Legislative Ad Hoc Committee – Oct 08, 2018",Legislative Ad Hoc Committee,dallas-tx-legislative-ad-hoc-committee
76869ed1994f,e2a112eb21846c0d,203261,"Youth Commission – Apr 10, 2018",Youth Commission,dallas-tx-youth-commission
76869ed1994f,e36f0b32bbfbcc27,203153,"Dallas Virtual Town Hall Meeting - District 5 – Aug 28, 2014",Dallas Virtual Town Hall Meeting - District 5,dallas-tx-public-info-meetings
76869ed1994f,e37812f7fe9bc9da,203635,"Charter Review Commission – Apr 21, 2014",Charter Review Commission,dallas-tx-charter-review-commission
76869ed1994f,e38c21860fc2cc2b,203631,"Charter Review Commission – Apr 01, 2014",Charter Review Commission,dallas-tx-charter-review-commission
76869ed1994f,e38e15760498b66e,272715,"Charter Review Commission – Sep 27, 2023",Charter Review Commission,dallas-tx-charter-review-commission
76869ed1994f,e3dbab7a978d6bb3,202375,"Ad Hoc Committee on General Investigating and Ethics – May 11, 2021",Ad Hoc Committee on General Investigating and Ethics,dallas-tx-ad-hoc-committee-on-general-investigating-and-ethics
76869ed1994f,e42a3d9741131672,203323,"Dallas Area Partnership to End and Prevent Homelessness Local Government Corporation – Mar 03, 2022",Dallas Area Partnership to End and Prevent Homelessness Local Government Corporation,dallas-tx-dallas-area-partnership
76869ed1994f,e460cd09e5c282cd,304187,"Dallas Area Partnership to End and Prevent Homelessness Local Government Corporation – May 02, 2024",Dallas Area Partnership to End and Prevent Homelessness Local Government Corporation,dallas-tx-dallas-area-partnership
76869ed1994f,e470436f058a61cf,230800,"2024 Bond ECO, HOU, OHS Meeting – May 11, 2023","2024 Bond ECO, HOU, OHS Meeting",dallas-tx-bond-program-meetings
76869ed1994f,e4a11027edddac66,203171,"Virtual Town Hall Meetings – Oct 10, 2016",Virtual Town Hall Meetings,dallas-tx-public-info-meetings
76869ed1994f,e4b0fec9d95b7b87,202769,"Human & Social Needs Committee – Oct 15, 2018",Human & Social Needs Committee,dallas-tx-human-social-needs-committee
76869ed1994f,e4e547234e8a9a55,204142,"Neighborhood Public Meeting for FY 2022-23 HUD Grant Funds – Jan 06, 2022",Neighborhood Public Meeting for FY 2022-23 HUD Grant Funds,dallas-tx-public-info-meetings
76869ed1994f,e5017b067760f4bd,203200,"District 5 Tele-Budget Town Hall Meeting – Aug 12, 2021",District 5 Tele-Budget Town Hall Meeting,dallas-tx-public-info-meetings
76869ed1994f,e5b4f819669da53e,203282,"Youth Commission – Nov 10, 2020",Youth Commission,dallas-tx-youth-commission
76869ed1994f,e5bcafc602ee5fe5,325514,"Workforce-Education and Equity – Jan 13, 2025",Workforce-Education and Equity,dallas-tx-council-committee-on-government-efficiency
76869ed1994f,e60ad8dbfd02186e,202344,"Council Ad Hoc Committee on COVID-19 Human and Social Recovery and Assistance – Apr 09, 2020",Council Ad Hoc Committee on COVID-19 Human and Social Recovery and Assistance,dallas-tx-council-ad-hoc-committee-on-covid-19-human-and-social-recovery-and-assistance
76869ed1994f,e7146c376c4f6f6f,203254,"Youth Commission – Aug 08, 2017",Youth Commission,dallas-tx-youth-commission
76869ed1994f,e7820770370af54c,203201,"District 1 Tele-Budget Town Hall Meeting – Aug 12, 2021",District 1 Tele-Budget Town Hall Meeting,dallas-tx-public-info-meetings
76869ed1994f,e785f28e7b809b74,351566,"Ad Hoc Committee on Legislative Affairs – Aug 05, 2025",Ad Hoc Committee on Legislative Affairs,dallas-tx-ad-hoc-committee-on-legislative-affairs
76869ed1994f,e7a6bfc114ee8b3b,203271,"Youth Commission – May 14, 2019",Youth Commission,dallas-tx-youth-commission
76869ed1994f,e9529d346e57f446,205556,"Mayor's Press Conference – Oct 23, 2020",Mayor's Press Conference,dallas-tx-public-info-meetings
76869ed1994f,e9e067de0b9382e3,203256,"Youth Commission – Oct 17, 2017",Youth Commission,dallas-tx-youth-commission
76869ed1994f,ea0fbe15ca367de5,204047,"Commission on Homelessness – Aug 02, 2016",Commission on Homelessness,dallas-tx-commission-on-homelessness
76869ed1994f,ea332f2c5149f604,203240,"Workforce-Education and Equity – Jan 09, 2023",Workforce-Education and Equity,dallas-tx-council-committee-on-government-efficiency
76869ed1994f,eb1c279cc51a9b04,202452,"Citizens Bond Task Force: Town Hall Meeting – May 25, 2017",Citizens Bond Task Force: Town Hall Meeting,dallas-tx-bond-program-meetings
76869ed1994f,ebacb6f2acfb8386,203416,"Automated Red Light Commission – Jan 24, 2017",Automated Red Light Commission,dallas-tx-automated-red-light-commission
76869ed1994f,ec09788257d07571,259824,"2024 Bond Critical Facilities Meeting – Jun 13, 2023",2024 Bond Critical Facilities Meeting,dallas-tx-bond-program-meetings
76869ed1994f,ec47ce09b579288c,202775,"Human & Social Needs Committee – Apr 01, 2019",Human & Social Needs Committee,dallas-tx-human-social-needs-committee
76869ed1994f,ecd33329855267ed,205564,"COVID Focus Group – Jan 07, 2021",COVID Focus Group,dallas-tx-public-info-meetings
76869ed1994f,ed1724f977ad869f,202804,"Mobility Solutions, Infrastructure and Sustainability Committee – Aug 27, 2018","Mobility Solutions, Infrastructure and Sustainability Committee",dallas-tx-mobility-solutions-infrastructure-and-sustainability-committee
76869ed1994f,eda244d586c7f69b,306210,"Ad Hoc Committee on Pensions – May 23, 2024",Ad Hoc Committee on Pensions,dallas-tx-ad-hoc-committee-on-pensions
76869ed1994f,edae586dd64d4dd0,203146,"Virtual Town Hall Meeting - Districts 9 & 10 – Aug 12, 2014",Virtual Town Hall Meeting - Districts 9 & 10,dallas-tx-public-info-meetings
76869ed1994f,ee2c3ee3447ea4b6,202770,"Human & Social Needs Committee – Nov 05, 2018",Human & Social Needs Committee,dallas-tx-human-social-needs-committee
76869ed1994f,eec0910a99b0d6b1,202817,"Mobility Solutions, Infrastructure and Sustainability Committee – May 13, 2019","Mobility Solutions, Infrastructure and Sustainability Committee",dallas-tx-mobility-solutions-infrastructure-and-sustainability-committee
76869ed1994f,eed51203b8ff891e,202763,"Human & Social Needs Committee – Jun 04, 2018",Human & Social Needs Committee,dallas-tx-human-social-needs-committee
76869ed1994f,eff688a20615ab1c,202795,"Mobility Solutions, Infrastructure and Sustainability Committee – Feb 12, 2018","Mobility Solutions, Infrastructure and Sustainability Committee",dallas-tx-mobility-solutions-infrastructure-and-sustainability-committee
76869ed1994f,f0af05a7c9177d26,203216,"Workforce, Education and Equity – Jan 11, 2021","Workforce, Education and Equity",dallas-tx-council-committee-on-government-efficiency
76869ed1994f,f15df937834a459b,203633,"Charter Review Commission – Apr 05, 2014",Charter Review Commission,dallas-tx-charter-review-commission
76869ed1994f,f19bf9ebab9aa0d7,297098,"Workforce-Education and Equity – Feb 12, 2024",Workforce-Education and Equity,dallas-tx-council-committee-on-government-efficiency
76869ed1994f,f1d5227ee31ed383,205549,"City of Dallas FY-2020-21 Budget Press Conference – Aug 07, 2020",City of Dallas FY-2020-21 Budget Press Conference,dallas-tx-public-info-meetings
76869ed1994f,f223c702f99d39d5,205579,"News Conference – Feb 02, 2022",News Conference,dallas-tx-public-info-meetings
76869ed1994f,f337c8b3b1e81b8e,334337,"Workforce-Education and Equity – Feb 10, 2025",Workforce-Education and Equity,dallas-tx-council-committee-on-government-efficiency
76869ed1994f,f3c894c6914ec1f2,274077,"Workforce-Education and Equity – Oct 10, 2023",Workforce-Education and Equity,dallas-tx-council-committee-on-government-efficiency
76869ed1994f,f48935a8ef5b9333,202372,"Ad Hoc Committee on COVID-19 Recovery and Assistance – Feb 25, 2021",Ad Hoc Committee on COVID-19 Recovery and Assistance,dallas-tx-ad-hoc-committee-on-covid-19-recovery-assistance
76869ed1994f,f4cca533b30c539d,202366,"Council Ad Hoc Committee on COVID-19 Recovery and Assistance – Nov 05, 2020",Council Ad Hoc Committee on COVID-19 Recovery and Assistance,dallas-tx-ad-hoc-committee-on-covid-19-recovery-assistance
76869ed1994f,f4cca533b30c539d,202366,"Council Ad Hoc Committee on COVID-19 Recovery and Assistance – Nov 05, 2020",Council Ad Hoc Committee on COVID-19 Recovery and Assistance,dallas-tx-council-ad-hoc-committee-on-covid-19-recovery-and-assistance
76869ed1994f,f4ebfdd078cdb7bb,202801,"Mobility Solutions, Infrastructure and Sustainability Committee – Jun 11, 2018","Mobility Solutions, Infrastructure and Sustainability Committee",dallas-tx-mobility-solutions-infrastructure-and-sustainability-committee
76869ed1994f,f5b3a035d9513745,203996,"Dallas Area Partnership to End and Prevent Homelessness Local Government Corporation – Mar 23, 2018",Dallas Area Partnership to End and Prevent Homelessness Local Government Corporation,dallas-tx-dallas-area-partnership
76869ed1994f,f65e008cc0a5c65c,203246,"Youth Commission – Sep 13, 2016",Youth Commission,dallas-tx-youth-commission
76869ed1994f,f6821ad61cf5245a,202376,"Ad Hoc City Council Canvassing Committee – May 12, 2021",Ad Hoc City Council Canvassing Committee,dallas-tx-ad-hoc-city-council-canvassing-committee
76869ed1994f,f77370ab3a87a78c,205559,"Dallas Police Chief Forum (Spanish) – Dec 16, 2020",Dallas Police Chief Forum (Spanish),dallas-tx-public-info-meetings
76869ed1994f,f7822d26dde28def,203195,"District 10 Virtual Town Hall Meetings – Aug 18, 2020",District 10 Virtual Town Hall Meetings,dallas-tx-public-info-meetings
76869ed1994f,f7bb5e407813a068,205554,"News Conference – Sep 09, 2020",News Conference,dallas-tx-public-info-meetings
76869ed1994f,f83ea7f0037f1446,204043,"Commission on Homelessness – Jun 14, 2016",Commission on Homelessness,dallas-tx-commission-on-homelessness
76869ed1994f,f877a165970b2af3,202365,"Legislative Ad Hoc Committee – Nov 02, 2020",Legislative Ad Hoc Committee,dallas-tx-legislative-ad-hoc-committee
76869ed1994f,f8a6c3ecabf9408b,226897,"I-345 Panel and Public Discussion – May 08, 2023",I-345 Panel and Public Discussion,dallas-tx-public-info-meetings
76869ed1994f,f8d67fc5260d827c,205561,"Press conference on COVID Vaccine – Dec 23, 2020",Press conference on COVID Vaccine,dallas-tx-public-info-meetings
76869ed1994f,f8d862b2e268b2af,203283,"Youth Commission – Feb 09, 2021",Youth Commission,dallas-tx-youth-commission
76869ed1994f,f8e32377b5e2904c,272240,"2024 Bond Flood Protection and Storm Drainage Subcommittee Meeting – Jul 20, 2023",2024 Bond Flood Protection and Storm Drainage Subcommittee Meeting,dallas-tx-2024-bond-flood-subcommittee
76869ed1994f,f8e32377b5e2904c,272240,"2024 Bond Flood Protection and Storm Drainage Subcommittee Meeting – Jul 20, 2023",2024 Bond Flood Protection and Storm Drainage Subcommittee Meeting,dallas-tx-bond-program-meetings
76869ed1994f,f960311d766604e5,202358,"Council Ad Hoc Committee on COVID-19 Recovery and Assistance – Aug 06, 2020",Council Ad Hoc Committee on COVID-19 Recovery and Assistance,dallas-tx-ad-hoc-committee-on-covid-19-recovery-assistance
76869ed1994f,f960311d766604e5,202358,"Council Ad Hoc Committee on COVID-19 Recovery and Assistance – Aug 06, 2020",Council Ad Hoc Committee on COVID-19 Recovery and Assistance,dallas-tx-council-ad-hoc-committee-on-covid-19-recovery-and-assistance
76869ed1994f,f9cf14f8e59d3706,205577,"Racial Equity Audit Report – Jan 17, 2022",Racial Equity Audit Report,dallas-tx-public-info-meetings
76869ed1994f,fa9a7865fd1bfabb,202321,"Legislative Ad Hoc Committee – Feb 13, 2017",Legislative Ad Hoc Committee,dallas-tx-legislative-ad-hoc-committee
76869ed1994f,fabea3cb03fa4d5a,203188,"Virtual Town Hall Meetings – Aug 22, 2019",Virtual Town Hall Meetings,dallas-tx-public-info-meetings
76869ed1994f,fae0937b94aa9b74,203634,"Charter Review Commission – Apr 15, 2014",Charter Review Commission,dallas-tx-charter-review-commission
76869ed1994f,fb6b1391d779c92c,203204,"Workforce, Education and Equity – Nov 12, 2019","Workforce, Education and Equity",dallas-tx-council-committee-on-government-efficiency
76869ed1994f,fb7767ccdbf08ea3,203186,"Virtual Town Hall Meetings – Aug 15, 2019",Virtual Town Hall Meetings,dallas-tx-public-info-meetings
76869ed1994f,fc9ad3b1d9def142,202451,"Citizens Bond Task Force: Town Hall Meeting – May 22, 2017",Citizens Bond Task Force: Town Hall Meeting,dallas-tx-bond-program-meetings
76869ed1994f,fcc71c4d0c345666,203258,"Youth Commission – Dec 12, 2017",Youth Commission,dallas-tx-youth-commission
76869ed1994f,fcfec3078fbe104a,210042,"Workforce-Education and Equity – Mar 07, 2023",Workforce-Education and Equity,dallas-tx-council-committee-on-government-efficiency
76869ed1994f,fd881b58141dae93,202386,"Ad Hoc Committee on General Investigating and Ethics – Nov 18, 2021",Ad Hoc Committee on General Investigating and Ethics,dallas-tx-ad-hoc-committee-on-general-investigating-and-ethics
76869ed1994f,fda941835b7c1f36,203278,"Youth Commission – Feb 12, 2020",Youth Commission,dallas-tx-youth-commission
76869ed1994f,fdcf5b5c8387cb83,230802,"2024 Bond Kick off – May 11, 2023",2024 Bond Kick off,dallas-tx-bond-program-meetings
76869ed1994f,fe0b7e556c694307,259827,"2024 Capital Bond Streets and Transportation Subcommittee Meeting – Jun 28, 2023",2024 Capital Bond Streets and Transportation Subcommittee Meeting,dallas-tx-bond-program-meetings
76869ed1994f,fed33e1bcc76be94,203281,"Youth Commission – Oct 13, 2020",Youth Commission,dallas-tx-youth-commission
76869ed1994f,ff23c4c783b0af29,308812,"Ad Hoc Judicial Nominating Committee – Jun 25, 2024",Ad Hoc Judicial Nominating Committee,dallas-tx-ad-hoc-judicial-nominating-committee
76869ed1994f,ff9d0b2071984532,202814,"Mobility Solutions, Infrastructure and Sustainability Committee – Feb 25, 2019","Mobility Solutions, Infrastructure and Sustainability Committee",dallas-tx-mobility-solutions-infrastructure-and-sustainability-committee
76869ed1994f,ffd212474f9b51ad,232343,"2024 Capital Bond Streets and Transportation Meeting – May 11, 2023",2024 Capital Bond Streets and Transportation Meeting,dallas-tx-bond-program-meetings
