source_key,uid,provider_guid,body,title,scope,baseline_pattern_id,baseline_pattern_title,baseline_disposition,intended_destination,case_id,case_status,unmatched_bucket,plain_language_disposition
3b7588310856,1ba31685c3061fad,116744,Animal Shelter Advisory Committee on 2021-03-24 3:00 PM,"Animal Shelter Advisory Committee on 2021-03-24 3:00 PM – Mar 24, 2021",680-item baseline,308c7b9baab2,Animal Shelter Advisory Committee on 2021-03-24 3:00 PM,not-to-pursue-maintainer-directed,not pursued; preserve in source archive,,unregistered,not to pursue,Not pursued by maintainer decision; raw catalog entry remains.
3b7588310856,345a3a95d050eddf,167459,League of Women Voters Candidate Forum,"League of Women Voters Candidate Forum – Apr 14, 2022",680-item baseline,7db2a9faac9c,League of Women Voters Candidate Forum,not-to-pursue-maintainer-directed,not-to-pursue,,unregistered,not to pursue,Not pursued by maintainer decision; raw catalog entry remains.
3b7588310856,3afe3a4c3aaa04d9,73990,Animal Shelter Advisory Committee on 2020-07-23 2:00 PM,"Animal Shelter Advisory Committee on 2020-07-23 2:00 PM – Jul 23, 2020",680-item baseline,4bde1eae7e73,Animal Shelter Advisory Committee on 2020-07-23 2:00 PM,not-to-pursue-maintainer-directed,not pursued; preserve in source archive,,unregistered,not to pursue,Not pursued by maintainer decision; raw catalog entry remains.
3b7588310856,43599790450713d2,381831,The League of Women Voters Candidate Forum,"The League of Women Voters Candidate Forum – Apr 09, 2026",680-item baseline,01e5271c1e34,The League of Women Voters Candidate Forum,not-to-pursue-maintainer-directed,not-to-pursue,,unregistered,not to pursue,Not pursued by maintainer decision; raw catalog entry remains.
3b7588310856,93bbf0722bbc0edd,224520,League of Women Voters Candidate Forum,"League of Women Voters Candidate Forum – Apr 20, 2023",680-item baseline,7db2a9faac9c,League of Women Voters Candidate Forum,not-to-pursue-maintainer-directed,not-to-pursue,,unregistered,not to pursue,Not pursued by maintainer decision; raw catalog entry remains.
3b7588310856,c33b73995d47d8f3,14004,League of Women Voters Candidate Forum,"League of Women Voters Candidate Forum – Apr 18, 2018",680-item baseline,7db2a9faac9c,League of Women Voters Candidate Forum,not-to-pursue-maintainer-directed,not-to-pursue,,unregistered,not to pursue,Not pursued by maintainer decision; raw catalog entry remains.
3b7588310856,d38106e9b2725a87,340514,The League of Women Voters Candidate Forum,"The League of Women Voters Candidate Forum – Apr 17, 2025",680-item baseline,01e5271c1e34,The League of Women Voters Candidate Forum,not-to-pursue-maintainer-directed,not-to-pursue,,unregistered,not to pursue,Not pursued by maintainer decision; raw catalog entry remains.
3b7588310856,f1e199354d821412,301875,League of Women Voters Candidate Forum,"League of Women Voters Candidate Forum – Apr 04, 2024",680-item baseline,7db2a9faac9c,League of Women Voters Candidate Forum,not-to-pursue-maintainer-directed,not-to-pursue,,unregistered,not to pursue,Not pursued by maintainer decision; raw catalog entry remains.
3b7588310856,f3eac6548e0da80c,87453,Animal Shelter Advisory Committee on 2020-10-21 3:00 PM,"Animal Shelter Advisory Committee on 2020-10-21 3:00 PM – Oct 21, 2020",680-item baseline,1d5b0bc422f3,Animal Shelter Advisory Committee on 2020-10-21 3:00 PM,not-to-pursue-maintainer-directed,not pursued; preserve in source archive,,unregistered,not to pursue,Not pursued by maintainer decision; raw catalog entry remains.
3b7588310856,f9c0123089539a11,382624,The League of Women Voters Candidate Forum,"The League of Women Voters Candidate Forum – Apr 16, 2026",680-item baseline,01e5271c1e34,The League of Women Voters Candidate Forum,not-to-pursue-maintainer-directed,not-to-pursue,,unregistered,not to pursue,Not pursued by maintainer decision; raw catalog entry remains.
6540eef2dc2e,00c9f506545d220a,https://fortworthgov.granicus.com/MediaPlayer.php?view_id=11&clip_id=2469,Minority Leaders and Citizen's Council Minority Leaders and Citizen's Council,Minority Leaders and Citizen's Council Minority Leaders and Citizen's Council,680-item baseline,03cd222d4f13,Minority Leaders and Citizen's Council Minority Leaders and Citizen's Council,not-to-pursue-maintainer-directed,not-to-pursue,,unregistered,not to pursue,Not pursued by maintainer decision; raw catalog entry remains.
6540eef2dc2e,00e5a51984f89df0,https://fortworthgov.granicus.com/MediaPlayer.php?view_id=10&clip_id=5085,Fort Worth Forward - Episode 15 Fort Worth Forward - Episode 15,Fort Worth Forward - Episode 15 Fort Worth Forward - Episode 15,680-item baseline,2514622eab63,Fort Worth Forward - Episode 15 Fort Worth Forward - Episode 15,not-to-pursue-maintainer-directed,not-to-pursue,,unregistered,not to pursue,Not pursued by maintainer decision; raw catalog entry remains.
6540eef2dc2e,01127a49d16869ef,https://fortworthgov.granicus.com/MediaPlayer.php?view_id=11&clip_id=848,Minority Leaders and Citizen's Council Minority Leaders and Citizen's Council,Minority Leaders and Citizen's Council Minority Leaders and Citizen's Council,680-item baseline,03cd222d4f13,Minority Leaders and Citizen's Council Minority Leaders and Citizen's Council,not-to-pursue-maintainer-directed,not-to-pursue,,unregistered,not to pursue,Not pursued by maintainer decision; raw catalog entry remains.
6540eef2dc2e,014649318804b782,https://fortworthgov.granicus.com/MediaPlayer.php?view_id=10&clip_id=5203,Fort Worth Forward - Episode 19 Fort Worth Forward - Episode 19,Fort Worth Forward - Episode 19 Fort Worth Forward - Episode 19,680-item baseline,13f7d641d27e,Fort Worth Forward - Episode 19 Fort Worth Forward - Episode 19,not-to-pursue-maintainer-directed,not-to-pursue,,unregistered,not to pursue,Not pursued by maintainer decision; raw catalog entry remains.
6540eef2dc2e,018c23a1b2493ae3,https://fortworthgov.granicus.com/MediaPlayer.php?view_id=12&clip_id=585,City Page Update City Page Update,City Page Update City Page Update,680-item baseline,92b82ed39a3c,City Page Update City Page Update,not-to-pursue-maintainer-directed,not-to-pursue,,unregistered,not to pursue,Not pursued by maintainer decision; raw catalog entry remains.
6540eef2dc2e,01a117c14490485d,https://fortworthgov.granicus.com/MediaPlayer.php?view_id=10&clip_id=5987,"Fort Worth Business Plan Competition Finals | October 14, 2025 Fort Worth Business Plan Competition Finals | October 14, 2025","Fort Worth Business Plan Competition Finals | October 14, 2025 Fort Worth Business Plan Competition Finals | October 14, 2025",680-item baseline,fc365c0f8b53,"Fort Worth Business Plan Competition Finals | October 14, 2025 Fort Worth Business Plan Competition Finals | October 14, 2025",not-to-pursue-maintainer-directed,not-to-pursue,,unregistered,not to pursue,Not pursued by maintainer decision; raw catalog entry remains.
6540eef2dc2e,01e99c37c0775096,https://fortworthgov.granicus.com/MediaPlayer.php?view_id=10&clip_id=4868,Fort Worth Forward - Episode 11 Fort Worth Forward - Episode 11,Fort Worth Forward - Episode 11 Fort Worth Forward - Episode 11,680-item baseline,ef8c5ea488df,Fort Worth Forward - Episode 11 Fort Worth Forward - Episode 11,not-to-pursue-maintainer-directed,not-to-pursue,,unregistered,not to pursue,Not pursued by maintainer decision; raw catalog entry remains.
6540eef2dc2e,022773e138cfd7f9,https://fortworthgov.granicus.com/MediaPlayer.php?view_id=12&clip_id=4446,Business Equity Committee Business Equity Committee,Business Equity Committee Business Equity Committee,680-item baseline,346ceb3f3718,Business Equity Committee Business Equity Committee,not-to-pursue-maintainer-directed,not pursued; preserve in source archive,,unregistered,not to pursue,Not pursued by maintainer decision; raw catalog entry remains.
6540eef2dc2e,026e3e9abafd2565,https://fortworthgov.granicus.com/MediaPlayer.php?view_id=12&clip_id=4677,OPOM: The Changing Landscape of Civilian Oversight in Texas OPOM: The Changing Landscape of Civilian Oversight in Texas,OPOM: The Changing Landscape of Civilian Oversight in Texas OPOM: The Changing Landscape of Civilian Oversight in Texas,680-item baseline,8763318a910a,OPOM: The Changing Landscape of Civilian Oversight in Texas OPOM: The Changing Landscape of Civilian Oversight in Texas,not-to-pursue-maintainer-directed,not-to-pursue,,unregistered,not to pursue,Not pursued by maintainer decision; raw catalog entry remains.
6540eef2dc2e,02850e6d56a3392f,https://fortworthgov.granicus.com/MediaPlayer.php?view_id=11&clip_id=815,Minority Leaders and Citizen's Council Minority Leaders and Citizen's Council,Minority Leaders and Citizen's Council Minority Leaders and Citizen's Council,680-item baseline,03cd222d4f13,Minority Leaders and Citizen's Council Minority Leaders and Citizen's Council,not-to-pursue-maintainer-directed,not-to-pursue,,unregistered,not to pursue,Not pursued by maintainer decision; raw catalog entry remains.
6540eef2dc2e,02c2090c032061cf,https://fortworthgov.granicus.com/MediaPlayer.php?view_id=10&clip_id=2558,Active Shooter Civilian Response Training Active Shooter Civilian Response Training,Active Shooter Civilian Response Training Active Shooter Civilian Response Training,680-item baseline,f8e647ff76b6,Active Shooter Civilian Response Training Active Shooter Civilian Response Training,not-to-pursue-maintainer-directed,not-to-pursue,,unregistered,not to pursue,Not pursued by maintainer decision; raw catalog entry remains.
6540eef2dc2e,07738b8af1ebcb11,https://fortworthgov.granicus.com/MediaPlayer.php?view_id=11&clip_id=2467,Minority Leaders and Citizen's Council Minority Leaders and Citizen's Council,Minority Leaders and Citizen's Council Minority Leaders and Citizen's Council,680-item baseline,03cd222d4f13,Minority Leaders and Citizen's Council Minority Leaders and Citizen's Council,not-to-pursue-maintainer-directed,not-to-pursue,,unregistered,not to pursue,Not pursued by maintainer decision; raw catalog entry remains.
6540eef2dc2e,08486d00df276f9b,https://fortworthgov.granicus.com/MediaPlayer.php?view_id=11&clip_id=797,Minority Leaders and Citizen's Council Minority Leaders and Citizen's Council,Minority Leaders and Citizen's Council Minority Leaders and Citizen's Council,680-item baseline,03cd222d4f13,Minority Leaders and Citizen's Council Minority Leaders and Citizen's Council,not-to-pursue-maintainer-directed,not-to-pursue,,unregistered,not to pursue,Not pursued by maintainer decision; raw catalog entry remains.
6540eef2dc2e,0acc97c05e1d57b5,https://fortworthgov.granicus.com/MediaPlayer.php?view_id=11&clip_id=2718,Minority Leaders and Citzen's Council Minority Leaders and Citzen's Council,Minority Leaders and Citzen's Council Minority Leaders and Citzen's Council,680-item baseline,b9f665153dd7,Minority Leaders and Citzen's Council Minority Leaders and Citzen's Council,not-to-pursue-maintainer-directed,not-to-pursue,,unregistered,not to pursue,Not pursued by maintainer decision; raw catalog entry remains.
6540eef2dc2e,0bb311576c0305ef,https://fortworthgov.granicus.com/MediaPlayer.php?view_id=9&clip_id=60,fortworthfinal fortworthfinal,fortworthfinal fortworthfinal,680-item baseline,0630cc000573,fortworthfinal fortworthfinal,not-to-pursue-maintainer-directed,not-to-pursue,,unregistered,not to pursue,Not pursued by maintainer decision; raw catalog entry remains.
6540eef2dc2e,0bd67545046dabde,https://fortworthgov.granicus.com/MediaPlayer.php?view_id=10&clip_id=4673,"CDFI Friendly Fort Worth Kickoff of January 26, 2022 CDFI Friendly Fort Worth Kickoff of January 26, 2022","CDFI Friendly Fort Worth Kickoff of January 26, 2022 CDFI Friendly Fort Worth Kickoff of January 26, 2022",680-item baseline,9b6a589f4a92,"CDFI Friendly Fort Worth Kickoff of January 26, 2022 CDFI Friendly Fort Worth Kickoff of January 26, 2022",not-to-pursue-maintainer-directed,not-to-pursue,,unregistered,not to pursue,Not pursued by maintainer decision; raw catalog entry remains.
6540eef2dc2e,0dcf7b47143feb1e,https://fortworthgov.granicus.com/MediaPlayer.php?view_id=11&clip_id=847,Minority Leaders and Citizen's Council Minority Leaders and Citizen's Council,Minority Leaders and Citizen's Council Minority Leaders and Citizen's Council,680-item baseline,03cd222d4f13,Minority Leaders and Citizen's Council Minority Leaders and Citizen's Council,not-to-pursue-maintainer-directed,not-to-pursue,,unregistered,not to pursue,Not pursued by maintainer decision; raw catalog entry remains.
6540eef2dc2e,0e0a167ce619be13,https://fortworthgov.granicus.com/MediaPlayer.php?view_id=12&clip_id=516,City Page Update City Page Update,City Page Update City Page Update,680-item baseline,92b82ed39a3c,City Page Update City Page Update,not-to-pursue-maintainer-directed,not-to-pursue,,unregistered,not to pursue,Not pursued by maintainer decision; raw catalog entry remains.
6540eef2dc2e,0e3c27a953145209,https://fortworthgov.granicus.com/MediaPlayer.php?view_id=10&clip_id=4598,Fort Worth Forward - Episode 4 Fort Worth Forward - Episode 4,Fort Worth Forward - Episode 4 Fort Worth Forward - Episode 4,680-item baseline,734b8e879649,Fort Worth Forward - Episode 4 Fort Worth Forward - Episode 4,not-to-pursue-maintainer-directed,not-to-pursue,,unregistered,not to pursue,Not pursued by maintainer decision; raw catalog entry remains.
6540eef2dc2e,0e93e50621582eb4,https://fortworthgov.granicus.com/MediaPlayer.php?view_id=12&clip_id=625,City Page Update City Page Update,City Page Update City Page Update,680-item baseline,92b82ed39a3c,City Page Update City Page Update,not-to-pursue-maintainer-directed,not-to-pursue,,unregistered,not to pursue,Not pursued by maintainer decision; raw catalog entry remains.
6540eef2dc2e,0eee03d9d8c24a84,https://fortworthgov.granicus.com/MediaPlayer.php?view_id=12&clip_id=5165,Pride Month 2023 Employee Program Pride Month 2023 Employee Program,Pride Month 2023 Employee Program Pride Month 2023 Employee Program,680-item baseline,5d87ee04183b,Pride Month 2023 Employee Program Pride Month 2023 Employee Program,not-to-pursue-maintainer-directed,not-to-pursue,,unregistered,not to pursue,Not pursued by maintainer decision; raw catalog entry remains.
6540eef2dc2e,0f1da5bd8768a69b,https://fortworthgov.granicus.com/MediaPlayer.php?view_id=10&clip_id=2230,"Fort Worth Chamber of Commerce 133rd Annual Meeting, June 5, 2015 Fort Worth Chamber of Commerce 133rd Annual Meeting, June 5, 2015","Fort Worth Chamber of Commerce 133rd Annual Meeting, June 5, 2015 Fort Worth Chamber of Commerce 133rd Annual Meeting, June 5, 2015",680-item baseline,2319371f3438,"Fort Worth Chamber of Commerce 133rd Annual Meeting, June 5, 2015 Fort Worth Chamber of Commerce 133rd Annual Meeting, June 5, 2015",not-to-pursue-maintainer-directed,not-to-pursue,,unregistered,not to pursue,Not pursued by maintainer decision; raw catalog entry remains.
6540eef2dc2e,0fbaecd9d106ab80,https://fortworthgov.granicus.com/MediaPlayer.php?view_id=11&clip_id=1004,Minority Leaders and Citizen's Council Minority Leaders and Citizen's Council,Minority Leaders and Citizen's Council Minority Leaders and Citizen's Council,680-item baseline,03cd222d4f13,Minority Leaders and Citizen's Council Minority Leaders and Citizen's Council,not-to-pursue-maintainer-directed,not-to-pursue,,unregistered,not to pursue,Not pursued by maintainer decision; raw catalog entry remains.
6540eef2dc2e,106bd40b92055573,https://fortworthgov.granicus.com/MediaPlayer.php?view_id=10&clip_id=4838,Fort Worth Forward - Episode 10 Fort Worth Forward - Episode 10,Fort Worth Forward - Episode 10 Fort Worth Forward - Episode 10,680-item baseline,901f512bf671,Fort Worth Forward - Episode 10 Fort Worth Forward - Episode 10,not-to-pursue-maintainer-directed,not-to-pursue,,unregistered,not to pursue,Not pursued by maintainer decision; raw catalog entry remains.
6540eef2dc2e,106c5c012bd4ad87,https://fortworthgov.granicus.com/MediaPlayer.php?view_id=12&clip_id=3781,Fort Worth Public Improvement District No. 1 Advisory Board Fort Worth Public Improvement District No. 1 Advisory Board,Fort Worth Public Improvement District No. 1 Advisory Board Fort Worth Public Improvement District No. 1 Advisory Board,680-item baseline,2603796cdc65,Fort Worth Public Improvement District No. 1 Advisory Board Fort Worth Public Improvement District No. 1 Advisory Board,not-to-pursue-maintainer-directed,not pursued; preserve in source archive,,unregistered,not to pursue,Not pursued by maintainer decision; raw catalog entry remains.
6540eef2dc2e,10b15a58519e7bcc,https://fortworthgov.granicus.com/MediaPlayer.php?view_id=12&clip_id=1010,City News City News,City News City News,680-item baseline,694a754c98bf,City News City News,not-to-pursue-maintainer-directed,not-to-pursue,,unregistered,not to pursue,Not pursued by maintainer decision; raw catalog entry remains.
6540eef2dc2e,11d7c6432dc343ec,https://fortworthgov.granicus.com/MediaPlayer.php?view_id=12&clip_id=4304,Community Action Partners Community Action Partners,Community Action Partners Community Action Partners,680-item baseline,afabb81c06a6,Community Action Partners Community Action Partners,not-to-pursue-maintainer-directed,not-to-pursue,,unregistered,not to pursue,Not pursued by maintainer decision; raw catalog entry remains.
6540eef2dc2e,12ae2775c38a060f,https://fortworthgov.granicus.com/MediaPlayer.php?view_id=10&clip_id=5540,"Crime Control Prevention District, Fort Worth LDC, Central City LDC, Research & Innovation LGC, and Fort Worth HFC Crime Control Prevention District, Fort Worth LDC, Central City LDC, Research & Innovation LGC, and Fort Worth HFC","Crime Control Prevention District, Fort Worth LDC, Central City LDC, Research & Innovation LGC, and Fort Worth HFC Crime Control Prevention District, Fort Worth LDC, Central City LDC, Research & Innovation LGC, and Fort Worth HFC",680-item baseline,436b86039eb4,"Crime Control Prevention District, Fort Worth LDC, Central City LDC, Research & Innovation LGC, and Fort Worth HFC Crime Control Prevention District, Fort Worth LDC, Central City LDC, Research & Innovation LGC, and Fort Worth HFC",not-to-pursue-maintainer-directed,not-to-pursue,,unregistered,not to pursue,Not pursued by maintainer decision; raw catalog entry remains.
6540eef2dc2e,138b8e848209b7e6,https://fortworthgov.granicus.com/MediaPlayer.php?view_id=10&clip_id=2943,"Community Development Week Celebration - April 2, 2018 Community Development Week Celebration","Community Development Week Celebration - April 2, 2018 Community Development Week Celebration - April 2, 2018",680-item baseline,b8b70d0363a3,"Community Development Week Celebration - April 2, 2018 Community Development Week Celebration",not-to-pursue-maintainer-directed,not-to-pursue,,unregistered,not to pursue,Not pursued by maintainer decision; raw catalog entry remains.
6540eef2dc2e,13a5ab8158ab1d96,https://fortworthgov.granicus.com/MediaPlayer.php?view_id=12&clip_id=746,City News City News,City News City News,680-item baseline,694a754c98bf,City News City News,not-to-pursue-maintainer-directed,not-to-pursue,,unregistered,not to pursue,Not pursued by maintainer decision; raw catalog entry remains.
6540eef2dc2e,14439ae6ebcbd1dd,https://fortworthgov.granicus.com/MediaPlayer.php?view_id=12&clip_id=4448,Community Action Partners Council Community Action Partners Council,Community Action Partners Council Community Action Partners Council,680-item baseline,4ef21af345c3,Community Action Partners Council Community Action Partners Council,not-to-pursue-maintainer-directed,not-to-pursue,,unregistered,not to pursue,Not pursued by maintainer decision; raw catalog entry remains.
6540eef2dc2e,14805e4f106cdbca,1d04e7aa-28a7-48b8-b601-afebd8f67a17,NEW Test 01 Main,"NEW Test 01 Main 26-02-02 - Feb 02, 2026",outside the frozen 680-item baseline,,,,,,,not to pursue,"Blank/test catalog entry; retain source record, do not create a public meeting-feed rule."
6540eef2dc2e,16d1e294be91fa2b,https://fortworthgov.granicus.com/MediaPlayer.php?view_id=11&clip_id=2084,Minority Leaders and Citizen's Council Minority Leaders and Citizen's Council,Minority Leaders and Citizen's Council Minority Leaders and Citizen's Council,680-item baseline,03cd222d4f13,Minority Leaders and Citizen's Council Minority Leaders and Citizen's Council,not-to-pursue-maintainer-directed,not-to-pursue,,unregistered,not to pursue,Not pursued by maintainer decision; raw catalog entry remains.
6540eef2dc2e,182720de456decd7,https://fortworthgov.granicus.com/MediaPlayer.php?view_id=10&clip_id=4396,Community Action Partners Community Action Partners,Community Action Partners Community Action Partners,680-item baseline,afabb81c06a6,Community Action Partners Community Action Partners,not-to-pursue-maintainer-directed,not-to-pursue,,unregistered,not to pursue,Not pursued by maintainer decision; raw catalog entry remains.
6540eef2dc2e,18a070911ac1f78a,https://fortworthgov.granicus.com/MediaPlayer.php?view_id=12&clip_id=5288,"Hispanic Heritage Month Employee Celebration of September 28, 2023 Hispanic Heritage Month Employee Celebration of September 28, 2023","Hispanic Heritage Month Employee Celebration of September 28, 2023 Hispanic Heritage Month Employee Celebration of September 28, 2023",680-item baseline,555ee97df0e3,"Hispanic Heritage Month Employee Celebration of September 28, 2023 Hispanic Heritage Month Employee Celebration of September 28, 2023",not-to-pursue-maintainer-directed,not-to-pursue,,unregistered,not to pursue,Not pursued by maintainer decision; raw catalog entry remains.
6540eef2dc2e,18d151bdf775af49,https://fortworthgov.granicus.com/MediaPlayer.php?view_id=12&clip_id=3988,National Night Out 2020 National Night Out 2020,National Night Out 2020 National Night Out 2020,680-item baseline,30a8fd345f87,National Night Out 2020 National Night Out 2020,not-to-pursue-maintainer-directed,not-to-pursue,,unregistered,not to pursue,Not pursued by maintainer decision; raw catalog entry remains.
6540eef2dc2e,1b0a8ec4dccee71f,https://fortworthgov.granicus.com/MediaPlayer.php?view_id=10&clip_id=4630,Fort Worth Forward - Episode 5 Fort Worth Forward - Episode 5,Fort Worth Forward - Episode 5 Fort Worth Forward - Episode 5,680-item baseline,23e3069e39ef,Fort Worth Forward - Episode 5 Fort Worth Forward - Episode 5,not-to-pursue-maintainer-directed,not-to-pursue,,unregistered,not to pursue,Not pursued by maintainer decision; raw catalog entry remains.
6540eef2dc2e,1ba9a4639691a8f3,https://fortworthgov.granicus.com/MediaPlayer.php?view_id=12&clip_id=5177,"City of Fort Worth Juneteenth Employee Celebration of June 15, 2023 City of Fort Worth Juneteenth Employee Celebration of June 15, 2023","City of Fort Worth Juneteenth Employee Celebration of June 15, 2023 City of Fort Worth Juneteenth Employee Celebration of June 15, 2023",680-item baseline,5ddb4d5b810f,"City of Fort Worth Juneteenth Employee Celebration of June 15, 2023 City of Fort Worth Juneteenth Employee Celebration of June 15, 2023",not-to-pursue-maintainer-directed,not-to-pursue,,unregistered,not to pursue,Not pursued by maintainer decision; raw catalog entry remains.
6540eef2dc2e,1d6f1170012aa231,https://fortworthgov.granicus.com/MediaPlayer.php?view_id=12&clip_id=4123,Fort Worth Water Department Wholesale Water and Wastewater Advisory Committee Fort Worth Water Department Wholesale Water and Wastewater Advisory Committee,Fort Worth Water Department Wholesale Water and Wastewater Advisory Committee Fort Worth Water Department Wholesale Water and Wastewater Advisory Committee,680-item baseline,5d5f9852b67f,Fort Worth Water Department Wholesale Water and Wastewater Advisory Committee Fort Worth Water Department Wholesale Water and Wastewater Advisory Committee,not-to-pursue-maintainer-directed,not pursued; preserve in source archive,,unregistered,not to pursue,Not pursued by maintainer decision; raw catalog entry remains.
6540eef2dc2e,1db4127cc4e9ab06,https://fortworthgov.granicus.com/MediaPlayer.php?view_id=11&clip_id=883,Minority Leaders and Citizen's Council Minority Leaders and Citizen's Council,Minority Leaders and Citizen's Council Minority Leaders and Citizen's Council,680-item baseline,03cd222d4f13,Minority Leaders and Citizen's Council Minority Leaders and Citizen's Council,not-to-pursue-maintainer-directed,not-to-pursue,,unregistered,not to pursue,Not pursued by maintainer decision; raw catalog entry remains.
6540eef2dc2e,1e3b218205879442,https://fortworthgov.granicus.com/MediaPlayer.php?view_id=12&clip_id=403,City Page Update City Page Update,City Page Update City Page Update,680-item baseline,92b82ed39a3c,City Page Update City Page Update,not-to-pursue-maintainer-directed,not-to-pursue,,unregistered,not to pursue,Not pursued by maintainer decision; raw catalog entry remains.
6540eef2dc2e,1e59ffa3de090a14,https://fortworthgov.granicus.com/MediaPlayer.php?view_id=12&clip_id=1362,Neighborhood Awards Neighborhood Awards,Neighborhood Awards Neighborhood Awards,680-item baseline,c6873d2c1ad2,Neighborhood Awards Neighborhood Awards,not-to-pursue-maintainer-directed,not-to-pursue,,unregistered,not to pursue,Not pursued by maintainer decision; raw catalog entry remains.
6540eef2dc2e,1e9b84832d1f6577,https://fortworthgov.granicus.com/MediaPlayer.php?view_id=12&clip_id=956,City Notes City Notes,City Notes City Notes,680-item baseline,7589fd43ffb0,City Notes City Notes,not-to-pursue-maintainer-directed,not-to-pursue,,unregistered,not to pursue,Not pursued by maintainer decision; raw catalog entry remains.
6540eef2dc2e,1f025bb4ff0480c5,https://fortworthgov.granicus.com/MediaPlayer.php?view_id=12&clip_id=4520,Community Action Partners Council Community Action Partners Council,Community Action Partners Council Community Action Partners Council,680-item baseline,4ef21af345c3,Community Action Partners Council Community Action Partners Council,not-to-pursue-maintainer-directed,not-to-pursue,,unregistered,not to pursue,Not pursued by maintainer decision; raw catalog entry remains.
6540eef2dc2e,1fa4b91239881ffd,https://fortworthgov.granicus.com/MediaPlayer.php?view_id=10&clip_id=1865,It's Your Fort Worth: Fort Worth Funky It's Your Fort Worth: Fort Worth Funky,It's Your Fort Worth: Fort Worth Funky It's Your Fort Worth: Fort Worth Funky,680-item baseline,77f273fc7604,It's Your Fort Worth: Fort Worth Funky It's Your Fort Worth: Fort Worth Funky,not-to-pursue-maintainer-directed,not-to-pursue,,unregistered,not to pursue,Not pursued by maintainer decision; raw catalog entry remains.
6540eef2dc2e,1fe61227ba95c1f0,https://fortworthgov.granicus.com/MediaPlayer.php?view_id=10&clip_id=2083,Minority Leaders and Citizen's Council Minority Leaders and Citizen's Council,Minority Leaders and Citizen's Council Minority Leaders and Citizen's Council,680-item baseline,03cd222d4f13,Minority Leaders and Citizen's Council Minority Leaders and Citizen's Council,not-to-pursue-maintainer-directed,not-to-pursue,,unregistered,not to pursue,Not pursued by maintainer decision; raw catalog entry remains.
6540eef2dc2e,20039c6bd0ae6271,https://fortworthgov.granicus.com/MediaPlayer.php?view_id=11&clip_id=897,Minority Leaders and Citizen's Council Minority Leaders and Citizen's Council,Minority Leaders and Citizen's Council Minority Leaders and Citizen's Council,680-item baseline,03cd222d4f13,Minority Leaders and Citizen's Council Minority Leaders and Citizen's Council,not-to-pursue-maintainer-directed,not-to-pursue,,unregistered,not to pursue,Not pursued by maintainer decision; raw catalog entry remains.
6540eef2dc2e,20db66e742e90f6c,https://fortworthgov.granicus.com/MediaPlayer.php?view_id=12&clip_id=794,City News City News,City News City News,680-item baseline,694a754c98bf,City News City News,not-to-pursue-maintainer-directed,not-to-pursue,,unregistered,not to pursue,Not pursued by maintainer decision; raw catalog entry remains.
6540eef2dc2e,215f637a5ca8a127,https://fortworthgov.granicus.com/MediaPlayer.php?view_id=10&clip_id=5146,The Asian Tradition of Meditation and Mindfulness The Asian Tradition of Meditation and Mindfulness,The Asian Tradition of Meditation and Mindfulness The Asian Tradition of Meditation and Mindfulness,680-item baseline,c06211fb3fd6,The Asian Tradition of Meditation and Mindfulness The Asian Tradition of Meditation and Mindfulness,not-to-pursue-maintainer-directed,not-to-pursue,,unregistered,not to pursue,Not pursued by maintainer decision; raw catalog entry remains.
6540eef2dc2e,23e21772d1f5f2ad,https://fortworthgov.granicus.com/MediaPlayer.php?view_id=12&clip_id=2558,Active Shooter Civilian Response Training Active Shooter Civilian Response Training,Active Shooter Civilian Response Training Active Shooter Civilian Response Training,680-item baseline,f8e647ff76b6,Active Shooter Civilian Response Training Active Shooter Civilian Response Training,not-to-pursue-maintainer-directed,not-to-pursue,,unregistered,not to pursue,Not pursued by maintainer decision; raw catalog entry remains.
6540eef2dc2e,24c54f91bcc455f4,https://fortworthgov.granicus.com/MediaPlayer.php?view_id=12&clip_id=1606,Neighborhood Awards Neighborhood Awards,Neighborhood Awards Neighborhood Awards,680-item baseline,c6873d2c1ad2,Neighborhood Awards Neighborhood Awards,not-to-pursue-maintainer-directed,not-to-pursue,,unregistered,not to pursue,Not pursued by maintainer decision; raw catalog entry remains.
6540eef2dc2e,24e2440976521c61,https://fortworthgov.granicus.com/MediaPlayer.php?view_id=11&clip_id=1865,It's Your Fort Worth: Fort Worth Funky It's Your Fort Worth: Fort Worth Funky,It's Your Fort Worth: Fort Worth Funky It's Your Fort Worth: Fort Worth Funky,680-item baseline,77f273fc7604,It's Your Fort Worth: Fort Worth Funky It's Your Fort Worth: Fort Worth Funky,not-to-pursue-maintainer-directed,not-to-pursue,,unregistered,not to pursue,Not pursued by maintainer decision; raw catalog entry remains.
6540eef2dc2e,25518f8bb5e5b662,https://fortworthgov.granicus.com/MediaPlayer.php?view_id=12&clip_id=4396,Community Action Partners Community Action Partners,Community Action Partners Community Action Partners,680-item baseline,afabb81c06a6,Community Action Partners Community Action Partners,not-to-pursue-maintainer-directed,not-to-pursue,,unregistered,not to pursue,Not pursued by maintainer decision; raw catalog entry remains.
6540eef2dc2e,270735e2deb1b89b,https://fortworthgov.granicus.com/MediaPlayer.php?view_id=10&clip_id=3988,National Night Out 2020 National Night Out 2020,National Night Out 2020 National Night Out 2020,680-item baseline,30a8fd345f87,National Night Out 2020 National Night Out 2020,not-to-pursue-maintainer-directed,not-to-pursue,,unregistered,not to pursue,Not pursued by maintainer decision; raw catalog entry remains.
6540eef2dc2e,285c2fe65e3a80c0,https://fortworthgov.granicus.com/MediaPlayer.php?view_id=10&clip_id=2586,Minority Leaders and Citizens Council Minority Leaders and Citizens Council,Minority Leaders and Citizens Council Minority Leaders and Citizens Council,outside the frozen 680-item baseline,,,,,,,not to pursue,"Civic/community-channel program, not a City Council meeting; preserve source record and audio."
6540eef2dc2e,286dd18a018f3dae,https://fortworthgov.granicus.com/MediaPlayer.php?view_id=10&clip_id=2463,Minority Leaders and Citizen's Council Minority Leaders and Citizen's Council,Minority Leaders and Citizen's Council Minority Leaders and Citizen's Council,680-item baseline,03cd222d4f13,Minority Leaders and Citizen's Council Minority Leaders and Citizen's Council,not-to-pursue-maintainer-directed,not-to-pursue,,unregistered,not to pursue,Not pursued by maintainer decision; raw catalog entry remains.
6540eef2dc2e,28b69c89c73de25e,https://fortworthgov.granicus.com/MediaPlayer.php?view_id=10&clip_id=2084,Minority Leaders and Citizen's Council Minority Leaders and Citizen's Council,Minority Leaders and Citizen's Council Minority Leaders and Citizen's Council,680-item baseline,03cd222d4f13,Minority Leaders and Citizen's Council Minority Leaders and Citizen's Council,not-to-pursue-maintainer-directed,not-to-pursue,,unregistered,not to pursue,Not pursued by maintainer decision; raw catalog entry remains.
6540eef2dc2e,290009ba88ed9274,https://fortworthgov.granicus.com/MediaPlayer.php?view_id=10&clip_id=5492,TCEQ Public Meeting on Proposed Concrete Batch Plant TCEQ Public Meeting on Proposed Concrete Batch Plant,TCEQ Public Meeting on Proposed Concrete Batch Plant TCEQ Public Meeting on Proposed Concrete Batch Plant,680-item baseline,fe0e8ee0a4fe,TCEQ Public Meeting on Proposed Concrete Batch Plant TCEQ Public Meeting on Proposed Concrete Batch Plant,not-to-pursue-maintainer-directed,not-to-pursue,,unregistered,not to pursue,Not pursued by maintainer decision; raw catalog entry remains.
6540eef2dc2e,293d7c9916ced5da,https://fortworthgov.granicus.com/MediaPlayer.php?view_id=12&clip_id=4029,Community Action Partners Community Action Partners,Community Action Partners Community Action Partners,680-item baseline,afabb81c06a6,Community Action Partners Community Action Partners,not-to-pursue-maintainer-directed,not-to-pursue,,unregistered,not to pursue,Not pursued by maintainer decision; raw catalog entry remains.
6540eef2dc2e,2a0da8b1051c1101,https://fortworthgov.granicus.com/MediaPlayer.php?view_id=11&clip_id=2176,Minority Leaders and Citizens Council Minority Leaders and Citizens Council,Minority Leaders and Citizens Council Minority Leaders and Citizens Council,outside the frozen 680-item baseline,,,,,,,not to pursue,"Civic/community-channel program, not a City Council meeting; preserve source record and audio."
6540eef2dc2e,2a459da1cb2df06e,https://fortworthgov.granicus.com/MediaPlayer.php?view_id=10&clip_id=4146,Community Action Partners Council Meeting of 12-17-20 Community Action Partners Council Meeting of,Community Action Partners Council Meeting of 12-17-20 Community Action Partners Council Meeting of 12-17-20,680-item baseline,376c29adadb8,Community Action Partners Council Meeting of 12-17-20 Community Action Partners Council Meeting of,not-to-pursue-maintainer-directed,not-to-pursue,,unregistered,not to pursue,Not pursued by maintainer decision; raw catalog entry remains.
6540eef2dc2e,2b75c3298006b013,https://fortworthgov.granicus.com/MediaPlayer.php?view_id=11&clip_id=845,Minority Leaders and Citizen's Council Minority Leaders and Citizen's Council,Minority Leaders and Citizen's Council Minority Leaders and Citizen's Council,680-item baseline,03cd222d4f13,Minority Leaders and Citizen's Council Minority Leaders and Citizen's Council,not-to-pursue-maintainer-directed,not-to-pursue,,unregistered,not to pursue,Not pursued by maintainer decision; raw catalog entry remains.
6540eef2dc2e,2c1cf79815d21e0e,https://fortworthgov.granicus.com/MediaPlayer.php?view_id=12&clip_id=4357,Business Equity Advisory Board Meeting Business Equity Advisory Board Meeting,Business Equity Advisory Board Meeting Business Equity Advisory Board Meeting,680-item baseline,56bd6dd2a46f,Business Equity Advisory Board Meeting Business Equity Advisory Board Meeting,not-to-pursue-maintainer-directed,not pursued; preserve in source archive,,unregistered,not to pursue,Not pursued by maintainer decision; raw catalog entry remains.
6540eef2dc2e,2c4fd4c08fb4a45d,https://fortworthgov.granicus.com/MediaPlayer.php?view_id=12&clip_id=5328,Texas Rangers World Champions Trophy & Key To The City Presentation Texas Rangers World Champions Trophy & Key To The City Presentation,Texas Rangers World Champions Trophy & Key To The City Presentation Texas Rangers World Champions Trophy & Key To The City Presentation,680-item baseline,8912784a2e30,Texas Rangers World Champions Trophy & Key To The City Presentation Texas Rangers World Champions Trophy & Key To The City Presentation,not-to-pursue-maintainer-directed,not-to-pursue,,unregistered,not to pursue,Not pursued by maintainer decision; raw catalog entry remains.
6540eef2dc2e,2cf4b0e62e427cc1,https://fortworthgov.granicus.com/MediaPlayer.php?view_id=10&clip_id=2234,"Fort Worth Metropolitan Black Chamber of Commerce 35th Annual luncheon: June 19, 2015 Fort Worth Metropolitan Black Chamber of Commerce 35th Annual luncheon: June 19, 2015","Fort Worth Metropolitan Black Chamber of Commerce 35th Annual luncheon: June 19, 2015 Fort Worth Metropolitan Black Chamber of Commerce 35th Annual luncheon: June 19, 2015",680-item baseline,eebf9b09a7de,"Fort Worth Metropolitan Black Chamber of Commerce 35th Annual luncheon: June 19, 2015 Fort Worth Metropolitan Black Chamber of Commerce 35th Annual luncheon: June 19, 2015",not-to-pursue-maintainer-directed,not-to-pursue,,unregistered,not to pursue,Not pursued by maintainer decision; raw catalog entry remains.
6540eef2dc2e,2d9e4b9e1138cf4d,https://fortworthgov.granicus.com/MediaPlayer.php?view_id=10&clip_id=5391,Fort Worth Forward - Episode 23 Fort Worth Forward - Episode 23,Fort Worth Forward - Episode 23 Fort Worth Forward - Episode 23,680-item baseline,d0c50ec718b4,Fort Worth Forward - Episode 23 Fort Worth Forward - Episode 23,not-to-pursue-maintainer-directed,not-to-pursue,,unregistered,not to pursue,Not pursued by maintainer decision; raw catalog entry remains.
6540eef2dc2e,2dbfcb6cef440fd3,https://fortworthgov.granicus.com/MediaPlayer.php?view_id=10&clip_id=2715,Minority Leaders and Citizen's Council Minority Leaders and Citizen's Council,Minority Leaders and Citizen's Council Minority Leaders and Citizen's Council,680-item baseline,03cd222d4f13,Minority Leaders and Citizen's Council Minority Leaders and Citizen's Council,not-to-pursue-maintainer-directed,not-to-pursue,,unregistered,not to pursue,Not pursued by maintainer decision; raw catalog entry remains.
6540eef2dc2e,2e9647652dd3bb93,https://fortworthgov.granicus.com/MediaPlayer.php?view_id=10&clip_id=5028,Fort Worth Forward - Episode 14 Fort Worth Forward - Episode 14,Fort Worth Forward - Episode 14 Fort Worth Forward - Episode 14,680-item baseline,2fb51765c7b3,Fort Worth Forward - Episode 14 Fort Worth Forward - Episode 14,not-to-pursue-maintainer-directed,not-to-pursue,,unregistered,not to pursue,Not pursued by maintainer decision; raw catalog entry remains.
6540eef2dc2e,2f47ed72a43dc8fc,https://fortworthgov.granicus.com/MediaPlayer.php?view_id=12&clip_id=1429,Storm Water Symposium Storm Water Symposium,Storm Water Symposium Storm Water Symposium,680-item baseline,1aaa3c28909b,Storm Water Symposium Storm Water Symposium,not-to-pursue-maintainer-directed,not-to-pursue,,unregistered,not to pursue,Not pursued by maintainer decision; raw catalog entry remains.
6540eef2dc2e,2f93e05b700b03af,https://fortworthgov.granicus.com/MediaPlayer.php?view_id=12&clip_id=667,City News City News,City News City News,680-item baseline,694a754c98bf,City News City News,not-to-pursue-maintainer-directed,not-to-pursue,,unregistered,not to pursue,Not pursued by maintainer decision; raw catalog entry remains.
6540eef2dc2e,30b6a344fcccbc0f,https://fortworthgov.granicus.com/MediaPlayer.php?view_id=11&clip_id=2177,Minority Leaders and Citizens Council Minority Leaders and Citizens Council,Minority Leaders and Citizens Council Minority Leaders and Citizens Council,outside the frozen 680-item baseline,,,,,,,not to pursue,"Civic/community-channel program, not a City Council meeting; preserve source record and audio."
6540eef2dc2e,312ceaa8d95b2769,https://fortworthgov.granicus.com/MediaPlayer.php?view_id=11&clip_id=2481,Minority Leaders and Citizen's Council Minority Leaders and Citizen's Council,Minority Leaders and Citizen's Council Minority Leaders and Citizen's Council,680-item baseline,03cd222d4f13,Minority Leaders and Citizen's Council Minority Leaders and Citizen's Council,not-to-pursue-maintainer-directed,not-to-pursue,,unregistered,not to pursue,Not pursued by maintainer decision; raw catalog entry remains.
6540eef2dc2e,32f8eb2d429d53a3,https://fortworthgov.granicus.com/MediaPlayer.php?view_id=12&clip_id=5146,The Asian Tradition of Meditation and Mindfulness The Asian Tradition of Meditation and Mindfulness,The Asian Tradition of Meditation and Mindfulness The Asian Tradition of Meditation and Mindfulness,680-item baseline,c06211fb3fd6,The Asian Tradition of Meditation and Mindfulness The Asian Tradition of Meditation and Mindfulness,not-to-pursue-maintainer-directed,not-to-pursue,,unregistered,not to pursue,Not pursued by maintainer decision; raw catalog entry remains.
6540eef2dc2e,32f9eedf9928ad73,https://fortworthgov.granicus.com/MediaPlayer.php?view_id=12&clip_id=768,City News City News,City News City News,680-item baseline,694a754c98bf,City News City News,not-to-pursue-maintainer-directed,not-to-pursue,,unregistered,not to pursue,Not pursued by maintainer decision; raw catalog entry remains.
6540eef2dc2e,33aa71748d9a4b42,https://fortworthgov.granicus.com/MediaPlayer.php?view_id=10&clip_id=4677,OPOM: The Changing Landscape of Civilian Oversight in Texas OPOM: The Changing Landscape of Civilian Oversight in Texas,OPOM: The Changing Landscape of Civilian Oversight in Texas OPOM: The Changing Landscape of Civilian Oversight in Texas,680-item baseline,8763318a910a,OPOM: The Changing Landscape of Civilian Oversight in Texas OPOM: The Changing Landscape of Civilian Oversight in Texas,not-to-pursue-maintainer-directed,not-to-pursue,,unregistered,not to pursue,Not pursued by maintainer decision; raw catalog entry remains.
6540eef2dc2e,33bc37ad62f84726,https://fortworthgov.granicus.com/MediaPlayer.php?view_id=11&clip_id=2119,Minority Leaders and Citizens Council Minority Leaders and Citizens Council,Minority Leaders and Citizens Council Minority Leaders and Citizens Council,outside the frozen 680-item baseline,,,,,,,not to pursue,"Civic/community-channel program, not a City Council meeting; preserve source record and audio."
6540eef2dc2e,3412d86f07932d55,https://fortworthgov.granicus.com/MediaPlayer.php?view_id=12&clip_id=639,City Page Update City Page Update,City Page Update City Page Update,680-item baseline,92b82ed39a3c,City Page Update City Page Update,not-to-pursue-maintainer-directed,not-to-pursue,,unregistered,not to pursue,Not pursued by maintainer decision; raw catalog entry remains.
6540eef2dc2e,34783f192c7f101c,https://fortworthgov.granicus.com/MediaPlayer.php?view_id=12&clip_id=696,Participación en Cenus 2010 Participación en Cenus 2010,Participación en Cenus 2010 Participación en Cenus 2010,680-item baseline,771628751307,Participación en Cenus 2010 Participación en Cenus 2010,not-to-pursue-maintainer-directed,not-to-pursue,,unregistered,not to pursue,Not pursued by maintainer decision; raw catalog entry remains.
6540eef2dc2e,35007c581751cf0a,https://fortworthgov.granicus.com/MediaPlayer.php?view_id=12&clip_id=955,City Notes City Notes,City Notes City Notes,680-item baseline,7589fd43ffb0,City Notes City Notes,not-to-pursue-maintainer-directed,not-to-pursue,,unregistered,not to pursue,Not pursued by maintainer decision; raw catalog entry remains.
6540eef2dc2e,356c1058d3743283,https://fortworthgov.granicus.com/MediaPlayer.php?view_id=11&clip_id=898,Minority Leaders and Citizen's Council Minority Leaders and Citizen's Council,Minority Leaders and Citizen's Council Minority Leaders and Citizen's Council,680-item baseline,03cd222d4f13,Minority Leaders and Citizen's Council Minority Leaders and Citizen's Council,not-to-pursue-maintainer-directed,not-to-pursue,,unregistered,not to pursue,Not pursued by maintainer decision; raw catalog entry remains.
6540eef2dc2e,35c4af21cf655643,https://fortworthgov.granicus.com/MediaPlayer.php?view_id=12&clip_id=853,City News City News,City News City News,680-item baseline,694a754c98bf,City News City News,not-to-pursue-maintainer-directed,not-to-pursue,,unregistered,not to pursue,Not pursued by maintainer decision; raw catalog entry remains.
6540eef2dc2e,3654fe341b1658e0,https://fortworthgov.granicus.com/MediaPlayer.php?view_id=12&clip_id=291,City Page Update City Page Update,City Page Update City Page Update,680-item baseline,92b82ed39a3c,City Page Update City Page Update,not-to-pursue-maintainer-directed,not-to-pursue,,unregistered,not to pursue,Not pursued by maintainer decision; raw catalog entry remains.
6540eef2dc2e,3698d526ca7f16aa,https://fortworthgov.granicus.com/MediaPlayer.php?view_id=10&clip_id=4920,Fort Worth Forward - Episode 12 Fort Worth Forward - Episode 12,Fort Worth Forward - Episode 12 Fort Worth Forward - Episode 12,680-item baseline,f3de38459194,Fort Worth Forward - Episode 12 Fort Worth Forward - Episode 12,not-to-pursue-maintainer-directed,not-to-pursue,,unregistered,not to pursue,Not pursued by maintainer decision; raw catalog entry remains.
6540eef2dc2e,36a3506db18f7ada,https://fortworthgov.granicus.com/MediaPlayer.php?view_id=10&clip_id=2716,Minority Leaders an Citizen's Council Minority Leaders an Citizen's Council,Minority Leaders an Citizen's Council Minority Leaders an Citizen's Council,outside the frozen 680-item baseline,,,,,,,not to pursue,"Civic/community-channel program, not a City Council meeting; preserve source record and audio."
6540eef2dc2e,380e38d7b4e3c636,https://fortworthgov.granicus.com/MediaPlayer.php?view_id=12&clip_id=3944,Hispanic Heritage Month Celebration Hispanic Heritage Month Celebration,Hispanic Heritage Month Celebration Hispanic Heritage Month Celebration,680-item baseline,5a6cdade1ebb,Hispanic Heritage Month Celebration Hispanic Heritage Month Celebration,not-to-pursue-maintainer-directed,not-to-pursue,,unregistered,not to pursue,Not pursued by maintainer decision; raw catalog entry remains.
6540eef2dc2e,391a917546102c70,https://fortworthgov.granicus.com/MediaPlayer.php?view_id=10&clip_id=4446,Business Equity Committee Business Equity Committee,Business Equity Committee Business Equity Committee,680-item baseline,346ceb3f3718,Business Equity Committee Business Equity Committee,not-to-pursue-maintainer-directed,not pursued; preserve in source archive,,unregistered,not to pursue,Not pursued by maintainer decision; raw catalog entry remains.
6540eef2dc2e,3a25e1573669a1d0,https://fortworthgov.granicus.com/MediaPlayer.php?view_id=10&clip_id=2466,Minority Leaders and Citizens Council Minority Leaders and Citizens Council,Minority Leaders and Citizens Council Minority Leaders and Citizens Council,outside the frozen 680-item baseline,,,,,,,not to pursue,"Civic/community-channel program, not a City Council meeting; preserve source record and audio."
6540eef2dc2e,3a4d8874e5de714f,https://fortworthgov.granicus.com/MediaPlayer.php?view_id=10&clip_id=2584,Minority Leaders and Citizen's Council Minority Leaders and Citizen's Council,Minority Leaders and Citizen's Council Minority Leaders and Citizen's Council,680-item baseline,03cd222d4f13,Minority Leaders and Citizen's Council Minority Leaders and Citizen's Council,not-to-pursue-maintainer-directed,not-to-pursue,,unregistered,not to pursue,Not pursued by maintainer decision; raw catalog entry remains.
6540eef2dc2e,3ac5899742f86da0,https://fortworthgov.granicus.com/MediaPlayer.php?view_id=12&clip_id=541,City Page Update City Page Update,City Page Update City Page Update,680-item baseline,92b82ed39a3c,City Page Update City Page Update,not-to-pursue-maintainer-directed,not-to-pursue,,unregistered,not to pursue,Not pursued by maintainer decision; raw catalog entry remains.
6540eef2dc2e,3b3a52d42ff6f0f2,https://fortworthgov.granicus.com/MediaPlayer.php?view_id=12&clip_id=411,City Page Update City Page Update,City Page Update City Page Update,680-item baseline,92b82ed39a3c,City Page Update City Page Update,not-to-pursue-maintainer-directed,not-to-pursue,,unregistered,not to pursue,Not pursued by maintainer decision; raw catalog entry remains.
6540eef2dc2e,3bf8991d1c7b6d30,https://fortworthgov.granicus.com/MediaPlayer.php?view_id=10&clip_id=2785,"AATC Multifamily Summit of September 14, 2017 AATC Multifamily Summit of September 14, 2017","AATC Multifamily Summit of September 14, 2017 AATC Multifamily Summit of September 14, 2017",680-item baseline,1de10835bd1f,"AATC Multifamily Summit of September 14, 2017 AATC Multifamily Summit of September 14, 2017",not-to-pursue-maintainer-directed,not-to-pursue,,unregistered,not to pursue,Not pursued by maintainer decision; raw catalog entry remains.
6540eef2dc2e,3c510b0fb03eb606,https://fortworthgov.granicus.com/MediaPlayer.php?view_id=12&clip_id=875,City News City News,City News City News,680-item baseline,694a754c98bf,City News City News,not-to-pursue-maintainer-directed,not-to-pursue,,unregistered,not to pursue,Not pursued by maintainer decision; raw catalog entry remains.
6540eef2dc2e,3c5ca2b5e77fa708,https://fortworthgov.granicus.com/MediaPlayer.php?view_id=12&clip_id=2487,"Stockyards Form Based Code Work-In-Progress Presentation of May 25, 2016 Stockyards Form Based Code Work-In-Progress Presentation of May 25, 2016","Stockyards Form Based Code Work-In-Progress Presentation of May 25, 2016 Stockyards Form Based Code Work-In-Progress Presentation of May 25, 2016",680-item baseline,afb08aed1d41,"Stockyards Form Based Code Work-In-Progress Presentation of May 25, 2016 Stockyards Form Based Code Work-In-Progress Presentation of May 25, 2016",not-to-pursue-maintainer-directed,not-to-pursue,,unregistered,not to pursue,Not pursued by maintainer decision; raw catalog entry remains.
6540eef2dc2e,3d6a6da45df7bf56,https://fortworthgov.granicus.com/MediaPlayer.php?view_id=10&clip_id=2651,"2016 Neighborhood Awards - January 7, 2017 2016 Neighborhood Awards","2016 Neighborhood Awards - January 7, 2017 2016 Neighborhood Awards - January 7, 2017",680-item baseline,4d0d06a8089e,"2016 Neighborhood Awards - January 7, 2017 2016 Neighborhood Awards",not-to-pursue-maintainer-directed,not-to-pursue,,unregistered,not to pursue,Not pursued by maintainer decision; raw catalog entry remains.
6540eef2dc2e,3e83ebd69561f66c,https://fortworthgov.granicus.com/MediaPlayer.php?view_id=10&clip_id=6122,Black History Month Program Black History Month Program,Black History Month Program Black History Month Program,680-item baseline,25b8e601f8df,Black History Month Program Black History Month Program,not-to-pursue-maintainer-directed,not-to-pursue,,unregistered,not to pursue,Not pursued by maintainer decision; raw catalog entry remains.
6540eef2dc2e,3eaff79b6a156fc4,https://fortworthgov.granicus.com/MediaPlayer.php?view_id=10&clip_id=2585,Minority Leaders and Citizen's Council Minority Leaders and Citizen's Council,Minority Leaders and Citizen's Council Minority Leaders and Citizen's Council,680-item baseline,03cd222d4f13,Minority Leaders and Citizen's Council Minority Leaders and Citizen's Council,not-to-pursue-maintainer-directed,not-to-pursue,,unregistered,not to pursue,Not pursued by maintainer decision; raw catalog entry remains.
6540eef2dc2e,404942accd5c3529,https://fortworthgov.granicus.com/MediaPlayer.php?view_id=12&clip_id=4673,"CDFI Friendly Fort Worth Kickoff of January 26, 2022 CDFI Friendly Fort Worth Kickoff of January 26, 2022","CDFI Friendly Fort Worth Kickoff of January 26, 2022 CDFI Friendly Fort Worth Kickoff of January 26, 2022",680-item baseline,9b6a589f4a92,"CDFI Friendly Fort Worth Kickoff of January 26, 2022 CDFI Friendly Fort Worth Kickoff of January 26, 2022",not-to-pursue-maintainer-directed,not-to-pursue,,unregistered,not to pursue,Not pursued by maintainer decision; raw catalog entry remains.
6540eef2dc2e,41bc91d09bd8c594,https://fortworthgov.granicus.com/MediaPlayer.php?view_id=12&clip_id=876,City News City News,City News City News,680-item baseline,694a754c98bf,City News City News,not-to-pursue-maintainer-directed,not-to-pursue,,unregistered,not to pursue,Not pursued by maintainer decision; raw catalog entry remains.
6540eef2dc2e,4290c5a369c4a068,https://fortworthgov.granicus.com/MediaPlayer.php?view_id=10&clip_id=2717,Minority Leaders and Citizen's Council Minority Leaders and Citizen's Council,Minority Leaders and Citizen's Council Minority Leaders and Citizen's Council,680-item baseline,03cd222d4f13,Minority Leaders and Citizen's Council Minority Leaders and Citizen's Council,not-to-pursue-maintainer-directed,not-to-pursue,,unregistered,not to pursue,Not pursued by maintainer decision; raw catalog entry remains.
6540eef2dc2e,42e5534f31d05da5,https://fortworthgov.granicus.com/MediaPlayer.php?view_id=10&clip_id=1429,Storm Water Symposium Storm Water Symposium,Storm Water Symposium Storm Water Symposium,680-item baseline,1aaa3c28909b,Storm Water Symposium Storm Water Symposium,not-to-pursue-maintainer-directed,not-to-pursue,,unregistered,not to pursue,Not pursued by maintainer decision; raw catalog entry remains.
6540eef2dc2e,430cb4225cab88c6,https://fortworthgov.granicus.com/MediaPlayer.php?view_id=12&clip_id=650,City News City News,City News City News,680-item baseline,694a754c98bf,City News City News,not-to-pursue-maintainer-directed,not-to-pursue,,unregistered,not to pursue,Not pursued by maintainer decision; raw catalog entry remains.
6540eef2dc2e,4390f92f50fb5434,https://fortworthgov.granicus.com/MediaPlayer.php?view_id=10&clip_id=4123,Fort Worth Water Department Wholesale Water and Wastewater Advisory Committee Fort Worth Water Department Wholesale Water and Wastewater Advisory Committee,Fort Worth Water Department Wholesale Water and Wastewater Advisory Committee Fort Worth Water Department Wholesale Water and Wastewater Advisory Committee,680-item baseline,5d5f9852b67f,Fort Worth Water Department Wholesale Water and Wastewater Advisory Committee Fort Worth Water Department Wholesale Water and Wastewater Advisory Committee,not-to-pursue-maintainer-directed,not pursued; preserve in source archive,,unregistered,not to pursue,Not pursued by maintainer decision; raw catalog entry remains.
6540eef2dc2e,43dd646a47114e03,864dd6ee-29d9-4aa6-91c8-b600c3b8b170,test,"test - Apr 27, 2026",outside the frozen 680-item baseline,,,,,,,not to pursue,"Blank/test catalog entry; retain source record, do not create a public meeting-feed rule."
6540eef2dc2e,44bdc900e26adc01,https://fortworthgov.granicus.com/MediaPlayer.php?view_id=10&clip_id=5328,Texas Rangers World Champions Trophy & Key To The City Presentation Texas Rangers World Champions Trophy & Key To The City Presentation,Texas Rangers World Champions Trophy & Key To The City Presentation Texas Rangers World Champions Trophy & Key To The City Presentation,680-item baseline,8912784a2e30,Texas Rangers World Champions Trophy & Key To The City Presentation Texas Rangers World Champions Trophy & Key To The City Presentation,not-to-pursue-maintainer-directed,not-to-pursue,,unregistered,not to pursue,Not pursued by maintainer decision; raw catalog entry remains.
6540eef2dc2e,462265e92be359de,https://fortworthgov.granicus.com/MediaPlayer.php?view_id=11&clip_id=766,Minority Leaders and Citizen's Council Minority Leaders and Citizen's Council,Minority Leaders and Citizen's Council Minority Leaders and Citizen's Council,680-item baseline,03cd222d4f13,Minority Leaders and Citizen's Council Minority Leaders and Citizen's Council,not-to-pursue-maintainer-directed,not-to-pursue,,unregistered,not to pursue,Not pursued by maintainer decision; raw catalog entry remains.
6540eef2dc2e,466961626816d460,https://fortworthgov.granicus.com/MediaPlayer.php?view_id=11&clip_id=2118,Minority Leaders and Citizens Council Minority Leaders and Citizens Council,Minority Leaders and Citizens Council Minority Leaders and Citizens Council,outside the frozen 680-item baseline,,,,,,,not to pursue,"Civic/community-channel program, not a City Council meeting; preserve source record and audio."
6540eef2dc2e,468d6e069275bc5a,https://fortworthgov.granicus.com/MediaPlayer.php?view_id=12&clip_id=490,Entrepreneur Expo 2009 Awards Luncheon Entrepreneur Expo 2009 Awards Luncheon,Entrepreneur Expo 2009 Awards Luncheon Entrepreneur Expo 2009 Awards Luncheon,680-item baseline,fbdd0e0642b4,Entrepreneur Expo 2009 Awards Luncheon Entrepreneur Expo 2009 Awards Luncheon,not-to-pursue-maintainer-directed,not-to-pursue,,unregistered,not to pursue,Not pursued by maintainer decision; raw catalog entry remains.
6540eef2dc2e,47a53062ff78a9fa,https://fortworthgov.granicus.com/MediaPlayer.php?view_id=11&clip_id=2586,Minority Leaders and Citizens Council Minority Leaders and Citizens Council,Minority Leaders and Citizens Council Minority Leaders and Citizens Council,outside the frozen 680-item baseline,,,,,,,not to pursue,"Civic/community-channel program, not a City Council meeting; preserve source record and audio."
6540eef2dc2e,48a42dd8826b108a,e1d4a1ab-33d9-4420-b078-ad8b6fd78ef8,Black History Month Program,"Black History Month Program  - Feb 10, 2026",outside the frozen 680-item baseline,,,,,,,not to pursue,"One-off event or non-meeting media; retain source record, do not create a new recurring feed."
6540eef2dc2e,49bdaa4ad8656a41,https://fortworthgov.granicus.com/MediaPlayer.php?view_id=12&clip_id=621,City Page Update City Page Update,City Page Update City Page Update,680-item baseline,92b82ed39a3c,City Page Update City Page Update,not-to-pursue-maintainer-directed,not-to-pursue,,unregistered,not to pursue,Not pursued by maintainer decision; raw catalog entry remains.
6540eef2dc2e,4bfc78914129549c,https://fortworthgov.granicus.com/MediaPlayer.php?view_id=10&clip_id=2481,Minority Leaders and Citizen's Council Minority Leaders and Citizen's Council,Minority Leaders and Citizen's Council Minority Leaders and Citizen's Council,680-item baseline,03cd222d4f13,Minority Leaders and Citizen's Council Minority Leaders and Citizen's Council,not-to-pursue-maintainer-directed,not-to-pursue,,unregistered,not to pursue,Not pursued by maintainer decision; raw catalog entry remains.
6540eef2dc2e,4c2f2ec0c7c0c6b8,https://fortworthgov.granicus.com/MediaPlayer.php?view_id=11&clip_id=748,Minority Leaders and Citizen's Council Minority Leaders and Citizen's Council,Minority Leaders and Citizen's Council Minority Leaders and Citizen's Council,680-item baseline,03cd222d4f13,Minority Leaders and Citizen's Council Minority Leaders and Citizen's Council,not-to-pursue-maintainer-directed,not-to-pursue,,unregistered,not to pursue,Not pursued by maintainer decision; raw catalog entry remains.
6540eef2dc2e,4d50651f9fcf3986,https://fortworthgov.granicus.com/MediaPlayer.php?view_id=11&clip_id=2178,Minority Leaders and Citizens Council Minority Leaders and Citizens Council,Minority Leaders and Citizens Council Minority Leaders and Citizens Council,outside the frozen 680-item baseline,,,,,,,not to pursue,"Civic/community-channel program, not a City Council meeting; preserve source record and audio."
6540eef2dc2e,4da9a0b8f3865d4d,https://fortworthgov.granicus.com/MediaPlayer.php?view_id=10&clip_id=4952,Hispanic Heritage Employee Celebration Hispanic Heritage Employee Celebration,Hispanic Heritage Employee Celebration Hispanic Heritage Employee Celebration,680-item baseline,96d53bc120b9,Hispanic Heritage Employee Celebration Hispanic Heritage Employee Celebration,not-to-pursue-maintainer-directed,not-to-pursue,,unregistered,not to pursue,Not pursued by maintainer decision; raw catalog entry remains.
6540eef2dc2e,4e663e9e370822e2,https://fortworthgov.granicus.com/MediaPlayer.php?view_id=10&clip_id=5319,Native American Heritage Month Celebration Native American Heritage Month Celebration,Native American Heritage Month Celebration Native American Heritage Month Celebration,680-item baseline,e4b34afad241,Native American Heritage Month Celebration Native American Heritage Month Celebration,not-to-pursue-maintainer-directed,not-to-pursue,,unregistered,not to pursue,Not pursued by maintainer decision; raw catalog entry remains.
6540eef2dc2e,50537130cef4f1be,https://fortworthgov.granicus.com/MediaPlayer.php?view_id=10&clip_id=5559,"Juneteenth Employee Celebration of June 13, 2024 Juneteenth Employee Celebration of June 13, 2024","Juneteenth Employee Celebration of June 13, 2024 Juneteenth Employee Celebration of June 13, 2024",680-item baseline,2c9e3a8126c4,"Juneteenth Employee Celebration of June 13, 2024 Juneteenth Employee Celebration of June 13, 2024",not-to-pursue-maintainer-directed,not-to-pursue,,unregistered,not to pursue,Not pursued by maintainer decision; raw catalog entry remains.
6540eef2dc2e,509607c30e8d643b,https://fortworthgov.granicus.com/MediaPlayer.php?view_id=10&clip_id=2968,Interim Report of the Task Force on Race and Culture Interim Report of the Task Force on Race and Culture,Interim Report of the Task Force on Race and Culture Interim Report of the Task Force on Race and Culture,680-item baseline,f058788a913b,Interim Report of the Task Force on Race and Culture Interim Report of the Task Force on Race and Culture,not-to-pursue-maintainer-directed,not pursued; preserve in source archive,,unregistered,not to pursue,Not pursued by maintainer decision; raw catalog entry remains.
6540eef2dc2e,5157423b248150c2,https://fortworthgov.granicus.com/MediaPlayer.php?view_id=12&clip_id=987,City Notes City Notes,City Notes City Notes,680-item baseline,7589fd43ffb0,City Notes City Notes,not-to-pursue-maintainer-directed,not-to-pursue,,unregistered,not to pursue,Not pursued by maintainer decision; raw catalog entry remains.
6540eef2dc2e,5202310449303475,https://fortworthgov.granicus.com/MediaPlayer.php?view_id=12&clip_id=5319,Native American Heritage Month Celebration Native American Heritage Month Celebration,Native American Heritage Month Celebration Native American Heritage Month Celebration,680-item baseline,e4b34afad241,Native American Heritage Month Celebration Native American Heritage Month Celebration,not-to-pursue-maintainer-directed,not-to-pursue,,unregistered,not to pursue,Not pursued by maintainer decision; raw catalog entry remains.
6540eef2dc2e,53f37dbee142d56f,https://fortworthgov.granicus.com/MediaPlayer.php?view_id=10&clip_id=4448,Community Action Partners Council Community Action Partners Council,Community Action Partners Council Community Action Partners Council,680-item baseline,4ef21af345c3,Community Action Partners Council Community Action Partners Council,not-to-pursue-maintainer-directed,not-to-pursue,,unregistered,not to pursue,Not pursued by maintainer decision; raw catalog entry remains.
6540eef2dc2e,54048e539d08fece,https://fortworthgov.granicus.com/MediaPlayer.php?view_id=12&clip_id=818,City News City News,City News City News,680-item baseline,694a754c98bf,City News City News,not-to-pursue-maintainer-directed,not-to-pursue,,unregistered,not to pursue,Not pursued by maintainer decision; raw catalog entry remains.
6540eef2dc2e,562a750dac3b2bff,https://fortworthgov.granicus.com/MediaPlayer.php?view_id=10&clip_id=2465,Minority Leaders and Citizen's Council Minority Leaders and Citizen's Council,Minority Leaders and Citizen's Council Minority Leaders and Citizen's Council,680-item baseline,03cd222d4f13,Minority Leaders and Citizen's Council Minority Leaders and Citizen's Council,not-to-pursue-maintainer-directed,not-to-pursue,,unregistered,not to pursue,Not pursued by maintainer decision; raw catalog entry remains.
6540eef2dc2e,568c2f168b1b961c,https://fortworthgov.granicus.com/MediaPlayer.php?view_id=12&clip_id=4984,"Native American Heritage Month Program of November 10, 2022 Native American Heritage Month Program of November 10, 2022","Native American Heritage Month Program of November 10, 2022 Native American Heritage Month Program of November 10, 2022",680-item baseline,2227a79156c9,"Native American Heritage Month Program of November 10, 2022 Native American Heritage Month Program of November 10, 2022",not-to-pursue-maintainer-directed,not-to-pursue,,unregistered,not to pursue,Not pursued by maintainer decision; raw catalog entry remains.
6540eef2dc2e,57c2839a7b4b922a,https://fortworthgov.granicus.com/MediaPlayer.php?view_id=12&clip_id=4169,Fort Worth Public Improvement District No. 1 Advisory Board Fort Worth Public Improvement District No. 1 Advisory Board,Fort Worth Public Improvement District No. 1 Advisory Board Fort Worth Public Improvement District No. 1 Advisory Board,680-item baseline,2603796cdc65,Fort Worth Public Improvement District No. 1 Advisory Board Fort Worth Public Improvement District No. 1 Advisory Board,not-to-pursue-maintainer-directed,not pursued; preserve in source archive,,unregistered,not to pursue,Not pursued by maintainer decision; raw catalog entry remains.
6540eef2dc2e,583cdd3a05a241d8,https://fortworthgov.granicus.com/MediaPlayer.php?view_id=10&clip_id=4985,Fort Worth Forward - Episode 13 Fort Worth Forward - Episode 13,Fort Worth Forward - Episode 13 Fort Worth Forward - Episode 13,680-item baseline,a04fb805ecee,Fort Worth Forward - Episode 13 Fort Worth Forward - Episode 13,not-to-pursue-maintainer-directed,not-to-pursue,,unregistered,not to pursue,Not pursued by maintainer decision; raw catalog entry remains.
6540eef2dc2e,58660255f734e7ad,https://fortworthgov.granicus.com/MediaPlayer.php?view_id=10&clip_id=2484,Minority Leaders and Citizen's Council Minority Leaders and Citizen's Council,Minority Leaders and Citizen's Council Minority Leaders and Citizen's Council,680-item baseline,03cd222d4f13,Minority Leaders and Citizen's Council Minority Leaders and Citizen's Council,not-to-pursue-maintainer-directed,not-to-pursue,,unregistered,not to pursue,Not pursued by maintainer decision; raw catalog entry remains.
6540eef2dc2e,59283c302de41718,https://fortworthgov.granicus.com/MediaPlayer.php?view_id=12&clip_id=1026,"Records Management - Inventory, Retention & Open Records Records Management - Inventory, Retention & Open Records","Records Management - Inventory, Retention & Open Records Records Management - Inventory, Retention & Open Records",680-item baseline,e6f138880695,"Records Management - Inventory, Retention & Open Records Records Management - Inventory, Retention & Open Records",not-to-pursue-maintainer-directed,not-to-pursue,,unregistered,not to pursue,Not pursued by maintainer decision; raw catalog entry remains.
6540eef2dc2e,594325837d889009,https://fortworthgov.granicus.com/MediaPlayer.php?view_id=12&clip_id=527,City Page Update City Page Update,City Page Update City Page Update,680-item baseline,92b82ed39a3c,City Page Update City Page Update,not-to-pursue-maintainer-directed,not-to-pursue,,unregistered,not to pursue,Not pursued by maintainer decision; raw catalog entry remains.
6540eef2dc2e,5a5aa26403e24f14,https://fortworthgov.granicus.com/MediaPlayer.php?view_id=12&clip_id=5526,"Asian American Pacific Islander Heritage Month program of May 9, 2024 Asian American Pacific Islander Heritage Month program of May 9, 2024","Asian American Pacific Islander Heritage Month program of May 9, 2024 Asian American Pacific Islander Heritage Month program of May 9, 2024",680-item baseline,9d7ce5b76e90,"Asian American Pacific Islander Heritage Month program of May 9, 2024 Asian American Pacific Islander Heritage Month program of May 9, 2024",not-to-pursue-maintainer-directed,not-to-pursue,,unregistered,not to pursue,Not pursued by maintainer decision; raw catalog entry remains.
6540eef2dc2e,5c408d145416bade,https://fortworthgov.granicus.com/MediaPlayer.php?view_id=11&clip_id=2472,Minority Leader's and Citizen's Council Minority Leader's and Citizen's Council,Minority Leader's and Citizen's Council Minority Leader's and Citizen's Council,outside the frozen 680-item baseline,,,,,,,not to pursue,"Civic/community-channel program, not a City Council meeting; preserve source record and audio."
6540eef2dc2e,5e1c86def7eccfc7,https://fortworthgov.granicus.com/MediaPlayer.php?view_id=10&clip_id=3051,"Municipal Summit of September 12, 2018 Municipal Summit of September 12, 2018","Municipal Summit of September 12, 2018 Municipal Summit of September 12, 2018",680-item baseline,8174267fc39f,"Municipal Summit of September 12, 2018 Municipal Summit of September 12, 2018",not-to-pursue-maintainer-directed,not-to-pursue,,unregistered,not to pursue,Not pursued by maintainer decision; raw catalog entry remains.
6540eef2dc2e,5e41f283c97b5f09,https://fortworthgov.granicus.com/MediaPlayer.php?view_id=10&clip_id=2176,Minority Leaders and Citizens Council Minority Leaders and Citizens Council,Minority Leaders and Citizens Council Minority Leaders and Citizens Council,outside the frozen 680-item baseline,,,,,,,not to pursue,"Civic/community-channel program, not a City Council meeting; preserve source record and audio."
6540eef2dc2e,5e6459c560f8f93c,https://fortworthgov.granicus.com/MediaPlayer.php?view_id=10&clip_id=2718,Minority Leaders and Citzen's Council Minority Leaders and Citzen's Council,Minority Leaders and Citzen's Council Minority Leaders and Citzen's Council,680-item baseline,b9f665153dd7,Minority Leaders and Citzen's Council Minority Leaders and Citzen's Council,not-to-pursue-maintainer-directed,not-to-pursue,,unregistered,not to pursue,Not pursued by maintainer decision; raw catalog entry remains.
6540eef2dc2e,5f6432df3c7815f0,https://fortworthgov.granicus.com/MediaPlayer.php?view_id=12&clip_id=2968,Interim Report of the Task Force on Race and Culture Interim Report of the Task Force on Race and Culture,Interim Report of the Task Force on Race and Culture Interim Report of the Task Force on Race and Culture,680-item baseline,f058788a913b,Interim Report of the Task Force on Race and Culture Interim Report of the Task Force on Race and Culture,not-to-pursue-maintainer-directed,not pursued; preserve in source archive,,unregistered,not to pursue,Not pursued by maintainer decision; raw catalog entry remains.
6540eef2dc2e,5fbc21fe41dff8f9,https://fortworthgov.granicus.com/MediaPlayer.php?view_id=12&clip_id=431,City Page Update City Page Update,City Page Update City Page Update,680-item baseline,92b82ed39a3c,City Page Update City Page Update,not-to-pursue-maintainer-directed,not-to-pursue,,unregistered,not to pursue,Not pursued by maintainer decision; raw catalog entry remains.
6540eef2dc2e,603060f94085e1aa,https://fortworthgov.granicus.com/MediaPlayer.php?view_id=12&clip_id=5437,The Mayor's 2023 Neighborhood Awards The Mayor's 2023 Neighborhood Awards,The Mayor's 2023 Neighborhood Awards The Mayor's 2023 Neighborhood Awards,680-item baseline,81f1522f23f5,The Mayor's 2023 Neighborhood Awards The Mayor's 2023 Neighborhood Awards,not-to-pursue-maintainer-directed,not-to-pursue,,unregistered,not to pursue,Not pursued by maintainer decision; raw catalog entry remains.
6540eef2dc2e,6030df2e243d9a83,https://fortworthgov.granicus.com/MediaPlayer.php?view_id=11&clip_id=2179,Minority Leaders and Citizens Council Minority Leaders and Citizens Council,Minority Leaders and Citizens Council Minority Leaders and Citizens Council,outside the frozen 680-item baseline,,,,,,,not to pursue,"Civic/community-channel program, not a City Council meeting; preserve source record and audio."
6540eef2dc2e,6139649317ac1393,https://fortworthgov.granicus.com/MediaPlayer.php?view_id=10&clip_id=2471,Minority and Leader's Citizens Council Minority and Leader's Citizens Council,Minority and Leader's Citizens Council Minority and Leader's Citizens Council,outside the frozen 680-item baseline,,,,,,,not to pursue,"Civic/community-channel program, not a City Council meeting; preserve source record and audio."
6540eef2dc2e,61a8f07784871d1b,https://fortworthgov.granicus.com/MediaPlayer.php?view_id=11&clip_id=2715,Minority Leaders and Citizen's Council Minority Leaders and Citizen's Council,Minority Leaders and Citizen's Council Minority Leaders and Citizen's Council,680-item baseline,03cd222d4f13,Minority Leaders and Citizen's Council Minority Leaders and Citizen's Council,not-to-pursue-maintainer-directed,not-to-pursue,,unregistered,not to pursue,Not pursued by maintainer decision; raw catalog entry remains.
6540eef2dc2e,62477d9fc435c67f,https://fortworthgov.granicus.com/MediaPlayer.php?view_id=12&clip_id=3716,Deferred Compensation Oversight Committee Deferred Compensation Oversight Committee,Deferred Compensation Oversight Committee Deferred Compensation Oversight Committee,680-item baseline,85c718e45e70,Deferred Compensation Oversight Committee Deferred Compensation Oversight Committee,not-to-pursue-maintainer-directed,not pursued; preserve in source archive,,unregistered,not to pursue,Not pursued by maintainer decision; raw catalog entry remains.
6540eef2dc2e,6500aa44ea340b19,https://fortworthgov.granicus.com/MediaPlayer.php?view_id=10&clip_id=5267,Fort Worth Forward - Episode 20 Fort Worth Forward - Episode 20,Fort Worth Forward - Episode 20 Fort Worth Forward - Episode 20,680-item baseline,c2d56b737e1d,Fort Worth Forward - Episode 20 Fort Worth Forward - Episode 20,not-to-pursue-maintainer-directed,not-to-pursue,,unregistered,not to pursue,Not pursued by maintainer decision; raw catalog entry remains.
6540eef2dc2e,66e34844b67589aa,https://fortworthgov.granicus.com/MediaPlayer.php?view_id=12&clip_id=4952,Hispanic Heritage Employee Celebration Hispanic Heritage Employee Celebration,Hispanic Heritage Employee Celebration Hispanic Heritage Employee Celebration,680-item baseline,96d53bc120b9,Hispanic Heritage Employee Celebration Hispanic Heritage Employee Celebration,not-to-pursue-maintainer-directed,not-to-pursue,,unregistered,not to pursue,Not pursued by maintainer decision; raw catalog entry remains.
6540eef2dc2e,68e8251593b54f2d,https://fortworthgov.granicus.com/MediaPlayer.php?view_id=12&clip_id=285,Ask the Archives Ask the Archives,Ask the Archives Ask the Archives,680-item baseline,bc18dc1c1c70,Ask the Archives Ask the Archives,not-to-pursue-maintainer-directed,not-to-pursue,,unregistered,not to pursue,Not pursued by maintainer decision; raw catalog entry remains.
6540eef2dc2e,690870f2dea54bf0,https://fortworthgov.granicus.com/MediaPlayer.php?view_id=10&clip_id=2177,Minority Leaders and Citizens Council Minority Leaders and Citizens Council,Minority Leaders and Citizens Council Minority Leaders and Citizens Council,outside the frozen 680-item baseline,,,,,,,not to pursue,"Civic/community-channel program, not a City Council meeting; preserve source record and audio."
6540eef2dc2e,6910b0eefa27553e,https://fortworthgov.granicus.com/MediaPlayer.php?view_id=11&clip_id=798,Minority Leaders and Citizen's Council Minority Leaders and Citizen's Council,Minority Leaders and Citizen's Council Minority Leaders and Citizen's Council,680-item baseline,03cd222d4f13,Minority Leaders and Citizen's Council Minority Leaders and Citizen's Council,not-to-pursue-maintainer-directed,not-to-pursue,,unregistered,not to pursue,Not pursued by maintainer decision; raw catalog entry remains.
6540eef2dc2e,699dd9222972343b,https://fortworthgov.granicus.com/MediaPlayer.php?view_id=10&clip_id=5366,Fort Worth Forward - Episode 22 Fort Worth Forward - Episode 22,Fort Worth Forward - Episode 22 Fort Worth Forward - Episode 22,680-item baseline,f72c3a221175,Fort Worth Forward - Episode 22 Fort Worth Forward - Episode 22,not-to-pursue-maintainer-directed,not-to-pursue,,unregistered,not to pursue,Not pursued by maintainer decision; raw catalog entry remains.
6540eef2dc2e,69b4bb16c3d16ed2,https://fortworthgov.granicus.com/MediaPlayer.php?view_id=10&clip_id=4126,"Minority and Women Business Enterprise, December 11, 2020 Minority and Women Business Enterprise, December 11, 2020","Minority and Women Business Enterprise, December 11, 2020 Minority and Women Business Enterprise, December 11, 2020",680-item baseline,fac1406e15eb,"Minority and Women Business Enterprise, December 11, 2020 Minority and Women Business Enterprise, December 11, 2020",not-to-pursue-maintainer-directed,not-to-pursue,,unregistered,not to pursue,Not pursued by maintainer decision; raw catalog entry remains.
6540eef2dc2e,6b5da038ca5067c5,https://fortworthgov.granicus.com/MediaPlayer.php?view_id=10&clip_id=4508,Fort Worth Forward - Episode 2 Fort Worth Forward - Episode 2,Fort Worth Forward - Episode 2 Fort Worth Forward - Episode 2,680-item baseline,72c0a06fb6da,Fort Worth Forward - Episode 2 Fort Worth Forward - Episode 2,not-to-pursue-maintainer-directed,not-to-pursue,,unregistered,not to pursue,Not pursued by maintainer decision; raw catalog entry remains.
6540eef2dc2e,6cbc9abcfba176aa,https://fortworthgov.granicus.com/MediaPlayer.php?view_id=11&clip_id=2471,Minority and Leader's Citizens Council Minority and Leader's Citizens Council,Minority and Leader's Citizens Council Minority and Leader's Citizens Council,outside the frozen 680-item baseline,,,,,,,not to pursue,"Civic/community-channel program, not a City Council meeting; preserve source record and audio."
6540eef2dc2e,6cce4e2747a02d5e,https://fortworthgov.granicus.com/MediaPlayer.php?view_id=12&clip_id=299,City Page Update City Page Update,City Page Update City Page Update,680-item baseline,92b82ed39a3c,City Page Update City Page Update,not-to-pursue-maintainer-directed,not-to-pursue,,unregistered,not to pursue,Not pursued by maintainer decision; raw catalog entry remains.
6540eef2dc2e,6ea59f855ab567cc,https://fortworthgov.granicus.com/MediaPlayer.php?view_id=10&clip_id=2569,"Fair Housing Roundtable of October 6, 2016 Fair Housing Roundtable of October 6, 2016","Fair Housing Roundtable of October 6, 2016 Fair Housing Roundtable of October 6, 2016",680-item baseline,43ee559debce,"Fair Housing Roundtable of October 6, 2016 Fair Housing Roundtable of October 6, 2016",not-to-pursue-maintainer-directed,not-to-pursue,,unregistered,not to pursue,Not pursued by maintainer decision; raw catalog entry remains.
6540eef2dc2e,701d0a1fd6890bce,https://fortworthgov.granicus.com/MediaPlayer.php?view_id=10&clip_id=1801,Employee Diversity Forum Employee Diversity Forum,Employee Diversity Forum Employee Diversity Forum,680-item baseline,6aea5fb94e2a,Employee Diversity Forum Employee Diversity Forum,not-to-pursue-maintainer-directed,not-to-pursue,,unregistered,not to pursue,Not pursued by maintainer decision; raw catalog entry remains.
6540eef2dc2e,715e99f202a9c17f,https://fortworthgov.granicus.com/MediaPlayer.php?view_id=11&clip_id=878,Minority Leaders and Citizen's Council Minority Leaders and Citizen's Council,Minority Leaders and Citizen's Council Minority Leaders and Citizen's Council,680-item baseline,03cd222d4f13,Minority Leaders and Citizen's Council Minority Leaders and Citizen's Council,not-to-pursue-maintainer-directed,not-to-pursue,,unregistered,not to pursue,Not pursued by maintainer decision; raw catalog entry remains.
6540eef2dc2e,724527fa0b49cb84,a8689f32-5d86-41c9-accf-cd0dd75d98cb,,"- May 13, 2025",outside the frozen 680-item baseline,,,,,,,not to pursue,"Blank/test catalog entry; retain source record, do not create a public meeting-feed rule."
6540eef2dc2e,735e7f7bd6218a00,https://fortworthgov.granicus.com/MediaPlayer.php?view_id=10&clip_id=2118,Minority Leaders and Citizens Council Minority Leaders and Citizens Council,Minority Leaders and Citizens Council Minority Leaders and Citizens Council,outside the frozen 680-item baseline,,,,,,,not to pursue,"Civic/community-channel program, not a City Council meeting; preserve source record and audio."
6540eef2dc2e,73b2db6c921a37d3,https://fortworthgov.granicus.com/MediaPlayer.php?view_id=10&clip_id=3529,"2019 Neighborhood Awards of February 22, 2020 2019 Neighborhood Awards of February 22, 2020","2019 Neighborhood Awards of February 22, 2020 2019 Neighborhood Awards of February 22, 2020",680-item baseline,8b05639b799a,"2019 Neighborhood Awards of February 22, 2020 2019 Neighborhood Awards of February 22, 2020",not-to-pursue-maintainer-directed,not-to-pursue,,unregistered,not to pursue,Not pursued by maintainer decision; raw catalog entry remains.
6540eef2dc2e,73cffd666695107f,https://fortworthgov.granicus.com/MediaPlayer.php?view_id=11&clip_id=747,Minority Leaders and Citizen's Council Minority Leaders and Citizen's Council,Minority Leaders and Citizen's Council Minority Leaders and Citizen's Council,680-item baseline,03cd222d4f13,Minority Leaders and Citizen's Council Minority Leaders and Citizen's Council,not-to-pursue-maintainer-directed,not-to-pursue,,unregistered,not to pursue,Not pursued by maintainer decision; raw catalog entry remains.
6540eef2dc2e,73f0b2bf0f2990aa,https://fortworthgov.granicus.com/MediaPlayer.php?view_id=11&clip_id=896,Minority Leaders and Citizen's Council Minority Leaders and Citizen's Council,Minority Leaders and Citizen's Council Minority Leaders and Citizen's Council,680-item baseline,03cd222d4f13,Minority Leaders and Citizen's Council Minority Leaders and Citizen's Council,not-to-pursue-maintainer-directed,not-to-pursue,,unregistered,not to pursue,Not pursued by maintainer decision; raw catalog entry remains.
6540eef2dc2e,7403e22558ff3946,https://fortworthgov.granicus.com/MediaPlayer.php?view_id=12&clip_id=1009,City News City News,City News City News,680-item baseline,694a754c98bf,City News City News,not-to-pursue-maintainer-directed,not-to-pursue,,unregistered,not to pursue,Not pursued by maintainer decision; raw catalog entry remains.
6540eef2dc2e,75580b8ade7a7646,https://fortworthgov.granicus.com/MediaPlayer.php?view_id=12&clip_id=3051,"Municipal Summit of September 12, 2018 Municipal Summit of September 12, 2018","Municipal Summit of September 12, 2018 Municipal Summit of September 12, 2018",680-item baseline,8174267fc39f,"Municipal Summit of September 12, 2018 Municipal Summit of September 12, 2018",not-to-pursue-maintainer-directed,not-to-pursue,,unregistered,not to pursue,Not pursued by maintainer decision; raw catalog entry remains.
6540eef2dc2e,759c5c0c643e8d76,https://fortworthgov.granicus.com/MediaPlayer.php?view_id=11&clip_id=1005,Minority Leaders and Citizen's Council Minority Leaders and Citizen's Council,Minority Leaders and Citizen's Council Minority Leaders and Citizen's Council,680-item baseline,03cd222d4f13,Minority Leaders and Citizen's Council Minority Leaders and Citizen's Council,not-to-pursue-maintainer-directed,not-to-pursue,,unregistered,not to pursue,Not pursued by maintainer decision; raw catalog entry remains.
6540eef2dc2e,759cbadb4bd39f6c,https://fortworthgov.granicus.com/MediaPlayer.php?view_id=12&clip_id=690,City News City News,City News City News,680-item baseline,694a754c98bf,City News City News,not-to-pursue-maintainer-directed,not-to-pursue,,unregistered,not to pursue,Not pursued by maintainer decision; raw catalog entry remains.
6540eef2dc2e,75de892da0b0acfe,https://fortworthgov.granicus.com/MediaPlayer.php?view_id=11&clip_id=2473,Minority Leaders and Citizen's Council Minority Leaders and Citizen's Council,Minority Leaders and Citizen's Council Minority Leaders and Citizen's Council,680-item baseline,03cd222d4f13,Minority Leaders and Citizen's Council Minority Leaders and Citizen's Council,not-to-pursue-maintainer-directed,not-to-pursue,,unregistered,not to pursue,Not pursued by maintainer decision; raw catalog entry remains.
6540eef2dc2e,77ec8672afcbd3ca,https://fortworthgov.granicus.com/MediaPlayer.php?view_id=10&clip_id=4657,MLK Jr Employee Celebration MLK Jr Employee Celebration,MLK Jr Employee Celebration MLK Jr Employee Celebration,680-item baseline,d338389196d3,MLK Jr Employee Celebration MLK Jr Employee Celebration,not-to-pursue-maintainer-directed,not-to-pursue,,unregistered,not to pursue,Not pursued by maintainer decision; raw catalog entry remains.
6540eef2dc2e,7808070da8750dca,https://fortworthgov.granicus.com/MediaPlayer.php?view_id=12&clip_id=4198,Civil Service Commission Civil Service Commission,Civil Service Commission Civil Service Commission,680-item baseline,140ce8e4631e,Civil Service Commission Civil Service Commission,not-to-pursue-maintainer-directed,not pursued; preserve in source archive,,unregistered,not to pursue,Not pursued by maintainer decision; raw catalog entry remains.
6540eef2dc2e,783a1ba4f1b1ebc5,https://fortworthgov.granicus.com/MediaPlayer.php?view_id=11&clip_id=2583,Minority Leader's and Citizen's Council Minority Leader's and Citizen's Council,Minority Leader's and Citizen's Council Minority Leader's and Citizen's Council,outside the frozen 680-item baseline,,,,,,,not to pursue,"Civic/community-channel program, not a City Council meeting; preserve source record and audio."
6540eef2dc2e,7858d4d11cf68b98,https://fortworthgov.granicus.com/MediaPlayer.php?view_id=12&clip_id=4614,Sixth Annual Tarrant County Business Opportunity Fair Sixth Annual Tarrant County Business Opportunity Fair,Sixth Annual Tarrant County Business Opportunity Fair Sixth Annual Tarrant County Business Opportunity Fair,680-item baseline,6afcb9247652,Sixth Annual Tarrant County Business Opportunity Fair Sixth Annual Tarrant County Business Opportunity Fair,not-to-pursue-maintainer-directed,not-to-pursue,,unregistered,not to pursue,Not pursued by maintainer decision; raw catalog entry remains.
6540eef2dc2e,795684578dc07db7,https://fortworthgov.granicus.com/MediaPlayer.php?view_id=10&clip_id=2469,Minority Leaders and Citizen's Council Minority Leaders and Citizen's Council,Minority Leaders and Citizen's Council Minority Leaders and Citizen's Council,680-item baseline,03cd222d4f13,Minority Leaders and Citizen's Council Minority Leaders and Citizen's Council,not-to-pursue-maintainer-directed,not-to-pursue,,unregistered,not to pursue,Not pursued by maintainer decision; raw catalog entry remains.
6540eef2dc2e,7991cd74a65787e5,https://fortworthgov.granicus.com/MediaPlayer.php?view_id=12&clip_id=2569,"Fair Housing Roundtable of October 6, 2016 Fair Housing Roundtable of October 6, 2016","Fair Housing Roundtable of October 6, 2016 Fair Housing Roundtable of October 6, 2016",680-item baseline,43ee559debce,"Fair Housing Roundtable of October 6, 2016 Fair Housing Roundtable of October 6, 2016",not-to-pursue-maintainer-directed,not-to-pursue,,unregistered,not to pursue,Not pursued by maintainer decision; raw catalog entry remains.
6540eef2dc2e,79b9f612052903e3,https://fortworthgov.granicus.com/MediaPlayer.php?view_id=12&clip_id=1011,City News City News,City News City News,680-item baseline,694a754c98bf,City News City News,not-to-pursue-maintainer-directed,not-to-pursue,,unregistered,not to pursue,Not pursued by maintainer decision; raw catalog entry remains.
6540eef2dc2e,7aaf446454754592,https://fortworthgov.granicus.com/MediaPlayer.php?view_id=12&clip_id=4126,"Minority and Women Business Enterprise, December 11, 2020 Minority and Women Business Enterprise, December 11, 2020","Minority and Women Business Enterprise, December 11, 2020 Minority and Women Business Enterprise, December 11, 2020",680-item baseline,fac1406e15eb,"Minority and Women Business Enterprise, December 11, 2020 Minority and Women Business Enterprise, December 11, 2020",not-to-pursue-maintainer-directed,not-to-pursue,,unregistered,not to pursue,Not pursued by maintainer decision; raw catalog entry remains.
6540eef2dc2e,7bbd61c98d8a5ddf,https://fortworthgov.granicus.com/MediaPlayer.php?view_id=10&clip_id=5147,"The Asian Tradition Of Meditation And Mindfulness of May 11, 2023 The Asian Tradition Of Meditation And Mindfulness of May 11, 2023","The Asian Tradition Of Meditation And Mindfulness of May 11, 2023 The Asian Tradition Of Meditation And Mindfulness of May 11, 2023",680-item baseline,dce877438637,"The Asian Tradition Of Meditation And Mindfulness of May 11, 2023 The Asian Tradition Of Meditation And Mindfulness of May 11, 2023",not-to-pursue-maintainer-directed,not-to-pursue,,unregistered,not to pursue,Not pursued by maintainer decision; raw catalog entry remains.
6540eef2dc2e,7c7f22bd37e37a0f,https://fortworthgov.granicus.com/MediaPlayer.php?view_id=10&clip_id=4357,Business Equity Advisory Board Meeting Business Equity Advisory Board Meeting,Business Equity Advisory Board Meeting Business Equity Advisory Board Meeting,680-item baseline,56bd6dd2a46f,Business Equity Advisory Board Meeting Business Equity Advisory Board Meeting,not-to-pursue-maintainer-directed,not pursued; preserve in source archive,,unregistered,not to pursue,Not pursued by maintainer decision; raw catalog entry remains.
6540eef2dc2e,7dbe7af7202b88fc,https://fortworthgov.granicus.com/MediaPlayer.php?view_id=12&clip_id=334,City Page Update City Page Update,City Page Update City Page Update,680-item baseline,92b82ed39a3c,City Page Update City Page Update,not-to-pursue-maintainer-directed,not-to-pursue,,unregistered,not to pursue,Not pursued by maintainer decision; raw catalog entry remains.
6540eef2dc2e,7dd5315cb270f10e,https://fortworthgov.granicus.com/MediaPlayer.php?view_id=10&clip_id=5542,Fort Worth Forward - Episode 24 Fort Worth Forward - Episode 24,Fort Worth Forward - Episode 24 Fort Worth Forward - Episode 24,680-item baseline,a5e45d76aa94,Fort Worth Forward - Episode 24 Fort Worth Forward - Episode 24,not-to-pursue-maintainer-directed,not-to-pursue,,unregistered,not to pursue,Not pursued by maintainer decision; raw catalog entry remains.
6540eef2dc2e,7e1e9487a103c5aa,https://fortworthgov.granicus.com/MediaPlayer.php?view_id=12&clip_id=985,City Notes City Notes,City Notes City Notes,680-item baseline,7589fd43ffb0,City Notes City Notes,not-to-pursue-maintainer-directed,not-to-pursue,,unregistered,not to pursue,Not pursued by maintainer decision; raw catalog entry remains.
6540eef2dc2e,7ef3e3a72df02bf8,https://fortworthgov.granicus.com/MediaPlayer.php?view_id=10&clip_id=3716,Deferred Compensation Oversight Committee Deferred Compensation Oversight Committee,Deferred Compensation Oversight Committee Deferred Compensation Oversight Committee,680-item baseline,85c718e45e70,Deferred Compensation Oversight Committee Deferred Compensation Oversight Committee,not-to-pursue-maintainer-directed,not pursued; preserve in source archive,,unregistered,not to pursue,Not pursued by maintainer decision; raw catalog entry remains.
6540eef2dc2e,80c3f3c15da33d16,https://fortworthgov.granicus.com/MediaPlayer.php?view_id=10&clip_id=2081,Minority Leaders and Citizen's Council Minority Leaders and Citizen's Council,Minority Leaders and Citizen's Council Minority Leaders and Citizen's Council,680-item baseline,03cd222d4f13,Minority Leaders and Citizen's Council Minority Leaders and Citizen's Council,not-to-pursue-maintainer-directed,not-to-pursue,,unregistered,not to pursue,Not pursued by maintainer decision; raw catalog entry remains.
6540eef2dc2e,813dbc12dacffbe9,https://fortworthgov.granicus.com/MediaPlayer.php?view_id=10&clip_id=5106,Fort Worth Forward - Episode 16 Fort Worth Forward - Episode 16,Fort Worth Forward - Episode 16 Fort Worth Forward - Episode 16,680-item baseline,57f0a6b0a347,Fort Worth Forward - Episode 16 Fort Worth Forward - Episode 16,not-to-pursue-maintainer-directed,not-to-pursue,,unregistered,not to pursue,Not pursued by maintainer decision; raw catalog entry remains.
6540eef2dc2e,82748acfb2f3fa21,https://fortworthgov.granicus.com/MediaPlayer.php?view_id=12&clip_id=2943,"Community Development Week Celebration - April 2, 2018 Community Development Week Celebration","Community Development Week Celebration - April 2, 2018 Community Development Week Celebration - April 2, 2018",680-item baseline,b8b70d0363a3,"Community Development Week Celebration - April 2, 2018 Community Development Week Celebration",not-to-pursue-maintainer-directed,not-to-pursue,,unregistered,not to pursue,Not pursued by maintainer decision; raw catalog entry remains.
6540eef2dc2e,82deab3a14fc66b0,https://fortworthgov.granicus.com/MediaPlayer.php?view_id=12&clip_id=544,City Page Update City Page Update,City Page Update City Page Update,680-item baseline,92b82ed39a3c,City Page Update City Page Update,not-to-pursue-maintainer-directed,not-to-pursue,,unregistered,not to pursue,Not pursued by maintainer decision; raw catalog entry remains.
6540eef2dc2e,83735a32f5206815,https://fortworthgov.granicus.com/MediaPlayer.php?view_id=12&clip_id=832,City News City News,City News City News,680-item baseline,694a754c98bf,City News City News,not-to-pursue-maintainer-directed,not-to-pursue,,unregistered,not to pursue,Not pursued by maintainer decision; raw catalog entry remains.
6540eef2dc2e,85b03ae778271e23,https://fortworthgov.granicus.com/MediaPlayer.php?view_id=11&clip_id=2717,Minority Leaders and Citizen's Council Minority Leaders and Citizen's Council,Minority Leaders and Citizen's Council Minority Leaders and Citizen's Council,680-item baseline,03cd222d4f13,Minority Leaders and Citizen's Council Minority Leaders and Citizen's Council,not-to-pursue-maintainer-directed,not-to-pursue,,unregistered,not to pursue,Not pursued by maintainer decision; raw catalog entry remains.
6540eef2dc2e,86882506e3fa6ed3,https://fortworthgov.granicus.com/MediaPlayer.php?view_id=12&clip_id=5147,"The Asian Tradition Of Meditation And Mindfulness of May 11, 2023 The Asian Tradition Of Meditation And Mindfulness of May 11, 2023","The Asian Tradition Of Meditation And Mindfulness of May 11, 2023 The Asian Tradition Of Meditation And Mindfulness of May 11, 2023",680-item baseline,dce877438637,"The Asian Tradition Of Meditation And Mindfulness of May 11, 2023 The Asian Tradition Of Meditation And Mindfulness of May 11, 2023",not-to-pursue-maintainer-directed,not-to-pursue,,unregistered,not to pursue,Not pursued by maintainer decision; raw catalog entry remains.
6540eef2dc2e,86c99443d64129ce,https://fortworthgov.granicus.com/MediaPlayer.php?view_id=11&clip_id=2082,Minority Leaders and Citizen's Council Minority Leaders and Citizen's Council,Minority Leaders and Citizen's Council Minority Leaders and Citizen's Council,680-item baseline,03cd222d4f13,Minority Leaders and Citizen's Council Minority Leaders and Citizen's Council,not-to-pursue-maintainer-directed,not-to-pursue,,unregistered,not to pursue,Not pursued by maintainer decision; raw catalog entry remains.
6540eef2dc2e,8734f13f891725e0,https://fortworthgov.granicus.com/MediaPlayer.php?view_id=12&clip_id=2657,Stormwater Management Program Master Plan Update PowerPoint Stormwater Management Program Master Plan Update PowerPoint,Stormwater Management Program Master Plan Update PowerPoint Stormwater Management Program Master Plan Update PowerPoint,680-item baseline,c5d2a6ad4dfb,Stormwater Management Program Master Plan Update PowerPoint Stormwater Management Program Master Plan Update PowerPoint,not-to-pursue-maintainer-directed,not-to-pursue,,unregistered,not to pursue,Not pursued by maintainer decision; raw catalog entry remains.
6540eef2dc2e,87fa8a6aea289fef,https://fortworthgov.granicus.com/MediaPlayer.php?view_id=11&clip_id=814,Minority Leaders and Citizen's Council Minority Leaders and Citizen's Council,Minority Leaders and Citizen's Council Minority Leaders and Citizen's Council,680-item baseline,03cd222d4f13,Minority Leaders and Citizen's Council Minority Leaders and Citizen's Council,not-to-pursue-maintainer-directed,not-to-pursue,,unregistered,not to pursue,Not pursued by maintainer decision; raw catalog entry remains.
6540eef2dc2e,8a4f81d094ff2d5f,https://fortworthgov.granicus.com/MediaPlayer.php?view_id=10&clip_id=2895,Neighborhood Awards 2017 Neighborhood Awards 2017,Neighborhood Awards 2017 Neighborhood Awards 2017,680-item baseline,c436fa2bf273,Neighborhood Awards 2017 Neighborhood Awards 2017,not-to-pursue-maintainer-directed,not-to-pursue,,unregistered,not to pursue,Not pursued by maintainer decision; raw catalog entry remains.
6540eef2dc2e,8b2ebfc714942d52,https://fortworthgov.granicus.com/MediaPlayer.php?view_id=12&clip_id=906,City News City News,City News City News,680-item baseline,694a754c98bf,City News City News,not-to-pursue-maintainer-directed,not-to-pursue,,unregistered,not to pursue,Not pursued by maintainer decision; raw catalog entry remains.
6540eef2dc2e,8c5a02e9867f5d65,https://fortworthgov.granicus.com/MediaPlayer.php?view_id=10&clip_id=5177,"City of Fort Worth Juneteenth Employee Celebration of June 15, 2023 City of Fort Worth Juneteenth Employee Celebration of June 15, 2023","City of Fort Worth Juneteenth Employee Celebration of June 15, 2023 City of Fort Worth Juneteenth Employee Celebration of June 15, 2023",680-item baseline,5ddb4d5b810f,"City of Fort Worth Juneteenth Employee Celebration of June 15, 2023 City of Fort Worth Juneteenth Employee Celebration of June 15, 2023",not-to-pursue-maintainer-directed,not-to-pursue,,unregistered,not to pursue,Not pursued by maintainer decision; raw catalog entry remains.
6540eef2dc2e,8c6fa0671bcb3d71,https://fortworthgov.granicus.com/MediaPlayer.php?view_id=10&clip_id=1606,Neighborhood Awards Neighborhood Awards,Neighborhood Awards Neighborhood Awards,680-item baseline,c6873d2c1ad2,Neighborhood Awards Neighborhood Awards,not-to-pursue-maintainer-directed,not-to-pursue,,unregistered,not to pursue,Not pursued by maintainer decision; raw catalog entry remains.
6540eef2dc2e,8c92a6576cc799cf,https://fortworthgov.granicus.com/MediaPlayer.php?view_id=11&clip_id=2584,Minority Leaders and Citizen's Council Minority Leaders and Citizen's Council,Minority Leaders and Citizen's Council Minority Leaders and Citizen's Council,680-item baseline,03cd222d4f13,Minority Leaders and Citizen's Council Minority Leaders and Citizen's Council,not-to-pursue-maintainer-directed,not-to-pursue,,unregistered,not to pursue,Not pursued by maintainer decision; raw catalog entry remains.
6540eef2dc2e,8df399e299b339a4,https://fortworthgov.granicus.com/MediaPlayer.php?view_id=12&clip_id=518,City Page Update City Page Update,City Page Update City Page Update,680-item baseline,92b82ed39a3c,City Page Update City Page Update,not-to-pursue-maintainer-directed,not-to-pursue,,unregistered,not to pursue,Not pursued by maintainer decision; raw catalog entry remains.
6540eef2dc2e,8e8911290f8c023f,https://fortworthgov.granicus.com/MediaPlayer.php?view_id=10&clip_id=2115,Minority Leaders and Citizens Council Minority Leaders and Citizens Council,Minority Leaders and Citizens Council Minority Leaders and Citizens Council,outside the frozen 680-item baseline,,,,,,,not to pursue,"Civic/community-channel program, not a City Council meeting; preserve source record and audio."
6540eef2dc2e,8ec24fc2dd7a1df3,87f6126a-1bfe-11f1-bb28-005056a89546,The Mayor's Neighborhood Awards,"The Mayor's Neighborhood Awards - Mar 07, 2026",outside the frozen 680-item baseline,,,,,,,not to pursue,"One-off event or non-meeting media; retain source record, do not create a new recurring feed."
6540eef2dc2e,8edc723d3a3714d3,https://fortworthgov.granicus.com/MediaPlayer.php?view_id=10&clip_id=1555,"""Grow a Green Multifamily Development"" Symposium ""Grow a Green Multifamily Development"" Symposium","""Grow a Green Multifamily Development"" Symposium ""Grow a Green Multifamily Development"" Symposium",680-item baseline,e8df4e610d68,"""Grow a Green Multifamily Development"" Symposium ""Grow a Green Multifamily Development"" Symposium",not-to-pursue-maintainer-directed,not-to-pursue,,unregistered,not to pursue,Not pursued by maintainer decision; raw catalog entry remains.
6540eef2dc2e,8fecffe79869ff9f,https://fortworthgov.granicus.com/MediaPlayer.php?view_id=10&clip_id=4029,Community Action Partners Community Action Partners,Community Action Partners Community Action Partners,680-item baseline,afabb81c06a6,Community Action Partners Community Action Partners,not-to-pursue-maintainer-directed,not-to-pursue,,unregistered,not to pursue,Not pursued by maintainer decision; raw catalog entry remains.
6540eef2dc2e,9010112b47a4e0c0,https://fortworthgov.granicus.com/MediaPlayer.php?view_id=10&clip_id=4198,Civil Service Commission Civil Service Commission,Civil Service Commission Civil Service Commission,680-item baseline,140ce8e4631e,Civil Service Commission Civil Service Commission,not-to-pursue-maintainer-directed,not pursued; preserve in source archive,,unregistered,not to pursue,Not pursued by maintainer decision; raw catalog entry remains.
6540eef2dc2e,901360f4cca53d20,https://fortworthgov.granicus.com/MediaPlayer.php?view_id=10&clip_id=5437,The Mayor's 2023 Neighborhood Awards The Mayor's 2023 Neighborhood Awards,The Mayor's 2023 Neighborhood Awards The Mayor's 2023 Neighborhood Awards,680-item baseline,81f1522f23f5,The Mayor's 2023 Neighborhood Awards The Mayor's 2023 Neighborhood Awards,not-to-pursue-maintainer-directed,not-to-pursue,,unregistered,not to pursue,Not pursued by maintainer decision; raw catalog entry remains.
6540eef2dc2e,9139a8995bac1b39,https://fortworthgov.granicus.com/MediaPlayer.php?view_id=10&clip_id=4342,"Community Action Partners of April 14, 2021 Community Action Partners of April 14, 2021","Community Action Partners of April 14, 2021 Community Action Partners of April 14, 2021",680-item baseline,837c6b5b46c1,"Community Action Partners of April 14, 2021 Community Action Partners of April 14, 2021",not-to-pursue-maintainer-directed,not-to-pursue,,unregistered,not to pursue,Not pursued by maintainer decision; raw catalog entry remains.
6540eef2dc2e,930934dc71918f11,https://fortworthgov.granicus.com/MediaPlayer.php?view_id=10&clip_id=4815,Fort Worth Forward - Episode 9 Fort Worth Forward - Episode 9,Fort Worth Forward - Episode 9 Fort Worth Forward - Episode 9,680-item baseline,6e32357b5dd1,Fort Worth Forward - Episode 9 Fort Worth Forward - Episode 9,not-to-pursue-maintainer-directed,not-to-pursue,,unregistered,not to pursue,Not pursued by maintainer decision; raw catalog entry remains.
6540eef2dc2e,93e915a552035b19,https://fortworthgov.granicus.com/MediaPlayer.php?view_id=10&clip_id=1668,"Bike Share Program Kick-Off of April 22, 2013 Bike Share Program Kick-Off of April 22, 2013","Bike Share Program Kick-Off of April 22, 2013 Bike Share Program Kick-Off of April 22, 2013",680-item baseline,5765b09083c6,"Bike Share Program Kick-Off of April 22, 2013 Bike Share Program Kick-Off of April 22, 2013",not-to-pursue-maintainer-directed,not-to-pursue,,unregistered,not to pursue,Not pursued by maintainer decision; raw catalog entry remains.
6540eef2dc2e,947f540ceaa4e4b4,https://fortworthgov.granicus.com/MediaPlayer.php?view_id=10&clip_id=3781,Fort Worth Public Improvement District No. 1 Advisory Board Fort Worth Public Improvement District No. 1 Advisory Board,Fort Worth Public Improvement District No. 1 Advisory Board Fort Worth Public Improvement District No. 1 Advisory Board,680-item baseline,2603796cdc65,Fort Worth Public Improvement District No. 1 Advisory Board Fort Worth Public Improvement District No. 1 Advisory Board,not-to-pursue-maintainer-directed,not pursued; preserve in source archive,,unregistered,not to pursue,Not pursued by maintainer decision; raw catalog entry remains.
6540eef2dc2e,967bfd6f234bd774,https://fortworthgov.granicus.com/MediaPlayer.php?view_id=12&clip_id=553,City Page Update City Page Update,City Page Update City Page Update,680-item baseline,92b82ed39a3c,City Page Update City Page Update,not-to-pursue-maintainer-directed,not-to-pursue,,unregistered,not to pursue,Not pursued by maintainer decision; raw catalog entry remains.
6540eef2dc2e,96b6b670ecb2d43d,https://fortworthgov.granicus.com/MediaPlayer.php?view_id=12&clip_id=476,City Page Update City Page Update,City Page Update City Page Update,680-item baseline,92b82ed39a3c,City Page Update City Page Update,not-to-pursue-maintainer-directed,not-to-pursue,,unregistered,not to pursue,Not pursued by maintainer decision; raw catalog entry remains.
6540eef2dc2e,97bc22f3829ae31a,https://fortworthgov.granicus.com/MediaPlayer.php?view_id=11&clip_id=1006,Minority Leaders and Citizen's Council Minority Leaders and Citizen's Council,Minority Leaders and Citizen's Council Minority Leaders and Citizen's Council,680-item baseline,03cd222d4f13,Minority Leaders and Citizen's Council Minority Leaders and Citizen's Council,not-to-pursue-maintainer-directed,not-to-pursue,,unregistered,not to pursue,Not pursued by maintainer decision; raw catalog entry remains.
6540eef2dc2e,97ea0530478f72d9,https://fortworthgov.granicus.com/MediaPlayer.php?view_id=10&clip_id=5420,"Black History Month - ""Afrofuturism: Imagining the Future While Honoring the Past"" Black History Month - ""Afrofuturism: Imagining the Future While Honoring the Past""","Black History Month - ""Afrofuturism: Imagining the Future While Honoring the Past"" Black History Month - ""Afrofuturism: Imagining the Future While Honoring the Past""",680-item baseline,c23baf0630f1,"Black History Month - ""Afrofuturism: Imagining the Future While Honoring the Past"" Black History Month - ""Afrofuturism: Imagining the Future While Honoring the Past""",not-to-pursue-maintainer-directed,not-to-pursue,,unregistered,not to pursue,Not pursued by maintainer decision; raw catalog entry remains.
6540eef2dc2e,98274477f82cba39,https://fortworthgov.granicus.com/MediaPlayer.php?view_id=12&clip_id=854,City News City News,City News City News,680-item baseline,694a754c98bf,City News City News,not-to-pursue-maintainer-directed,not-to-pursue,,unregistered,not to pursue,Not pursued by maintainer decision; raw catalog entry remains.
6540eef2dc2e,983cec13831ec8c8,https://fortworthgov.granicus.com/MediaPlayer.php?view_id=12&clip_id=744,City News City News,City News City News,680-item baseline,694a754c98bf,City News City News,not-to-pursue-maintainer-directed,not-to-pursue,,unregistered,not to pursue,Not pursued by maintainer decision; raw catalog entry remains.
6540eef2dc2e,9844659ee1d02f3a,https://fortworthgov.granicus.com/MediaPlayer.php?view_id=12&clip_id=5420,"Black History Month - ""Afrofuturism: Imagining the Future While Honoring the Past"" Black History Month - ""Afrofuturism: Imagining the Future While Honoring the Past""","Black History Month - ""Afrofuturism: Imagining the Future While Honoring the Past"" Black History Month - ""Afrofuturism: Imagining the Future While Honoring the Past""",680-item baseline,c23baf0630f1,"Black History Month - ""Afrofuturism: Imagining the Future While Honoring the Past"" Black History Month - ""Afrofuturism: Imagining the Future While Honoring the Past""",not-to-pursue-maintainer-directed,not-to-pursue,,unregistered,not to pursue,Not pursued by maintainer decision; raw catalog entry remains.
6540eef2dc2e,9b412b0307e10dd3,https://fortworthgov.granicus.com/MediaPlayer.php?view_id=10&clip_id=4767,Fort Worth Forward - Episode 8 Fort Worth Forward - Episode 8,Fort Worth Forward - Episode 8 Fort Worth Forward - Episode 8,680-item baseline,2fac083302da,Fort Worth Forward - Episode 8 Fort Worth Forward - Episode 8,not-to-pursue-maintainer-directed,not-to-pursue,,unregistered,not to pursue,Not pursued by maintainer decision; raw catalog entry remains.
6540eef2dc2e,9c128795431e3922,https://fortworthgov.granicus.com/MediaPlayer.php?view_id=10&clip_id=3723,Housing Neighborhood Services Committee Housing Neighborhood Services Committee,Housing Neighborhood Services Committee Housing Neighborhood Services Committee,680-item baseline,b16ca44c70f1,Housing Neighborhood Services Committee Housing Neighborhood Services Committee,not-to-pursue-maintainer-directed,not pursued; preserve in source archive,,unregistered,not to pursue,Not pursued by maintainer decision; raw catalog entry remains.
6540eef2dc2e,9e60abf2039fb65b,https://fortworthgov.granicus.com/MediaPlayer.php?view_id=12&clip_id=722,City News City News,City News City News,680-item baseline,694a754c98bf,City News City News,not-to-pursue-maintainer-directed,not-to-pursue,,unregistered,not to pursue,Not pursued by maintainer decision; raw catalog entry remains.
6540eef2dc2e,9ef7ca114e82f6f1,https://fortworthgov.granicus.com/MediaPlayer.php?view_id=10&clip_id=4510,"Dedication of the Pioneer Tower Public Artworks of August 20, 2021 Dedication of the Pioneer Tower Public Artworks of August 20, 2021","Dedication of the Pioneer Tower Public Artworks of August 20, 2021 Dedication of the Pioneer Tower Public Artworks of August 20, 2021",680-item baseline,ec6ea2ac90fc,"Dedication of the Pioneer Tower Public Artworks of August 20, 2021 Dedication of the Pioneer Tower Public Artworks of August 20, 2021",not-to-pursue-maintainer-directed,not-to-pursue,,unregistered,not to pursue,Not pursued by maintainer decision; raw catalog entry remains.
6540eef2dc2e,9effd4a333cd859a,https://fortworthgov.granicus.com/MediaPlayer.php?view_id=12&clip_id=4452,ESRI Redistricting Software Training ESRI Redistricting Software Training,ESRI Redistricting Software Training ESRI Redistricting Software Training,680-item baseline,a294270ed4ff,ESRI Redistricting Software Training ESRI Redistricting Software Training,not-to-pursue-maintainer-directed,not-to-pursue,,unregistered,not to pursue,Not pursued by maintainer decision; raw catalog entry remains.
6540eef2dc2e,a0d67c6cef3d7878,https://fortworthgov.granicus.com/MediaPlayer.php?view_id=11&clip_id=2465,Minority Leaders and Citizen's Council Minority Leaders and Citizen's Council,Minority Leaders and Citizen's Council Minority Leaders and Citizen's Council,680-item baseline,03cd222d4f13,Minority Leaders and Citizen's Council Minority Leaders and Citizen's Council,not-to-pursue-maintainer-directed,not-to-pursue,,unregistered,not to pursue,Not pursued by maintainer decision; raw catalog entry remains.
6540eef2dc2e,a0da3a5764e87267,https://fortworthgov.granicus.com/MediaPlayer.php?view_id=10&clip_id=2178,Minority Leaders and Citizens Council Minority Leaders and Citizens Council,Minority Leaders and Citizens Council Minority Leaders and Citizens Council,outside the frozen 680-item baseline,,,,,,,not to pursue,"Civic/community-channel program, not a City Council meeting; preserve source record and audio."
6540eef2dc2e,a10d02a9e667d8b2,https://fortworthgov.granicus.com/MediaPlayer.php?view_id=10&clip_id=5313,Fort Worth Forward - Episode 21 Fort Worth Forward - Episode 21,Fort Worth Forward - Episode 21 Fort Worth Forward - Episode 21,680-item baseline,7195cae84ac3,Fort Worth Forward - Episode 21 Fort Worth Forward - Episode 21,not-to-pursue-maintainer-directed,not-to-pursue,,unregistered,not to pursue,Not pursued by maintainer decision; raw catalog entry remains.
6540eef2dc2e,a15f740c977a27b8,https://fortworthgov.granicus.com/MediaPlayer.php?view_id=10&clip_id=3130,"2018 Neighborhood Awards - February 16, 2019 2018 Neighborhood Awards","2018 Neighborhood Awards - February 16, 2019 2018 Neighborhood Awards - February 16, 2019",680-item baseline,cac369afd9c2,"2018 Neighborhood Awards - February 16, 2019 2018 Neighborhood Awards",not-to-pursue-maintainer-directed,not-to-pursue,,unregistered,not to pursue,Not pursued by maintainer decision; raw catalog entry remains.
6540eef2dc2e,a1fe9fc7ac27a4d6,https://fortworthgov.granicus.com/MediaPlayer.php?view_id=12&clip_id=5148,"Business Plan Competition Finals of May 11, 2023 Business Plan Competition Finals of May 11, 2023","Business Plan Competition Finals of May 11, 2023 Business Plan Competition Finals of May 11, 2023",680-item baseline,423aed172d79,"Business Plan Competition Finals of May 11, 2023 Business Plan Competition Finals of May 11, 2023",not-to-pursue-maintainer-directed,not-to-pursue,,unregistered,not to pursue,Not pursued by maintainer decision; raw catalog entry remains.
6540eef2dc2e,a3223481aaed19a6,https://fortworthgov.granicus.com/MediaPlayer.php?view_id=10&clip_id=4073,Mayor's Commttee on Persons with Disabilities Mayor's Commttee on Persons with Disabilities,Mayor's Commttee on Persons with Disabilities Mayor's Commttee on Persons with Disabilities,680-item baseline,3a65f9e0dd02,Mayor's Commttee on Persons with Disabilities Mayor's Commttee on Persons with Disabilities,not-to-pursue-maintainer-directed,not-to-pursue,,unregistered,not to pursue,Not pursued by maintainer decision; raw catalog entry remains.
6540eef2dc2e,a3ac8c46b3dac0ea,https://fortworthgov.granicus.com/MediaPlayer.php?view_id=10&clip_id=2119,Minority Leaders and Citizens Council Minority Leaders and Citizens Council,Minority Leaders and Citizens Council Minority Leaders and Citizens Council,outside the frozen 680-item baseline,,,,,,,not to pursue,"Civic/community-channel program, not a City Council meeting; preserve source record and audio."
6540eef2dc2e,a3e8a8e4ff1a3007,https://fortworthgov.granicus.com/MediaPlayer.php?view_id=9&clip_id=63,fortworthgovMerg fortworthgovMerg,fortworthgovMerg fortworthgovMerg,680-item baseline,8004a8c03382,fortworthgovMerg fortworthgovMerg,not-to-pursue-maintainer-directed,not-to-pursue,,unregistered,not to pursue,Not pursued by maintainer decision; raw catalog entry remains.
6540eef2dc2e,a73bd70c46b3b1b1,https://fortworthgov.granicus.com/MediaPlayer.php?view_id=12&clip_id=4146,Community Action Partners Council Meeting of 12-17-20 Community Action Partners Council Meeting of,Community Action Partners Council Meeting of 12-17-20 Community Action Partners Council Meeting of 12-17-20,680-item baseline,376c29adadb8,Community Action Partners Council Meeting of 12-17-20 Community Action Partners Council Meeting of,not-to-pursue-maintainer-directed,not-to-pursue,,unregistered,not to pursue,Not pursued by maintainer decision; raw catalog entry remains.
6540eef2dc2e,a7d78e92a6c9ead1,https://fortworthgov.granicus.com/MediaPlayer.php?view_id=10&clip_id=3863,Central City Local Development Corporation Central City Local Development Corporation,Central City Local Development Corporation Central City Local Development Corporation,680-item baseline,44bb867f3d84,Central City Local Development Corporation Central City Local Development Corporation,not-to-pursue-maintainer-directed,not-to-pursue,,unregistered,not to pursue,Not pursued by maintainer decision; raw catalog entry remains.
6540eef2dc2e,a86a00175e0afefb,https://fortworthgov.granicus.com/MediaPlayer.php?view_id=10&clip_id=5165,Pride Month 2023 Employee Program Pride Month 2023 Employee Program,Pride Month 2023 Employee Program Pride Month 2023 Employee Program,680-item baseline,5d87ee04183b,Pride Month 2023 Employee Program Pride Month 2023 Employee Program,not-to-pursue-maintainer-directed,not-to-pursue,,unregistered,not to pursue,Not pursued by maintainer decision; raw catalog entry remains.
6540eef2dc2e,a8813d08a24e570c,https://fortworthgov.granicus.com/MediaPlayer.php?view_id=10&clip_id=2472,Minority Leader's and Citizen's Council Minority Leader's and Citizen's Council,Minority Leader's and Citizen's Council Minority Leader's and Citizen's Council,outside the frozen 680-item baseline,,,,,,,not to pursue,"Civic/community-channel program, not a City Council meeting; preserve source record and audio."
6540eef2dc2e,a88fc878fe9f9110,https://fortworthgov.granicus.com/MediaPlayer.php?view_id=11&clip_id=2705,Minority Leaders and Citizens Council Minority Leaders and Citizens Council,Minority Leaders and Citizens Council Minority Leaders and Citizens Council,outside the frozen 680-item baseline,,,,,,,not to pursue,"Civic/community-channel program, not a City Council meeting; preserve source record and audio."
6540eef2dc2e,a9aab93d528c61e7,https://fortworthgov.granicus.com/MediaPlayer.php?view_id=12&clip_id=863,Raw Footage of Chief Halstead's Press Conference regarding recently arrested employee Raw Footage of Chief Halstead's Press Conference regarding recently arrested employee,Raw Footage of Chief Halstead's Press Conference regarding recently arrested employee Raw Footage of Chief Halstead's Press Conference regarding recently arrested employee,680-item baseline,885c5b538254,Raw Footage of Chief Halstead's Press Conference regarding recently arrested employee Raw Footage of Chief Halstead's Press Conference regarding recently arrested employee,not-to-pursue-maintainer-directed,not-to-pursue,,unregistered,not to pursue,Not pursued by maintainer decision; raw catalog entry remains.
6540eef2dc2e,aaf4c2b9835b5de9,https://fortworthgov.granicus.com/MediaPlayer.php?view_id=10&clip_id=2705,Minority Leaders and Citizens Council Minority Leaders and Citizens Council,Minority Leaders and Citizens Council Minority Leaders and Citizens Council,outside the frozen 680-item baseline,,,,,,,not to pursue,"Civic/community-channel program, not a City Council meeting; preserve source record and audio."
6540eef2dc2e,ab342fe6e945c222,https://fortworthgov.granicus.com/MediaPlayer.php?view_id=10&clip_id=1333,Texas Girls Choir Christmas GIFT Concert 2011 Texas Girls Choir Christmas GIFT Concert 2011,Texas Girls Choir Christmas GIFT Concert 2011 Texas Girls Choir Christmas GIFT Concert 2011,680-item baseline,751c11d6d1ff,Texas Girls Choir Christmas GIFT Concert 2011 Texas Girls Choir Christmas GIFT Concert 2011,not-to-pursue-maintainer-directed,not-to-pursue,,unregistered,not to pursue,Not pursued by maintainer decision; raw catalog entry remains.
6540eef2dc2e,ac71d472721485a6,https://fortworthgov.granicus.com/MediaPlayer.php?view_id=12&clip_id=563,City Page Update City Page Update,City Page Update City Page Update,680-item baseline,92b82ed39a3c,City Page Update City Page Update,not-to-pursue-maintainer-directed,not-to-pursue,,unregistered,not to pursue,Not pursued by maintainer decision; raw catalog entry remains.
6540eef2dc2e,af4656c2e37a0281,https://fortworthgov.granicus.com/MediaPlayer.php?view_id=10&clip_id=1362,Neighborhood Awards Neighborhood Awards,Neighborhood Awards Neighborhood Awards,680-item baseline,c6873d2c1ad2,Neighborhood Awards Neighborhood Awards,not-to-pursue-maintainer-directed,not-to-pursue,,unregistered,not to pursue,Not pursued by maintainer decision; raw catalog entry remains.
6540eef2dc2e,b091a70f5c978ea8,aae86fbe-aaaa-11f0-8df7-005056a89546,"Fort Worth Business Plan Competition Finals | October 14, 2025","Fort Worth Business Plan Competition Finals | October 14, 2025  - Oct 14, 2025",outside the frozen 680-item baseline,,,,,,,not to pursue,"One-off event or non-meeting media; retain source record, do not create a new recurring feed."
6540eef2dc2e,b0c068624362b069,https://fortworthgov.granicus.com/MediaPlayer.php?view_id=12&clip_id=1801,Employee Diversity Forum Employee Diversity Forum,Employee Diversity Forum Employee Diversity Forum,680-item baseline,6aea5fb94e2a,Employee Diversity Forum Employee Diversity Forum,not-to-pursue-maintainer-directed,not-to-pursue,,unregistered,not to pursue,Not pursued by maintainer decision; raw catalog entry remains.
6540eef2dc2e,b0cb00f3eb509481,https://fortworthgov.granicus.com/MediaPlayer.php?view_id=12&clip_id=4372,Java with Jungus May 2021 Java with Jungus May 2021,Java with Jungus May 2021 Java with Jungus May 2021,680-item baseline,9e05b04a8f36,Java with Jungus May 2021 Java with Jungus May 2021,not-to-pursue-maintainer-directed,not-to-pursue,,unregistered,not to pursue,Not pursued by maintainer decision; raw catalog entry remains.
6540eef2dc2e,b162a717309a9453,https://fortworthgov.granicus.com/MediaPlayer.php?view_id=12&clip_id=5987,"Fort Worth Business Plan Competition Finals | October 14, 2025 Fort Worth Business Plan Competition Finals | October 14, 2025","Fort Worth Business Plan Competition Finals | October 14, 2025 Fort Worth Business Plan Competition Finals | October 14, 2025",680-item baseline,fc365c0f8b53,"Fort Worth Business Plan Competition Finals | October 14, 2025 Fort Worth Business Plan Competition Finals | October 14, 2025",not-to-pursue-maintainer-directed,not-to-pursue,,unregistered,not to pursue,Not pursued by maintainer decision; raw catalog entry remains.
6540eef2dc2e,b199f4a481389ecc,https://fortworthgov.granicus.com/MediaPlayer.php?view_id=10&clip_id=2579,Minority Leaders and Citizen's Council Minority Leaders and Citizen's Council,Minority Leaders and Citizen's Council Minority Leaders and Citizen's Council,680-item baseline,03cd222d4f13,Minority Leaders and Citizen's Council Minority Leaders and Citizen's Council,not-to-pursue-maintainer-directed,not-to-pursue,,unregistered,not to pursue,Not pursued by maintainer decision; raw catalog entry remains.
6540eef2dc2e,b1b2ed8a7fa99928,https://fortworthgov.granicus.com/MediaPlayer.php?view_id=12&clip_id=520,City Page Update City Page Update,City Page Update City Page Update,680-item baseline,92b82ed39a3c,City Page Update City Page Update,not-to-pursue-maintainer-directed,not-to-pursue,,unregistered,not to pursue,Not pursued by maintainer decision; raw catalog entry remains.
6540eef2dc2e,b2b25d27ef858443,https://fortworthgov.granicus.com/MediaPlayer.php?view_id=12&clip_id=904,City News City News,City News City News,680-item baseline,694a754c98bf,City News City News,not-to-pursue-maintainer-directed,not-to-pursue,,unregistered,not to pursue,Not pursued by maintainer decision; raw catalog entry remains.
6540eef2dc2e,b5b46a4a2688a6ad,https://fortworthgov.granicus.com/MediaPlayer.php?view_id=10&clip_id=2179,Minority Leaders and Citizens Council Minority Leaders and Citizens Council,Minority Leaders and Citizens Council Minority Leaders and Citizens Council,outside the frozen 680-item baseline,,,,,,,not to pursue,"Civic/community-channel program, not a City Council meeting; preserve source record and audio."
6540eef2dc2e,b61c6265b01c53d5,https://fortworthgov.granicus.com/MediaPlayer.php?view_id=12&clip_id=986,City News City News,City News City News,680-item baseline,694a754c98bf,City News City News,not-to-pursue-maintainer-directed,not-to-pursue,,unregistered,not to pursue,Not pursued by maintainer decision; raw catalog entry remains.
6540eef2dc2e,b7247c661c2c09ca,https://fortworthgov.granicus.com/MediaPlayer.php?view_id=10&clip_id=4709,Black History Month Program Black History Month Program,Black History Month Program Black History Month Program,680-item baseline,25b8e601f8df,Black History Month Program Black History Month Program,not-to-pursue-maintainer-directed,not-to-pursue,,unregistered,not to pursue,Not pursued by maintainer decision; raw catalog entry remains.
6540eef2dc2e,b75c8481e2fcce66,https://fortworthgov.granicus.com/MediaPlayer.php?view_id=12&clip_id=379,City Page Update City Page Update,City Page Update City Page Update,680-item baseline,92b82ed39a3c,City Page Update City Page Update,not-to-pursue-maintainer-directed,not-to-pursue,,unregistered,not to pursue,Not pursued by maintainer decision; raw catalog entry remains.
6540eef2dc2e,b7e3c1b1e4dd9bd6,a1ab90cc-2787-11f0-9f54-005056a89546,Traffic Signal  Dedication Ceremony,"Traffic Signal  Dedication Ceremony  - May 02, 2025",outside the frozen 680-item baseline,,,,,,,not to pursue,"One-off event or non-meeting media; retain source record, do not create a new recurring feed."
6540eef2dc2e,b894d7f743b1f66c,https://fortworthgov.granicus.com/MediaPlayer.php?view_id=11&clip_id=882,Minority Leaders and Citizen's Council Minority Leaders and Citizen's Council,Minority Leaders and Citizen's Council Minority Leaders and Citizen's Council,680-item baseline,03cd222d4f13,Minority Leaders and Citizen's Council Minority Leaders and Citizen's Council,not-to-pursue-maintainer-directed,not-to-pursue,,unregistered,not to pursue,Not pursued by maintainer decision; raw catalog entry remains.
6540eef2dc2e,b94246c8032dfb43,https://fortworthgov.granicus.com/MediaPlayer.php?view_id=10&clip_id=5288,"Hispanic Heritage Month Employee Celebration of September 28, 2023 Hispanic Heritage Month Employee Celebration of September 28, 2023","Hispanic Heritage Month Employee Celebration of September 28, 2023 Hispanic Heritage Month Employee Celebration of September 28, 2023",680-item baseline,555ee97df0e3,"Hispanic Heritage Month Employee Celebration of September 28, 2023 Hispanic Heritage Month Employee Celebration of September 28, 2023",not-to-pursue-maintainer-directed,not-to-pursue,,unregistered,not to pursue,Not pursued by maintainer decision; raw catalog entry remains.
6540eef2dc2e,bc1ce7c8b42fcf81,https://fortworthgov.granicus.com/MediaPlayer.php?view_id=11&clip_id=2589,Minority Leaders and Citizens Council Minority Leaders and Citizens Council,Minority Leaders and Citizens Council Minority Leaders and Citizens Council,outside the frozen 680-item baseline,,,,,,,not to pursue,"Civic/community-channel program, not a City Council meeting; preserve source record and audio."
6540eef2dc2e,be7fe4e2458dd9a6,https://fortworthgov.granicus.com/MediaPlayer.php?view_id=12&clip_id=793,City News City News,City News City News,680-item baseline,694a754c98bf,City News City News,not-to-pursue-maintainer-directed,not-to-pursue,,unregistered,not to pursue,Not pursued by maintainer decision; raw catalog entry remains.
6540eef2dc2e,be82a0b7b3bb9610,https://fortworthgov.granicus.com/MediaPlayer.php?view_id=12&clip_id=6122,Black History Month Program Black History Month Program,Black History Month Program Black History Month Program,680-item baseline,25b8e601f8df,Black History Month Program Black History Month Program,not-to-pursue-maintainer-directed,not-to-pursue,,unregistered,not to pursue,Not pursued by maintainer decision; raw catalog entry remains.
6540eef2dc2e,c0607fdfbab54711,https://fortworthgov.granicus.com/MediaPlayer.php?view_id=11&clip_id=2466,Minority Leaders and Citizens Council Minority Leaders and Citizens Council,Minority Leaders and Citizens Council Minority Leaders and Citizens Council,outside the frozen 680-item baseline,,,,,,,not to pursue,"Civic/community-channel program, not a City Council meeting; preserve source record and audio."
6540eef2dc2e,c1412de764fc79d5,https://fortworthgov.granicus.com/MediaPlayer.php?view_id=10&clip_id=2657,Stormwater Management Program Master Plan Update PowerPoint Stormwater Management Program Master Plan Update PowerPoint,Stormwater Management Program Master Plan Update PowerPoint Stormwater Management Program Master Plan Update PowerPoint,680-item baseline,c5d2a6ad4dfb,Stormwater Management Program Master Plan Update PowerPoint Stormwater Management Program Master Plan Update PowerPoint,not-to-pursue-maintainer-directed,not-to-pursue,,unregistered,not to pursue,Not pursued by maintainer decision; raw catalog entry remains.
6540eef2dc2e,c2b145301de96f3b,https://fortworthgov.granicus.com/MediaPlayer.php?view_id=10&clip_id=2589,Minority Leaders and Citizens Council Minority Leaders and Citizens Council,Minority Leaders and Citizens Council Minority Leaders and Citizens Council,outside the frozen 680-item baseline,,,,,,,not to pursue,"Civic/community-channel program, not a City Council meeting; preserve source record and audio."
6540eef2dc2e,c2cecb881dc305c7,https://fortworthgov.granicus.com/MediaPlayer.php?view_id=12&clip_id=874,City News City News,City News City News,680-item baseline,694a754c98bf,City News City News,not-to-pursue-maintainer-directed,not-to-pursue,,unregistered,not to pursue,Not pursued by maintainer decision; raw catalog entry remains.
6540eef2dc2e,c2f2dfffb0ba6e27,https://fortworthgov.granicus.com/MediaPlayer.php?view_id=11&clip_id=2716,Minority Leaders an Citizen's Council Minority Leaders an Citizen's Council,Minority Leaders an Citizen's Council Minority Leaders an Citizen's Council,outside the frozen 680-item baseline,,,,,,,not to pursue,"Civic/community-channel program, not a City Council meeting; preserve source record and audio."
6540eef2dc2e,c3ac581b82cdceeb,https://fortworthgov.granicus.com/MediaPlayer.php?view_id=11&clip_id=2585,Minority Leaders and Citizen's Council Minority Leaders and Citizen's Council,Minority Leaders and Citizen's Council Minority Leaders and Citizen's Council,680-item baseline,03cd222d4f13,Minority Leaders and Citizen's Council Minority Leaders and Citizen's Council,not-to-pursue-maintainer-directed,not-to-pursue,,unregistered,not to pursue,Not pursued by maintainer decision; raw catalog entry remains.
6540eef2dc2e,c3c073843703bac4,https://fortworthgov.granicus.com/MediaPlayer.php?view_id=10&clip_id=4465,Fort Worth Forward - Episode 1 Fort Worth Forward - Episode 1,Fort Worth Forward - Episode 1 Fort Worth Forward - Episode 1,680-item baseline,dbb0b41bae24,Fort Worth Forward - Episode 1 Fort Worth Forward - Episode 1,not-to-pursue-maintainer-directed,not-to-pursue,,unregistered,not to pursue,Not pursued by maintainer decision; raw catalog entry remains.
6540eef2dc2e,c411a73f21673ed8,https://fortworthgov.granicus.com/MediaPlayer.php?view_id=12&clip_id=905,City News City News,City News City News,680-item baseline,694a754c98bf,City News City News,not-to-pursue-maintainer-directed,not-to-pursue,,unregistered,not to pursue,Not pursued by maintainer decision; raw catalog entry remains.
6540eef2dc2e,c483d5461f296f24,https://fortworthgov.granicus.com/MediaPlayer.php?view_id=10&clip_id=4372,Java with Jungus May 2021 Java with Jungus May 2021,Java with Jungus May 2021 Java with Jungus May 2021,680-item baseline,9e05b04a8f36,Java with Jungus May 2021 Java with Jungus May 2021,not-to-pursue-maintainer-directed,not-to-pursue,,unregistered,not to pursue,Not pursued by maintainer decision; raw catalog entry remains.
6540eef2dc2e,c5baa28b23575c07,https://fortworthgov.granicus.com/MediaPlayer.php?view_id=12&clip_id=3863,Central City Local Development Corporation Central City Local Development Corporation,Central City Local Development Corporation Central City Local Development Corporation,680-item baseline,44bb867f3d84,Central City Local Development Corporation Central City Local Development Corporation,not-to-pursue-maintainer-directed,not-to-pursue,,unregistered,not to pursue,Not pursued by maintainer decision; raw catalog entry remains.
6540eef2dc2e,c5deff7124ab5358,https://fortworthgov.granicus.com/MediaPlayer.php?view_id=10&clip_id=4848,Juneteenth Celebration 2022 Juneteenth Celebration 2022,Juneteenth Celebration 2022 Juneteenth Celebration 2022,680-item baseline,6a70464f40e8,Juneteenth Celebration 2022 Juneteenth Celebration 2022,not-to-pursue-maintainer-directed,not-to-pursue,,unregistered,not to pursue,Not pursued by maintainer decision; raw catalog entry remains.
6540eef2dc2e,c91860df6ddd43f8,https://fortworthgov.granicus.com/MediaPlayer.php?view_id=12&clip_id=2651,"2016 Neighborhood Awards - January 7, 2017 2016 Neighborhood Awards","2016 Neighborhood Awards - January 7, 2017 2016 Neighborhood Awards - January 7, 2017",680-item baseline,4d0d06a8089e,"2016 Neighborhood Awards - January 7, 2017 2016 Neighborhood Awards",not-to-pursue-maintainer-directed,not-to-pursue,,unregistered,not to pursue,Not pursued by maintainer decision; raw catalog entry remains.
6540eef2dc2e,c99d672afc153339,https://fortworthgov.granicus.com/MediaPlayer.php?view_id=11&clip_id=765,Minority Leaders and Citizen's Council Minority Leaders and Citizen's Council,Minority Leaders and Citizen's Council Minority Leaders and Citizen's Council,680-item baseline,03cd222d4f13,Minority Leaders and Citizen's Council Minority Leaders and Citizen's Council,not-to-pursue-maintainer-directed,not-to-pursue,,unregistered,not to pursue,Not pursued by maintainer decision; raw catalog entry remains.
6540eef2dc2e,c9e73fda19f04779,https://fortworthgov.granicus.com/MediaPlayer.php?view_id=12&clip_id=1555,"""Grow a Green Multifamily Development"" Symposium ""Grow a Green Multifamily Development"" Symposium","""Grow a Green Multifamily Development"" Symposium ""Grow a Green Multifamily Development"" Symposium",680-item baseline,e8df4e610d68,"""Grow a Green Multifamily Development"" Symposium ""Grow a Green Multifamily Development"" Symposium",not-to-pursue-maintainer-directed,not-to-pursue,,unregistered,not to pursue,Not pursued by maintainer decision; raw catalog entry remains.
6540eef2dc2e,cb7f2cf6ea1b30df,https://fortworthgov.granicus.com/MediaPlayer.php?view_id=10&clip_id=2583,Minority Leader's and Citizen's Council Minority Leader's and Citizen's Council,Minority Leader's and Citizen's Council Minority Leader's and Citizen's Council,outside the frozen 680-item baseline,,,,,,,not to pursue,"Civic/community-channel program, not a City Council meeting; preserve source record and audio."
6540eef2dc2e,cbfeddefb8ced1f4,https://fortworthgov.granicus.com/MediaPlayer.php?view_id=12&clip_id=4709,Black History Month Program Black History Month Program,Black History Month Program Black History Month Program,680-item baseline,25b8e601f8df,Black History Month Program Black History Month Program,not-to-pursue-maintainer-directed,not-to-pursue,,unregistered,not to pursue,Not pursued by maintainer decision; raw catalog entry remains.
6540eef2dc2e,ce209c9dc2be2fb8,10af1202-5ee2-41e0-98d3-0b0ab4d0753c,,"- Jun 17, 2025",outside the frozen 680-item baseline,,,,,,,not to pursue,"Blank/test catalog entry; retain source record, do not create a public meeting-feed rule."
6540eef2dc2e,ce2441561d7d2c41,https://fortworthgov.granicus.com/MediaPlayer.php?view_id=10&clip_id=4873,Reby Cary Memorial Street Sign Unveiling Reby Cary Memorial Street Sign Unveiling,Reby Cary Memorial Street Sign Unveiling Reby Cary Memorial Street Sign Unveiling,680-item baseline,5c2c3131bd1d,Reby Cary Memorial Street Sign Unveiling Reby Cary Memorial Street Sign Unveiling,not-to-pursue-maintainer-directed,not-to-pursue,,unregistered,not to pursue,Not pursued by maintainer decision; raw catalog entry remains.
6540eef2dc2e,ce5f4bce201581fb,https://fortworthgov.granicus.com/MediaPlayer.php?view_id=12&clip_id=695,Census Participation 2010 Census Participation 2010,Census Participation 2010 Census Participation 2010,680-item baseline,5823617ae808,Census Participation 2010 Census Participation 2010,not-to-pursue-maintainer-directed,not-to-pursue,,unregistered,not to pursue,Not pursued by maintainer decision; raw catalog entry remains.
6540eef2dc2e,ce93e6309483d37a,https://fortworthgov.granicus.com/MediaPlayer.php?view_id=11&clip_id=2115,Minority Leaders and Citizens Council Minority Leaders and Citizens Council,Minority Leaders and Citizens Council Minority Leaders and Citizens Council,outside the frozen 680-item baseline,,,,,,,not to pursue,"Civic/community-channel program, not a City Council meeting; preserve source record and audio."
6540eef2dc2e,ceaf0fd7353e4c03,8f9e61ef-79f0-4a73-88b2-e93c80b3c799,NEW Test 02 Backup,"NEW Test 02 Backup 26-02-02 - Feb 02, 2026",outside the frozen 680-item baseline,,,,,,,not to pursue,"Blank/test catalog entry; retain source record, do not create a public meeting-feed rule."
6540eef2dc2e,cf53b267a7cdc9d7,https://fortworthgov.granicus.com/MediaPlayer.php?view_id=10&clip_id=5148,"Business Plan Competition Finals of May 11, 2023 Business Plan Competition Finals of May 11, 2023","Business Plan Competition Finals of May 11, 2023 Business Plan Competition Finals of May 11, 2023",680-item baseline,423aed172d79,"Business Plan Competition Finals of May 11, 2023 Business Plan Competition Finals of May 11, 2023",not-to-pursue-maintainer-directed,not-to-pursue,,unregistered,not to pursue,Not pursued by maintainer decision; raw catalog entry remains.
6540eef2dc2e,cfcc277081adb4d8,https://fortworthgov.granicus.com/MediaPlayer.php?view_id=10&clip_id=4304,Community Action Partners Community Action Partners,Community Action Partners Community Action Partners,680-item baseline,afabb81c06a6,Community Action Partners Community Action Partners,not-to-pursue-maintainer-directed,not-to-pursue,,unregistered,not to pursue,Not pursued by maintainer decision; raw catalog entry remains.
6540eef2dc2e,d06dbfcf025779bf,https://fortworthgov.granicus.com/MediaPlayer.php?view_id=12&clip_id=595,City Page Update City Page Update,City Page Update City Page Update,680-item baseline,92b82ed39a3c,City Page Update City Page Update,not-to-pursue-maintainer-directed,not-to-pursue,,unregistered,not to pursue,Not pursued by maintainer decision; raw catalog entry remains.
6540eef2dc2e,d0be3dd52d3a57cf,https://fortworthgov.granicus.com/MediaPlayer.php?view_id=12&clip_id=3723,Housing Neighborhood Services Committee Housing Neighborhood Services Committee,Housing Neighborhood Services Committee Housing Neighborhood Services Committee,680-item baseline,b16ca44c70f1,Housing Neighborhood Services Committee Housing Neighborhood Services Committee,not-to-pursue-maintainer-directed,not pursued; preserve in source archive,,unregistered,not to pursue,Not pursued by maintainer decision; raw catalog entry remains.
6540eef2dc2e,d223c6d1ff71830a,https://fortworthgov.granicus.com/MediaPlayer.php?view_id=10&clip_id=4724,Fort Worth Forward - Episode 7 Fort Worth Forward - Episode 7,Fort Worth Forward - Episode 7 Fort Worth Forward - Episode 7,680-item baseline,b393cd12b98b,Fort Worth Forward - Episode 7 Fort Worth Forward - Episode 7,not-to-pursue-maintainer-directed,not-to-pursue,,unregistered,not to pursue,Not pursued by maintainer decision; raw catalog entry remains.
6540eef2dc2e,d2a0fc6a5fa50cc1,https://fortworthgov.granicus.com/MediaPlayer.php?view_id=12&clip_id=831,City News City News,City News City News,680-item baseline,694a754c98bf,City News City News,not-to-pursue-maintainer-directed,not-to-pursue,,unregistered,not to pursue,Not pursued by maintainer decision; raw catalog entry remains.
6540eef2dc2e,d48b97c4761e4474,https://fortworthgov.granicus.com/MediaPlayer.php?view_id=10&clip_id=3944,Hispanic Heritage Month Celebration Hispanic Heritage Month Celebration,Hispanic Heritage Month Celebration Hispanic Heritage Month Celebration,680-item baseline,5a6cdade1ebb,Hispanic Heritage Month Celebration Hispanic Heritage Month Celebration,not-to-pursue-maintainer-directed,not-to-pursue,,unregistered,not to pursue,Not pursued by maintainer decision; raw catalog entry remains.
6540eef2dc2e,d4d2df0694386582,https://fortworthgov.granicus.com/MediaPlayer.php?view_id=12&clip_id=5559,"Juneteenth Employee Celebration of June 13, 2024 Juneteenth Employee Celebration of June 13, 2024","Juneteenth Employee Celebration of June 13, 2024 Juneteenth Employee Celebration of June 13, 2024",680-item baseline,2c9e3a8126c4,"Juneteenth Employee Celebration of June 13, 2024 Juneteenth Employee Celebration of June 13, 2024",not-to-pursue-maintainer-directed,not-to-pursue,,unregistered,not to pursue,Not pursued by maintainer decision; raw catalog entry remains.
6540eef2dc2e,d51bc8e4c6c55b7d,https://fortworthgov.granicus.com/MediaPlayer.php?view_id=10&clip_id=2487,"Stockyards Form Based Code Work-In-Progress Presentation of May 25, 2016 Stockyards Form Based Code Work-In-Progress Presentation of May 25, 2016","Stockyards Form Based Code Work-In-Progress Presentation of May 25, 2016 Stockyards Form Based Code Work-In-Progress Presentation of May 25, 2016",680-item baseline,afb08aed1d41,"Stockyards Form Based Code Work-In-Progress Presentation of May 25, 2016 Stockyards Form Based Code Work-In-Progress Presentation of May 25, 2016",not-to-pursue-maintainer-directed,not-to-pursue,,unregistered,not to pursue,Not pursued by maintainer decision; raw catalog entry remains.
6540eef2dc2e,d6cd3d17644bd92f,https://fortworthgov.granicus.com/MediaPlayer.php?view_id=11&clip_id=2081,Minority Leaders and Citizen's Council Minority Leaders and Citizen's Council,Minority Leaders and Citizen's Council Minority Leaders and Citizen's Council,680-item baseline,03cd222d4f13,Minority Leaders and Citizen's Council Minority Leaders and Citizen's Council,not-to-pursue-maintainer-directed,not-to-pursue,,unregistered,not to pursue,Not pursued by maintainer decision; raw catalog entry remains.
6540eef2dc2e,d803934611360112,https://fortworthgov.granicus.com/MediaPlayer.php?view_id=10&clip_id=2473,Minority Leaders and Citizen's Council Minority Leaders and Citizen's Council,Minority Leaders and Citizen's Council Minority Leaders and Citizen's Council,680-item baseline,03cd222d4f13,Minority Leaders and Citizen's Council Minority Leaders and Citizen's Council,not-to-pursue-maintainer-directed,not-to-pursue,,unregistered,not to pursue,Not pursued by maintainer decision; raw catalog entry remains.
6540eef2dc2e,d8740e67e07ed694,https://fortworthgov.granicus.com/MediaPlayer.php?view_id=10&clip_id=5189,Pride Month - More Than 50 Years Of Pride In Tarrant County Granicus Pride Month - More Than 50 Years Of Pride In Tarrant County Granicus,Pride Month - More Than 50 Years Of Pride In Tarrant County Granicus Pride Month - More Than 50 Years Of Pride In Tarrant County Granicus,680-item baseline,24dbb613caa9,Pride Month - More Than 50 Years Of Pride In Tarrant County Granicus Pride Month - More Than 50 Years Of Pride In Tarrant County Granicus,not-to-pursue-maintainer-directed,not-to-pursue,,unregistered,not to pursue,Not pursued by maintainer decision; raw catalog entry remains.
6540eef2dc2e,d88a4ad8a12174ee,https://fortworthgov.granicus.com/MediaPlayer.php?view_id=10&clip_id=2422,Hispanic Heritage Festival 2015 - Mariachi Band Hispanic Heritage Festival 2015 - Mariachi Band,Hispanic Heritage Festival 2015 - Mariachi Band Hispanic Heritage Festival 2015 - Mariachi Band,680-item baseline,13cdba3c92cd,Hispanic Heritage Festival 2015 - Mariachi Band Hispanic Heritage Festival 2015 - Mariachi Band,not-to-pursue-maintainer-directed,not-to-pursue,,unregistered,not to pursue,Not pursued by maintainer decision; raw catalog entry remains.
6540eef2dc2e,d964978a52e7417a,https://fortworthgov.granicus.com/MediaPlayer.php?view_id=12&clip_id=508,City Page Update City Page Update,City Page Update City Page Update,680-item baseline,92b82ed39a3c,City Page Update City Page Update,not-to-pursue-maintainer-directed,not-to-pursue,,unregistered,not to pursue,Not pursued by maintainer decision; raw catalog entry remains.
6540eef2dc2e,d9d225d51711296a,https://fortworthgov.granicus.com/MediaPlayer.php?view_id=12&clip_id=5189,Pride Month - More Than 50 Years Of Pride In Tarrant County Granicus Pride Month - More Than 50 Years Of Pride In Tarrant County Granicus,Pride Month - More Than 50 Years Of Pride In Tarrant County Granicus Pride Month - More Than 50 Years Of Pride In Tarrant County Granicus,680-item baseline,24dbb613caa9,Pride Month - More Than 50 Years Of Pride In Tarrant County Granicus Pride Month - More Than 50 Years Of Pride In Tarrant County Granicus,not-to-pursue-maintainer-directed,not-to-pursue,,unregistered,not to pursue,Not pursued by maintainer decision; raw catalog entry remains.
6540eef2dc2e,da4a4b92716995b2,https://fortworthgov.granicus.com/MediaPlayer.php?view_id=10&clip_id=4614,Sixth Annual Tarrant County Business Opportunity Fair Sixth Annual Tarrant County Business Opportunity Fair,Sixth Annual Tarrant County Business Opportunity Fair Sixth Annual Tarrant County Business Opportunity Fair,680-item baseline,6afcb9247652,Sixth Annual Tarrant County Business Opportunity Fair Sixth Annual Tarrant County Business Opportunity Fair,not-to-pursue-maintainer-directed,not-to-pursue,,unregistered,not to pursue,Not pursued by maintainer decision; raw catalog entry remains.
6540eef2dc2e,da67837e9b9355c8,https://fortworthgov.granicus.com/MediaPlayer.php?view_id=12&clip_id=342,City Page Update City Page Update,City Page Update City Page Update,680-item baseline,92b82ed39a3c,City Page Update City Page Update,not-to-pursue-maintainer-directed,not-to-pursue,,unregistered,not to pursue,Not pursued by maintainer decision; raw catalog entry remains.
6540eef2dc2e,da6b59fed6eb6865,https://fortworthgov.granicus.com/MediaPlayer.php?view_id=12&clip_id=4342,"Community Action Partners of April 14, 2021 Community Action Partners of April 14, 2021","Community Action Partners of April 14, 2021 Community Action Partners of April 14, 2021",680-item baseline,837c6b5b46c1,"Community Action Partners of April 14, 2021 Community Action Partners of April 14, 2021",not-to-pursue-maintainer-directed,not-to-pursue,,unregistered,not to pursue,Not pursued by maintainer decision; raw catalog entry remains.
6540eef2dc2e,ddc0d5c5e7f7bc6a,https://fortworthgov.granicus.com/MediaPlayer.php?view_id=12&clip_id=283,City Page Update City Page Update,City Page Update City Page Update,680-item baseline,92b82ed39a3c,City Page Update City Page Update,not-to-pursue-maintainer-directed,not-to-pursue,,unregistered,not to pursue,Not pursued by maintainer decision; raw catalog entry remains.
6540eef2dc2e,ddf97d752cefdb8b,https://fortworthgov.granicus.com/MediaPlayer.php?view_id=10&clip_id=3754,Community Action Partners (CAP) Council Community Action Partners (CAP) Council,Community Action Partners (CAP) Council Community Action Partners (CAP) Council,680-item baseline,adeead1da70b,Community Action Partners (CAP) Council Community Action Partners (CAP) Council,not-to-pursue-maintainer-directed,not-to-pursue,,unregistered,not to pursue,Not pursued by maintainer decision; raw catalog entry remains.
6540eef2dc2e,de3bef925560fafb,https://fortworthgov.granicus.com/MediaPlayer.php?view_id=12&clip_id=488,City Page Update City Page Update,City Page Update City Page Update,680-item baseline,92b82ed39a3c,City Page Update City Page Update,not-to-pursue-maintainer-directed,not-to-pursue,,unregistered,not to pursue,Not pursued by maintainer decision; raw catalog entry remains.
6540eef2dc2e,e10f8a73cb4e3721,https://fortworthgov.granicus.com/MediaPlayer.php?view_id=11&clip_id=2083,Minority Leaders and Citizen's Council Minority Leaders and Citizen's Council,Minority Leaders and Citizen's Council Minority Leaders and Citizen's Council,680-item baseline,03cd222d4f13,Minority Leaders and Citizen's Council Minority Leaders and Citizen's Council,not-to-pursue-maintainer-directed,not-to-pursue,,unregistered,not to pursue,Not pursued by maintainer decision; raw catalog entry remains.
6540eef2dc2e,e1a5523a16000f38,https://fortworthgov.granicus.com/MediaPlayer.php?view_id=10&clip_id=4084,Community Action Partners Community Action Partners,Community Action Partners Community Action Partners,680-item baseline,afabb81c06a6,Community Action Partners Community Action Partners,not-to-pursue-maintainer-directed,not-to-pursue,,unregistered,not to pursue,Not pursued by maintainer decision; raw catalog entry remains.
6540eef2dc2e,e1b87a4271cf6ff2,https://fortworthgov.granicus.com/MediaPlayer.php?view_id=10&clip_id=3854,Special Called Community Action Partners (CAP) Council Special Called Community Action Partners (CAP) Council,Special Called Community Action Partners (CAP) Council Special Called Community Action Partners (CAP) Council,680-item baseline,dba88809de16,Special Called Community Action Partners (CAP) Council Special Called Community Action Partners (CAP) Council,not-to-pursue-maintainer-directed,not-to-pursue,,unregistered,not to pursue,Not pursued by maintainer decision; raw catalog entry remains.
6540eef2dc2e,e2444976f0434861,https://fortworthgov.granicus.com/MediaPlayer.php?view_id=10&clip_id=5429,Fort Worth Forward - Episode 24 Fort Worth Forward - Episode 24,Fort Worth Forward - Episode 24 Fort Worth Forward - Episode 24,680-item baseline,a5e45d76aa94,Fort Worth Forward - Episode 24 Fort Worth Forward - Episode 24,not-to-pursue-maintainer-directed,not-to-pursue,,unregistered,not to pursue,Not pursued by maintainer decision; raw catalog entry remains.
6540eef2dc2e,e262f3ed0f20f1b9,https://fortworthgov.granicus.com/MediaPlayer.php?view_id=10&clip_id=1703,"Juneteenth Celebration at City Hall on June 14, 2013 Juneteenth Celebration at City Hall on June 14, 2013","Juneteenth Celebration at City Hall on June 14, 2013 Juneteenth Celebration at City Hall on June 14, 2013",680-item baseline,f740a4368d25,"Juneteenth Celebration at City Hall on June 14, 2013 Juneteenth Celebration at City Hall on June 14, 2013",not-to-pursue-maintainer-directed,not-to-pursue,,unregistered,not to pursue,Not pursued by maintainer decision; raw catalog entry remains.
6540eef2dc2e,e3e23e251f0db28f,https://fortworthgov.granicus.com/MediaPlayer.php?view_id=12&clip_id=5492,TCEQ Public Meeting on Proposed Concrete Batch Plant TCEQ Public Meeting on Proposed Concrete Batch Plant,TCEQ Public Meeting on Proposed Concrete Batch Plant TCEQ Public Meeting on Proposed Concrete Batch Plant,680-item baseline,fe0e8ee0a4fe,TCEQ Public Meeting on Proposed Concrete Batch Plant TCEQ Public Meeting on Proposed Concrete Batch Plant,not-to-pursue-maintainer-directed,not-to-pursue,,unregistered,not to pursue,Not pursued by maintainer decision; raw catalog entry remains.
6540eef2dc2e,e4a914d7f8e250cf,1dcb64fd-1c89-41ac-bbf9-7ee2419e29e3,,"- May 12, 2026",outside the frozen 680-item baseline,,,,,,,not to pursue,"Blank/test catalog entry; retain source record, do not create a public meeting-feed rule."
6540eef2dc2e,e78ff4af3c191b8c,https://fortworthgov.granicus.com/MediaPlayer.php?view_id=12&clip_id=4073,Mayor's Commttee on Persons with Disabilities Mayor's Commttee on Persons with Disabilities,Mayor's Commttee on Persons with Disabilities Mayor's Commttee on Persons with Disabilities,680-item baseline,3a65f9e0dd02,Mayor's Commttee on Persons with Disabilities Mayor's Commttee on Persons with Disabilities,not-to-pursue-maintainer-directed,not-to-pursue,,unregistered,not to pursue,Not pursued by maintainer decision; raw catalog entry remains.
6540eef2dc2e,e7991202996194bb,https://fortworthgov.granicus.com/MediaPlayer.php?view_id=10&clip_id=2082,Minority Leaders and Citizen's Council Minority Leaders and Citizen's Council,Minority Leaders and Citizen's Council Minority Leaders and Citizen's Council,680-item baseline,03cd222d4f13,Minority Leaders and Citizen's Council Minority Leaders and Citizen's Council,not-to-pursue-maintainer-directed,not-to-pursue,,unregistered,not to pursue,Not pursued by maintainer decision; raw catalog entry remains.
6540eef2dc2e,e838737268f30529,https://fortworthgov.granicus.com/MediaPlayer.php?view_id=11&clip_id=830,Minority Leaders and Citizen's Council Minority Leaders and Citizen's Council,Minority Leaders and Citizen's Council Minority Leaders and Citizen's Council,680-item baseline,03cd222d4f13,Minority Leaders and Citizen's Council Minority Leaders and Citizen's Council,not-to-pursue-maintainer-directed,not-to-pursue,,unregistered,not to pursue,Not pursued by maintainer decision; raw catalog entry remains.
6540eef2dc2e,e92b1f5ce21702f1,https://fortworthgov.granicus.com/MediaPlayer.php?view_id=10&clip_id=4554,Fort Worth Forward - Episode 3 Fort Worth Forward - Episode 3,Fort Worth Forward - Episode 3 Fort Worth Forward - Episode 3,680-item baseline,f663a9e95195,Fort Worth Forward - Episode 3 Fort Worth Forward - Episode 3,not-to-pursue-maintainer-directed,not-to-pursue,,unregistered,not to pursue,Not pursued by maintainer decision; raw catalog entry remains.
6540eef2dc2e,e938c6dae64a238c,https://fortworthgov.granicus.com/MediaPlayer.php?view_id=12&clip_id=3754,Community Action Partners (CAP) Council Community Action Partners (CAP) Council,Community Action Partners (CAP) Council Community Action Partners (CAP) Council,680-item baseline,adeead1da70b,Community Action Partners (CAP) Council Community Action Partners (CAP) Council,not-to-pursue-maintainer-directed,not-to-pursue,,unregistered,not to pursue,Not pursued by maintainer decision; raw catalog entry remains.
6540eef2dc2e,ea5f28530434f4de,https://fortworthgov.granicus.com/MediaPlayer.php?view_id=12&clip_id=294,Silcox Animal Care Control Center Dedication Silcox Animal Care Control Center Dedication,Silcox Animal Care Control Center Dedication Silcox Animal Care Control Center Dedication,680-item baseline,61a75705814d,Silcox Animal Care Control Center Dedication Silcox Animal Care Control Center Dedication,not-to-pursue-maintainer-directed,not-to-pursue,,unregistered,not to pursue,Not pursued by maintainer decision; raw catalog entry remains.
6540eef2dc2e,eb8f4be275eab944,https://fortworthgov.granicus.com/MediaPlayer.php?view_id=10&clip_id=4659,Fort Worth Forward - Episode 6 Fort Worth Forward - Episode 6,Fort Worth Forward - Episode 6 Fort Worth Forward - Episode 6,680-item baseline,47015054fb28,Fort Worth Forward - Episode 6 Fort Worth Forward - Episode 6,not-to-pursue-maintainer-directed,not-to-pursue,,unregistered,not to pursue,Not pursued by maintainer decision; raw catalog entry remains.
6540eef2dc2e,eeb3719975a2885b,https://fortworthgov.granicus.com/MediaPlayer.php?view_id=11&clip_id=2463,Minority Leaders and Citizen's Council Minority Leaders and Citizen's Council,Minority Leaders and Citizen's Council Minority Leaders and Citizen's Council,680-item baseline,03cd222d4f13,Minority Leaders and Citizen's Council Minority Leaders and Citizen's Council,not-to-pursue-maintainer-directed,not-to-pursue,,unregistered,not to pursue,Not pursued by maintainer decision; raw catalog entry remains.
6540eef2dc2e,f0a197ab0dc0a2e5,https://fortworthgov.granicus.com/MediaPlayer.php?view_id=10&clip_id=4452,ESRI Redistricting Software Training ESRI Redistricting Software Training,ESRI Redistricting Software Training ESRI Redistricting Software Training,680-item baseline,a294270ed4ff,ESRI Redistricting Software Training ESRI Redistricting Software Training,not-to-pursue-maintainer-directed,not-to-pursue,,unregistered,not to pursue,Not pursued by maintainer decision; raw catalog entry remains.
6540eef2dc2e,f18bbdff15d202ba,https://fortworthgov.granicus.com/MediaPlayer.php?view_id=12&clip_id=2895,Neighborhood Awards 2017 Neighborhood Awards 2017,Neighborhood Awards 2017 Neighborhood Awards 2017,680-item baseline,c436fa2bf273,Neighborhood Awards 2017 Neighborhood Awards 2017,not-to-pursue-maintainer-directed,not-to-pursue,,unregistered,not to pursue,Not pursued by maintainer decision; raw catalog entry remains.
6540eef2dc2e,f1b1afe20ae4871a,https://fortworthgov.granicus.com/MediaPlayer.php?view_id=10&clip_id=5155,Fort Worth Forward - Episode 17 Fort Worth Forward - Episode 17,Fort Worth Forward - Episode 17 Fort Worth Forward - Episode 17,680-item baseline,35c2b85e5ce0,Fort Worth Forward - Episode 17 Fort Worth Forward - Episode 17,not-to-pursue-maintainer-directed,not-to-pursue,,unregistered,not to pursue,Not pursued by maintainer decision; raw catalog entry remains.
6540eef2dc2e,f2898fd72b71bf6d,https://fortworthgov.granicus.com/MediaPlayer.php?view_id=12&clip_id=984,City Notes City Notes,City Notes City Notes,680-item baseline,7589fd43ffb0,City Notes City Notes,not-to-pursue-maintainer-directed,not-to-pursue,,unregistered,not to pursue,Not pursued by maintainer decision; raw catalog entry remains.
6540eef2dc2e,f3b1f7bd7277be20,https://fortworthgov.granicus.com/MediaPlayer.php?view_id=12&clip_id=3529,"2019 Neighborhood Awards of February 22, 2020 2019 Neighborhood Awards of February 22, 2020","2019 Neighborhood Awards of February 22, 2020 2019 Neighborhood Awards of February 22, 2020",680-item baseline,8b05639b799a,"2019 Neighborhood Awards of February 22, 2020 2019 Neighborhood Awards of February 22, 2020",not-to-pursue-maintainer-directed,not-to-pursue,,unregistered,not to pursue,Not pursued by maintainer decision; raw catalog entry remains.
6540eef2dc2e,f418ece9ffdff8e7,https://fortworthgov.granicus.com/MediaPlayer.php?view_id=10&clip_id=5078,Black History Month Program Black History Month Program,Black History Month Program Black History Month Program,680-item baseline,25b8e601f8df,Black History Month Program Black History Month Program,not-to-pursue-maintainer-directed,not-to-pursue,,unregistered,not to pursue,Not pursued by maintainer decision; raw catalog entry remains.
6540eef2dc2e,f4236c16039d0572,https://fortworthgov.granicus.com/MediaPlayer.php?view_id=12&clip_id=609,City Page Update City Page Update,City Page Update City Page Update,680-item baseline,92b82ed39a3c,City Page Update City Page Update,not-to-pursue-maintainer-directed,not-to-pursue,,unregistered,not to pursue,Not pursued by maintainer decision; raw catalog entry remains.
6540eef2dc2e,f429f6a12715e07a,https://fortworthgov.granicus.com/MediaPlayer.php?view_id=10&clip_id=4169,Fort Worth Public Improvement District No. 1 Advisory Board Fort Worth Public Improvement District No. 1 Advisory Board,Fort Worth Public Improvement District No. 1 Advisory Board Fort Worth Public Improvement District No. 1 Advisory Board,680-item baseline,2603796cdc65,Fort Worth Public Improvement District No. 1 Advisory Board Fort Worth Public Improvement District No. 1 Advisory Board,not-to-pursue-maintainer-directed,not pursued; preserve in source archive,,unregistered,not to pursue,Not pursued by maintainer decision; raw catalog entry remains.
6540eef2dc2e,f45293b5a631e190,https://fortworthgov.granicus.com/MediaPlayer.php?view_id=12&clip_id=3854,Special Called Community Action Partners (CAP) Council Special Called Community Action Partners (CAP) Council,Special Called Community Action Partners (CAP) Council Special Called Community Action Partners (CAP) Council,680-item baseline,dba88809de16,Special Called Community Action Partners (CAP) Council Special Called Community Action Partners (CAP) Council,not-to-pursue-maintainer-directed,not-to-pursue,,unregistered,not to pursue,Not pursued by maintainer decision; raw catalog entry remains.
6540eef2dc2e,f564afa219b51450,https://fortworthgov.granicus.com/MediaPlayer.php?view_id=12&clip_id=4084,Community Action Partners Community Action Partners,Community Action Partners Community Action Partners,680-item baseline,afabb81c06a6,Community Action Partners Community Action Partners,not-to-pursue-maintainer-directed,not-to-pursue,,unregistered,not to pursue,Not pursued by maintainer decision; raw catalog entry remains.
6540eef2dc2e,f5eeb31b46606375,https://fortworthgov.granicus.com/MediaPlayer.php?view_id=11&clip_id=1018,Minority Leaders and Citizen's Council Minority Leaders and Citizen's Council,Minority Leaders and Citizen's Council Minority Leaders and Citizen's Council,680-item baseline,03cd222d4f13,Minority Leaders and Citizen's Council Minority Leaders and Citizen's Council,not-to-pursue-maintainer-directed,not-to-pursue,,unregistered,not to pursue,Not pursued by maintainer decision; raw catalog entry remains.
6540eef2dc2e,f618ea27ca5a688b,https://fortworthgov.granicus.com/MediaPlayer.php?view_id=10&clip_id=2467,Minority Leaders and Citizen's Council Minority Leaders and Citizen's Council,Minority Leaders and Citizen's Council Minority Leaders and Citizen's Council,680-item baseline,03cd222d4f13,Minority Leaders and Citizen's Council Minority Leaders and Citizen's Council,not-to-pursue-maintainer-directed,not-to-pursue,,unregistered,not to pursue,Not pursued by maintainer decision; raw catalog entry remains.
6540eef2dc2e,f68db1167bf1c6f7,https://fortworthgov.granicus.com/MediaPlayer.php?view_id=12&clip_id=661,City News City News,City News City News,680-item baseline,694a754c98bf,City News City News,not-to-pursue-maintainer-directed,not-to-pursue,,unregistered,not to pursue,Not pursued by maintainer decision; raw catalog entry remains.
6540eef2dc2e,f725baa66c32744b,https://fortworthgov.granicus.com/MediaPlayer.php?view_id=10&clip_id=4520,Community Action Partners Council Community Action Partners Council,Community Action Partners Council Community Action Partners Council,680-item baseline,4ef21af345c3,Community Action Partners Council Community Action Partners Council,not-to-pursue-maintainer-directed,not-to-pursue,,unregistered,not to pursue,Not pursued by maintainer decision; raw catalog entry remains.
6540eef2dc2e,fa1e8f9cb9b14732,https://fortworthgov.granicus.com/MediaPlayer.php?view_id=12&clip_id=5540,"Crime Control Prevention District, Fort Worth LDC, Central City LDC, Research & Innovation LGC, and Fort Worth HFC Crime Control Prevention District, Fort Worth LDC, Central City LDC, Research & Innovation LGC, and Fort Worth HFC","Crime Control Prevention District, Fort Worth LDC, Central City LDC, Research & Innovation LGC, and Fort Worth HFC Crime Control Prevention District, Fort Worth LDC, Central City LDC, Research & Innovation LGC, and Fort Worth HFC",680-item baseline,436b86039eb4,"Crime Control Prevention District, Fort Worth LDC, Central City LDC, Research & Innovation LGC, and Fort Worth HFC Crime Control Prevention District, Fort Worth LDC, Central City LDC, Research & Innovation LGC, and Fort Worth HFC",not-to-pursue-maintainer-directed,not-to-pursue,,unregistered,not to pursue,Not pursued by maintainer decision; raw catalog entry remains.
6540eef2dc2e,fa91980b4be0dcbc,https://fortworthgov.granicus.com/MediaPlayer.php?view_id=11&clip_id=2484,Minority Leaders and Citizen's Council Minority Leaders and Citizen's Council,Minority Leaders and Citizen's Council Minority Leaders and Citizen's Council,680-item baseline,03cd222d4f13,Minority Leaders and Citizen's Council Minority Leaders and Citizen's Council,not-to-pursue-maintainer-directed,not-to-pursue,,unregistered,not to pursue,Not pursued by maintainer decision; raw catalog entry remains.
6540eef2dc2e,fe163eb13776a58c,https://fortworthgov.granicus.com/MediaPlayer.php?view_id=10&clip_id=5526,"Asian American Pacific Islander Heritage Month program of May 9, 2024 Asian American Pacific Islander Heritage Month program of May 9, 2024","Asian American Pacific Islander Heritage Month program of May 9, 2024 Asian American Pacific Islander Heritage Month program of May 9, 2024",680-item baseline,9d7ce5b76e90,"Asian American Pacific Islander Heritage Month program of May 9, 2024 Asian American Pacific Islander Heritage Month program of May 9, 2024",not-to-pursue-maintainer-directed,not-to-pursue,,unregistered,not to pursue,Not pursued by maintainer decision; raw catalog entry remains.
6540eef2dc2e,fe387993db341385,https://fortworthgov.granicus.com/MediaPlayer.php?view_id=12&clip_id=2785,"AATC Multifamily Summit of September 14, 2017 AATC Multifamily Summit of September 14, 2017","AATC Multifamily Summit of September 14, 2017 AATC Multifamily Summit of September 14, 2017",680-item baseline,1de10835bd1f,"AATC Multifamily Summit of September 14, 2017 AATC Multifamily Summit of September 14, 2017",not-to-pursue-maintainer-directed,not-to-pursue,,unregistered,not to pursue,Not pursued by maintainer decision; raw catalog entry remains.
6540eef2dc2e,febde0f880526af0,https://fortworthgov.granicus.com/MediaPlayer.php?view_id=11&clip_id=2579,Minority Leaders and Citizen's Council Minority Leaders and Citizen's Council,Minority Leaders and Citizen's Council Minority Leaders and Citizen's Council,680-item baseline,03cd222d4f13,Minority Leaders and Citizen's Council Minority Leaders and Citizen's Council,not-to-pursue-maintainer-directed,not-to-pursue,,unregistered,not to pursue,Not pursued by maintainer decision; raw catalog entry remains.
6540eef2dc2e,fed4c22f3e8861c1,https://fortworthgov.granicus.com/MediaPlayer.php?view_id=12&clip_id=745,City News City News,City News City News,680-item baseline,694a754c98bf,City News City News,not-to-pursue-maintainer-directed,not-to-pursue,,unregistered,not to pursue,Not pursued by maintainer decision; raw catalog entry remains.
6540eef2dc2e,ffa58bb880a53f3e,https://fortworthgov.granicus.com/MediaPlayer.php?view_id=10&clip_id=4984,"Native American Heritage Month Program of November 10, 2022 Native American Heritage Month Program of November 10, 2022","Native American Heritage Month Program of November 10, 2022 Native American Heritage Month Program of November 10, 2022",680-item baseline,2227a79156c9,"Native American Heritage Month Program of November 10, 2022 Native American Heritage Month Program of November 10, 2022",not-to-pursue-maintainer-directed,not-to-pursue,,unregistered,not to pursue,Not pursued by maintainer decision; raw catalog entry remains.
76869ed1994f,00087d64b76c54d7,205582,Back To School Fair Press Conference,"Back To School Fair Press Conference – Jun 29, 2022",680-item baseline,b5463df67a86,Back To School Fair Press Conference,not-to-pursue-maintainer-directed,not-to-pursue,,unregistered,not to pursue,Not pursued by maintainer decision; raw catalog entry remains.
76869ed1994f,014f87fa4081ccd6,205507,Urban Land Institute,"Urban Land Institute – Mar 04, 2016",680-item baseline,51a45fee0875,Urban Land Institute,not-to-pursue-maintainer-directed,not-to-pursue,,unregistered,not to pursue,Not pursued by maintainer decision; raw catalog entry remains.
76869ed1994f,0207ccacae8d8912,205532,Tax Credit 101 for Policymakers,"Tax Credit 101 for Policymakers – Nov 28, 2018",680-item baseline,0a87146da49e,Tax Credit 101 for Policymakers,not-to-pursue-maintainer-directed,not-to-pursue,,unregistered,not to pursue,Not pursued by maintainer decision; raw catalog entry remains.
76869ed1994f,059f0a8ff951735b,296128,Zoning Ordinance Advisory Committee,"Zoning Ordinance Advisory Committee – Jan 30, 2024",680-item baseline,6fb1cc8a3bb1,Zoning Ordinance Advisory Committee,not-to-pursue-maintainer-directed,not pursued; preserve in source archive,,unregistered,not to pursue,Not pursued by maintainer decision; raw catalog entry remains.
76869ed1994f,05a2a9f0d35acac0,362818,Deck The Plaza 2025,"Deck The Plaza 2025 – Dec 05, 2025",680-item baseline,d7402c4baa17,Deck The Plaza 2025,not-to-pursue-maintainer-directed,not-to-pursue,,unregistered,not to pursue,Not pursued by maintainer decision; raw catalog entry remains.
76869ed1994f,0a1a7588ada4beed,205501,Code Video,"Code Video – Oct 23, 2014",680-item baseline,5b256c648728,Code Video,not-to-pursue-maintainer-directed,not-to-pursue,,unregistered,not to pursue,Not pursued by maintainer decision; raw catalog entry remains.
76869ed1994f,0bceee71e9972fd7,205583,Run. Hide. Fight,"Run. Hide. Fight – Aug 26, 2022",680-item baseline,fbb317ac6264,Run. Hide. Fight,not-to-pursue-maintainer-directed,not-to-pursue,,unregistered,not to pursue,Not pursued by maintainer decision; raw catalog entry remains.
76869ed1994f,0fee28c74d81a67a,205511,Mayor Grow South Meeting,"Mayor Grow South Meeting – May 23, 2017",680-item baseline,68f8ddc4086b,Mayor Grow South Meeting,not-to-pursue-maintainer-directed,not-to-pursue,,unregistered,not to pursue,Not pursued by maintainer decision; raw catalog entry remains.
76869ed1994f,114c8350b03c4abc,205496,Grow Grow South Townview 2-11-14,"Grow Grow South Townview 2-11-14 – Feb 11, 2014",680-item baseline,897e291b8896,Grow Grow South Townview 2-11-14,not-to-pursue-maintainer-directed,not-to-pursue,,unregistered,not to pursue,Not pursued by maintainer decision; raw catalog entry remains.
76869ed1994f,162ee8a641b53c9d,338548,"Building Inspection Advisory, Examining and Appeals Board Special Called Meeting","Building Inspection Advisory, Examining and Appeals Board Special Called Meeting – Mar 05, 2025",680-item baseline,e3cfb24b7253,"Building Inspection Advisory, Examining and Appeals Board Special Called Meeting",not-to-pursue-maintainer-directed,not pursued; preserve in source archive,,unregistered,not to pursue,Not pursued by maintainer decision; raw catalog entry remains.
76869ed1994f,175a8bd1c160b83b,346308,Arts District Sign Advisory Committee,"Arts District Sign Advisory Committee – Jun 17, 2025",680-item baseline,fd972d06a8ef,Arts District Sign Advisory Committee,not-to-pursue-maintainer-directed,not pursued; preserve in source archive,,unregistered,not to pursue,Not pursued by maintainer decision; raw catalog entry remains.
76869ed1994f,1baa98f0f2f692f9,205531,Texas House Committee on Land and Resource Management Meeting,"Texas House Committee on Land and Resource Management Meeting – Oct 02, 2018",680-item baseline,f3262e567ab2,Texas House Committee on Land and Resource Management Meeting,not-to-pursue-maintainer-directed,not pursued; preserve in source archive,,unregistered,not to pursue,Not pursued by maintainer decision; raw catalog entry remains.
76869ed1994f,208c3a107da63edb,205486,Nelson Mandela International Day,"Nelson Mandela International Day – Jul 19, 2013",680-item baseline,fadbad258c13,Nelson Mandela International Day,not-to-pursue-maintainer-directed,not-to-pursue,,unregistered,not to pursue,Not pursued by maintainer decision; raw catalog entry remains.
76869ed1994f,2387394753274503,202781,Joint Education Task Force,"Joint Education Task Force – Sep 18, 2014",680-item baseline,37b0c6ef5397,Joint Education Task Force,not-to-pursue-maintainer-directed,not pursued; preserve in source archive,,unregistered,not to pursue,Not pursued by maintainer decision; raw catalog entry remains.
76869ed1994f,2b275df503530314,205489,311 App,"311 App – Sep 11, 2013",680-item baseline,10186fd1d496,311 App,not-to-pursue-maintainer-directed,not-to-pursue,,unregistered,not to pursue,Not pursued by maintainer decision; raw catalog entry remains.
76869ed1994f,2bf8c1261dff5886,205508,Mayor Grow South Meeting,"Mayor Grow South Meeting – May 03, 2016",680-item baseline,68f8ddc4086b,Mayor Grow South Meeting,not-to-pursue-maintainer-directed,not-to-pursue,,unregistered,not to pursue,Not pursued by maintainer decision; raw catalog entry remains.
76869ed1994f,338b054c9046abf4,202783,Joint Education Taskforce,"Joint Education Taskforce – Feb 18, 2016",680-item baseline,e4553cb23038,Joint Education Taskforce,not-to-pursue-maintainer-directed,not-to-pursue,,unregistered,not to pursue,Not pursued by maintainer decision; raw catalog entry remains.
76869ed1994f,34cface58066bc5c,205609,Wowie Awards 2013,"Wowie Awards 2013 – Apr 05, 2013",680-item baseline,b70c066409fa,Wowie Awards 2013,not-to-pursue-maintainer-directed,not-to-pursue,,unregistered,not to pursue,Not pursued by maintainer decision; raw catalog entry remains.
76869ed1994f,37f5d1ba0bce9957,205585,Mayor's Distinguished Awards News Conference,"Mayor's Distinguished Awards News Conference – Dec 15, 2022",680-item baseline,6c85665b77c1,Mayor's Distinguished Awards News Conference,not-to-pursue-maintainer-directed,not-to-pursue,,unregistered,not to pursue,Not pursued by maintainer decision; raw catalog entry remains.
76869ed1994f,37fed0dc9ca8ee79,203640,Comprehensive Land Use Plan Committee,"Comprehensive Land Use Plan Committee – Mar 08, 2022",680-item baseline,9d23e1220174,Comprehensive Land Use Plan Committee,not-to-pursue-maintainer-directed,not pursued; preserve in source archive,,unregistered,not to pursue,Not pursued by maintainer decision; raw catalog entry remains.
76869ed1994f,43dd4a796974b510,203309,Pension Hearing Meeting,"Pension Hearing Meeting – May 10, 2018",680-item baseline,342cfe056e8e,Pension Hearing Meeting,not-to-pursue-maintainer-directed,not-to-pursue,,unregistered,not to pursue,Not pursued by maintainer decision; raw catalog entry remains.
76869ed1994f,4c1da4fd9f66ed65,281329,"Building Inspection Advisory, Examining and Appeals Board","Building Inspection Advisory, Examining and Appeals Board – Nov 14, 2023",680-item baseline,b5fd5e15c795,"Building Inspection Advisory, Examining & Appeals Boards",not-to-pursue-maintainer-directed,not pursued; preserve in source archive,,unregistered,not to pursue,Not pursued by maintainer decision; raw catalog entry remains.
76869ed1994f,4db1a8de5011357e,205570,Botham Jean Boulevard Street Renaming Ceremony,"Botham Jean Boulevard Street Renaming Ceremony – Jun 16, 2021",680-item baseline,fdc5f8c6274c,Botham Jean Boulevard Street Renaming Ceremony,not-to-pursue-maintainer-directed,not-to-pursue,,unregistered,not to pursue,Not pursued by maintainer decision; raw catalog entry remains.
76869ed1994f,50311d7807067a2e,205505,Let's Talk,"Let's Talk – Sep 24, 2015",680-item baseline,f383863d6417,Let's Talk,not-to-pursue-maintainer-directed,not-to-pursue,,unregistered,not to pursue,Not pursued by maintainer decision; raw catalog entry remains.
76869ed1994f,50c465a6b2d472eb,203310,Dangerous Dog Taskforce Meeting,"Dangerous Dog Taskforce Meeting – May 17, 2018",680-item baseline,6b6fe168e855,Dangerous Dog Taskforce Meeting,not-to-pursue-maintainer-directed,not-to-pursue,,unregistered,not to pursue,Not pursued by maintainer decision; raw catalog entry remains.
76869ed1994f,55c0c4cea18509b9,205494,The FEED,"The FEED – Apr 08, 2014",680-item baseline,6512bd1fe710,The FEED,not-to-pursue-maintainer-directed,not-to-pursue,,unregistered,not to pursue,Not pursued by maintainer decision; raw catalog entry remains.
76869ed1994f,5a0220a6ab7e0373,322354,Naturalization Ceremony,"Naturalization Ceremony – Dec 06, 2024",680-item baseline,05fcfff65704,Naturalization Ceremony,not-to-pursue-maintainer-directed,not-to-pursue,,unregistered,not to pursue,Not pursued by maintainer decision; raw catalog entry remains.
76869ed1994f,5d92eab519ecd4c0,203639,Comprehensive Land Use Plan Committee,"Comprehensive Land Use Plan Committee – Jan 25, 2022",680-item baseline,9d23e1220174,Comprehensive Land Use Plan Committee,not-to-pursue-maintainer-directed,not pursued; preserve in source archive,,unregistered,not to pursue,Not pursued by maintainer decision; raw catalog entry remains.
76869ed1994f,6135249a278494c5,273327,2024 Capital Bond Program CBTF Meetings,"2024 Capital Bond Program CBTF Meetings – Oct 03, 2023",680-item baseline,26c5c85b915d,2024 Capital Bond Program CBTF Meetings,not-to-pursue-maintainer-directed,,dallas-tx-6135249a278494c5-ownership,open,open evidence case,Do not admit by the shared title alone. Keep the current feed assignment unchanged; case stays open until the exact recording is tied to the dated City proceeding.
76869ed1994f,61ee17e46ad144c2,205487,2013 Back to School Fair,"2013 Back to School Fair – Aug 08, 2013",680-item baseline,600ba4e2cff0,2013 Back to School Fair,not-to-pursue-maintainer-directed,not-to-pursue,,unregistered,not to pursue,Not pursued by maintainer decision; raw catalog entry remains.
76869ed1994f,6a1d8710405cc473,203306,Mayor's Poverty Task Force,"Mayor's Poverty Task Force – Jan 31, 2017",680-item baseline,47b40582d874,Mayor's Poverty Task Force,not-to-pursue-maintainer-directed,not pursued; preserve in source archive,,unregistered,not to pursue,Not pursued by maintainer decision; raw catalog entry remains.
76869ed1994f,6a658298f865b77e,203300,Trinity Parkway Advisory Committee,"Trinity Parkway Advisory Committee – Jan 25, 2016",680-item baseline,f86f6c6423be,Trinity Parkway Advisory Committee,not-to-pursue-maintainer-directed,not pursued; preserve in source archive,,unregistered,not to pursue,Not pursued by maintainer decision; raw catalog entry remains.
76869ed1994f,70d2e812da739c59,345207,"Building Inspection Advisory, Examining and Appeals Board Special Called Meeting","Building Inspection Advisory, Examining and Appeals Board Special Called Meeting – Mar 25, 2025",680-item baseline,e3cfb24b7253,"Building Inspection Advisory, Examining and Appeals Board Special Called Meeting",not-to-pursue-maintainer-directed,not pursued; preserve in source archive,,unregistered,not to pursue,Not pursued by maintainer decision; raw catalog entry remains.
76869ed1994f,738ab38932ef893c,203292,Joint Board of Directors,"Joint Board of Directors – Dec 10, 2015",680-item baseline,b1c6f8bc3144,Joint Board of Directors,not-to-pursue-maintainer-directed,not pursued; preserve in source archive,,unregistered,not to pursue,Not pursued by maintainer decision; raw catalog entry remains.
76869ed1994f,8605cd339eac1724,205492,The 50th:  Honoring the Memory of President John F. Kennedy,"The 50th:  Honoring the Memory of President John F. Kennedy – Nov 26, 2013",680-item baseline,43a39395892d,The 50th:  Honoring the Memory of President John F. Kennedy,not-to-pursue-maintainer-directed,not-to-pursue,,unregistered,not to pursue,Not pursued by maintainer decision; raw catalog entry remains.
76869ed1994f,8ac2df7323f62cf8,205610,WOWie Commercial 2,"WOWie Commercial 2 – Mar 25, 2013",680-item baseline,953cb7f3326e,WOWie Commercial 2,not-to-pursue-maintainer-directed,not-to-pursue,,unregistered,not to pursue,Not pursued by maintainer decision; raw catalog entry remains.
76869ed1994f,9782bdf15293fffa,205541,Texas House Committee on Redistricting,"Texas House Committee on Redistricting – Oct 10, 2019",680-item baseline,fb7478ba74d5,Texas House Committee on Redistricting,not-to-pursue-maintainer-directed,not-to-pursue,,unregistered,not to pursue,Not pursued by maintainer decision; raw catalog entry remains.
76869ed1994f,9869a18df3d41b0f,307775,​Arts District Sign Advisory Committee,"​Arts District Sign Advisory Committee – Jun 11, 2024",680-item baseline,fd972d06a8ef,Arts District Sign Advisory Committee,not-to-pursue-maintainer-directed,not pursued; preserve in source archive,,unregistered,not to pursue,Not pursued by maintainer decision; raw catalog entry remains.
76869ed1994f,990b47e6d9f23e02,203301,Trinity Parkway Advisory Committee,"Trinity Parkway Advisory Committee – Feb 04, 2016",680-item baseline,f86f6c6423be,Trinity Parkway Advisory Committee,not-to-pursue-maintainer-directed,not pursued; preserve in source archive,,unregistered,not to pursue,Not pursued by maintainer decision; raw catalog entry remains.
76869ed1994f,9981b4070ab60773,201671,Mayor’s Task Force on Poverty,"Mayor’s Task Force on Poverty – May 31, 2017",680-item baseline,fa52af1c93d8,Mayor’s Task Force on Poverty,not-to-pursue-maintainer-directed,not pursued; preserve in source archive,,unregistered,not to pursue,Not pursued by maintainer decision; raw catalog entry remains.
76869ed1994f,9c99bf46644fbc7c,201832,Council Agenda,"Council Agenda – Nov 10, 2015",680-item baseline,863591b4adfe,Council Agenda,not-to-pursue-maintainer-directed,not pursued; preserve in source archive,,unregistered,not to pursue,Not pursued by maintainer decision; raw catalog entry remains.
76869ed1994f,a1c9416e5eb488e2,341709,Dallas Police & Dallas Fire Rescue Chiefs Swearing in Ceremony,"Dallas Police & Dallas Fire Rescue Chiefs Swearing in Ceremony – May 05, 2025",680-item baseline,16a3af902cfd,Dallas Police & Dallas Fire Rescue Chiefs Swearing in Ceremony,not-to-pursue-maintainer-directed,not-to-pursue,,unregistered,not to pursue,Not pursued by maintainer decision; raw catalog entry remains.
76869ed1994f,a560e9abe442e960,201968,Council Agenda,"Council Agenda – Mar 09, 2022",680-item baseline,863591b4adfe,Council Agenda,not-to-pursue-maintainer-directed,not pursued; preserve in source archive,,unregistered,not to pursue,Not pursued by maintainer decision; raw catalog entry remains.
76869ed1994f,aa65e2aafc90711b,272574,2024 Capital Bond Program CBTF Meeting,"2024 Capital Bond Program CBTF Meeting – Sep 26, 2023",680-item baseline,26c5c85b915d,2024 Capital Bond Program CBTF Meetings,not-to-pursue-maintainer-directed,,dallas-tx-aa65e2aafc90711b-ownership,open,open evidence case,Do not admit by the shared title alone. Keep the current feed assignment unchanged; case stays open until the exact recording is tied to the dated City proceeding.
76869ed1994f,ab140be63c4a5986,270529,Special Called Joint Meeting AD Hoc and GPFM Committee,"Special Called Joint Meeting AD Hoc and GPFM Committee – Aug 30, 2023",680-item baseline,833c271a6a0e,Special Called Joint Meeting AD Hoc and GPFM Committee,not-to-pursue-maintainer-directed,not pursued; preserve in source archive,,unregistered,not to pursue,Not pursued by maintainer decision; raw catalog entry remains.
76869ed1994f,c6642b3a771b620c,202782,Joint Education Task Force,"Joint Education Task Force – Nov 12, 2015",680-item baseline,37b0c6ef5397,Joint Education Task Force,not-to-pursue-maintainer-directed,not pursued; preserve in source archive,,unregistered,not to pursue,Not pursued by maintainer decision; raw catalog entry remains.
76869ed1994f,c75d75b20ef5da4b,202314,AD HOC Committees,"AD HOC Committees – Oct 13, 2015",680-item baseline,19f379fe45c7,AD HOC Committees,not-to-pursue-maintainer-directed,not pursued; preserve in source archive,,unregistered,not to pursue,Not pursued by maintainer decision; raw catalog entry remains.
76869ed1994f,c873be362d3866dd,205580,Naturalization Ceremony,"Naturalization Ceremony – Jun 14, 2022",680-item baseline,05fcfff65704,Naturalization Ceremony,not-to-pursue-maintainer-directed,not-to-pursue,,unregistered,not to pursue,Not pursued by maintainer decision; raw catalog entry remains.
76869ed1994f,c8c0fe19e9dfe768,378667,"Building Inspection Advisory, Examining & Appeals Boards","Building Inspection Advisory, Examining & Appeals Boards – Mar 17, 2026",680-item baseline,b5fd5e15c795,"Building Inspection Advisory, Examining & Appeals Boards",not-to-pursue-maintainer-directed,not pursued; preserve in source archive,,unregistered,not to pursue,Not pursued by maintainer decision; raw catalog entry remains.
76869ed1994f,cedce9121d30416b,230652,Juanita J. Craft Civil Rights House Ribbon Cutting,"Juanita J. Craft Civil Rights House Ribbon Cutting – May 20, 2023",680-item baseline,873ea8b260c0,Juanita J. Craft Civil Rights House Ribbon Cutting,not-to-pursue-maintainer-directed,not-to-pursue,,unregistered,not to pursue,Not pursued by maintainer decision; raw catalog entry remains.
76869ed1994f,cfcba2b5a08fafa5,202780,Joint Education Task Force,"Joint Education Task Force – Jul 30, 2014",680-item baseline,37b0c6ef5397,Joint Education Task Force,not-to-pursue-maintainer-directed,not pursued; preserve in source archive,,unregistered,not to pursue,Not pursued by maintainer decision; raw catalog entry remains.
76869ed1994f,d6536dbc79c57f00,205517,Mayor's Task Force on Poverty,"Mayor's Task Force on Poverty – Sep 26, 2017",680-item baseline,fa52af1c93d8,Mayor’s Task Force on Poverty,not-to-pursue-maintainer-directed,not pursued; preserve in source archive,,unregistered,not to pursue,Not pursued by maintainer decision; raw catalog entry remains.
76869ed1994f,d8de53b7ba0a3e8f,202784,Joint Education Task Force,"Joint Education Task Force – Nov 10, 2016",680-item baseline,37b0c6ef5397,Joint Education Task Force,not-to-pursue-maintainer-directed,not pursued; preserve in source archive,,unregistered,not to pursue,Not pursued by maintainer decision; raw catalog entry remains.
76869ed1994f,e0a18dc27c17182a,205518,Veterans Day Parade,"Veterans Day Parade – Nov 10, 2017",680-item baseline,d48c255f59c5,Veterans Day Parade,not-to-pursue-maintainer-directed,not-to-pursue,,unregistered,not to pursue,Not pursued by maintainer decision; raw catalog entry remains.
76869ed1994f,e30bcbf3abec1fa7,205499,Committee on Homeland Security Joint Hearing,"Committee on Homeland Security Joint Hearing – Oct 10, 2014",680-item baseline,6bb7d7ac4a61,Committee on Homeland Security Joint Hearing,not-to-pursue-maintainer-directed,not pursued; preserve in source archive,,unregistered,not to pursue,Not pursued by maintainer decision; raw catalog entry remains.
76869ed1994f,eea82fddb0bf0c3e,205500,Goodbye to the Wright Amendment,"Goodbye to the Wright Amendment – Oct 13, 2014",680-item baseline,d1dc215a51ec,Goodbye to the Wright Amendment,not-to-pursue-maintainer-directed,not-to-pursue,,unregistered,not to pursue,Not pursued by maintainer decision; raw catalog entry remains.
76869ed1994f,f134c4b9a100f0ca,205484,Communities Foundation of Texas,"Communities Foundation of Texas – Jun 28, 2013",680-item baseline,f227cdb36f82,Communities Foundation of Texas,not-to-pursue-maintainer-directed,not-to-pursue,,unregistered,not to pursue,Not pursued by maintainer decision; raw catalog entry remains.
76869ed1994f,f3ce2762937816ab,204305,Ethics Preliminary Panel Hearing Meeting,"Ethics Preliminary Panel Hearing Meeting – Sep 19, 2016",680-item baseline,736ee0de1004,Ethics Preliminary Panel Hearing Meeting,not-to-pursue-maintainer-directed,not-to-pursue,,unregistered,not to pursue,Not pursued by maintainer decision; raw catalog entry remains.
76869ed1994f,f453d88547694219,203305,Education Task Force,"Education Task Force – Aug 04, 2016",680-item baseline,63a70b857a46,Education Task Force,not-to-pursue-maintainer-directed,not pursued; preserve in source archive,,unregistered,not to pursue,Not pursued by maintainer decision; raw catalog entry remains.
76869ed1994f,f847430d9c110fe6,205557,National Gold Medal Award Presentation,"National Gold Medal Award Presentation – Nov 05, 2020",680-item baseline,a7e67ff5e60f,National Gold Medal Award Presentation,not-to-pursue-maintainer-directed,not-to-pursue,,unregistered,not to pursue,Not pursued by maintainer decision; raw catalog entry remains.
76869ed1994f,f889fe1ad90962f9,205528,DPD Chief Hall Swearing-In Ceremony,"DPD Chief Hall Swearing-In Ceremony – May 02, 2018",680-item baseline,5759e7cdb660,DPD Chief Hall Swearing-In Ceremony,not-to-pursue-maintainer-directed,not-to-pursue,,unregistered,not to pursue,Not pursued by maintainer decision; raw catalog entry remains.
76869ed1994f,fcb89b32846c48d1,245389,Police Online Reporting System,"Police Online Reporting System – Jun 20, 2023",680-item baseline,1947af1d868d,Police Online Reporting System,not-to-pursue-maintainer-directed,not-to-pursue,,unregistered,not to pursue,Not pursued by maintainer decision; raw catalog entry remains.
76869ed1994f,fcd529fe9ea8ed70,205524,Dr. Richard Florida,"Dr. Richard Florida – Feb 21, 2018",680-item baseline,f1af305e6f04,Dr. Richard Florida,not-to-pursue-maintainer-directed,not-to-pursue,,unregistered,not to pursue,Not pursued by maintainer decision; raw catalog entry remains.
abbf5e25e078,02cedb500a3fdb57,56025,Remington's Seafood Grill 30 Years Award,"Remington's Seafood Grill 30 Years Award – Apr 14, 2009",outside the frozen 680-item baseline,,,,,,,not to pursue,"Ceremony, award, or community event media; retain source record, do not create a meeting-feed rule."
abbf5e25e078,1f50e2274a6dd26c,56023,City Council Swearing-in Ceremony,"City Council Swearing-in Ceremony – May 26, 2009",outside the frozen 680-item baseline,,,,,,,not to pursue,"Ceremony, award, or community event media; retain source record, do not create a meeting-feed rule."
abbf5e25e078,235c1c030568dac0,56020,George Herbert Walker Bush Elementary Dedication,"George Herbert Walker Bush Elementary Dedication – Dec 09, 2011",outside the frozen 680-item baseline,,,,,,,not to pursue,"Ceremony, award, or community event media; retain source record, do not create a meeting-feed rule."
abbf5e25e078,24d5e7dc230eb900,56021,Spruill Park Dedication Ceremony,"Spruill Park Dedication Ceremony – Sep 20, 2009",outside the frozen 680-item baseline,,,,,,,not to pursue,"Ceremony, award, or community event media; retain source record, do not create a meeting-feed rule."
abbf5e25e078,35a78fa89c7c5c5c,55864,Addison Economic Development Luncheon,"Addison Economic Development Luncheon – Jun 02, 2017",680-item baseline,2147c4da110a,Addison Economic Development Luncheon,archive-only-already-implemented,archive-only,addison-55864-35a78fa89c7c5c5c,open,archive-only verification,Archive-only direction; verify hidden from feeds/search and retained at original archive page.
abbf5e25e078,58bbcd2c03cc82b8,56060,Former Sam's Club Applicant Presentation,"Former Sam's Club Applicant Presentation – Jan 13, 2016",outside the frozen 680-item baseline,,,,,,,archive-only verification,Previously approved archive-only Addison media; verify hidden from feeds/search and original archive retained.
abbf5e25e078,a7ffa0a2ca5e1840,56026,Destination Addison,"Destination Addison – Feb 25, 2009",outside the frozen 680-item baseline,,,,,,,archive-only verification,Previously approved archive-only Addison media; verify hidden from feeds/search and original archive retained.
abbf5e25e078,a818b6f650cf4030,56027,Addison Way,"Addison Way – Feb 10, 2009",outside the frozen 680-item baseline,,,,,,,archive-only verification,Previously approved archive-only Addison media; verify hidden from feeds/search and original archive retained.
abbf5e25e078,c3e05def1b9a737b,56028,Vitruvian Park,"Vitruvian Park – Apr 09, 2008",outside the frozen 680-item baseline,,,,,,,archive-only verification,Previously approved archive-only Addison media; verify hidden from feeds/search and original archive retained.
abbf5e25e078,db2189f7ab620a65,56024,Earth Day,"Earth Day – Apr 22, 2009",outside the frozen 680-item baseline,,,,,,,not to pursue,"Ceremony, award, or community event media; retain source record, do not create a meeting-feed rule."
abbf5e25e078,ee80c45122c4f9f0,56022,Beckert Park Dedication Ceremony,"Beckert Park Dedication Ceremony – Jun 06, 2009",outside the frozen 680-item baseline,,,,,,,not to pursue,"Ceremony, award, or community event media; retain source record, do not create a meeting-feed rule."
abbf5e25e078,efe3faf61b7b949a,56059,Former Sam's Club Staff Presentation,"Former Sam's Club Staff Presentation – Jan 13, 2016",outside the frozen 680-item baseline,,,,,,,archive-only verification,Previously approved archive-only Addison media; verify hidden from feeds/search and original archive retained.
